OperationId,OperationName,AbilityId,AbilityName,ComponentId,ComponentSlotIndex,TriggerText,ContextTags,TextExcerpt,SourcePath,SourceLocation
23,APPLY_ABILITY,3,Bounce,329,2,3 -> OnPreviousComponentApplied,Damage,"You cause your Battle Squig to bounce, dealing {COM_0_VAL0_DAMAGE} and knocking your target down for {COM_1_DURA_SECONDS}.",C:\Users\Admin\Downloads\myps\data\strings\english\abilitydesc.txt,line 4
23,APPLY_ABILITY,5,KABOOM!,142,2,3 -> OnPreviousComponentApplied,Damage,"Your Battle Squig explodes, causing you to be launched upward out of your Squiggy armor. All enemies within {COM_1_RADI_FEET} take {COM_3_VAL0_DAMAGE} and are knocked back.",C:\Users\Admin\Downloads\myps\data\strings\english\abilitydesc.txt,line 6
23,APPLY_ABILITY,5,KABOOM!,343,6,3 -> OnPreviousComponentApplied,Damage,"Your Battle Squig explodes, causing you to be launched upward out of your Squiggy armor. All enemies within {COM_1_RADI_FEET} take {COM_3_VAL0_DAMAGE} and are knocked back.",C:\Users\Admin\Downloads\myps\data\strings\english\abilitydesc.txt,line 6
23,APPLY_ABILITY,6,;/end,329,1,3 -> OnPreviousComponentApplied,Damage,"Your Squig bounces on it's target dealing {COM_2_VAL0_DAMAGE}, and knocking them down for {COM_0_DURA_SECONDS}.",C:\Users\Admin\Downloads\myps\data\strings\english\abilitydesc.txt,line 7
23,APPLY_ABILITY,9,Poisoned Spine,1699,1,3 -> OnPreviousComponentApplied,Damage,"Your Squig gores its target, dealing {COM_0_VAL0_DAMAGE} and an additional {ABIL_3881_COM_0_VAL0_TOD_DAMAGE} over {ABIL_3881_COM_0_DURA_SECONDS}.",C:\Users\Admin\Downloads\myps\data\strings\english\abilitydesc.txt,line 10
23,APPLY_ABILITY,10,Gore,142,2,3 -> OnPreviousComponentApplied,Damage,"Your Squig slams it's head in to it's target, dealing {COM_0_VAL0_DAMAGE} and knocking them back.",C:\Users\Admin\Downloads\myps\data\strings\english\abilitydesc.txt,line 11
23,APPLY_ABILITY,31,Detonation,3447,1,3 -> OnPreviousComponentApplied,,,C:\Users\Admin\Downloads\myps\data\bin\abilityexport.bin,byte 186941
23,APPLY_ABILITY,31,Detonation,18322,2,3 -> OnPreviousComponentApplied,,,C:\Users\Admin\Downloads\myps\data\bin\abilityexport.bin,byte 186941
23,APPLY_ABILITY,33,"TEST MOUNT Icon, can delete",3196,1,3 -> OnPreviousComponentApplied,,,C:\Users\Admin\Downloads\myps\data\bin\abilityexport.bin,byte 187329
23,APPLY_ABILITY,34,Bite,3113,2,8 -> OnPreviousComponentBuffTick,,,C:\Users\Admin\Downloads\myps\data\bin\abilityexport.bin,byte 187523
23,APPLY_ABILITY,49,Flames Of Change,12269,1,3 -> OnPreviousComponentApplied,Damage,"Deals {COM_0_VAL0_DAMAGE} to the target, and an additional {COM_1_VAL0_COM_0_VAL0_TOD_DAMAGE} over {COM_1_VAL0_COM_0_DURA_SECONDS}.",C:\Users\Admin\Downloads\myps\data\strings\english\abilitydesc.txt,line 50
23,APPLY_ABILITY,84,Flamethrower,3123,0,1 -> OnApply,,,C:\Users\Admin\Downloads\myps\data\bin\abilityexport.bin,byte 194061
23,APPLY_ABILITY,133,Infusion Of Power,15530,0,1 -> OnApply,,,C:\Users\Admin\Downloads\myps\data\bin\abilityexport.bin,byte 202015
23,APPLY_ABILITY,174,Confusing Movements,484,0,1 -> OnApply,,,C:\Users\Admin\Downloads\myps\data\bin\abilityexport.bin,byte 208611
23,APPLY_ABILITY,180,Shatter Will,490,0,1 -> OnApply,,,C:\Users\Admin\Downloads\myps\data\bin\abilityexport.bin,byte 209775
23,APPLY_ABILITY,181,Implacable Resolve,491,0,1 -> OnApply,,,C:\Users\Admin\Downloads\myps\data\bin\abilityexport.bin,byte 209969
23,APPLY_ABILITY,183,Pierce,493,0,1 -> OnApply,,,C:\Users\Admin\Downloads\myps\data\bin\abilityexport.bin,byte 210357
23,APPLY_ABILITY,195,Focused Mind,1596,0,1 -> OnApply,,,C:\Users\Admin\Downloads\myps\data\bin\abilityexport.bin,byte 212491
23,APPLY_ABILITY,216,Sub target Self Damage,455,0,1 -> OnApply,,,C:\Users\Admin\Downloads\myps\data\bin\abilityexport.bin,byte 216371
23,APPLY_ABILITY,230,Steal Life,329,1,3 -> OnPreviousComponentApplied,,,C:\Users\Admin\Downloads\myps\data\bin\abilityexport.bin,byte 218637
23,APPLY_ABILITY,232,Rampaging Siphon,418,0,1 -> OnApply,,,C:\Users\Admin\Downloads\myps\data\bin\abilityexport.bin,byte 219025
23,APPLY_ABILITY,233,New AE Taunt,12630,1,3 -> OnPreviousComponentApplied,,,C:\Users\Admin\Downloads\myps\data\bin\abilityexport.bin,byte 219219
23,APPLY_ABILITY,233,New AE Taunt,425,3,3 -> OnPreviousComponentApplied,,,C:\Users\Admin\Downloads\myps\data\bin\abilityexport.bin,byte 219219
23,APPLY_ABILITY,245,Word of Command,1212,4,3 -> OnPreviousComponentApplied,,"You run away from the battle in a mad panic, increasing your run speed by {COM_0_VAL0} for {COM_0_DURA_SECONDS}.  You immediately lose all of your action points, any career mechanic points, and your Morale will begin to drop, and you will not begin to regain action points until {COM_4_VAL0_COM_0_DURA_SECONDS} have passed.<BR><BR>You can use this ability again to cancel the effect early, but you will still remain panicked and will not regain action points for the full duration.",C:\Users\Admin\Downloads\myps\data\strings\english\abilitydesc.txt,line 246
23,APPLY_ABILITY,245,Word of Command,1984,9,1 -> OnApply,,"You run away from the battle in a mad panic, increasing your run speed by {COM_0_VAL0} for {COM_0_DURA_SECONDS}.  You immediately lose all of your action points, any career mechanic points, and your Morale will begin to drop, and you will not begin to regain action points until {COM_4_VAL0_COM_0_DURA_SECONDS} have passed.<BR><BR>You can use this ability again to cancel the effect early, but you will still remain panicked and will not regain action points for the full duration.",C:\Users\Admin\Downloads\myps\data\strings\english\abilitydesc.txt,line 246
23,APPLY_ABILITY,251,Stubbornness,502,1,6 -> OnEventTriggered,,"You will build Grudge when attacked, and some of your abilities will become more powerful as your Grudges increase.  If you are not attacked for 30 seconds, you will begin to lose your Grudges.",C:\Users\Admin\Downloads\myps\data\strings\english\abilitydesc.txt,line 252
23,APPLY_ABILITY,251,Stubbornness,503,2,6 -> OnEventTriggered,,"You will build Grudge when attacked, and some of your abilities will become more powerful as your Grudges increase.  If you are not attacked for 30 seconds, you will begin to lose your Grudges.",C:\Users\Admin\Downloads\myps\data\strings\english\abilitydesc.txt,line 252
23,APPLY_ABILITY,251,Stubbornness,1219,3,6 -> OnEventTriggered,,"You will build Grudge when attacked, and some of your abilities will become more powerful as your Grudges increase.  If you are not attacked for 30 seconds, you will begin to lose your Grudges.",C:\Users\Admin\Downloads\myps\data\strings\english\abilitydesc.txt,line 252
23,APPLY_ABILITY,257,Debilitation,503,1,1 -> OnApply,,,C:\Users\Admin\Downloads\myps\data\bin\abilityexport.bin,byte 222777
23,APPLY_ABILITY,260,Scathe,1991,1,6 -> OnEventTriggered,,You are building a combo!,C:\Users\Admin\Downloads\myps\data\strings\english\abilitydesc.txt,line 261
23,APPLY_ABILITY,260,Scathe,3108,4,5 -> OnBuffEnded,,You are building a combo!,C:\Users\Admin\Downloads\myps\data\strings\english\abilitydesc.txt,line 261
23,APPLY_ABILITY,263,Caustic Torrent,3209,2,5 -> OnBuffEnded,,,C:\Users\Admin\Downloads\myps\data\bin\abilityexport.bin,byte 223941
23,APPLY_ABILITY,264,Cunning Rumination ,1914,1,1 -> OnApply,,,C:\Users\Admin\Downloads\myps\data\bin\abilityexport.bin,byte 224135
23,APPLY_ABILITY,264,Cunning Rumination ,1915,2,1 -> OnApply,,,C:\Users\Admin\Downloads\myps\data\bin\abilityexport.bin,byte 224135
23,APPLY_ABILITY,266,Quell Suffering,1916,1,1 -> OnApply,,,C:\Users\Admin\Downloads\myps\data\bin\abilityexport.bin,byte 224523
23,APPLY_ABILITY,269,Convalesce,8389,1,6 -> OnEventTriggered,,,C:\Users\Admin\Downloads\myps\data\bin\abilityexport.bin,byte 224911
23,APPLY_ABILITY,269,Convalesce,8389,3,6 -> OnEventTriggered,,,C:\Users\Admin\Downloads\myps\data\bin\abilityexport.bin,byte 224911
23,APPLY_ABILITY,273,Tough As Sumfink Wot's Really Tough,11003,1,6 -> OnEventTriggered,,,C:\Users\Admin\Downloads\myps\data\bin\abilityexport.bin,byte 225687
23,APPLY_ABILITY,273,Tough As Sumfink Wot's Really Tough,11003,3,6 -> OnEventTriggered,,,C:\Users\Admin\Downloads\myps\data\bin\abilityexport.bin,byte 225687
23,APPLY_ABILITY,278,Shield of Piety,12306,1,6 -> OnEventTriggered,,,C:\Users\Admin\Downloads\myps\data\bin\abilityexport.bin,byte 226657
23,APPLY_ABILITY,278,Shield of Piety,12478,4,5 -> OnBuffEnded,,,C:\Users\Admin\Downloads\myps\data\bin\abilityexport.bin,byte 226657
23,APPLY_ABILITY,283,Incite Torment,11356,1,6 -> OnEventTriggered,,,C:\Users\Admin\Downloads\myps\data\bin\abilityexport.bin,byte 227433
23,APPLY_ABILITY,288,Dark Magic x25,11548,1,1 -> OnApply,,,C:\Users\Admin\Downloads\myps\data\bin\abilityexport.bin,byte 228209
23,APPLY_ABILITY,289,Dark Magic x5,11548,1,1 -> OnApply,,,C:\Users\Admin\Downloads\myps\data\bin\abilityexport.bin,byte 228403
23,APPLY_ABILITY,290,Big Smarts,11548,1,1 -> OnApply,,,C:\Users\Admin\Downloads\myps\data\bin\abilityexport.bin,byte 228597
23,APPLY_ABILITY,294,Nervous Energy,11548,1,1 -> OnApply,,,C:\Users\Admin\Downloads\myps\data\bin\abilityexport.bin,byte 229373
23,APPLY_ABILITY,295,Whazat behind you?!,11550,1,6 -> OnEventTriggered,,,C:\Users\Admin\Downloads\myps\data\bin\abilityexport.bin,byte 229567
23,APPLY_ABILITY,295,Whazat behind you?!,12702,3,6 -> OnEventTriggered,,,C:\Users\Admin\Downloads\myps\data\bin\abilityexport.bin,byte 229567
12,CC,3,Bounce,3310,1,3 -> OnPreviousComponentApplied,Damage,"You cause your Battle Squig to bounce, dealing {COM_0_VAL0_DAMAGE} and knocking your target down for {COM_1_DURA_SECONDS}.",C:\Users\Admin\Downloads\myps\data\strings\english\abilitydesc.txt,line 4
12,CC,6,;/end,3446,0,1 -> OnApply,Damage,"Your Squig bounces on it's target dealing {COM_2_VAL0_DAMAGE}, and knocking them down for {COM_0_DURA_SECONDS}.",C:\Users\Admin\Downloads\myps\data\strings\english\abilitydesc.txt,line 7
12,CC,19,Git Em!,1889,0,1 -> OnApply,,,C:\Users\Admin\Downloads\myps\data\bin\abilityexport.bin,byte 184675
12,CC,38,Shred,1193,0,1 -> OnApply,,,C:\Users\Admin\Downloads\myps\data\bin\abilityexport.bin,byte 188105
12,CC,91,Swift Reflexes,1332,0,1 -> OnApply,,,C:\Users\Admin\Downloads\myps\data\bin\abilityexport.bin,byte 195225
12,CC,96,I'll Take You On!,1193,0,1 -> OnApply,,"*TEST* With this tactic slotted, you will not auto attack at all.",C:\Users\Admin\Downloads\myps\data\strings\english\abilitydesc.txt,line 97
12,CC,122,Claw Sweep,1194,0,1 -> OnApply,Root,AE Root,C:\Users\Admin\Downloads\myps\data\strings\english\abilitydesc.txt,line 123
12,CC,124,Lion's Roar,1196,0,1 -> OnApply,"Silence, Disarm",Silence and Disarm,C:\Users\Admin\Downloads\myps\data\strings\english\abilitydesc.txt,line 125
12,CC,144,Poisoned Spine,1348,0,1 -> OnApply,,You've been knocked down,C:\Users\Admin\Downloads\myps\data\strings\english\abilitydesc.txt,line 145
12,CC,236,Divine Protection,3212,0,1 -> OnApply,,,C:\Users\Admin\Downloads\myps\data\bin\abilityexport.bin,byte 219607
12,CC,237,Alter Fate,3212,0,1 -> OnApply,,,C:\Users\Admin\Downloads\myps\data\bin\abilityexport.bin,byte 219801
12,CC,379,Warding - Empire,1696,2,3 -> OnPreviousComponentApplied,,,C:\Users\Admin\Downloads\myps\data\bin\abilityexport.bin,byte 244117
12,CC,608,Pulverizing Strike,1023,1,3 -> OnPreviousComponentApplied,,"Both you and your target are held tightly in place for {COM_1_DURA_SECONDS}, and neither one of you can move.<BR>This effect can not be dispelled or broken.",C:\Users\Admin\Downloads\myps\data\strings\english\abilitydesc.txt,line 609
12,CC,608,Pulverizing Strike,1022,2,3 -> OnPreviousComponentApplied,,"Both you and your target are held tightly in place for {COM_1_DURA_SECONDS}, and neither one of you can move.<BR>This effect can not be dispelled or broken.",C:\Users\Admin\Downloads\myps\data\strings\english\abilitydesc.txt,line 609
12,CC,885,Quit Yer Squabblin',992,0,1 -> OnApply,Silence,"All enemies within 30 feet are silenced for 7 seconds, making them unable to use magic.",C:\Users\Admin\Downloads\myps\data\strings\english\abilitydesc.txt,line 886
12,CC,906,Fling Choppa,992,0,1 -> OnApply,Silence,"All enemies within 30 feet are silenced for 7 seconds, making them unable to use magic.",C:\Users\Admin\Downloads\myps\data\strings\english\abilitydesc.txt,line 907
12,CC,967,Quiet Contemplation,1320,0,1 -> OnApply,"Silence, Disarm","All enemies within 30 feet become silenced and disarmed for 5 seconds, making them unable to use weapons or magic.",C:\Users\Admin\Downloads\myps\data\strings\english\abilitydesc.txt,line 968
12,CC,968,Phoenix's Wrath,1322,1,3 -> OnPreviousComponentApplied,,"A powerful melee attack that makes your target unable to block, dodge, parry, or disrupt attacks for 10 seconds.",C:\Users\Admin\Downloads\myps\data\strings\english\abilitydesc.txt,line 969
12,CC,969,Crash Of Thunder,1267,1,3 -> OnPreviousComponentApplied,"Stun, Damage","Your target and all other enemies within 30 feet of them suffer damage over 7 seconds, and are stunned.",C:\Users\Admin\Downloads\myps\data\strings\english\abilitydesc.txt,line 970
12,CC,1369,Lookit What I Did!,3312,1,3 -> OnPreviousComponentApplied,Damage,A furious counterattack that deals {COM_0_VAL0_DAMAGE} and will knock your target down for {COM_1_DURA_SECONDS}.,C:\Users\Admin\Downloads\myps\data\strings\english\abilitydesc.txt,line 1370
12,CC,1370,Get Movin'!,545,0,1 -> OnApply,Root,"You shatter the ground for {COM_0_RADI_FEET} around you, rooting up to four enemies in place for {COM_0_DURA_SECONDS}. There is a 50% chance of the root breaking with every hit.",C:\Users\Admin\Downloads\myps\data\strings\english\abilitydesc.txt,line 1371
12,CC,1384,Cave-In,3311,5,3 -> OnPreviousComponentApplied,Damage,"You smash into your enemy, knocking them down for {COM_5_DURA_SECONDS}.<BR><BR> At 25 Grudges: Deals {COM_1_VAL0_TOD_DAMAGE} over {COM_1_DURA_SECONDS}.<BR> At 50 Grudges: Deals {COM_2_VAL0_TOD_DAMAGE} over {COM_2_DURA_SECONDS}.<BR> At 75 Grudges: Deals {COM_3_VAL0_TOD_DAMAGE} over {COM_3_DURA_SECONDS}.<BR> At 100 Grudges: Deals {COM_4_VAL0_TOD_DAMAGE} over {COM_4_DURA_SECONDS}.",C:\Users\Admin\Downloads\myps\data\strings\english\abilitydesc.txt,line 1385
12,CC,1418,Juggernaut,1456,1,3 -> OnPreviousComponentApplied,"Root, Damage",Deals {COM_0_VAL0_DAMAGE} to your target and roots them in place for {COM_1_DURA_SECONDS}.,C:\Users\Admin\Downloads\myps\data\strings\english\abilitydesc.txt,line 1419
12,CC,1443,Sun's Blessing,3715,1,3 -> OnPreviousComponentApplied,Damage,"You render an incapacitating blow to your target, dealing {COM_0_VAL0_DAMAGE} and knocking them down for {COM_1_DURA_SECONDS}. This attack is undefendable.",C:\Users\Admin\Downloads\myps\data\strings\english\abilitydesc.txt,line 1444
12,CC,1494,Fanatical Zeal,3836,1,3 -> OnPreviousComponentApplied,"Knockdown, Damage",You deal {COM_0_VAL0_DAMAGE} and knock down targets within {COM_0_RADI_FEET} for {COM_1_DURA_SECONDS}.,C:\Users\Admin\Downloads\myps\data\strings\english\abilitydesc.txt,line 1495
12,CC,1519,Last Rites,545,0,1 -> OnApply,Root,"You fling coils of barbed wire all around you, rooting all enemies within {COM_0_RADI_FEET} in place for {COM_0_DURA_SECONDS}. There is a 50% chance of the root breaking with every hit.",C:\Users\Admin\Downloads\myps\data\strings\english\abilitydesc.txt,line 1520
12,CC,1525,Seeker's Triumph,9802,2,3 -> OnPreviousComponentApplied,Damage,"You activate the self-destruct mechanism built into your turret, destroying the turret and dealing {COM_1_VAL0_CORPOREALDAMAGE} to all enemies within {COM_1_RADI_FEET} of it, knocking them down for {COM_2_DURA_SECONDS}.",C:\Users\Admin\Downloads\myps\data\strings\english\abilitydesc.txt,line 1526
12,CC,1525,Seeker's Triumph,18680,5,1 -> OnApply,Damage,"You activate the self-destruct mechanism built into your turret, destroying the turret and dealing {COM_1_VAL0_CORPOREALDAMAGE} to all enemies within {COM_1_RADI_FEET} of it, knocking them down for {COM_2_DURA_SECONDS}.",C:\Users\Admin\Downloads\myps\data\strings\english\abilitydesc.txt,line 1526
12,CC,1536,Crack Shot,1489,1,3 -> OnPreviousComponentApplied,"Disarm, Damage","A well-aimed shot which deals {COM_0_VAL0_DAMAGE} and disarms your target for {COM_1_DURA_SECONDS}, making them unable to use their weapons.",C:\Users\Admin\Downloads\myps\data\strings\english\abilitydesc.txt,line 1537
12,CC,1607,Ruin And Destruction,3624,1,3 -> OnPreviousComponentApplied,"Silence, Damage",Silences and wounds target for {COM_0_VAL0_TOD_ELEMENTALDAMAGE} over {COM_0_DURA_SECONDS}.,C:\Users\Admin\Downloads\myps\data\strings\english\abilitydesc.txt,line 1608
12,CC,1681,Fanaticism,545,0,1 -> OnApply,Root,"You root four enemies within {COM_0_RADI_FEET} of you, preventing them fom moving for {COM_0_DURA_SECONDS}. There is a 50% chance of the root breaking with every hit.",C:\Users\Admin\Downloads\myps\data\strings\english\abilitydesc.txt,line 1682
12,CC,1683,Guilty Soul,1524,3,3 -> OnPreviousComponentApplied,"Silence, Damage",Deals {COM_1_VAL0_DAMAGE}. Silences target for {COM_3_DURA_SECONDS}.,C:\Users\Admin\Downloads\myps\data\strings\english\abilitydesc.txt,line 1684
12,CC,1688,Down Ya Go,1526,1,3 -> OnPreviousComponentApplied,Damage,Deals {COM_0_VAL0_DAMAGE} and knocks target down for {COM_1_DURA_SECONDS}.,C:\Users\Admin\Downloads\myps\data\strings\english\abilitydesc.txt,line 1689
12,CC,1722,Suppression,1556,1,3 -> OnPreviousComponentApplied,"Silence, Damage","All targets within {COM_0_RADI_FEET} of you take {COM_0_VAL0_DAMAGE} and are Silenced, unable to use Magic for {COM_1_DURA_SECONDS}.",C:\Users\Admin\Downloads\myps\data\strings\english\abilitydesc.txt,line 1723
12,CC,1755,Embrace The Winds,18273,1,3 -> OnPreviousComponentApplied,Damage,Deals {COM_0_VAL0_DAMAGE} and knocks down the target for {COM_1_DURA_SECONDS}. The attack is undefendable.,C:\Users\Admin\Downloads\myps\data\strings\english\abilitydesc.txt,line 1756
12,CC,1804,Guillotine,3600,1,3 -> OnPreviousComponentApplied,Damage,"You stomp the ground, knocking down targets within {COM_0_RADI_FEET} for {COM_1_DURA_SECONDS} and dealing {COM_0_VAL0_DAMAGE}.",C:\Users\Admin\Downloads\myps\data\strings\english\abilitydesc.txt,line 1805
12,CC,1830,Squig Armor,3413,2,3 -> OnPreviousComponentApplied,,"Summons a massive battle squig which will promptly eat you.  From within the battle squig, you can poke and prod it to move it around and make it attack.<BR>While in your Squig Armor; your Ballistic Skill from items also counts as Strength, your Ranged Power from items also counts as Melee Power, and your Ranged Critical chance from items also counts as Melee Critical chance.",C:\Users\Admin\Downloads\myps\data\strings\english\abilitydesc.txt,line 1831
12,CC,1837,Forked Aggression,3295,2,6 -> OnEventTriggered,"Disarm, Damage","On the Squig's next attack, it will deal an additional {COM_1_VAL0_DAMAGE} and disarm your target for {COM_2_DURA_SECONDS}, making them unable to use melee or ranged weapons.",C:\Users\Admin\Downloads\myps\data\strings\english\abilitydesc.txt,line 1838
12,CC,1839,Choking Arrer,1817,1,1 -> OnApply,"Silence, Damage","A Crippling shot that deals {COM_0_VAL0_DAMAGE} and silences your target for {COM_1_DURA_SECONDS}, making them unable to use magic.",C:\Users\Admin\Downloads\myps\data\strings\english\abilitydesc.txt,line 1840
12,CC,1865,Fungal Fetish,1819,2,3 -> OnPreviousComponentApplied,,,C:\Users\Admin\Downloads\myps\data\bin\abilityexport.bin,byte 1160629
12,CC,1865,Fungal Fetish,1819,4,3 -> OnPreviousComponentApplied,,,C:\Users\Admin\Downloads\myps\data\bin\abilityexport.bin,byte 1160629
12,CC,1908,AE Knockdown - Explosion,952,5,2 -> OnPreviousComponentEndCast,Heal,Resurrects your target with 20% health.,C:\Users\Admin\Downloads\myps\data\strings\english\abilitydesc.txt,line 1909
12,CC,3027,Wynyssa's Gratitude,2052,0,1 -> OnApply,,,C:\Users\Admin\Downloads\myps\data\bin\abilityexport.bin,byte 5052
12,CC,3028,Throcane Essence,2052,0,1 -> OnApply,,,C:\Users\Admin\Downloads\myps\data\bin\abilityexport.bin,byte 5246
12,CC,3029,Spit Bomb,2052,0,1 -> OnApply,,,C:\Users\Admin\Downloads\myps\data\bin\abilityexport.bin,byte 5440
12,CC,3030,Hard Stomp,2050,0,1 -> OnApply,,,C:\Users\Admin\Downloads\myps\data\bin\abilityexport.bin,byte 5634
12,CC,3031,Corrosive Vomit,2050,0,1 -> OnApply,,,C:\Users\Admin\Downloads\myps\data\bin\abilityexport.bin,byte 5828
12,CC,3032,Slimy Vomit,2052,0,1 -> OnApply,,,C:\Users\Admin\Downloads\myps\data\bin\abilityexport.bin,byte 6022
38,IMMUNITY,158,Pierce,468,0,1 -> OnApply,,,C:\Users\Admin\Downloads\myps\data\bin\abilityexport.bin,byte 205507
38,IMMUNITY,159,Rupture Organ,469,0,1 -> OnApply,,,C:\Users\Admin\Downloads\myps\data\bin\abilityexport.bin,byte 205701
38,IMMUNITY,160,Shatter Will,470,0,1 -> OnApply,,,C:\Users\Admin\Downloads\myps\data\bin\abilityexport.bin,byte 205895
38,IMMUNITY,161,Implacable Resolve,471,0,1 -> OnApply,,,C:\Users\Admin\Downloads\myps\data\bin\abilityexport.bin,byte 206089
38,IMMUNITY,162,Iron Body,472,0,1 -> OnApply,,,C:\Users\Admin\Downloads\myps\data\bin\abilityexport.bin,byte 206283
38,IMMUNITY,163,Pierce,473,0,1 -> OnApply,,,C:\Users\Admin\Downloads\myps\data\bin\abilityexport.bin,byte 206477
38,IMMUNITY,164,Rupture Organ,474,0,1 -> OnApply,,,C:\Users\Admin\Downloads\myps\data\bin\abilityexport.bin,byte 206671
38,IMMUNITY,165,Shatter Will,475,0,1 -> OnApply,,,C:\Users\Admin\Downloads\myps\data\bin\abilityexport.bin,byte 206865
38,IMMUNITY,166,Implacable Resolve,476,0,1 -> OnApply,,,C:\Users\Admin\Downloads\myps\data\bin\abilityexport.bin,byte 207059
38,IMMUNITY,167,Iron Body,477,0,1 -> OnApply,,,C:\Users\Admin\Downloads\myps\data\bin\abilityexport.bin,byte 207253
38,IMMUNITY,168,Test T2R1 Attack,478,0,1 -> OnApply,,,C:\Users\Admin\Downloads\myps\data\bin\abilityexport.bin,byte 207447
38,IMMUNITY,169,Test T2R2 Attack,479,0,1 -> OnApply,,,C:\Users\Admin\Downloads\myps\data\bin\abilityexport.bin,byte 207641
38,IMMUNITY,170,Sever Nerve,480,0,1 -> OnApply,,,C:\Users\Admin\Downloads\myps\data\bin\abilityexport.bin,byte 207835
38,IMMUNITY,176,Relentless Assault,486,0,1 -> OnApply,,,C:\Users\Admin\Downloads\myps\data\bin\abilityexport.bin,byte 208999
38,IMMUNITY,177,Test T2R10 Attack,487,0,1 -> OnApply,,,C:\Users\Admin\Downloads\myps\data\bin\abilityexport.bin,byte 209193
38,IMMUNITY,178,Pierce,488,0,1 -> OnApply,,,C:\Users\Admin\Downloads\myps\data\bin\abilityexport.bin,byte 209387
38,IMMUNITY,186,Implacable Resolve,496,0,1 -> OnApply,,,C:\Users\Admin\Downloads\myps\data\bin\abilityexport.bin,byte 210939
38,IMMUNITY,187,Iron Body,497,0,1 -> OnApply,,,C:\Users\Admin\Downloads\myps\data\bin\abilityexport.bin,byte 211133
38,IMMUNITY,191,Unshakable Focus,463,0,1 -> OnApply,,,C:\Users\Admin\Downloads\myps\data\bin\abilityexport.bin,byte 211909
38,IMMUNITY,192,Explosive Shots,464,0,1 -> OnApply,,,C:\Users\Admin\Downloads\myps\data\bin\abilityexport.bin,byte 212103
38,IMMUNITY,193,Hail Of Doom,465,0,1 -> OnApply,,,C:\Users\Admin\Downloads\myps\data\bin\abilityexport.bin,byte 212297
38,IMMUNITY,398,Standard's Blessing,358,0,1 -> OnApply,,,C:\Users\Admin\Downloads\myps\data\bin\abilityexport.bin,byte 246639
38,IMMUNITY,402,Unstoppable,326,0,1 -> OnApply,,,C:\Users\Admin\Downloads\myps\data\bin\abilityexport.bin,byte 247221
38,IMMUNITY,402,Unstoppable,463,1,1 -> OnApply,,,C:\Users\Admin\Downloads\myps\data\bin\abilityexport.bin,byte 247221
38,IMMUNITY,402,Unstoppable,464,2,1 -> OnApply,,,C:\Users\Admin\Downloads\myps\data\bin\abilityexport.bin,byte 247221
38,IMMUNITY,403,Unstoppable,328,0,1 -> OnApply,,,C:\Users\Admin\Downloads\myps\data\bin\abilityexport.bin,byte 247415
38,IMMUNITY,403,Unstoppable,465,1,1 -> OnApply,,,C:\Users\Admin\Downloads\myps\data\bin\abilityexport.bin,byte 247415
38,IMMUNITY,403,Unstoppable,466,2,1 -> OnApply,,,C:\Users\Admin\Downloads\myps\data\bin\abilityexport.bin,byte 247415
38,IMMUNITY,404,Unstoppable,330,0,1 -> OnApply,,,C:\Users\Admin\Downloads\myps\data\bin\abilityexport.bin,byte 247609
38,IMMUNITY,404,Unstoppable,467,1,1 -> OnApply,,,C:\Users\Admin\Downloads\myps\data\bin\abilityexport.bin,byte 247609
38,IMMUNITY,404,Unstoppable,468,2,1 -> OnApply,,,C:\Users\Admin\Downloads\myps\data\bin\abilityexport.bin,byte 247609
38,IMMUNITY,405,Enhanced Brawn,332,0,1 -> OnApply,,,C:\Users\Admin\Downloads\myps\data\bin\abilityexport.bin,byte 247803
38,IMMUNITY,405,Enhanced Brawn,469,1,1 -> OnApply,,,C:\Users\Admin\Downloads\myps\data\bin\abilityexport.bin,byte 247803
38,IMMUNITY,405,Enhanced Brawn,470,2,1 -> OnApply,,,C:\Users\Admin\Downloads\myps\data\bin\abilityexport.bin,byte 247803
38,IMMUNITY,406,Enhanced Knowledge,334,0,1 -> OnApply,,,C:\Users\Admin\Downloads\myps\data\bin\abilityexport.bin,byte 247997
38,IMMUNITY,406,Enhanced Knowledge,471,1,1 -> OnApply,,,C:\Users\Admin\Downloads\myps\data\bin\abilityexport.bin,byte 247997
38,IMMUNITY,406,Enhanced Knowledge,472,2,1 -> OnApply,,,C:\Users\Admin\Downloads\myps\data\bin\abilityexport.bin,byte 247997
38,IMMUNITY,407,Enhanced Wisdom,336,0,1 -> OnApply,,,C:\Users\Admin\Downloads\myps\data\bin\abilityexport.bin,byte 248191
38,IMMUNITY,407,Enhanced Wisdom,473,1,1 -> OnApply,,,C:\Users\Admin\Downloads\myps\data\bin\abilityexport.bin,byte 248191
38,IMMUNITY,407,Enhanced Wisdom,474,2,1 -> OnApply,,,C:\Users\Admin\Downloads\myps\data\bin\abilityexport.bin,byte 248191
38,IMMUNITY,408,Enhanced Aim,436,1,1 -> OnApply,,,C:\Users\Admin\Downloads\myps\data\bin\abilityexport.bin,byte 248385
38,IMMUNITY,408,Enhanced Aim,496,2,1 -> OnApply,,,C:\Users\Admin\Downloads\myps\data\bin\abilityexport.bin,byte 248385
38,IMMUNITY,408,Enhanced Aim,497,3,1 -> OnApply,,,C:\Users\Admin\Downloads\myps\data\bin\abilityexport.bin,byte 248385
38,IMMUNITY,411,Enhanced Readiness,436,0,1 -> OnApply,,,C:\Users\Admin\Downloads\myps\data\bin\abilityexport.bin,byte 248967
38,IMMUNITY,412,Enhanced Training,475,0,1 -> OnApply,,,C:\Users\Admin\Downloads\myps\data\bin\abilityexport.bin,byte 249161
38,IMMUNITY,412,Enhanced Training,476,1,1 -> OnApply,,,C:\Users\Admin\Downloads\myps\data\bin\abilityexport.bin,byte 249161
38,IMMUNITY,412,Enhanced Training,477,2,1 -> OnApply,,,C:\Users\Admin\Downloads\myps\data\bin\abilityexport.bin,byte 249161
38,IMMUNITY,413,Spirit Deflection,478,0,1 -> OnApply,,,C:\Users\Admin\Downloads\myps\data\bin\abilityexport.bin,byte 249355
24,KNOCKBACK,5,KABOOM!,3289,1,3 -> OnPreviousComponentApplied,Damage,"Your Battle Squig explodes, causing you to be launched upward out of your Squiggy armor. All enemies within {COM_1_RADI_FEET} take {COM_3_VAL0_DAMAGE} and are knocked back.",C:\Users\Admin\Downloads\myps\data\strings\english\abilitydesc.txt,line 6
24,KNOCKBACK,5,KABOOM!,3291,4,3 -> OnPreviousComponentApplied,Damage,"Your Battle Squig explodes, causing you to be launched upward out of your Squiggy armor. All enemies within {COM_1_RADI_FEET} take {COM_3_VAL0_DAMAGE} and are knocked back.",C:\Users\Admin\Downloads\myps\data\strings\english\abilitydesc.txt,line 6
24,KNOCKBACK,10,Gore,72,1,3 -> OnPreviousComponentApplied,Damage,"Your Squig slams it's head in to it's target, dealing {COM_0_VAL0_DAMAGE} and knocking them back.",C:\Users\Admin\Downloads\myps\data\strings\english\abilitydesc.txt,line 11
24,KNOCKBACK,144,Poisoned Spine,1349,1,1 -> OnApply,,You've been knocked down,C:\Users\Admin\Downloads\myps\data\strings\english\abilitydesc.txt,line 145
24,KNOCKBACK,238,Scathe,3213,0,1 -> OnApply,,,C:\Users\Admin\Downloads\myps\data\bin\abilityexport.bin,byte 219995
24,KNOCKBACK,648,Hastened Punishment,72,1,3 -> OnPreviousComponentApplied,Damage,A mid-range attack that deals {COM_0_VAL0_DAMAGE} and knocks targeted player away. Monsters will be knocked down.,C:\Users\Admin\Downloads\myps\data\strings\english\abilitydesc.txt,line 649
24,KNOCKBACK,670,Grievous Harm,72,1,3 -> OnPreviousComponentApplied,Damage,A focused blast that deals {COM_0_VAL0_DAMAGE} and knocks the targeted player away. Monsters will be knocked down.,C:\Users\Admin\Downloads\myps\data\strings\english\abilitydesc.txt,line 671
24,KNOCKBACK,672,Unleash the Winds,573,1,3 -> OnPreviousComponentApplied,Damage,"Deals {COM_0_VAL0_DAMAGE} to all enemies within {COM_0_RADI_FEET}, and knocks them away from you.",C:\Users\Admin\Downloads\myps\data\strings\english\abilitydesc.txt,line 673
24,KNOCKBACK,882,You Got Nuffin',573,1,3 -> OnPreviousComponentApplied,Damage,A close-range magical attack that deals heavy damage and knocks your target away.,C:\Users\Admin\Downloads\myps\data\strings\english\abilitydesc.txt,line 883
24,KNOCKBACK,903,'Ead Butt,573,1,3 -> OnPreviousComponentApplied,Damage,A close-range magical attack that deals heavy damage and knocks your target away.,C:\Users\Admin\Downloads\myps\data\strings\english\abilitydesc.txt,line 904
24,KNOCKBACK,1365,Ain't Done Yet!,73,1,3 -> OnPreviousComponentApplied,Damage,A dismissive strike that deals {COM_0_VAL0_DAMAGE} and knocks the enemy away.,C:\Users\Admin\Downloads\myps\data\strings\english\abilitydesc.txt,line 1366
24,KNOCKBACK,1520,Vindication,1595,1,3 -> OnPreviousComponentApplied,Damage,A quick shot from the hip which deals {COM_0_VAL0_DAMAGE}.  This attack may be used at close range.,C:\Users\Admin\Downloads\myps\data\strings\english\abilitydesc.txt,line 1521
24,KNOCKBACK,1531,Fanatical Cleansing,72,1,3 -> OnPreviousComponentApplied,Damage,"You lob a grenade that releases a powerful shockwave on impact, dealing {COM_0_VAL0_CORPOREALDAMAGE} to your target and knocking them back a short distance.  Monsters will be knocked down instead.",C:\Users\Admin\Downloads\myps\data\strings\english\abilitydesc.txt,line 1532
24,KNOCKBACK,1540,Exoneration,71,1,3 -> OnPreviousComponentApplied,Damage,"You call for air support, signaling for a strafing run which deals {COM_0_VAL0_DAMAGE} to all enemies in a line in front of you, up to {COM_0_RADI_FEET} away.  Any enemy players hit by the powerful shells will be sent flying away from you, while monsters will be knocked down.",C:\Users\Admin\Downloads\myps\data\strings\english\abilitydesc.txt,line 1541
24,KNOCKBACK,1605,Rune of Sundering,1869,0,1 -> OnApply,Knockback,Knockbacks targets within {COM_0_RADI_FEET} of you. Monsters will be knocked down.,C:\Users\Admin\Downloads\myps\data\strings\english\abilitydesc.txt,line 1606
24,KNOCKBACK,1680,Grace Of Sigmar,72,2,3 -> OnPreviousComponentApplied,Damage,"Deals {COM_0_VAL0_DAMAGE} to targets {COM_0_RADI_FEET} from you, and knocks them back.",C:\Users\Admin\Downloads\myps\data\strings\english\abilitydesc.txt,line 1681
24,KNOCKBACK,1680,Grace Of Sigmar,72,3,3 -> OnPreviousComponentApplied,Damage,"Deals {COM_0_VAL0_DAMAGE} to targets {COM_0_RADI_FEET} from you, and knocks them back.",C:\Users\Admin\Downloads\myps\data\strings\english\abilitydesc.txt,line 1681
24,KNOCKBACK,1682,Endless Guilt,663,2,3 -> OnPreviousComponentApplied,Damage,Deals {COM_0_VAL0_DAMAGE}. Reduces target's Weapon Skill by {COM_1_VAL0} for {COM_1_DURA_SECONDS}.,C:\Users\Admin\Downloads\myps\data\strings\english\abilitydesc.txt,line 1683
24,KNOCKBACK,1682,Endless Guilt,3157,4,3 -> OnPreviousComponentApplied,Damage,Deals {COM_0_VAL0_DAMAGE}. Reduces target's Weapon Skill by {COM_1_VAL0} for {COM_1_DURA_SECONDS}.,C:\Users\Admin\Downloads\myps\data\strings\english\abilitydesc.txt,line 1683
24,KNOCKBACK,1690,Divine Aegis,3157,4,3 -> OnPreviousComponentApplied,Damage,Deals {COM_0_VAL0} undefendable damage. Target's physical damage done is reduced to {COM_1_VAL0}% for {COM_1_DURA_SECONDS}.,C:\Users\Admin\Downloads\myps\data\strings\english\abilitydesc.txt,line 1691
24,KNOCKBACK,1831,Flames Of Fate,12974,1,3 -> OnPreviousComponentApplied,Snare,"All enemies within {COM_0_RADI_FEET} become snared, reducing movement speed by {COM_0_VAL0}% for the next {COM_0_DURA_SECONDS}. You are knocked back away from your enemies.",C:\Users\Admin\Downloads\myps\data\strings\english\abilitydesc.txt,line 1832
24,KNOCKBACK,1914,Khaine's Wrath,1146,0,1 -> OnApply,,"You blast back all enemies within {COM_0_RADI_FEET} of you, knocking them back a medium distance and snaring them by {COM_1_VAL0}% for {COM_1_DURA_SECONDS}. Monsters will be knocked down by the blast.",C:\Users\Admin\Downloads\myps\data\strings\english\abilitydesc.txt,line 1915
24,KNOCKBACK,1929,Boulder,1636,1,3 -> OnPreviousComponentApplied,Damage,"Deals {COM_0_VAL0_ELEMENTALDAMAGE} to your target and all other enemies within {COM_0_RADI_FEET} of them, and knocks them backwards.",C:\Users\Admin\Downloads\myps\data\strings\english\abilitydesc.txt,line 1930
24,KNOCKBACK,1971,AnimTest_DD (SmackThump Debuff) BASH,72,1,3 -> OnPreviousComponentApplied,Damage,Deals {COM_0_VAL0_DAMAGE} and knocks back all enemy targets within {COM_0_RADI_FEET} of your target.,C:\Users\Admin\Downloads\myps\data\strings\english\abilitydesc.txt,line 1972
24,KNOCKBACK,3248,Volatile Injection,3186,1,3 -> OnPreviousComponentApplied,,,C:\Users\Admin\Downloads\myps\data\bin\abilityexport.bin,byte 36546
24,KNOCKBACK,3424,Keeper PBAOE,12515,0,1 -> OnApply,,,C:\Users\Admin\Downloads\myps\data\bin\abilityexport.bin,byte 70302
24,KNOCKBACK,3464,Ungor Generic: High Damage Hit,12611,0,1 -> OnApply,,,C:\Users\Admin\Downloads\myps\data\bin\abilityexport.bin,byte 78062
24,KNOCKBACK,3483,Azyr's Beckoning,12354,0,1 -> OnApply,,,C:\Users\Admin\Downloads\myps\data\bin\abilityexport.bin,byte 81748
24,KNOCKBACK,3483,Azyr's Beckoning,12355,1,1 -> OnApply,,,C:\Users\Admin\Downloads\myps\data\bin\abilityexport.bin,byte 81748
24,KNOCKBACK,3483,Azyr's Beckoning,12356,2,1 -> OnApply,,,C:\Users\Admin\Downloads\myps\data\bin\abilityexport.bin,byte 81748
24,KNOCKBACK,3520,Old Sovereign GIAB - Sorcerer - True Dhar,8328,0,1 -> OnApply,,,C:\Users\Admin\Downloads\myps\data\bin\abilityexport.bin,byte 88926
24,KNOCKBACK,3725,Mount - Light - Magus 6,7214,0,1 -> OnApply,,,C:\Users\Admin\Downloads\myps\data\bin\abilityexport.bin,byte 128535
24,KNOCKBACK,3726,Mount - Arabian Black,7215,0,1 -> OnApply,,,C:\Users\Admin\Downloads\myps\data\bin\abilityexport.bin,byte 128729
24,KNOCKBACK,3727,Mount - Arabian Grey,7216,0,1 -> OnApply,,,C:\Users\Admin\Downloads\myps\data\bin\abilityexport.bin,byte 128923
24,KNOCKBACK,3728,Mount - Arabian Pinto,7217,0,1 -> OnApply,,,C:\Users\Admin\Downloads\myps\data\bin\abilityexport.bin,byte 129117
24,KNOCKBACK,3729,Mount - Arabian Disc - Midnight,7218,0,1 -> OnApply,,,C:\Users\Admin\Downloads\myps\data\bin\abilityexport.bin,byte 129311
24,KNOCKBACK,3730,Mount - Arabian Disc - Aphotic,7219,0,1 -> OnApply,,,C:\Users\Admin\Downloads\myps\data\bin\abilityexport.bin,byte 129505
24,KNOCKBACK,3731,Mount - Arabian Disc - Tenebrous,7220,0,1 -> OnApply,,,C:\Users\Admin\Downloads\myps\data\bin\abilityexport.bin,byte 129699
24,KNOCKBACK,3732,Mount - Chimera,7221,0,1 -> OnApply,,,C:\Users\Admin\Downloads\myps\data\bin\abilityexport.bin,byte 129893
24,KNOCKBACK,3733,Mount - Juggernaut,7222,0,1 -> OnApply,,,C:\Users\Admin\Downloads\myps\data\bin\abilityexport.bin,byte 130087
24,KNOCKBACK,3734,Mount - Mechanical Horse,7223,0,1 -> OnApply,,,C:\Users\Admin\Downloads\myps\data\bin\abilityexport.bin,byte 130281
24,KNOCKBACK,3946,Yhetee Ice Aura,9294,1,3 -> OnPreviousComponentApplied,,,C:\Users\Admin\Downloads\myps\data\bin\abilityexport.bin,byte 170633
24,KNOCKBACK,4208,Knockback,4276,0,1 -> OnApply,,,C:\Users\Admin\Downloads\myps\data\bin\abilityexport.bin,byte 1390394
24,KNOCKBACK,4224,Clynch Test Ability,4281,1,5 -> OnBuffEnded,,,C:\Users\Admin\Downloads\myps\data\bin\abilityexport.bin,byte 1393597
24,KNOCKBACK,4228,Raid Boss Test Ability 1 (kick),4281,1,5 -> OnBuffEnded,,,C:\Users\Admin\Downloads\myps\data\bin\abilityexport.bin,byte 1394406
24,KNOCKBACK,4233,Launch Player,4231,0,1 -> OnApply,,,C:\Users\Admin\Downloads\myps\data\bin\abilityexport.bin,byte 1395376
24,KNOCKBACK,4234,Safe Fall,4232,0,1 -> OnApply,,,C:\Users\Admin\Downloads\myps\data\bin\abilityexport.bin,byte 1395570
24,KNOCKBACK,4234,Safe Fall,4232,2,7 -> OnPreviousComponentTick,,,C:\Users\Admin\Downloads\myps\data\bin\abilityexport.bin,byte 1395570
6,AP_CHANGE,86,VFX Anim Bug TEST for Nate,1487,0,1 -> OnApply,,,C:\Users\Admin\Downloads\myps\data\bin\abilityexport.bin,byte 194449
6,AP_CHANGE,201,Implacable Resolve,316,2,1 -> OnApply,,Stops your AP Regen. Fired from a standstill it will reduce your AP to half. Fired while moving forward will max your AP and fired while moving backwards will bottom it out. Casting this ability again on your self from a standstill will remove the effect.,C:\Users\Admin\Downloads\myps\data\strings\english\abilitydesc.txt,line 202
6,AP_CHANGE,201,Implacable Resolve,317,3,1 -> OnApply,,Stops your AP Regen. Fired from a standstill it will reduce your AP to half. Fired while moving forward will max your AP and fired while moving backwards will bottom it out. Casting this ability again on your self from a standstill will remove the effect.,C:\Users\Admin\Downloads\myps\data\strings\english\abilitydesc.txt,line 202
6,AP_CHANGE,201,Implacable Resolve,318,4,1 -> OnApply,,Stops your AP Regen. Fired from a standstill it will reduce your AP to half. Fired while moving forward will max your AP and fired while moving backwards will bottom it out. Casting this ability again on your self from a standstill will remove the effect.,C:\Users\Admin\Downloads\myps\data\strings\english\abilitydesc.txt,line 202
6,AP_CHANGE,206,Implacable Resolve,419,0,1 -> OnApply,,So much AP! Regain 250 AP every 2 seconds.,C:\Users\Admin\Downloads\myps\data\strings\english\abilitydesc.txt,line 207
6,AP_CHANGE,245,Word of Command,1115,1,3 -> OnPreviousComponentApplied,,"You run away from the battle in a mad panic, increasing your run speed by {COM_0_VAL0} for {COM_0_DURA_SECONDS}.  You immediately lose all of your action points, any career mechanic points, and your Morale will begin to drop, and you will not begin to regain action points until {COM_4_VAL0_COM_0_DURA_SECONDS} have passed.<BR><BR>You can use this ability again to cancel the effect early, but you will still remain panicked and will not regain action points for the full duration.",C:\Users\Admin\Downloads\myps\data\strings\english\abilitydesc.txt,line 246
6,AP_CHANGE,545,Stubborn As Stone,782,0,1 -> OnApply,,You will regain {COM_0_VAL0_ACTIONPOINTS} every second.,C:\Users\Admin\Downloads\myps\data\strings\english\abilitydesc.txt,line 546
6,AP_CHANGE,549,Stone Breaker,17954,1,6 -> OnEventTriggered,,"If an enemy dodges any of your attacks, you will regain {COM_1_VAL0_ACTIONPOINTS}.<BR>This effect will not trigger more than once every 3 seconds.",C:\Users\Admin\Downloads\myps\data\strings\english\abilitydesc.txt,line 550
6,AP_CHANGE,566,Grumble An' Mutter,782,0,1 -> OnApply,,You will regain 5 action points every second.,C:\Users\Admin\Downloads\myps\data\strings\english\abilitydesc.txt,line 567
6,AP_CHANGE,568,Devour Energy,997,1,6 -> OnEventTriggered,,"Whenever one of your spells hits an enemy, you have a 25% chance to regain {COM_1_VAL0_ACTIONPOINTS}. This effect can not occur more than once every {COM_2_VAL0_COM_0_DURA_SECONDS}.",C:\Users\Admin\Downloads\myps\data\strings\english\abilitydesc.txt,line 569
6,AP_CHANGE,570,Long-Held Grudge,830,1,6 -> OnEventTriggered,,"Any time an enemy disrupts your attacks, you will regain 50 action points.",C:\Users\Admin\Downloads\myps\data\strings\english\abilitydesc.txt,line 571
6,AP_CHANGE,587,Told Ya So!,782,0,1 -> OnApply,,You will regain 5 action points every second.,C:\Users\Admin\Downloads\myps\data\strings\english\abilitydesc.txt,line 588
6,AP_CHANGE,591,Reabsorption,830,1,6 -> OnEventTriggered,,"Any time an enemy disrupts your attacks, you will regain 50 action points.",C:\Users\Admin\Downloads\myps\data\strings\english\abilitydesc.txt,line 592
6,AP_CHANGE,628,Force of Will,381,0,1 -> OnApply,,"You stare down your opponent, draining {COM_0_VAL0} of their Action Points into yourself, and reducing their Strength by {COM_2_VAL0} for {COM_2_DURA_SECONDS}.",C:\Users\Admin\Downloads\myps\data\strings\english\abilitydesc.txt,line 629
6,AP_CHANGE,628,Force of Will,382,1,3 -> OnPreviousComponentApplied,,"You stare down your opponent, draining {COM_0_VAL0} of their Action Points into yourself, and reducing their Strength by {COM_2_VAL0} for {COM_2_DURA_SECONDS}.",C:\Users\Admin\Downloads\myps\data\strings\english\abilitydesc.txt,line 629
6,AP_CHANGE,633,Fierceness,385,0,1 -> OnApply,,A prolonged fervor that grants {COM_0_VAL0_ACTIONPOINTS} a second to everyone in your group within 100 feet of you for {COM_0_DURA_SECONDS}.,C:\Users\Admin\Downloads\myps\data\strings\english\abilitydesc.txt,line 634
6,AP_CHANGE,669,Doom Seeker,1095,0,1 -> OnApply,,"Steals up to 200 action points from your target and gives it to you, and reduces your target's Intelligence by {COM_2_VAL0} for 30 seconds.",C:\Users\Admin\Downloads\myps\data\strings\english\abilitydesc.txt,line 670
6,AP_CHANGE,669,Doom Seeker,1096,1,3 -> OnPreviousComponentApplied,,"Steals up to 200 action points from your target and gives it to you, and reduces your target's Intelligence by {COM_2_VAL0} for 30 seconds.",C:\Users\Admin\Downloads\myps\data\strings\english\abilitydesc.txt,line 670
6,AP_CHANGE,759,Rune Of Regeneration,782,0,1 -> OnApply,,You will regain 5 action points every second.,C:\Users\Admin\Downloads\myps\data\strings\english\abilitydesc.txt,line 760
6,AP_CHANGE,950,Wot Rules?,1290,2,1 -> OnApply,,"Increases your group's armor and all resistances for 30 seconds, and restores 100 action points to everyone in the group.",C:\Users\Admin\Downloads\myps\data\strings\english\abilitydesc.txt,line 951
6,AP_CHANGE,1069,Force Target Kneel,19235,2,8 -> OnPreviousComponentBuffTick,Damage,Your damage is increased while near your active turret.,C:\Users\Admin\Downloads\myps\data\strings\english\abilitydesc.txt,line 1070
6,AP_CHANGE,1071,Simple Throw Cast,18787,2,8 -> OnPreviousComponentBuffTick,Damage,Your damage is increased while near your active horror.,C:\Users\Admin\Downloads\myps\data\strings\english\abilitydesc.txt,line 1072
6,AP_CHANGE,1372,Watch An' Learn,1382,2,6 -> OnEventTriggered,,"Increases your Weapon Skill by {COM_0_VAL0} for {COM_0_DURA_SECONDS}. Each time you hit an enemy, your Oath Friend will gain {COM_2_VAL0_ACTIONPOINTS} as long as they're within {COM_2_RADI_FEET} of you.",C:\Users\Admin\Downloads\myps\data\strings\english\abilitydesc.txt,line 1373
6,AP_CHANGE,1373,Grudge Unleashed,3029,1,1 -> OnApply,,"You focus on your Grudges to ready yourself for action, restoring {COM_1_VAL0} AP.",C:\Users\Admin\Downloads\myps\data\strings\english\abilitydesc.txt,line 1374
6,AP_CHANGE,1411,Crippling Blow,1455,1,6 -> OnEventTriggered,,"Any time you critically hit an enemy, each group member within 100 feet will gain {COM_1_VAL0_ACTIONPOINTS}. This effect will not trigger more than once every 3 seconds.",C:\Users\Admin\Downloads\myps\data\strings\english\abilitydesc.txt,line 1412
6,AP_CHANGE,1426,Earthen Renewal,1461,1,3 -> OnPreviousComponentApplied,Heal,Group members within 100 feet regain {COM_0_VAL0_TOD_HEALTH} and {COM_1_VAL0_TOD_ACTIONPOINTS} over {COM_0_DURA_SECONDS}.,C:\Users\Admin\Downloads\myps\data\strings\english\abilitydesc.txt,line 1427
6,AP_CHANGE,1612,Wall Of Fire,1802,2,6 -> OnEventTriggered,,Inscribes a Master rune into the ground for {COM_0_DURA_SECONDS}. Groupmates within the 100 feet of the Rune of Fury have a 20% chance to gain {COM_2_VAL0} AP whenever they activate an ability.,C:\Users\Admin\Downloads\myps\data\strings\english\abilitydesc.txt,line 1613
6,AP_CHANGE,1632,Prayer Of Absolution,1755,1,6 -> OnEventTriggered,Heal,Healing abilities have a 25% chance to also increase your target's AP by {COM_1_VAL0}. This effect will not work on yourself.,C:\Users\Admin\Downloads\myps\data\strings\english\abilitydesc.txt,line 1633
6,AP_CHANGE,1643,Sigmar's Fist,1779,1,3 -> OnPreviousComponentApplied,Damage,Deal {COM_0_VAL0_DAMAGE} to target. Lower target's AP by {COM_1_VAL0}.,C:\Users\Admin\Downloads\myps\data\strings\english\abilitydesc.txt,line 1644
6,AP_CHANGE,1649,Valaya's Shield,1787,1,3 -> OnPreviousComponentApplied,Heal,Heals your groupmates within 100 feet {COM_0_VAL0_TOD_HEALTH} over {COM_0_DURA_SECONDS} and gives {COM_1_VAL0_TOD_ACTIONPOINTS} over {COM_1_DURA_SECONDS},C:\Users\Admin\Downloads\myps\data\strings\english\abilitydesc.txt,line 1650
6,AP_CHANGE,1668,Divine Reward,3366,4,6 -> OnEventTriggered,,"A mighty war cry that weakens your foes and gives you their strengths. All your melee attacks gain a 25% chance to randomly steal {ABIL_3232_COM_0_VAL0} stat points from targets within {COM_1_RADI_FEET} of you for {ABIL_3232_COM_0_DURA_SECONDS}. During this time, both you and groupmates within 100 feet will benefit from the stolen stats.<BR><BR>You may only have 1 War Bellow active at a time.",C:\Users\Admin\Downloads\myps\data\strings\english\abilitydesc.txt,line 1669
6,AP_CHANGE,1673,Da Toughest!,3366,3,6 -> OnEventTriggered,Heal,A grand war cry to proclaim yourself da toughest! All your attacks gain a 25% chance to increase your wounds by {ABIL_3844_COM_0_VAL0} for {ABIL_3844_COM_0_DURA_SECONDS}. You will be healed by the amount increased.<BR><BR>You may only have 1 War Bellow active at a time.,C:\Users\Admin\Downloads\myps\data\strings\english\abilitydesc.txt,line 1674
6,AP_CHANGE,1675,Refreshing Radiance,3366,6,6 -> OnEventTriggered,Damage,A Waaaghy bellow that raises resistances when hit. Incoming attacks have a 25% chance to increase resistance against that type of damage by {ABIL_3239_COM_0_VAL0} for {ABIL_3239_COM_0_DURA_SECONDS} on all group members within 100 feet. Physical damage will increase armor by {ABIL_3242_COM_0_VAL0} for {ABIL_3242_COM_0_DURA_SECONDS} for all group members within 100 feet.<BR><BR>You may only have 1 War Bellow active at a time.,C:\Users\Admin\Downloads\myps\data\strings\english\abilitydesc.txt,line 1676
6,AP_CHANGE,1687,Arm Breaka,1525,1,3 -> OnPreviousComponentApplied,Damage,Deals {COM_0_VAL0_DAMAGE}. Removes {COM_1_VAL0_TOD_ACTIONPOINTS} over {COM_1_DURA_SECONDS}.,C:\Users\Admin\Downloads\myps\data\strings\english\abilitydesc.txt,line 1688
6,AP_CHANGE,1728,Dreadful Terror,1562,1,3 -> OnPreviousComponentApplied,Damage,Group members within 100 feet will gain {COM_1_VAL0_ACTIONPOINTS} and will absorb up to {COM_0_VAL1_DAMAGE} over {COM_0_DURA_SECONDS}.,C:\Users\Admin\Downloads\myps\data\strings\english\abilitydesc.txt,line 1729
6,AP_CHANGE,1898,Duration Pulsing AOE - VFX,3093,3,3 -> OnPreviousComponentApplied,Heal,Your target regains {COM_0_VAL0_HEALTH} immediately then continues to gain another {COM_1_VAL0_COM_0_VAL0_TOD_HEALTH} over {COM_1_VAL0_COM_0_DURA_SECONDS}.,C:\Users\Admin\Downloads\myps\data\strings\english\abilitydesc.txt,line 1899
6,AP_CHANGE,1911,Tradeskill Buff,1617,0,1 -> OnApply,,Steals {COM_0_VAL0_TOD_ACTIONPOINTS} from your target over {COM_0_DURA_SECONDS}.,C:\Users\Admin\Downloads\myps\data\strings\english\abilitydesc.txt,line 1912
6,AP_CHANGE,1911,Tradeskill Buff,1618,1,8 -> OnPreviousComponentBuffTick,,Steals {COM_0_VAL0_TOD_ACTIONPOINTS} from your target over {COM_0_DURA_SECONDS}.,C:\Users\Admin\Downloads\myps\data\strings\english\abilitydesc.txt,line 1912
6,AP_CHANGE,1966,DC,1061,0,1 -> OnApply,,"Removes 100 AP from each enemy within {COM_0_RADI_FEET}, and gives 50% of the stolen AP to you.",C:\Users\Admin\Downloads\myps\data\strings\english\abilitydesc.txt,line 1967
6,AP_CHANGE,1966,DC,1062,1,3 -> OnPreviousComponentApplied,,"Removes 100 AP from each enemy within {COM_0_RADI_FEET}, and gives 50% of the stolen AP to you.",C:\Users\Admin\Downloads\myps\data\strings\english\abilitydesc.txt,line 1967
6,AP_CHANGE,3025,Electric Blast,12835,0,1 -> OnApply,,,C:\Users\Admin\Downloads\myps\data\bin\abilityexport.bin,byte 4664
6,AP_CHANGE,3060,Keeper AOE Lifetap,8563,0,1 -> OnApply,,,C:\Users\Admin\Downloads\myps\data\bin\abilityexport.bin,byte 11260
6,AP_CHANGE,3065,Just Cause,3366,4,6 -> OnEventTriggered,,,C:\Users\Admin\Downloads\myps\data\bin\abilityexport.bin,byte 12230
6,AP_CHANGE,3068,Righteous Strike,18757,2,3 -> OnPreviousComponentApplied,,,C:\Users\Admin\Downloads\myps\data\bin\abilityexport.bin,byte 12618
6,AP_CHANGE,3071,Faith of Redemption,18757,0,1 -> OnApply,,,C:\Users\Admin\Downloads\myps\data\bin\abilityexport.bin,byte 13200
6,AP_CHANGE,3183,Plague Wind,12836,0,1 -> OnApply,,,C:\Users\Admin\Downloads\myps\data\bin\abilityexport.bin,byte 23870
6,AP_CHANGE,3183,Plague Wind,12835,1,8 -> OnPreviousComponentBuffTick,,,C:\Users\Admin\Downloads\myps\data\bin\abilityexport.bin,byte 23870
6,AP_CHANGE,3200,Fires of Tzeentch - AE Fireball,12787,0,1 -> OnApply,,,C:\Users\Admin\Downloads\myps\data\bin\abilityexport.bin,byte 27234
17,AP_REGEN_CHANGE,201,Implacable Resolve,314,1,1 -> OnApply,,Stops your AP Regen. Fired from a standstill it will reduce your AP to half. Fired while moving forward will max your AP and fired while moving backwards will bottom it out. Casting this ability again on your self from a standstill will remove the effect.,C:\Users\Admin\Downloads\myps\data\strings\english\abilitydesc.txt,line 202
17,AP_REGEN_CHANGE,247,Cunning Rumination ,1199,0,1 -> OnApply,,You have fled from combat and are not regaining action points.,C:\Users\Admin\Downloads\myps\data\strings\english\abilitydesc.txt,line 248
17,AP_REGEN_CHANGE,676,Looks like a Challenge,1102,1,3 -> OnPreviousComponentApplied,,Reduces the Intelligence and Willpower of all enemies within 30 feet for 10 seconds. Anyone afflicted by this effect will regain action points 50% more slowly.,C:\Users\Admin\Downloads\myps\data\strings\english\abilitydesc.txt,line 677
17,AP_REGEN_CHANGE,691,Barbed Wire,1105,0,1 -> OnApply,,"For the next 7 seconds, your target regains action points 50% more slowly, and their normal morale gain will stop.",C:\Users\Admin\Downloads\myps\data\strings\english\abilitydesc.txt,line 692
17,AP_REGEN_CHANGE,1574,Funnel Power,1685,0,1 -> OnApply,,You regain action points {COM_0_VAL0}% faster for {COM_0_DURA_SECONDS}.,C:\Users\Admin\Downloads\myps\data\strings\english\abilitydesc.txt,line 1575
17,AP_REGEN_CHANGE,1684,Get 'Em,12019,0,1 -> OnApply,,An encouraging bellow that causes group members within 100 feet to regenerate Action Points {COM_0_VAL0}% faster for {COM_0_DURA_SECONDS}.,C:\Users\Admin\Downloads\myps\data\strings\english\abilitydesc.txt,line 1685
17,AP_REGEN_CHANGE,3654,Funnel Power Exhaustion,8008,0,1 -> OnApply,,,C:\Users\Admin\Downloads\myps\data\bin\abilityexport.bin,byte 114761
17,AP_REGEN_CHANGE,3745,Mount - Heavy - Dark Elf,8539,0,1 -> OnApply,,,C:\Users\Admin\Downloads\myps\data\bin\abilityexport.bin,byte 132415
17,AP_REGEN_CHANGE,3801,Bat Screech,7890,0,1 -> OnApply,,AP regen is doubled,C:\Users\Admin\Downloads\myps\data\strings\english\abilitydesc.txt,line 3802
17,AP_REGEN_CHANGE,3804,Gore,7890,0,1 -> OnApply,,AP regen is doubled,C:\Users\Admin\Downloads\myps\data\strings\english\abilitydesc.txt,line 3805
17,AP_REGEN_CHANGE,3805,Boar's Rage,7890,0,1 -> OnApply,,AP regen is doubled,C:\Users\Admin\Downloads\myps\data\strings\english\abilitydesc.txt,line 3806
17,AP_REGEN_CHANGE,3806,Branch Scrape,7890,0,1 -> OnApply,,AP regen is doubled,C:\Users\Admin\Downloads\myps\data\strings\english\abilitydesc.txt,line 3807
17,AP_REGEN_CHANGE,3807,Branch Regrowth,7890,0,1 -> OnApply,,AP regen is doubled,C:\Users\Admin\Downloads\myps\data\strings\english\abilitydesc.txt,line 3808
17,AP_REGEN_CHANGE,3808,Ripping Claws,7890,0,1 -> OnApply,,AP regen is doubled,C:\Users\Admin\Downloads\myps\data\strings\english\abilitydesc.txt,line 3809
17,AP_REGEN_CHANGE,4052,RvRD - Martin - Tomb King - Build up attack,4034,0,1 -> OnApply,,,C:\Users\Admin\Downloads\myps\data\bin\abilityexport.bin,byte 1364786
17,AP_REGEN_CHANGE,4107,Shout - Sad Face Icon (Cooldown Debuff),4077,1,1 -> OnApply,,,C:\Users\Admin\Downloads\myps\data\bin\abilityexport.bin,byte 1375456
17,AP_REGEN_CHANGE,5035,Kakra's Blessing,5051,2,3 -> OnPreviousComponentApplied,,,C:\Users\Admin\Downloads\myps\data\bin\abilityexport.bin,byte 1491289
17,AP_REGEN_CHANGE,5495,Whisper of Promise,5522,1,5 -> OnBuffEnded,,,C:\Users\Admin\Downloads\myps\data\bin\abilityexport.bin,byte 1577689
17,AP_REGEN_CHANGE,5496,Whisper of Promise,5522,1,5 -> OnBuffEnded,,The power of your actions has granted you promise!  Use it to rid someone of their doubt!.,C:\Users\Admin\Downloads\myps\data\strings\english\abilitydesc.txt,line 5497
17,AP_REGEN_CHANGE,5497,Whisper of Doubt,5531,1,5 -> OnBuffEnded,,,C:\Users\Admin\Downloads\myps\data\bin\abilityexport.bin,byte 1578077
17,AP_REGEN_CHANGE,5498,Whisper of Doubt,5532,0,1 -> OnApply,,,C:\Users\Admin\Downloads\myps\data\bin\abilityexport.bin,byte 1578271
17,AP_REGEN_CHANGE,5520,Circle of Pleasure,5573,1,7 -> OnPreviousComponentTick,,,C:\Users\Admin\Downloads\myps\data\bin\abilityexport.bin,byte 1582539
17,AP_REGEN_CHANGE,5553,Khorne's Terror,4714,1,1 -> OnApply,,,C:\Users\Admin\Downloads\myps\data\bin\abilityexport.bin,byte 1588974
17,AP_REGEN_CHANGE,5575,Enfeebling Shout,4733,0,1 -> OnApply,,,C:\Users\Admin\Downloads\myps\data\bin\abilityexport.bin,byte 1593242
17,AP_REGEN_CHANGE,5834,Indecision,5098,0,1 -> OnApply,,,C:\Users\Admin\Downloads\myps\data\bin\abilityexport.bin,byte 1631947
17,AP_REGEN_CHANGE,8090,Incognito,11734,1,3 -> OnPreviousComponentApplied,,"You begin quietly hunting for heretics, making it less likely that hostile monsters will notice you but slowly draining away your action points.  This effect will end if you use any abilities, run out of action points, or after 30 seconds has passed.",C:\Users\Admin\Downloads\myps\data\strings\english\abilitydesc.txt,line 8091
17,AP_REGEN_CHANGE,8419,Draining Swipe,8539,2,1 -> OnApply,Damage,"You quickly rake your target twice, dealing {COM_0_VAL0_DAMAGE} with each hit.  The victim will regain action points {COM_2_VAL0}% more slowly for {COM_2_DURA_SECONDS}.",C:\Users\Admin\Downloads\myps\data\strings\english\abilitydesc.txt,line 8420
17,AP_REGEN_CHANGE,9148,Hunter's Fervor,12019,0,1 -> OnApply,,"An inspired ferver fills your group, increasing AP regeneration by {COM_0_VAL0}% for {COM_0_DURA_SECONDS} to all groupmates within 100 feet of you.",C:\Users\Admin\Downloads\myps\data\strings\english\abilitydesc.txt,line 9149
17,AP_REGEN_CHANGE,9393,Shadow Prowler,11734,1,3 -> OnPreviousComponentApplied,,"You prowl through the shadows for the next {COM_0_DURA_SECONDS}, making it less likely that hostile monsters will notice you but slowly draining away your action points.  This effect will end if you use any abilities or run out of action points.",C:\Users\Admin\Downloads\myps\data\strings\english\abilitydesc.txt,line 9394
17,AP_REGEN_CHANGE,9466,Overwhelming Dread,11678,1,3 -> OnPreviousComponentApplied,,"All enemies within {COM_0_RADI_FEET} instantly lose {COM_0_VAL0_ACTIONPOINTS}, and will regain action points {COM_1_VAL0}% more slowly for the next {COM_1_DURA_SECONDS}.",C:\Users\Admin\Downloads\myps\data\strings\english\abilitydesc.txt,line 9467
17,AP_REGEN_CHANGE,12002,Banshee Wail,16242,1,5 -> OnBuffEnded,,,C:\Users\Admin\Downloads\myps\data\bin\abilityexport.bin,byte 2020733
17,AP_REGEN_CHANGE,12016,Swirling Confusion,21060,5,3 -> OnPreviousComponentApplied,,,C:\Users\Admin\Downloads\myps\data\bin\abilityexport.bin,byte 2023358
17,AP_REGEN_CHANGE,12016,Swirling Confusion,21060,6,3 -> OnPreviousComponentApplied,,,C:\Users\Admin\Downloads\myps\data\bin\abilityexport.bin,byte 2023358
17,AP_REGEN_CHANGE,12016,Swirling Confusion,21060,7,3 -> OnPreviousComponentApplied,,,C:\Users\Admin\Downloads\myps\data\bin\abilityexport.bin,byte 2023358
17,AP_REGEN_CHANGE,12016,Swirling Confusion,21060,8,3 -> OnPreviousComponentApplied,,,C:\Users\Admin\Downloads\myps\data\bin\abilityexport.bin,byte 2023358
17,AP_REGEN_CHANGE,12022,Ursine Roar,16240,1,5 -> OnBuffEnded,,,C:\Users\Admin\Downloads\myps\data\bin\abilityexport.bin,byte 2024006
17,AP_REGEN_CHANGE,12044,Bleeding Brain,21060,4,3 -> OnPreviousComponentApplied,,,C:\Users\Admin\Downloads\myps\data\bin\abilityexport.bin,byte 2027960
17,AP_REGEN_CHANGE,12044,Bleeding Brain,21060,5,3 -> OnPreviousComponentApplied,,,C:\Users\Admin\Downloads\myps\data\bin\abilityexport.bin,byte 2027960
17,AP_REGEN_CHANGE,12044,Bleeding Brain,21060,6,3 -> OnPreviousComponentApplied,,,C:\Users\Admin\Downloads\myps\data\bin\abilityexport.bin,byte 2027960
17,AP_REGEN_CHANGE,12044,Bleeding Brain,21060,7,3 -> OnPreviousComponentApplied,,,C:\Users\Admin\Downloads\myps\data\bin\abilityexport.bin,byte 2027960
17,AP_REGEN_CHANGE,12094,Fearful Gust,21059,0,1 -> OnApply,,,C:\Users\Admin\Downloads\myps\data\bin\abilityexport.bin,byte 2035868
17,AP_REGEN_CHANGE,12223,Empty Mind,21059,0,1 -> OnApply,,,C:\Users\Admin\Downloads\myps\data\bin\abilityexport.bin,byte 2054338
17,AP_REGEN_CHANGE,12282,Tail Swipe,16223,1,5 -> OnBuffEnded,,,C:\Users\Admin\Downloads\myps\data\bin\abilityexport.bin,byte 2064421
17,AP_REGEN_CHANGE,12326,Grim Affliction,21060,2,3 -> OnPreviousComponentApplied,,,C:\Users\Admin\Downloads\myps\data\bin\abilityexport.bin,byte 2070480
17,AP_REGEN_CHANGE,12341,Infecting Swipe,16221,1,5 -> OnBuffEnded,,,C:\Users\Admin\Downloads\myps\data\bin\abilityexport.bin,byte 2072490
17,AP_REGEN_CHANGE,12355,Breath of Fear,21060,2,3 -> OnPreviousComponentApplied,,,C:\Users\Admin\Downloads\myps\data\bin\abilityexport.bin,byte 2074888
17,AP_REGEN_CHANGE,12384,Slick Hands,21059,0,1 -> OnApply,,,C:\Users\Admin\Downloads\myps\data\bin\abilityexport.bin,byte 2078842
17,AP_REGEN_CHANGE,12423,Brain Power,21581,0,1 -> OnApply,,,C:\Users\Admin\Downloads\myps\data\bin\abilityexport.bin,byte 2084707
5,ARMOR_CHANGE,21,Penetrating Round,3258,1,3 -> OnPreviousComponentApplied,Damage,"Blasts the target with an armor-destroying round, dealing {COM_0_VAL0_DAMAGE} and reducing their Armor by {COM_1_VAL0} for {COM_1_DURA_SECONDS}.",C:\Users\Admin\Downloads\myps\data\strings\english\abilitydesc.txt,line 22
5,ARMOR_CHANGE,45,Demonic Consumption,12264,1,3 -> OnPreviousComponentApplied,Damage,"Deals {COM_0_VAL0_DAMAGE} to the target, and reduces their armor by {COM_1_VAL0} for {COM_1_DURA_SECONDS}.",C:\Users\Admin\Downloads\myps\data\strings\english\abilitydesc.txt,line 46
5,ARMOR_CHANGE,66,Flames Of Change,14286,0,1 -> OnApply,,,C:\Users\Admin\Downloads\myps\data\bin\abilityexport.bin,byte 192121
5,ARMOR_CHANGE,199,Rupture Organ,1225,0,1 -> OnApply,,,C:\Users\Admin\Downloads\myps\data\bin\abilityexport.bin,byte 213267
5,ARMOR_CHANGE,500,VFX / Tag Shout TEST,1677,1,1 -> OnApply,Damage,"You deal {COM_0_VAL0}% more damage and all enemy monsters will hate you {COM_2_VAL1}% less than normal, but your armor is reduced by {COM_1_VAL0}%.",C:\Users\Admin\Downloads\myps\data\strings\english\abilitydesc.txt,line 501
5,ARMOR_CHANGE,506,The Librams of Insight,774,2,1 -> OnApply,Damage,"You deal 5% more damage, but your Toughness and Armor are reduced.",C:\Users\Admin\Downloads\myps\data\strings\english\abilitydesc.txt,line 507
5,ARMOR_CHANGE,527,Emperor's Summons,796,2,1 -> OnApply,Damage,"Your Toughness and Armor are increased, but you deal 5% less damage.",C:\Users\Admin\Downloads\myps\data\strings\english\abilitydesc.txt,line 528
5,ARMOR_CHANGE,606,Relentless Strike,1002,1,3 -> OnPreviousComponentApplied,Damage,A powerful melee attack that reduces armor by {COM_1_VAL0} and deals {COM_0_VAL0_TOD_DAMAGE} over {COM_0_DURA_SECONDS},C:\Users\Admin\Downloads\myps\data\strings\english\abilitydesc.txt,line 607
5,ARMOR_CHANGE,716,Bugman's Best,3072,0,1 -> OnApply,,Increases your Armor by {COM_0_VAL0}.,C:\Users\Admin\Downloads\myps\data\strings\english\abilitydesc.txt,line 717
5,ARMOR_CHANGE,950,Wot Rules?,985,1,1 -> OnApply,,"Increases your group's armor and all resistances for 30 seconds, and restores 100 action points to everyone in the group.",C:\Users\Admin\Downloads\myps\data\strings\english\abilitydesc.txt,line 951
5,ARMOR_CHANGE,1053,Bottle of Seein' Stars,3492,2,1 -> OnApply,,,C:\Users\Admin\Downloads\myps\data\bin\abilityexport.bin,byte 300042
5,ARMOR_CHANGE,1064,Bloodlust,3722,2,1 -> OnApply,,,C:\Users\Admin\Downloads\myps\data\bin\abilityexport.bin,byte 301206
5,ARMOR_CHANGE,1371,Nuthin' But Da WAAAGH!,1375,1,3 -> OnPreviousComponentApplied,Damage,"A powerful attack that smashes through your enemy's protections, dealing {COM_0_VAL0_DAMAGE} and reducing their armor based on Grudges for {COM_1_DURA_SECONDS}.<BR><BR> At 25 Grudges: Reduces armor by {COM_1_VAL0}.<BR>  At 50 Grudges: Reduces armor by {COM_2_VAL0}.<BR> At 75 Grudges: Reduces armor by {COM_3_VAL0}.<BR> At 100 Grudges: Reduces armor by {COM_4_VAL0}.",C:\Users\Admin\Downloads\myps\data\strings\english\abilitydesc.txt,line 1372
5,ARMOR_CHANGE,1371,Nuthin' But Da WAAAGH!,1376,2,3 -> OnPreviousComponentApplied,Damage,"A powerful attack that smashes through your enemy's protections, dealing {COM_0_VAL0_DAMAGE} and reducing their armor based on Grudges for {COM_1_DURA_SECONDS}.<BR><BR> At 25 Grudges: Reduces armor by {COM_1_VAL0}.<BR>  At 50 Grudges: Reduces armor by {COM_2_VAL0}.<BR> At 75 Grudges: Reduces armor by {COM_3_VAL0}.<BR> At 100 Grudges: Reduces armor by {COM_4_VAL0}.",C:\Users\Admin\Downloads\myps\data\strings\english\abilitydesc.txt,line 1372
5,ARMOR_CHANGE,1371,Nuthin' But Da WAAAGH!,1377,3,3 -> OnPreviousComponentApplied,Damage,"A powerful attack that smashes through your enemy's protections, dealing {COM_0_VAL0_DAMAGE} and reducing their armor based on Grudges for {COM_1_DURA_SECONDS}.<BR><BR> At 25 Grudges: Reduces armor by {COM_1_VAL0}.<BR>  At 50 Grudges: Reduces armor by {COM_2_VAL0}.<BR> At 75 Grudges: Reduces armor by {COM_3_VAL0}.<BR> At 100 Grudges: Reduces armor by {COM_4_VAL0}.",C:\Users\Admin\Downloads\myps\data\strings\english\abilitydesc.txt,line 1372
5,ARMOR_CHANGE,1371,Nuthin' But Da WAAAGH!,1378,4,3 -> OnPreviousComponentApplied,Damage,"A powerful attack that smashes through your enemy's protections, dealing {COM_0_VAL0_DAMAGE} and reducing their armor based on Grudges for {COM_1_DURA_SECONDS}.<BR><BR> At 25 Grudges: Reduces armor by {COM_1_VAL0}.<BR>  At 50 Grudges: Reduces armor by {COM_2_VAL0}.<BR> At 75 Grudges: Reduces armor by {COM_3_VAL0}.<BR> At 100 Grudges: Reduces armor by {COM_4_VAL0}.",C:\Users\Admin\Downloads\myps\data\strings\english\abilitydesc.txt,line 1372
5,ARMOR_CHANGE,1527,Sweeping Razor,3110,0,1 -> OnApply,,"You don an experimental suit of protective gear, increasing your Armor by {COM_0_VAL0} for up to {COM_0_DURA_HOURS}.",C:\Users\Admin\Downloads\myps\data\strings\english\abilitydesc.txt,line 1528
5,ARMOR_CHANGE,1576,Fireball Barrage,1689,1,1 -> OnApply,Damage,"A massive cannonball smashes into your target, dealing {COM_0_VAL0_DAMAGE}  and reducing their armor by {COM_1_VAL0} for {COM_1_DURA_SECONDS}.",C:\Users\Admin\Downloads\myps\data\strings\english\abilitydesc.txt,line 1577
5,ARMOR_CHANGE,1644,Divine Shock,1780,0,1 -> OnApply,,Increase the armor of all group mates within 100 feet by {COM_0_VAL0} and resists by {COM_1_VAL0} for {COM_1_DURA_SECONDS}.,C:\Users\Admin\Downloads\myps\data\strings\english\abilitydesc.txt,line 1645
5,ARMOR_CHANGE,1669,Exalted Defenses,1512,1,3 -> OnPreviousComponentApplied,Damage,Deals {COM_0_VAL0_DAMAGE}. Increases Armor by {COM_1_VAL0} for {COM_1_DURA_SECONDS}.,C:\Users\Admin\Downloads\myps\data\strings\english\abilitydesc.txt,line 1670
5,ARMOR_CHANGE,1693,We'z Bigger,1533,1,3 -> OnPreviousComponentApplied,Damage,Deals {COM_0_VAL0_DAMAGE}. Increases the armor of all groupmates within 20 feet by {COM_1_VAL0} for {COM_1_DURA_SECONDS}.,C:\Users\Admin\Downloads\myps\data\strings\english\abilitydesc.txt,line 1694
5,ARMOR_CHANGE,1823,Corrupted Edge,11319,1,3 -> OnPreviousComponentApplied,Damage,An attack which deals {COM_0_VAL0_DAMAGE} and reduces your target's armor by {COM_1_VAL0} and reduces their chance to block by {COM_2_VAL0}% for {COM_1_DURA_SECONDS}.,C:\Users\Admin\Downloads\myps\data\strings\english\abilitydesc.txt,line 1824
5,ARMOR_CHANGE,1843,Gas Squig,3002,2,3 -> OnPreviousComponentApplied,,"Summons a Gas squig pet which you can order around. This pet attacks from range, but is very weak to attacks.<BR>This pet receives a bonus to Ballistic Skill and Weapon Skill equal to your bonus from items.<BR>Your armor is increased by the amount of armor gained from items as long as your Squig is alive.<BR>Cooldown will begin when you lose control of your pet for any reason.",C:\Users\Admin\Downloads\myps\data\strings\english\abilitydesc.txt,line 1844
5,ARMOR_CHANGE,1921,City Heal,1615,0,1 -> OnApply,,,C:\Users\Admin\Downloads\myps\data\bin\abilityexport.bin,byte 1168071
5,ARMOR_CHANGE,3058,Corporeal Mass Silence,1507,0,1 -> OnApply,,,C:\Users\Admin\Downloads\myps\data\bin\abilityexport.bin,byte 10872
5,ARMOR_CHANGE,3074,Lingering Pain,18764,0,1 -> OnApply,,,C:\Users\Admin\Downloads\myps\data\bin\abilityexport.bin,byte 13782
5,ARMOR_CHANGE,3242,Blood Blessing,3417,0,1 -> OnApply,,,C:\Users\Admin\Downloads\myps\data\bin\abilityexport.bin,byte 35382
5,ARMOR_CHANGE,3292,Tchar'zanek Weapon Trail,3529,0,1 -> OnApply,,,C:\Users\Admin\Downloads\myps\data\bin\abilityexport.bin,byte 45082
5,ARMOR_CHANGE,3373,Shove,1507,1,3 -> OnPreviousComponentApplied,,,C:\Users\Admin\Downloads\myps\data\bin\abilityexport.bin,byte 60408
5,ARMOR_CHANGE,3505,Old Sovereign GIAB - Warrior Priest - Righteous Faith,1142,1,1 -> OnApply,,You are now berserk!,C:\Users\Admin\Downloads\myps\data\strings\english\abilitydesc.txt,line 3506
5,ARMOR_CHANGE,3652,Prayer of Absolution,8764,0,1 -> OnApply,,,C:\Users\Admin\Downloads\myps\data\bin\abilityexport.bin,byte 114373
5,ARMOR_CHANGE,3662,On Your Guard!,8545,5,3 -> OnPreviousComponentApplied,,,C:\Users\Admin\Downloads\myps\data\bin\abilityexport.bin,byte 116313
5,ARMOR_CHANGE,3663,Take Them Down!,8545,5,3 -> OnPreviousComponentApplied,,,C:\Users\Admin\Downloads\myps\data\bin\abilityexport.bin,byte 116507
5,ARMOR_CHANGE,3664,Press The Attack!,8545,5,3 -> OnPreviousComponentApplied,,,C:\Users\Admin\Downloads\myps\data\bin\abilityexport.bin,byte 116701
5,ARMOR_CHANGE,3665,Stay Focused!,8545,5,3 -> OnPreviousComponentApplied,,,C:\Users\Admin\Downloads\myps\data\bin\abilityexport.bin,byte 116895
5,ARMOR_CHANGE,3666,To Victory!,8545,6,3 -> OnPreviousComponentApplied,,,C:\Users\Admin\Downloads\myps\data\bin\abilityexport.bin,byte 117089
5,ARMOR_CHANGE,3702,Mount - Basic - High Elf,11273,1,1 -> OnApply,,A Covenant is increasing your Armor and Initiative.,C:\Users\Admin\Downloads\myps\data\strings\english\abilitydesc.txt,line 3703
5,ARMOR_CHANGE,3792,Shielding Faith,8822,1,1 -> OnApply,,,C:\Users\Admin\Downloads\myps\data\bin\abilityexport.bin,byte 141533
5,ARMOR_CHANGE,3821,Raking Claws,1225,0,1 -> OnApply,,,C:\Users\Admin\Downloads\myps\data\bin\abilityexport.bin,byte 147159
5,ARMOR_CHANGE,3821,Raking Claws,1226,1,1 -> OnApply,,,C:\Users\Admin\Downloads\myps\data\bin\abilityexport.bin,byte 147159
5,ARMOR_CHANGE,3875,Savage Bite,1748,0,1 -> OnApply,,,C:\Users\Admin\Downloads\myps\data\bin\abilityexport.bin,byte 157053
5,ARMOR_CHANGE,3897,Core Monster Shared - Stomp (VFX only),9782,0,1 -> OnApply,,,C:\Users\Admin\Downloads\myps\data\bin\abilityexport.bin,byte 161127
5,ARMOR_CHANGE,3898,Core Monster Shared - Spell_S (VFX only),1846,0,1 -> OnApply,,,C:\Users\Admin\Downloads\myps\data\bin\abilityexport.bin,byte 161321
5,ARMOR_CHANGE,3920,Rune of Empowerment,9782,0,1 -> OnApply,,,C:\Users\Admin\Downloads\myps\data\bin\abilityexport.bin,byte 165589
5,ARMOR_CHANGE,4029,RvRD - Martin - Got Scroll Everyone Dies,4013,1,3 -> OnPreviousComponentApplied,,,C:\Users\Admin\Downloads\myps\data\bin\abilityexport.bin,byte 1360324
5,ARMOR_CHANGE,4203,Lantern Effect Buff,4200,0,1 -> OnApply,,,C:\Users\Admin\Downloads\myps\data\bin\abilityexport.bin,byte 1389424
5,ARMOR_CHANGE,4720,HighElf Healer flourish2,4636,0,1 -> OnApply,,,C:\Users\Admin\Downloads\myps\data\bin\abilityexport.bin,byte 1461442
5,ARMOR_CHANGE,4992,Glory of War,5412,0,1 -> OnApply,,,C:\Users\Admin\Downloads\myps\data\bin\abilityexport.bin,byte 1482947
33,AUTO_ATTACK_ADJUST,13,Spore Cloud,1928,0,1 -> OnApply,,,C:\Users\Admin\Downloads\myps\data\bin\abilityexport.bin,byte 183412
33,AUTO_ATTACK_ADJUST,13,Spore Cloud,1929,1,1 -> OnApply,,,C:\Users\Admin\Downloads\myps\data\bin\abilityexport.bin,byte 183412
33,AUTO_ATTACK_ADJUST,14,Gas Squig Autoattack,1882,0,1 -> OnApply,,,C:\Users\Admin\Downloads\myps\data\bin\abilityexport.bin,byte 183606
33,AUTO_ATTACK_ADJUST,14,Gas Squig Autoattack,1883,1,1 -> OnApply,,,C:\Users\Admin\Downloads\myps\data\bin\abilityexport.bin,byte 183606
33,AUTO_ATTACK_ADJUST,14,Gas Squig Autoattack,3360,2,1 -> OnApply,,,C:\Users\Admin\Downloads\myps\data\bin\abilityexport.bin,byte 183606
33,AUTO_ATTACK_ADJUST,14,Gas Squig Autoattack,3361,3,1 -> OnApply,,,C:\Users\Admin\Downloads\myps\data\bin\abilityexport.bin,byte 183606
33,AUTO_ATTACK_ADJUST,14,Gas Squig Autoattack,3362,4,1 -> OnApply,,,C:\Users\Admin\Downloads\myps\data\bin\abilityexport.bin,byte 183606
33,AUTO_ATTACK_ADJUST,14,Gas Squig Autoattack,3363,5,1 -> OnApply,,,C:\Users\Admin\Downloads\myps\data\bin\abilityexport.bin,byte 183606
33,AUTO_ATTACK_ADJUST,23,Gun Turret GFXMOD Autoattack Override,3240,0,1 -> OnApply,,,C:\Users\Admin\Downloads\myps\data\bin\abilityexport.bin,byte 185323
33,AUTO_ATTACK_ADJUST,23,Gun Turret GFXMOD Autoattack Override,3241,1,1 -> OnApply,,,C:\Users\Admin\Downloads\myps\data\bin\abilityexport.bin,byte 185323
33,AUTO_ATTACK_ADJUST,23,Gun Turret GFXMOD Autoattack Override,3242,2,1 -> OnApply,,,C:\Users\Admin\Downloads\myps\data\bin\abilityexport.bin,byte 185323
33,AUTO_ATTACK_ADJUST,23,Gun Turret GFXMOD Autoattack Override,3243,3,1 -> OnApply,,,C:\Users\Admin\Downloads\myps\data\bin\abilityexport.bin,byte 185323
33,AUTO_ATTACK_ADJUST,23,Gun Turret GFXMOD Autoattack Override,3244,4,1 -> OnApply,,,C:\Users\Admin\Downloads\myps\data\bin\abilityexport.bin,byte 185323
33,AUTO_ATTACK_ADJUST,23,Gun Turret GFXMOD Autoattack Override,3245,5,1 -> OnApply,,,C:\Users\Admin\Downloads\myps\data\bin\abilityexport.bin,byte 185323
33,AUTO_ATTACK_ADJUST,26, Bomb Turret GFXMOD Autoattack Override,3246,0,1 -> OnApply,,,C:\Users\Admin\Downloads\myps\data\bin\abilityexport.bin,byte 185971
33,AUTO_ATTACK_ADJUST,26, Bomb Turret GFXMOD Autoattack Override,3247,1,1 -> OnApply,,,C:\Users\Admin\Downloads\myps\data\bin\abilityexport.bin,byte 185971
33,AUTO_ATTACK_ADJUST,26, Bomb Turret GFXMOD Autoattack Override,3248,2,1 -> OnApply,,,C:\Users\Admin\Downloads\myps\data\bin\abilityexport.bin,byte 185971
33,AUTO_ATTACK_ADJUST,26, Bomb Turret GFXMOD Autoattack Override,3249,3,1 -> OnApply,,,C:\Users\Admin\Downloads\myps\data\bin\abilityexport.bin,byte 185971
33,AUTO_ATTACK_ADJUST,26, Bomb Turret GFXMOD Autoattack Override,3250,4,1 -> OnApply,,,C:\Users\Admin\Downloads\myps\data\bin\abilityexport.bin,byte 185971
33,AUTO_ATTACK_ADJUST,26, Bomb Turret GFXMOD Autoattack Override,3251,5,1 -> OnApply,,,C:\Users\Admin\Downloads\myps\data\bin\abilityexport.bin,byte 185971
33,AUTO_ATTACK_ADJUST,29,Flame Turret GFXMOD Autoattack Override,3252,0,1 -> OnApply,,,C:\Users\Admin\Downloads\myps\data\bin\abilityexport.bin,byte 186553
33,AUTO_ATTACK_ADJUST,29,Flame Turret GFXMOD Autoattack Override,3253,1,1 -> OnApply,,,C:\Users\Admin\Downloads\myps\data\bin\abilityexport.bin,byte 186553
33,AUTO_ATTACK_ADJUST,29,Flame Turret GFXMOD Autoattack Override,3254,2,1 -> OnApply,,,C:\Users\Admin\Downloads\myps\data\bin\abilityexport.bin,byte 186553
33,AUTO_ATTACK_ADJUST,29,Flame Turret GFXMOD Autoattack Override,3255,3,1 -> OnApply,,,C:\Users\Admin\Downloads\myps\data\bin\abilityexport.bin,byte 186553
33,AUTO_ATTACK_ADJUST,29,Flame Turret GFXMOD Autoattack Override,3256,4,1 -> OnApply,,,C:\Users\Admin\Downloads\myps\data\bin\abilityexport.bin,byte 186553
33,AUTO_ATTACK_ADJUST,29,Flame Turret GFXMOD Autoattack Override,3257,5,1 -> OnApply,,,C:\Users\Admin\Downloads\myps\data\bin\abilityexport.bin,byte 186553
33,AUTO_ATTACK_ADJUST,380,Protection - Dwarf,9743,0,1 -> OnApply,,,C:\Users\Admin\Downloads\myps\data\bin\abilityexport.bin,byte 244311
33,AUTO_ATTACK_ADJUST,380,Protection - Dwarf,9744,1,1 -> OnApply,,,C:\Users\Admin\Downloads\myps\data\bin\abilityexport.bin,byte 244311
33,AUTO_ATTACK_ADJUST,380,Protection - Dwarf,9745,2,1 -> OnApply,,,C:\Users\Admin\Downloads\myps\data\bin\abilityexport.bin,byte 244311
33,AUTO_ATTACK_ADJUST,380,Protection - Dwarf,9746,3,1 -> OnApply,,,C:\Users\Admin\Downloads\myps\data\bin\abilityexport.bin,byte 244311
33,AUTO_ATTACK_ADJUST,380,Protection - Dwarf,9747,4,1 -> OnApply,,,C:\Users\Admin\Downloads\myps\data\bin\abilityexport.bin,byte 244311
33,AUTO_ATTACK_ADJUST,380,Protection - Dwarf,9748,5,1 -> OnApply,,,C:\Users\Admin\Downloads\myps\data\bin\abilityexport.bin,byte 244311
33,AUTO_ATTACK_ADJUST,381,Intimidation - Dark Elf,9749,0,1 -> OnApply,,,C:\Users\Admin\Downloads\myps\data\bin\abilityexport.bin,byte 244505
33,AUTO_ATTACK_ADJUST,381,Intimidation - Dark Elf,9750,1,1 -> OnApply,,,C:\Users\Admin\Downloads\myps\data\bin\abilityexport.bin,byte 244505
33,AUTO_ATTACK_ADJUST,381,Intimidation - Dark Elf,9751,2,1 -> OnApply,,,C:\Users\Admin\Downloads\myps\data\bin\abilityexport.bin,byte 244505
33,AUTO_ATTACK_ADJUST,381,Intimidation - Dark Elf,9752,3,1 -> OnApply,,,C:\Users\Admin\Downloads\myps\data\bin\abilityexport.bin,byte 244505
33,AUTO_ATTACK_ADJUST,381,Intimidation - Dark Elf,9753,4,1 -> OnApply,,,C:\Users\Admin\Downloads\myps\data\bin\abilityexport.bin,byte 244505
33,AUTO_ATTACK_ADJUST,381,Intimidation - Dark Elf,9754,5,1 -> OnApply,,,C:\Users\Admin\Downloads\myps\data\bin\abilityexport.bin,byte 244505
33,AUTO_ATTACK_ADJUST,382,Warding - Chaos,9755,0,1 -> OnApply,,,C:\Users\Admin\Downloads\myps\data\bin\abilityexport.bin,byte 244699
33,AUTO_ATTACK_ADJUST,382,Warding - Chaos,9756,1,1 -> OnApply,,,C:\Users\Admin\Downloads\myps\data\bin\abilityexport.bin,byte 244699
33,AUTO_ATTACK_ADJUST,382,Warding - Chaos,9757,2,1 -> OnApply,,,C:\Users\Admin\Downloads\myps\data\bin\abilityexport.bin,byte 244699
33,AUTO_ATTACK_ADJUST,382,Warding - Chaos,9758,3,1 -> OnApply,,,C:\Users\Admin\Downloads\myps\data\bin\abilityexport.bin,byte 244699
33,AUTO_ATTACK_ADJUST,382,Warding - Chaos,9759,4,1 -> OnApply,,,C:\Users\Admin\Downloads\myps\data\bin\abilityexport.bin,byte 244699
33,AUTO_ATTACK_ADJUST,382,Warding - Chaos,9760,5,1 -> OnApply,,,C:\Users\Admin\Downloads\myps\data\bin\abilityexport.bin,byte 244699
33,AUTO_ATTACK_ADJUST,481,Weight of Stone,1220,1,1 -> OnApply,,,C:\Users\Admin\Downloads\myps\data\bin\abilityexport.bin,byte 259554
33,AUTO_ATTACK_ADJUST,481,Weight of Stone,1221,2,1 -> OnApply,,,C:\Users\Admin\Downloads\myps\data\bin\abilityexport.bin,byte 259554
33,AUTO_ATTACK_ADJUST,4461,Spl_T,4184,0,1 -> OnApply,,,C:\Users\Admin\Downloads\myps\data\bin\abilityexport.bin,byte 1435055
33,AUTO_ATTACK_ADJUST,4461,Spl_T,4185,1,1 -> OnApply,,,C:\Users\Admin\Downloads\myps\data\bin\abilityexport.bin,byte 1435055
31,BINDING_TELEPORT,246,Caustic Torrent,1191,0,1 -> OnApply,,Returns you to your rally point.<BR>You can change your rally point by talking to the Rally Master in any chapter area.,C:\Users\Admin\Downloads\myps\data\strings\english\abilitydesc.txt,line 247
22,BONUS_TYPE_ADJUST,1,Ard Noggin,3285,2,6 -> OnEventTriggered,Damage,A powerful attack that deals {COM_0_VAL0_DAMAGE} and reduces the threat generated by your pet's next attack.,C:\Users\Admin\Downloads\myps\data\strings\english\abilitydesc.txt,line 2
22,BONUS_TYPE_ADJUST,8,Spine Fling,3300,1,3 -> OnPreviousComponentApplied,Damage,"Your Squig injects a deadly poison in to it's target, dealing {COM_0_VAL0_TOD_DAMAGE} over {COM_0_DURA_SECONDS} and reducing their chance to critically hit by  {COM_1_VAL1}% for {COM_1_DURA_SECONDS}.",C:\Users\Admin\Downloads\myps\data\strings\english\abilitydesc.txt,line 9
22,BONUS_TYPE_ADJUST,43,Terrifying Roar,12262,0,1 -> OnApply,,Reduces the autoattack speed of all enemies within {COM_0_RADI_FEET} by {COM_0_VAL1}% for {COM_0_DURA_SECONDS}.,C:\Users\Admin\Downloads\myps\data\strings\english\abilitydesc.txt,line 44
22,BONUS_TYPE_ADJUST,55,Unstoppable Juggernaut,9767,1,3 -> OnPreviousComponentApplied,Damage,"Your Pink Horror forces daemonic power into it's target, lowering the target's chance to critically hit by {COM_1_VAL1}% and dealing {COM_0_VAL0_TOD_ELEMENTALDAMAGE} over {COM_0_DURA_SECONDS}.",C:\Users\Admin\Downloads\myps\data\strings\english\abilitydesc.txt,line 56
22,BONUS_TYPE_ADJUST,89,Monster Knockdown on Knockback VFXs,1333,0,1 -> OnApply,,,C:\Users\Admin\Downloads\myps\data\bin\abilityexport.bin,byte 195031
22,BONUS_TYPE_ADJUST,200,Shatter Will,14050,0,1 -> OnApply,,The most super mega-awesome test ability ever made. EVAR!!!!,C:\Users\Admin\Downloads\myps\data\strings\english\abilitydesc.txt,line 201
22,BONUS_TYPE_ADJUST,202,Iron Body,1400,0,1 -> OnApply,,,C:\Users\Admin\Downloads\myps\data\bin\abilityexport.bin,byte 213849
22,BONUS_TYPE_ADJUST,203,Pierce,1213,0,1 -> OnApply,,,C:\Users\Admin\Downloads\myps\data\bin\abilityexport.bin,byte 214043
22,BONUS_TYPE_ADJUST,203,Pierce,1214,1,1 -> OnApply,,,C:\Users\Admin\Downloads\myps\data\bin\abilityexport.bin,byte 214043
22,BONUS_TYPE_ADJUST,228,Loot buff,1341,0,1 -> OnApply,,,C:\Users\Admin\Downloads\myps\data\bin\abilityexport.bin,byte 218443
22,BONUS_TYPE_ADJUST,283,Incite Torment,11351,2,1 -> OnApply,,,C:\Users\Admin\Downloads\myps\data\bin\abilityexport.bin,byte 227433
22,BONUS_TYPE_ADJUST,283,Incite Torment,11352,3,1 -> OnApply,,,C:\Users\Admin\Downloads\myps\data\bin\abilityexport.bin,byte 227433
22,BONUS_TYPE_ADJUST,283,Incite Torment,11353,4,1 -> OnApply,,,C:\Users\Admin\Downloads\myps\data\bin\abilityexport.bin,byte 227433
22,BONUS_TYPE_ADJUST,287,Dark Magic,11842,0,1 -> OnApply,,,C:\Users\Admin\Downloads\myps\data\bin\abilityexport.bin,byte 228015
22,BONUS_TYPE_ADJUST,287,Dark Magic,11843,1,1 -> OnApply,,,C:\Users\Admin\Downloads\myps\data\bin\abilityexport.bin,byte 228015
22,BONUS_TYPE_ADJUST,287,Dark Magic,11844,2,1 -> OnApply,,,C:\Users\Admin\Downloads\myps\data\bin\abilityexport.bin,byte 228015
22,BONUS_TYPE_ADJUST,287,Dark Magic,11845,3,1 -> OnApply,,,C:\Users\Admin\Downloads\myps\data\bin\abilityexport.bin,byte 228015
22,BONUS_TYPE_ADJUST,287,Dark Magic,11846,4,1 -> OnApply,,,C:\Users\Admin\Downloads\myps\data\bin\abilityexport.bin,byte 228015
22,BONUS_TYPE_ADJUST,287,Dark Magic,12490,5,1 -> OnApply,,,C:\Users\Admin\Downloads\myps\data\bin\abilityexport.bin,byte 228015
22,BONUS_TYPE_ADJUST,287,Dark Magic,12491,6,1 -> OnApply,,,C:\Users\Admin\Downloads\myps\data\bin\abilityexport.bin,byte 228015
22,BONUS_TYPE_ADJUST,287,Dark Magic,12492,7,1 -> OnApply,,,C:\Users\Admin\Downloads\myps\data\bin\abilityexport.bin,byte 228015
22,BONUS_TYPE_ADJUST,287,Dark Magic,12493,8,1 -> OnApply,,,C:\Users\Admin\Downloads\myps\data\bin\abilityexport.bin,byte 228015
22,BONUS_TYPE_ADJUST,287,Dark Magic,12494,9,1 -> OnApply,,,C:\Users\Admin\Downloads\myps\data\bin\abilityexport.bin,byte 228015
22,BONUS_TYPE_ADJUST,299,Baleful Affliction,8920,0,1 -> OnApply,,,C:\Users\Admin\Downloads\myps\data\bin\abilityexport.bin,byte 230343
22,BONUS_TYPE_ADJUST,299,Baleful Affliction,8921,1,1 -> OnApply,,,C:\Users\Admin\Downloads\myps\data\bin\abilityexport.bin,byte 230343
22,BONUS_TYPE_ADJUST,299,Baleful Affliction,8922,2,1 -> OnApply,,,C:\Users\Admin\Downloads\myps\data\bin\abilityexport.bin,byte 230343
22,BONUS_TYPE_ADJUST,299,Baleful Affliction,8923,3,1 -> OnApply,,,C:\Users\Admin\Downloads\myps\data\bin\abilityexport.bin,byte 230343
22,BONUS_TYPE_ADJUST,299,Baleful Affliction,8924,4,1 -> OnApply,,,C:\Users\Admin\Downloads\myps\data\bin\abilityexport.bin,byte 230343
22,BONUS_TYPE_ADJUST,299,Baleful Affliction,9551,5,1 -> OnApply,,,C:\Users\Admin\Downloads\myps\data\bin\abilityexport.bin,byte 230343
22,BONUS_TYPE_ADJUST,299,Baleful Affliction,9552,6,1 -> OnApply,,,C:\Users\Admin\Downloads\myps\data\bin\abilityexport.bin,byte 230343
22,BONUS_TYPE_ADJUST,299,Baleful Affliction,9553,7,1 -> OnApply,,,C:\Users\Admin\Downloads\myps\data\bin\abilityexport.bin,byte 230343
22,BONUS_TYPE_ADJUST,299,Baleful Affliction,9554,8,1 -> OnApply,,,C:\Users\Admin\Downloads\myps\data\bin\abilityexport.bin,byte 230343
22,BONUS_TYPE_ADJUST,299,Baleful Affliction,9555,9,1 -> OnApply,,,C:\Users\Admin\Downloads\myps\data\bin\abilityexport.bin,byte 230343
22,BONUS_TYPE_ADJUST,341,Ruin and Destruction,9302,0,1 -> OnApply,,,C:\Users\Admin\Downloads\myps\data\bin\abilityexport.bin,byte 238491
22,BONUS_TYPE_ADJUST,341,Ruin and Destruction,9303,1,1 -> OnApply,,,C:\Users\Admin\Downloads\myps\data\bin\abilityexport.bin,byte 238491
22,BONUS_TYPE_ADJUST,341,Ruin and Destruction,9304,2,1 -> OnApply,,,C:\Users\Admin\Downloads\myps\data\bin\abilityexport.bin,byte 238491
22,BONUS_TYPE_ADJUST,341,Ruin and Destruction,9305,3,1 -> OnApply,,,C:\Users\Admin\Downloads\myps\data\bin\abilityexport.bin,byte 238491
22,BONUS_TYPE_ADJUST,341,Ruin and Destruction,9306,4,1 -> OnApply,,,C:\Users\Admin\Downloads\myps\data\bin\abilityexport.bin,byte 238491
22,BONUS_TYPE_ADJUST,342,Detonate,12300,0,1 -> OnApply,,,C:\Users\Admin\Downloads\myps\data\bin\abilityexport.bin,byte 238685
22,BONUS_TYPE_ADJUST,342,Detonate,12301,1,1 -> OnApply,,,C:\Users\Admin\Downloads\myps\data\bin\abilityexport.bin,byte 238685
22,BONUS_TYPE_ADJUST,342,Detonate,12302,2,1 -> OnApply,,,C:\Users\Admin\Downloads\myps\data\bin\abilityexport.bin,byte 238685
22,BONUS_TYPE_ADJUST,342,Detonate,12303,3,1 -> OnApply,,,C:\Users\Admin\Downloads\myps\data\bin\abilityexport.bin,byte 238685
22,BONUS_TYPE_ADJUST,342,Detonate,12304,4,1 -> OnApply,,,C:\Users\Admin\Downloads\myps\data\bin\abilityexport.bin,byte 238685
22,BONUS_TYPE_ADJUST,490,Isha's Balance,14494,9,1 -> OnApply,,,C:\Users\Admin\Downloads\myps\data\bin\abilityexport.bin,byte 260912
22,BONUS_TYPE_ADJUST,492,Portable Camp,28,0,1 -> OnApply,,,C:\Users\Admin\Downloads\myps\data\bin\abilityexport.bin,byte 261300
22,BONUS_TYPE_ADJUST,492,Portable Camp,29,1,1 -> OnApply,,,C:\Users\Admin\Downloads\myps\data\bin\abilityexport.bin,byte 261300
22,BONUS_TYPE_ADJUST,492,Portable Camp,30,2,1 -> OnApply,,,C:\Users\Admin\Downloads\myps\data\bin\abilityexport.bin,byte 261300
22,BONUS_TYPE_ADJUST,492,Portable Camp,31,3,1 -> OnApply,,,C:\Users\Admin\Downloads\myps\data\bin\abilityexport.bin,byte 261300
21,CASTTIME_CHANGE,267,Shield of Piety,1892,0,1 -> OnApply,,,C:\Users\Admin\Downloads\myps\data\bin\abilityexport.bin,byte 224717
21,CASTTIME_CHANGE,267,Shield of Piety,1893,1,1 -> OnApply,,,C:\Users\Admin\Downloads\myps\data\bin\abilityexport.bin,byte 224717
21,CASTTIME_CHANGE,267,Shield of Piety,1894,2,1 -> OnApply,,,C:\Users\Admin\Downloads\myps\data\bin\abilityexport.bin,byte 224717
21,CASTTIME_CHANGE,267,Shield of Piety,1895,3,1 -> OnApply,,,C:\Users\Admin\Downloads\myps\data\bin\abilityexport.bin,byte 224717
21,CASTTIME_CHANGE,267,Shield of Piety,1896,4,1 -> OnApply,,,C:\Users\Admin\Downloads\myps\data\bin\abilityexport.bin,byte 224717
21,CASTTIME_CHANGE,267,Shield of Piety,1897,5,1 -> OnApply,,,C:\Users\Admin\Downloads\myps\data\bin\abilityexport.bin,byte 224717
21,CASTTIME_CHANGE,267,Shield of Piety,1898,6,1 -> OnApply,,,C:\Users\Admin\Downloads\myps\data\bin\abilityexport.bin,byte 224717
21,CASTTIME_CHANGE,267,Shield of Piety,1899,7,1 -> OnApply,,,C:\Users\Admin\Downloads\myps\data\bin\abilityexport.bin,byte 224717
21,CASTTIME_CHANGE,267,Shield of Piety,1900,8,1 -> OnApply,,,C:\Users\Admin\Downloads\myps\data\bin\abilityexport.bin,byte 224717
21,CASTTIME_CHANGE,267,Shield of Piety,1901,9,1 -> OnApply,,,C:\Users\Admin\Downloads\myps\data\bin\abilityexport.bin,byte 224717
21,CASTTIME_CHANGE,332,Warping The Winds,12062,0,1 -> OnApply,,,C:\Users\Admin\Downloads\myps\data\bin\abilityexport.bin,byte 236745
21,CASTTIME_CHANGE,332,Warping The Winds,12063,1,1 -> OnApply,,,C:\Users\Admin\Downloads\myps\data\bin\abilityexport.bin,byte 236745
21,CASTTIME_CHANGE,332,Warping The Winds,12064,2,1 -> OnApply,,,C:\Users\Admin\Downloads\myps\data\bin\abilityexport.bin,byte 236745
21,CASTTIME_CHANGE,332,Warping The Winds,12065,3,1 -> OnApply,,,C:\Users\Admin\Downloads\myps\data\bin\abilityexport.bin,byte 236745
21,CASTTIME_CHANGE,332,Warping The Winds,12066,4,1 -> OnApply,,,C:\Users\Admin\Downloads\myps\data\bin\abilityexport.bin,byte 236745
21,CASTTIME_CHANGE,332,Warping The Winds,12067,5,1 -> OnApply,,,C:\Users\Admin\Downloads\myps\data\bin\abilityexport.bin,byte 236745
21,CASTTIME_CHANGE,332,Warping The Winds,12068,6,1 -> OnApply,,,C:\Users\Admin\Downloads\myps\data\bin\abilityexport.bin,byte 236745
21,CASTTIME_CHANGE,332,Warping The Winds,12069,7,1 -> OnApply,,,C:\Users\Admin\Downloads\myps\data\bin\abilityexport.bin,byte 236745
21,CASTTIME_CHANGE,332,Warping The Winds,12070,8,1 -> OnApply,,,C:\Users\Admin\Downloads\myps\data\bin\abilityexport.bin,byte 236745
21,CASTTIME_CHANGE,332,Warping The Winds,12071,9,1 -> OnApply,,,C:\Users\Admin\Downloads\myps\data\bin\abilityexport.bin,byte 236745
21,CASTTIME_CHANGE,544,Rune-Etched Axe,19216,0,1 -> OnApply,,Your cast times are reduced to {COM_0_VAL0}% when you are within 20 feet of your target.,C:\Users\Admin\Downloads\myps\data\strings\english\abilitydesc.txt,line 545
21,CASTTIME_CHANGE,569,Rising Anger,19216,0,1 -> OnApply,,Your cast times are reduced to {COM_0_VAL0}% when you are within 20 feet of your target.,C:\Users\Admin\Downloads\myps\data\strings\english\abilitydesc.txt,line 570
21,CASTTIME_CHANGE,653,The Bigger They Are...,361,0,1 -> OnApply,"Root, Disarm","For the next 10 seconds, you will remove and ignore any silencing, disarming, rooting, snaring effects and your abilities will build 50% faster and may not be set back.",C:\Users\Admin\Downloads\myps\data\strings\english\abilitydesc.txt,line 654
21,CASTTIME_CHANGE,674,Unleashed Power,361,0,1 -> OnApply,"Root, Disarm","For the next 10 seconds, you will remove and ignore any silencing, disarming, rooting, snaring effects and your abilities will build 50% faster and may not be set back.",C:\Users\Admin\Downloads\myps\data\strings\english\abilitydesc.txt,line 675
21,CASTTIME_CHANGE,695,Firebomb,361,0,1 -> OnApply,"Root, Disarm","For the next 10 seconds, you will remove and ignore any silencing, disarming, rooting, snaring effects and your abilities will build 50% faster and may not be set back.",C:\Users\Admin\Downloads\myps\data\strings\english\abilitydesc.txt,line 696
21,CASTTIME_CHANGE,1565,Shield Of Aqshy,923,0,1 -> OnApply,,You can now construct your turrets instantly and the cost of Redeploy is reduced to 0 Action Points.,C:\Users\Admin\Downloads\myps\data\strings\english\abilitydesc.txt,line 1566
21,CASTTIME_CHANGE,1615,Master Rune of Speed,1800,1,3 -> OnPreviousComponentApplied,,Inscribes a Master rune into the ground for {COM_0_DURA_SECONDS}. Groupmates within 100 feet of the Rune of Speed have their buildup times reduced by 0.25 seconds.,C:\Users\Admin\Downloads\myps\data\strings\english\abilitydesc.txt,line 1616
21,CASTTIME_CHANGE,1828,Crushing Blows,904,2,3 -> OnPreviousComponentApplied,Damage,"You cause your pet to explode, dealing {ABIL_15_COM_0_VAL0_DAMAGE} to enemies within {ABIL_15_COM_0_RADI_FEET}.  For the next {COM_2_DURA_SECONDS}, the next different squig other than the one that just exploded will be summoned instantly.",C:\Users\Admin\Downloads\myps\data\strings\english\abilitydesc.txt,line 1829
21,CASTTIME_CHANGE,1836,Lashing Power,904,2,3 -> OnPreviousComponentApplied,Heal,"You eat your squig, gaining {COM_0_VAL0_HEALTH}. For the next {COM_2_DURA_SECONDS}, the next different squig other than the one that was just eaten will be summoned instantly.",C:\Users\Admin\Downloads\myps\data\strings\english\abilitydesc.txt,line 1837
21,CASTTIME_CHANGE,1867,Mythical Marking,3063,0,1 -> OnApply,,"Plink now builds up {COM_0_VAL0_SECONDS} faster, but the cost is increased by {COM_1_VAL1_ACTIONPOINTS}.",C:\Users\Admin\Downloads\myps\data\strings\english\abilitydesc.txt,line 1868
21,CASTTIME_CHANGE,1941,Arrow,950,0,1 -> OnApply,Stun,"Your can now resurrect allies instantly, but you are stunned for {ABIL_1908_COM_5_DURA_SECONDS} after casting.",C:\Users\Admin\Downloads\myps\data\strings\english\abilitydesc.txt,line 1942
21,CASTTIME_CHANGE,1955,AnimTest_Beckon,18312,1,1 -> OnApply,,Reduces the build time of I'll Take That! by {COM_1_VAL0_SECONDS} but increases the cost by {COM_0_VAL1_ACTIONPOINTS},C:\Users\Admin\Downloads\myps\data\strings\english\abilitydesc.txt,line 1956
21,CASTTIME_CHANGE,3192,Stunning Swipe,17939,0,1 -> OnApply,,,C:\Users\Admin\Downloads\myps\data\bin\abilityexport.bin,byte 25682
21,CASTTIME_CHANGE,3368,Fleshy Explosion,3236,0,1 -> OnApply,,,C:\Users\Admin\Downloads\myps\data\bin\abilityexport.bin,byte 59438
21,CASTTIME_CHANGE,3408,Punishment Cage,9418,1,3 -> OnPreviousComponentApplied,,,C:\Users\Admin\Downloads\myps\data\bin\abilityexport.bin,byte 67198
21,CASTTIME_CHANGE,3465,Gor Generic: High Damage Hit,3163,1,1 -> OnApply,,,C:\Users\Admin\Downloads\myps\data\bin\abilityexport.bin,byte 78256
21,CASTTIME_CHANGE,3518,Old Sovereign GIAB - Disciple - Reaping,8202,0,1 -> OnApply,,,C:\Users\Admin\Downloads\myps\data\bin\abilityexport.bin,byte 88538
21,CASTTIME_CHANGE,3556,Melee DPS Proc A,1314,0,1 -> OnApply,,,C:\Users\Admin\Downloads\myps\data\bin\abilityexport.bin,byte 95910
21,CASTTIME_CHANGE,3560,Magic DPS Proc A,11400,0,1 -> OnApply,,,C:\Users\Admin\Downloads\myps\data\bin\abilityexport.bin,byte 96686
21,CASTTIME_CHANGE,3570,Rogue DPS Reactive A,1901,0,1 -> OnApply,,,C:\Users\Admin\Downloads\myps\data\bin\abilityexport.bin,byte 98626
21,CASTTIME_CHANGE,3668,Sweeping Impact,8297,2,3 -> OnPreviousComponentApplied,,,C:\Users\Admin\Downloads\myps\data\bin\abilityexport.bin,byte 117477
21,CASTTIME_CHANGE,3715,Mount - Light - High Elf,11326,0,1 -> OnApply,,Your Critical Shot has left you Unsteady. Your next attack will take 1.5 seconds longer to build,C:\Users\Admin\Downloads\myps\data\strings\english\abilitydesc.txt,line 3716
21,CASTTIME_CHANGE,3950,Barbed Wire Root/Snare,12239,1,3 -> OnPreviousComponentApplied,,,C:\Users\Admin\Downloads\myps\data\bin\abilityexport.bin,byte 171215
21,CASTTIME_CHANGE,4382,Shout,4424,0,1 -> OnApply,,,C:\Users\Admin\Downloads\myps\data\bin\abilityexport.bin,byte 1419923
21,CASTTIME_CHANGE,4428,Spl_S,4475,1,7 -> OnPreviousComponentTick,,,C:\Users\Admin\Downloads\myps\data\bin\abilityexport.bin,byte 1428847
21,CASTTIME_CHANGE,4443,Spl_S,4486,1,5 -> OnBuffEnded,,,C:\Users\Admin\Downloads\myps\data\bin\abilityexport.bin,byte 1431563
21,CASTTIME_CHANGE,4859,Drenched,4860,0,1 -> OnApply,,,C:\Users\Admin\Downloads\myps\data\bin\abilityexport.bin,byte 1469590
21,CASTTIME_CHANGE,4860,Skaven PaM - FORM OF... A SKAVEN!,4861,0,1 -> OnApply,,,C:\Users\Admin\Downloads\myps\data\bin\abilityexport.bin,byte 1469784
46,CATAPULT,1542,Witchfinder's Protection,3266,1,1 -> OnApply,Snare,"You set up a device which unleashes a powerful wave of force, pulling up to six enemy players within {COM_1_RADI_FEET} inwards towards it and knocking down monsters. 1 second later, the device blasts outwards and snares all enemies within {COM_3_RADI_FEET}, reducing their movement speed by {COM_3_VAL0}% for {COM_3_DURA_SECONDS}.<BR>The attack uses the Ranged statistic.",C:\Users\Admin\Downloads\myps\data\strings\english\abilitydesc.txt,line 1543
46,CATAPULT,1776,Flail,3589,3,3 -> OnPreviousComponentApplied,Damage,"You frantically lash out at everything nearby for up to {COM_0_DURA_SECONDS}, dealing {COM_1_VAL0_DAMAGE} every 2 seconds to all enemies within {COM_1_RADI_FEET}. Each time you deal damage, you'll randomly pull one of the victims in towards you.",C:\Users\Admin\Downloads\myps\data\strings\english\abilitydesc.txt,line 1777
46,CATAPULT,3145,Fate,9798,0,1 -> OnApply,,,C:\Users\Admin\Downloads\myps\data\bin\abilityexport.bin,byte 16498
46,CATAPULT,3245,Slaurith's Target Chain,3375,0,1 -> OnApply,,,C:\Users\Admin\Downloads\myps\data\bin\abilityexport.bin,byte 35964
46,CATAPULT,3250,Blood Armor,12650,0,1 -> OnApply,,,C:\Users\Admin\Downloads\myps\data\bin\abilityexport.bin,byte 36934
46,CATAPULT,3251,Blood Rage,12650,0,1 -> OnApply,,,C:\Users\Admin\Downloads\myps\data\bin\abilityexport.bin,byte 37128
46,CATAPULT,3304,Lileath's Tear,3589,0,1 -> OnApply,,,C:\Users\Admin\Downloads\myps\data\bin\abilityexport.bin,byte 47410
46,CATAPULT,3331,Shield Wall,15544,0,1 -> OnApply,,,C:\Users\Admin\Downloads\myps\data\bin\abilityexport.bin,byte 52454
46,CATAPULT,8410,Terrible Embrace,9798,1,3 -> OnPreviousComponentApplied,,Extends a tendril of energy to pull an opposing player towards you. Monster targets will be dragged to the ground.,C:\Users\Admin\Downloads\myps\data\strings\english\abilitydesc.txt,line 8411
46,CATAPULT,8499,Chaotic Rift,9775,2,3 -> OnPreviousComponentApplied,,"A rift in the warp is opened briefly, pulling up to six enemy players within {COM_1_RADI_FEET} of the vortex towards it's center and then snaring everyone within {COM_4_RADI_FEET} a second later by {COM_4_VAL0}% for {COM_4_DURA_SECONDS}. Monsters will be knocked down by the initial pull.",C:\Users\Admin\Downloads\myps\data\strings\english\abilitydesc.txt,line 8500
46,CATAPULT,9057,Wings of Heaven,11128,0,1 -> OnApply,Snare,"You magically leap through the air towards your target.  When you land, all enemies around you will become snared for 10 seconds, reducing their run speed by 60%.",C:\Users\Admin\Downloads\myps\data\strings\english\abilitydesc.txt,line 9058
46,CATAPULT,9178,Fetch!,12650,1,3 -> OnPreviousComponentApplied,,"You command your War Lion to toss its target through the air, knocking them closer to you.",C:\Users\Admin\Downloads\myps\data\strings\english\abilitydesc.txt,line 9179
46,CATAPULT,9186,Pounce,12203,0,1 -> OnApply,Damage,"You pounce forwards, leaping towards your target and causing {COM_2_VAL0_DAMAGE} when you land.",C:\Users\Admin\Downloads\myps\data\strings\english\abilitydesc.txt,line 9187
46,CATAPULT,13352,Funeral Call,23927,1,3 -> OnPreviousComponentApplied,,,C:\Users\Admin\Downloads\myps\data\bin\abilityexport.bin,byte 1729248
46,CATAPULT,13790,Ualatp's Displacement,16773,0,1 -> OnApply,,,C:\Users\Admin\Downloads\myps\data\bin\abilityexport.bin,byte 1810633
46,CATAPULT,15544,Terrible Embrace-TEST,15568,1,3 -> OnPreviousComponentApplied,,,C:\Users\Admin\Downloads\myps\data\bin\abilityexport.bin,byte 850844
46,CATAPULT,19708,Termination,19712,1,3 -> OnPreviousComponentApplied,,Pulls your target to you.,C:\Users\Admin\Downloads\myps\data\strings\english\abilitydesc.txt,line 19709
46,CATAPULT,24604,Proper Greeting,24959,0,1 -> OnApply,,,C:\Users\Admin\Downloads\myps\data\bin\abilityexport.bin,byte 1949814
46,CATAPULT,24621,Tackle,24697,0,1 -> OnApply,,,C:\Users\Admin\Downloads\myps\data\bin\abilityexport.bin,byte 1953112
46,CATAPULT,24674,Dismount,26428,2,3 -> OnPreviousComponentApplied,,A swift dismount that will hurl you to the targeted location within the area of a Keep. If used outside of the area of a Keep your mount will rear in disapproval and buck you off.,C:\Users\Admin\Downloads\myps\data\strings\english\abilitydesc.txt,line 24675
46,CATAPULT,24845,Scurry Away!,26627,7,3 -> OnPreviousComponentApplied,"Root, Snare","Removes any currently active roots and snares, and increases your speed by {COM_6_VAL0}%. If a Friendly Rat Ogre is within {COM_7_RADI_FEET}, you will leap to his location.",C:\Users\Admin\Downloads\myps\data\strings\english\abilitydesc.txt,line 24846
46,CATAPULT,24874,Creature-Killer,26730,3,3 -> OnPreviousComponentApplied,,,C:\Users\Admin\Downloads\myps\data\bin\abilityexport.bin,byte 2005597
20,COOLDOWN_CHANGE,630,;Used for Slayer mechanic,1010,2,1 -> OnApply,Damage,"All of your abilities will cost 25% fewer action points, cool down 50% faster, and deal 20% more damage for 7 seconds.",C:\Users\Admin\Downloads\myps\data\strings\english\abilitydesc.txt,line 631
20,COOLDOWN_CHANGE,1369,Lookit What I Did!,1446,3,3 -> OnPreviousComponentApplied,Damage,A furious counterattack that deals {COM_0_VAL0_DAMAGE} and will knock your target down for {COM_1_DURA_SECONDS}.,C:\Users\Admin\Downloads\myps\data\strings\english\abilitydesc.txt,line 1370
20,COOLDOWN_CHANGE,1464,Shatter Limbs,3728,1,3 -> OnPreviousComponentApplied,Damage,"You brutally crush all enemies within {COM_0_RADI_FEET}, dealing {COM_0_VAL0_DAMAGE}. Your merciless display of savagery intimidates your enemy, increasing their cooldown timers by 5 seconds for {COM_1_DURA_SECONDS}.",C:\Users\Admin\Downloads\myps\data\strings\english\abilitydesc.txt,line 1465
20,COOLDOWN_CHANGE,1473,Solar Flare,3844,0,1 -> OnApply,,Cooldowns on your Exhaustive Attacks are reduced by {COM_0_VAL0}%.,C:\Users\Admin\Downloads\myps\data\strings\english\abilitydesc.txt,line 1474
20,COOLDOWN_CHANGE,1484,Get Thee Behind Me!,3727,0,1 -> OnApply,,"While you are in the Berserk state, all of your cooldowns are reduced by 5 seconds.",C:\Users\Admin\Downloads\myps\data\strings\english\abilitydesc.txt,line 1485
20,COOLDOWN_CHANGE,1626,Judgment,1752,1,1 -> OnApply,,Cooldown on Rune of Cleansing is removed and the cost increased to 40 Action Points.,C:\Users\Admin\Downloads\myps\data\strings\english\abilitydesc.txt,line 1627
20,COOLDOWN_CHANGE,1691,Divine Replenishment,1530,1,3 -> OnPreviousComponentApplied,"Knockdown, Immunity, Stagger, Silence, Disarm, Damage","Deals {COM_0_VAL0_DAMAGE}. Increases cooldowns on target by {COM_1_VAL0_SECONDS} for {COM_1_DURA_SECONDS}. Group members within 100 feet become Unstoppable for {ABIL_414_COM_0_DURA_SECONDS}, granting immunity to all Stagger, Knockdown, Disarm, or Silence effects.",C:\Users\Admin\Downloads\myps\data\strings\english\abilitydesc.txt,line 1692
20,COOLDOWN_CHANGE,1772,Tired Already?,3570,1,3 -> OnPreviousComponentApplied,Damage,"You chop your target in a vital organ, dealing {COM_0_VAL0_DAMAGE}. For the next {COM_1_DURA_SECONDS}, any abilities that they use will take an additional 5 seconds to cooldown.<BR><BR>If you are Furious, gains a 75% damage bonus instead of the 25% bonus.",C:\Users\Admin\Downloads\myps\data\strings\english\abilitydesc.txt,line 1773
20,COOLDOWN_CHANGE,1775,Chop Fasta!,3584,0,1 -> OnApply,,"Group members within 100 feet are inspired by the way you shrug off the blows, for the next {COM_0_DURA_SECONDS} any ability used by your groupmates will cool down 5 seconds faster.",C:\Users\Admin\Downloads\myps\data\strings\english\abilitydesc.txt,line 1776
20,COOLDOWN_CHANGE,1779,Rend,3603,0,1 -> OnApply,,Cooldowns on your Exhaustive Blows are reduced by {COM_0_VAL0}%.,C:\Users\Admin\Downloads\myps\data\strings\english\abilitydesc.txt,line 1780
20,COOLDOWN_CHANGE,1784,Corruption,3619,0,1 -> OnApply,,Get Stuck In's cooldown timer is lowered by 10 seconds.,C:\Users\Admin\Downloads\myps\data\strings\english\abilitydesc.txt,line 1785
20,COOLDOWN_CHANGE,1790,Convulsive Slashing,3499,0,1 -> OnApply,,"While Berserk, all cooldowns are reduced by 5 seconds.",C:\Users\Admin\Downloads\myps\data\strings\english\abilitydesc.txt,line 1791
20,COOLDOWN_CHANGE,1850,Bad Gas!,3296,0,1 -> OnApply,Damage,"You expel noxious fumes, increasing the cooldowns of enemies within {COM_0_RADI_FEET} by {COM_0_VAL0_SECONDS} for {COM_0_DURA_SECONDS} and dealing {COM_2_VAL0_DAMAGE} to all affected enemies.",C:\Users\Admin\Downloads\myps\data\strings\english\abilitydesc.txt,line 1851
20,COOLDOWN_CHANGE,1862,Bestial Scent,3062,0,1 -> OnApply,,Your Squig pets no longer have cooldown times.,C:\Users\Admin\Downloads\myps\data\strings\english\abilitydesc.txt,line 1863
20,COOLDOWN_CHANGE,1943,Field of Glory,3090,0,1 -> OnApply,,Reduces Eeeek!'s cooldown time by {COM_0_VAL0_SECONDS}.,C:\Users\Admin\Downloads\myps\data\strings\english\abilitydesc.txt,line 1944
20,COOLDOWN_CHANGE,1956,AnimTest_Halt,1662,0,1 -> OnApply,,Reduces You Got Nuthin's cooldown time by {COM_0_VAL0_SECONDS}.,C:\Users\Admin\Downloads\myps\data\strings\english\abilitydesc.txt,line 1957
20,COOLDOWN_CHANGE,3192,Stunning Swipe,17940,1,1 -> OnApply,,,C:\Users\Admin\Downloads\myps\data\bin\abilityexport.bin,byte 25682
20,COOLDOWN_CHANGE,3303,Hydra Bite,3584,1,3 -> OnPreviousComponentApplied,,,C:\Users\Admin\Downloads\myps\data\bin\abilityexport.bin,byte 47216
20,COOLDOWN_CHANGE,3335,Master Engineer's Turret,12685,0,1 -> OnApply,,,C:\Users\Admin\Downloads\myps\data\bin\abilityexport.bin,byte 53230
20,COOLDOWN_CHANGE,5978,Spell Haste,5977,0,1 -> OnApply,,,C:\Users\Admin\Downloads\myps\data\bin\abilityexport.bin,byte 1647921
20,COOLDOWN_CHANGE,8045,Sun's Blessing,9653,0,1 -> OnApply,,Shield Of The Sun and Perseverance will now cool down {COM_0_VAL0}% faster.,C:\Users\Admin\Downloads\myps\data\strings\english\abilitydesc.txt,line 8046
20,COOLDOWN_CHANGE,8047,Banish Darkness,9655,0,1 -> OnApply,,"Repel Darkness will now cool down {COM_0_VAL0}% faster, and will send the victim flying even further away from you.",C:\Users\Admin\Downloads\myps\data\strings\english\abilitydesc.txt,line 8048
20,COOLDOWN_CHANGE,8059,Sunfury,9840,1,1 -> OnApply,Damage,"Shield Of The Sun will now deal {ABIL_8025_COM_2_VAL0_DAMAGE} back against enemies, and Vicious Slash's cooldown is reduced by 1 second.",C:\Users\Admin\Downloads\myps\data\strings\english\abilitydesc.txt,line 8060
20,COOLDOWN_CHANGE,8131,Seeker's Triumph,9542,0,1 -> OnApply,,"Seeker's Blade will now ignore 50% of the target's armor, and its cooldown time is reduced by 5 seconds.",C:\Users\Admin\Downloads\myps\data\strings\english\abilitydesc.txt,line 8132
20,COOLDOWN_CHANGE,8199,Distracting Fires,9576,0,1 -> OnApply,,Reduces the cooldown times of Smoke Screen and Fire Cage by {COM_0_VAL0_SECONDS}.,C:\Users\Admin\Downloads\myps\data\strings\english\abilitydesc.txt,line 8200
20,COOLDOWN_CHANGE,8212,Fiery Reserves,9589,0,1 -> OnApply,,Reduces the cooldown times of Flame Breath and Rain Of Fire by {COM_0_VAL0_SECONDS}.,C:\Users\Admin\Downloads\myps\data\strings\english\abilitydesc.txt,line 8213
20,COOLDOWN_CHANGE,8508,Swift Flames,8224,0,1 -> OnApply,,Reduces Surging Violet Fire's cooldown by 7 seconds.,C:\Users\Admin\Downloads\myps\data\strings\english\abilitydesc.txt,line 8509
20,COOLDOWN_CHANGE,8591,Endless Gifts,8252,1,1 -> OnApply,,Cooldown on Glimpse of Chaos is reduced by 5s and the cost increased by 15 Action Points.,C:\Users\Admin\Downloads\myps\data\strings\english\abilitydesc.txt,line 8592
20,COOLDOWN_CHANGE,9232,Rampage,12258,0,1 -> OnApply,,"For the next {COM_0_DURA_SECONDS}, all of your abilities will cool down immediately and not cost any action points.  This will also affect your War Lion as well.",C:\Users\Admin\Downloads\myps\data\strings\english\abilitydesc.txt,line 9233
20,COOLDOWN_CHANGE,9232,Rampage,12259,1,1 -> OnApply,,"For the next {COM_0_DURA_SECONDS}, all of your abilities will cool down immediately and not cost any action points.  This will also affect your War Lion as well.",C:\Users\Admin\Downloads\myps\data\strings\english\abilitydesc.txt,line 9233
20,COOLDOWN_CHANGE,9282,Run Between Worlds,12575,0,1 -> OnApply,,Reduces the cooldown time for Walk Between Worlds by {COM_0_VAL0}%.,C:\Users\Admin\Downloads\myps\data\strings\english\abilitydesc.txt,line 9283
20,COOLDOWN_CHANGE,9449,Swift Movements,12558,0,1 -> OnApply,,Reduces Feinted Positioning's cooldown time by {COM_0_VAL0_SECONDS}.,C:\Users\Admin\Downloads\myps\data\strings\english\abilitydesc.txt,line 9450
20,COOLDOWN_CHANGE,9513,Manic Obsession,12512,0,1 -> OnApply,,Reduces Obsessive Focus's cooldown time by {COM_0_VAL0_SECONDS}.,C:\Users\Admin\Downloads\myps\data\strings\english\abilitydesc.txt,line 9514
20,COOLDOWN_CHANGE,9515,Hastened Fear,12516,0,1 -> OnApply,,Reduces the cooldown times of Dread Aspect and Grip Of Fear by {COM_0_VAL0_SECONDS}.,C:\Users\Admin\Downloads\myps\data\strings\english\abilitydesc.txt,line 9516
20,COOLDOWN_CHANGE,9529,Neverending Agony,11696,0,1 -> OnApply,,"Reduces Infernal Wave's cooldown time by {COM_0_VAL0_SECONDS}, and Pit Of Shades's cooldown time by {COM_1_VAL0_SECONDS}.",C:\Users\Admin\Downloads\myps\data\strings\english\abilitydesc.txt,line 9530
20,COOLDOWN_CHANGE,9529,Neverending Agony,12471,1,1 -> OnApply,,"Reduces Infernal Wave's cooldown time by {COM_0_VAL0_SECONDS}, and Pit Of Shades's cooldown time by {COM_1_VAL0_SECONDS}.",C:\Users\Admin\Downloads\myps\data\strings\english\abilitydesc.txt,line 9530
20,COOLDOWN_CHANGE,10933,Disciple - Tyrant,10713,0,1 -> OnApply,,Cooldown of Rend Soul decreased by 25%,C:\Users\Admin\Downloads\myps\data\strings\english\abilitydesc.txt,line 10934
20,COOLDOWN_CHANGE,10934,Warrior Priest - Tyrant,10714,0,1 -> OnApply,,Cooldown of Divine Assault decreased by 25%,C:\Users\Admin\Downloads\myps\data\strings\english\abilitydesc.txt,line 10935
20,COOLDOWN_CHANGE,12347,Brain Rot,21504,4,3 -> OnPreviousComponentApplied,,,C:\Users\Admin\Downloads\myps\data\bin\abilityexport.bin,byte 2073786
20,COOLDOWN_CHANGE,12347,Brain Rot,21504,5,3 -> OnPreviousComponentApplied,,,C:\Users\Admin\Downloads\myps\data\bin\abilityexport.bin,byte 2073786
20,COOLDOWN_CHANGE,12347,Brain Rot,21504,6,3 -> OnPreviousComponentApplied,,,C:\Users\Admin\Downloads\myps\data\bin\abilityexport.bin,byte 2073786
20,COOLDOWN_CHANGE,13909,Exploding Tumor of Pus,13915,2,1 -> OnApply,,,C:\Users\Admin\Downloads\myps\data\bin\abilityexport.bin,byte 1824440
20,COOLDOWN_CHANGE,13940,Dizzying Warpblade,13980,0,1 -> OnApply,,,C:\Users\Admin\Downloads\myps\data\bin\abilityexport.bin,byte 1830454
20,COOLDOWN_CHANGE,14407,Hamper War Engine,15201,0,1 -> OnApply,,Siege Targetted debuff. Increases the cooldown times of that siege engine by {COM_0_VAL0}% for {COM_0_DURA_SECONDS},C:\Users\Admin\Downloads\myps\data\strings\english\abilitydesc.txt,line 14408
20,COOLDOWN_CHANGE,14411,Hex War Engine,15201,0,1 -> OnApply,,Siege Targetted debuff. Increases the cooldown times of that siege engine by {COM_0_VAL0}% for {COM_0_DURA_SECONDS},C:\Users\Admin\Downloads\myps\data\strings\english\abilitydesc.txt,line 14412
20,COOLDOWN_CHANGE,15051,Summon Mount,14646,6,1 -> OnApply,,,C:\Users\Admin\Downloads\myps\data\bin\abilityexport.bin,byte 815500
20,COOLDOWN_CHANGE,15114,Favour of the Mad,15126,3,6 -> OnEventTriggered,Damage,"Increases your chances to defend against attacks made by enemy Beastmen monsters by {COM_0_VAL0}%, and you take {COM_1_VAL0}% less damage from them.  As long as you are attacking a monster of this type, your abilities will cool down {COM_3_VAL0_SECONDS} faster.",C:\Users\Admin\Downloads\myps\data\strings\english\abilitydesc.txt,line 15115
20,COOLDOWN_CHANGE,15117,Apotheosis of Mind,15126,3,6 -> OnEventTriggered,Damage,"You deal {COM_0_VAL0}% more damage to all enemy Magical Beast, Dragonoid, and Forest Spirit monsters, and any abilities used against them will cost {COM_1_VAL1}% less action points.  As long as you are attacking a monster of this type, your abilities will cool down {COM_3_VAL0_SECONDS} faster.",C:\Users\Admin\Downloads\myps\data\strings\english\abilitydesc.txt,line 15118
1,DAMAGE,1,Ard Noggin,148,0,1 -> OnApply,Damage,A powerful attack that deals {COM_0_VAL0_DAMAGE} and reduces the threat generated by your pet's next attack.,C:\Users\Admin\Downloads\myps\data\strings\english\abilitydesc.txt,line 2
1,DAMAGE,2,Big Claw,3287,0,1 -> OnApply,Damage,"You force your Battle Squig to claw at your target, dealing {COM_0_VAL0_TOD_DAMAGE} over {COM_0_DURA_SECONDS} and snaring them by {COM_1_VAL0}% over {COM_1_DURA_SECONDS}.",C:\Users\Admin\Downloads\myps\data\strings\english\abilitydesc.txt,line 3
1,DAMAGE,3,Bounce,148,0,1 -> OnApply,Damage,"You cause your Battle Squig to bounce, dealing {COM_0_VAL0_DAMAGE} and knocking your target down for {COM_1_DURA_SECONDS}.",C:\Users\Admin\Downloads\myps\data\strings\english\abilitydesc.txt,line 4
1,DAMAGE,5,KABOOM!,3290,3,3 -> OnPreviousComponentApplied,Damage,"Your Battle Squig explodes, causing you to be launched upward out of your Squiggy armor. All enemies within {COM_1_RADI_FEET} take {COM_3_VAL0_DAMAGE} and are knocked back.",C:\Users\Admin\Downloads\myps\data\strings\english\abilitydesc.txt,line 6
1,DAMAGE,6,;/end,1,2,1 -> OnApply,Damage,"Your Squig bounces on it's target dealing {COM_2_VAL0_DAMAGE}, and knocking them down for {COM_0_DURA_SECONDS}.",C:\Users\Admin\Downloads\myps\data\strings\english\abilitydesc.txt,line 7
1,DAMAGE,7,Death From Above,2,1,7 -> OnPreviousComponentTick,Damage,"Your Squig flings deadly spines at it's target, dealing {COM_1_VAL0_DAMAGE} every second for {COM_0_DURA_SECONDS}.",C:\Users\Admin\Downloads\myps\data\strings\english\abilitydesc.txt,line 8
1,DAMAGE,8,Spine Fling,3299,0,1 -> OnApply,Damage,"Your Squig injects a deadly poison in to it's target, dealing {COM_0_VAL0_TOD_DAMAGE} over {COM_0_DURA_SECONDS} and reducing their chance to critically hit by  {COM_1_VAL1}% for {COM_1_DURA_SECONDS}.",C:\Users\Admin\Downloads\myps\data\strings\english\abilitydesc.txt,line 9
1,DAMAGE,9,Poisoned Spine,4,0,1 -> OnApply,Damage,"Your Squig gores its target, dealing {COM_0_VAL0_DAMAGE} and an additional {ABIL_3881_COM_0_VAL0_TOD_DAMAGE} over {ABIL_3881_COM_0_DURA_SECONDS}.",C:\Users\Admin\Downloads\myps\data\strings\english\abilitydesc.txt,line 10
1,DAMAGE,10,Gore,2,0,1 -> OnApply,Damage,"Your Squig slams it's head in to it's target, dealing {COM_0_VAL0_DAMAGE} and knocking them back.",C:\Users\Admin\Downloads\myps\data\strings\english\abilitydesc.txt,line 11
1,DAMAGE,11,Head Butt,734,0,1 -> OnApply,Damage,"Your Squig sprays out corrosive slime towards an enemy, dealing {COM_0_VAL0_DAMAGE} to all targets within {COM_0_RADI_FEET} of the victim.",C:\Users\Admin\Downloads\myps\data\strings\english\abilitydesc.txt,line 12
1,DAMAGE,12,Goop Shootin',3302,0,1 -> OnApply,"Heal, Damage","Your Squig expels noxious spores towards an enemy, briefly sickening the victim and all other enemies within {COM_0_RADI_FEET} of them, dealing {COM_0_VAL0_DAMAGE}. Any of your Squigs, including your Battle Squig, within the radius will be healed for {COM_1_VAL0_HEALTH}.",C:\Users\Admin\Downloads\myps\data\strings\english\abilitydesc.txt,line 13
1,DAMAGE,15,Spiked Squig Autoattack,736,0,1 -> OnApply,,,C:\Users\Admin\Downloads\myps\data\bin\abilityexport.bin,byte 183800
1,DAMAGE,16,Farty Squig Sub,737,0,1 -> OnApply,,,C:\Users\Admin\Downloads\myps\data\bin\abilityexport.bin,byte 184027
1,DAMAGE,17,Bad Breath Sub,12681,5,1 -> OnApply,Damage,"A grating squeal that Taunts the enemy, making the enemy hate your pet much more, forcing monsters to attack your pet, and causing the enemy to deal {COM_0_VAL0}% less damage to everyone else other than the Squig for {COM_0_DURA_SECONDS}.",C:\Users\Admin\Downloads\myps\data\strings\english\abilitydesc.txt,line 18
1,DAMAGE,18,Squig Squeal,3319,0,1 -> OnApply,,,C:\Users\Admin\Downloads\myps\data\bin\abilityexport.bin,byte 184448
1,DAMAGE,18,Squig Squeal,12170,2,7 -> OnPreviousComponentTick,,,C:\Users\Admin\Downloads\myps\data\bin\abilityexport.bin,byte 184448
1,DAMAGE,18,Squig Squeal,3328,3,1 -> OnApply,,,C:\Users\Admin\Downloads\myps\data\bin\abilityexport.bin,byte 184448
1,DAMAGE,18,Squig Squeal,12170,5,7 -> OnPreviousComponentTick,,,C:\Users\Admin\Downloads\myps\data\bin\abilityexport.bin,byte 184448
1,DAMAGE,21,Penetrating Round,1573,0,1 -> OnApply,Damage,"Blasts the target with an armor-destroying round, dealing {COM_0_VAL0_DAMAGE} and reducing their Armor by {COM_1_VAL0} for {COM_1_DURA_SECONDS}.",C:\Users\Admin\Downloads\myps\data\strings\english\abilitydesc.txt,line 22
1,DAMAGE,22,Machine Gun,1574,0,1 -> OnApply,Damage,"Fires a rapid series of shots at the target for up to {COM_0_DURA_SECONDS}, repeatedly dealing {COM_0_VAL0_DAMAGE} twice per second.",C:\Users\Admin\Downloads\myps\data\strings\english\abilitydesc.txt,line 23
1,DAMAGE,24,Cannon Shot,1577,0,1 -> OnApply,Damage,Fires a compact shot directly at the target which deals {COM_0_VAL0_CORPOREALDAMAGE}.,C:\Users\Admin\Downloads\myps\data\strings\english\abilitydesc.txt,line 25
1,DAMAGE,25,High-Explosive Grenade,1578,1,3 -> OnPreviousComponentApplied,Damage,"Launches a grenade packed with explosives at the target, dealing {COM_1_VAL0_CORPOREALDAMAGE} to the victim and all enemies within {COM_1_RADI_FEET} of them.",C:\Users\Admin\Downloads\myps\data\strings\english\abilitydesc.txt,line 26
1,DAMAGE,27,Flamethrower,1581,0,1 -> OnApply,Damage,"Releases a searing gout of flame, dealing {COM_0_VAL0_DAMAGE} to all targets in front of the Turret up to {COM_0_RADI_FEET} away.",C:\Users\Admin\Downloads\myps\data\strings\english\abilitydesc.txt,line 28
1,DAMAGE,28,Steam Vent,1571,1,8 -> OnPreviousComponentBuffTick,Damage,"Opens the Turret's safety-release valves for up to {COM_0_DURA_SECONDS}, repeatedly dealing  {COM_1_VAL0_CORPOREALDAMAGE} every {COM_0_FREQ_SECONDS} to all targets within {COM_1_RADI_FEET}.",C:\Users\Admin\Downloads\myps\data\strings\english\abilitydesc.txt,line 29
1,DAMAGE,31,Detonation,1695,0,1 -> OnApply,,,C:\Users\Admin\Downloads\myps\data\bin\abilityexport.bin,byte 186941
1,DAMAGE,41,Maul,6,0,1 -> OnApply,Damage,Deals {COM_0_VAL0_DAMAGE} to the target.,C:\Users\Admin\Downloads\myps\data\strings\english\abilitydesc.txt,line 42
1,DAMAGE,42,Gut Ripper ,12221,0,1 -> OnApply,Damage,"Deals {COM_0_VAL0_DAMAGE} to all enemies in front of your War Lion, up to {COM_0_RADI_FEET} away.",C:\Users\Admin\Downloads\myps\data\strings\english\abilitydesc.txt,line 43
1,DAMAGE,45,Demonic Consumption,5,0,1 -> OnApply,Damage,"Deals {COM_0_VAL0_DAMAGE} to the target, and reduces their armor by {COM_1_VAL0} for {COM_1_DURA_SECONDS}.",C:\Users\Admin\Downloads\myps\data\strings\english\abilitydesc.txt,line 46
1,DAMAGE,46,Warping Energy,12265,0,1 -> OnApply,"Snare, Damage","Deals {COM_0_VAL0_TOD_DAMAGE} to the target over {COM_0_DURA_SECONDS}. For the first {COM_1_DURA_SECONDS}, the target will be snared, reducing their movement speed by {COM_1_VAL0}%.",C:\Users\Admin\Downloads\myps\data\strings\english\abilitydesc.txt,line 47
1,DAMAGE,47,Courscating energy,4,0,1 -> OnApply,Damage,"Strikes the target 2 times, dealing {COM_0_VAL0_DAMAGE} with each hit.",C:\Users\Admin\Downloads\myps\data\strings\english\abilitydesc.txt,line 48
1,DAMAGE,47,Courscating energy,4,1,1 -> OnApply,Damage,"Strikes the target 2 times, dealing {COM_0_VAL0_DAMAGE} with each hit.",C:\Users\Admin\Downloads\myps\data\strings\english\abilitydesc.txt,line 48
1,DAMAGE,48,Flame Of Tzeentch,5,0,1 -> OnApply,Damage,Deals {COM_0_VAL0_DAMAGE} to the target.,C:\Users\Admin\Downloads\myps\data\strings\english\abilitydesc.txt,line 49
1,DAMAGE,49,Flames Of Change,1,0,1 -> OnApply,Damage,"Deals {COM_0_VAL0_DAMAGE} to the target, and an additional {COM_1_VAL0_COM_0_VAL0_TOD_DAMAGE} over {COM_1_VAL0_COM_0_DURA_SECONDS}.",C:\Users\Admin\Downloads\myps\data\strings\english\abilitydesc.txt,line 50
1,DAMAGE,54,Menace,65,0,1 -> OnApply,Damage,"Your Pink Horror flings daemonic fire at it's target, burning them for {ABIL_54_COM_0_VAL0_ELEMENTALDAMAGE} and reducing Elemental Resistance by {ABIL_54_COM_1_VAL0} for the next {ABIL_54_COM_1_DURA_SECONDS}.",C:\Users\Admin\Downloads\myps\data\strings\english\abilitydesc.txt,line 55
1,DAMAGE,55,Unstoppable Juggernaut,9285,0,1 -> OnApply,Damage,"Your Pink Horror forces daemonic power into it's target, lowering the target's chance to critically hit by {COM_1_VAL1}% and dealing {COM_0_VAL0_TOD_ELEMENTALDAMAGE} over {COM_0_DURA_SECONDS}.",C:\Users\Admin\Downloads\myps\data\strings\english\abilitydesc.txt,line 56
1,DAMAGE,56,Going For Broke,9256,0,1 -> OnApply,Damage,Your Blue Horror spews out a cone of daemonic energy that inflicts {COM_0_VAL0_SPIRITDAMAGE} to targets up to {COM_0_RADI_FEET} in front of Horror.,C:\Users\Admin\Downloads\myps\data\strings\english\abilitydesc.txt,line 57
1,DAMAGE,57,Cheap Kick,9257,1,8 -> OnPreviousComponentBuffTick,Damage,Your Blue Horror releases a field of energy dealing {COM_1_VAL0_ELEMENTALDAMAGE} every second to all targets within {COM_1_RADI_FEET} for {COM_0_DURA_SECONDS}.,C:\Users\Admin\Downloads\myps\data\strings\english\abilitydesc.txt,line 58
1,DAMAGE,58,Shield Spikes,9259,1,8 -> OnPreviousComponentBuffTick,Damage,Your Flamer focuses two gouts of flame on it's target dealing {COM_1_VAL0_SPIRITDAMAGE} every {COM_0_FREQ_SECONDS} for {COM_0_DURA_SECONDS}.,C:\Users\Admin\Downloads\myps\data\strings\english\abilitydesc.txt,line 59
1,DAMAGE,59,Flames Of Change,9260,0,1 -> OnApply,Damage,"Your Flamer hurls a gout of daemonic fire that will strike it's target and those {COM_0_RADI_FEET} around them, dealing {COM_0_VAL0_TOD_SPIRITDAMAGE} over {COM_0_DURA_SECONDS}.",C:\Users\Admin\Downloads\myps\data\strings\english\abilitydesc.txt,line 60
1,DAMAGE,60,Warped Claw,9261,0,1 -> OnApply,Damage,"Your Firewyrm slashes across all those it's it's path, dealing {COM_0_VAL0_ELEMENTALDAMAGE} to all targets within {COM_0_RADI_FEET} in front the Firewyrm.",C:\Users\Admin\Downloads\myps\data\strings\english\abilitydesc.txt,line 61
1,DAMAGE,61,Demonic Fire,9262,0,1 -> OnApply,Damage,"Your Firewyrm spews fourth a great wave of chaos, dealing {COM_0_VAL0_ELEMENTALDAMAGE} to all targets within {COM_0_RADI_FEET}.",C:\Users\Admin\Downloads\myps\data\strings\english\abilitydesc.txt,line 62
1,DAMAGE,70,Brute Force,1365,1,7 -> OnPreviousComponentTick,,,C:\Users\Admin\Downloads\myps\data\bin\abilityexport.bin,byte 192703
1,DAMAGE,77,Riposte,1361,0,1 -> OnApply,,,C:\Users\Admin\Downloads\myps\data\bin\abilityexport.bin,byte 193285
1,DAMAGE,78,Dirty Trick,1363,0,1 -> OnApply,,,C:\Users\Admin\Downloads\myps\data\bin\abilityexport.bin,byte 193479
1,DAMAGE,78,Dirty Trick,1362,1,3 -> OnPreviousComponentApplied,,,C:\Users\Admin\Downloads\myps\data\bin\abilityexport.bin,byte 193479
1,DAMAGE,81,Machine Gun,2296,0,1 -> OnApply,,,C:\Users\Admin\Downloads\myps\data\bin\abilityexport.bin,byte 193673
1,DAMAGE,83,High-Explosive Grenade,15235,0,1 -> OnApply,,,C:\Users\Admin\Downloads\myps\data\bin\abilityexport.bin,byte 193867
1,DAMAGE,97,Clever Recovery,8029,0,1 -> OnApply,,,C:\Users\Admin\Downloads\myps\data\bin\abilityexport.bin,byte 195613
4,DAMAGE_CHANGE,17,Bad Breath Sub,12263,0,1 -> OnApply,Damage,"A grating squeal that Taunts the enemy, making the enemy hate your pet much more, forcing monsters to attack your pet, and causing the enemy to deal {COM_0_VAL0}% less damage to everyone else other than the Squig for {COM_0_DURA_SECONDS}.",C:\Users\Admin\Downloads\myps\data\strings\english\abilitydesc.txt,line 18
4,DAMAGE_CHANGE,44,Demonic Fire,12263,0,1 -> OnApply,Damage,"Your Lion roars and taunts an enemy, making the enemy hate your pet much more, forcing monsters to target your pet,  and causing the enemy to deal {COM_0_VAL0}% less damage to everyone else other than your Lion for {COM_0_DURA_SECONDS}.",C:\Users\Admin\Downloads\myps\data\strings\english\abilitydesc.txt,line 45
4,DAMAGE_CHANGE,150,Demolishing Strike,752,0,1 -> OnApply,,,C:\Users\Admin\Downloads\myps\data\bin\abilityexport.bin,byte 203955
4,DAMAGE_CHANGE,151,Raze,752,0,1 -> OnApply,,,C:\Users\Admin\Downloads\myps\data\bin\abilityexport.bin,byte 204149
4,DAMAGE_CHANGE,152,Grapple,752,0,1 -> OnApply,,,C:\Users\Admin\Downloads\myps\data\bin\abilityexport.bin,byte 204343
4,DAMAGE_CHANGE,233,New AE Taunt,402,2,3 -> OnPreviousComponentApplied,,,C:\Users\Admin\Downloads\myps\data\bin\abilityexport.bin,byte 219219
4,DAMAGE_CHANGE,410,Enhanced Endurance,391,2,3 -> OnPreviousComponentApplied,,,C:\Users\Admin\Downloads\myps\data\bin\abilityexport.bin,byte 248773
4,DAMAGE_CHANGE,500,VFX / Tag Shout TEST,1676,0,1 -> OnApply,Damage,"You deal {COM_0_VAL0}% more damage and all enemy monsters will hate you {COM_2_VAL1}% less than normal, but your armor is reduced by {COM_1_VAL0}%.",C:\Users\Admin\Downloads\myps\data\strings\english\abilitydesc.txt,line 501
4,DAMAGE_CHANGE,506,The Librams of Insight,773,1,1 -> OnApply,Damage,"You deal 5% more damage, but your Toughness and Armor are reduced.",C:\Users\Admin\Downloads\myps\data\strings\english\abilitydesc.txt,line 507
4,DAMAGE_CHANGE,523,Last Upholder - Heal,791,0,1 -> OnApply,Damage,All of your attacks deal {COM_0_VAL0}% more damage when you strike an enemy from the sides or rear.,C:\Users\Admin\Downloads\myps\data\strings\english\abilitydesc.txt,line 524
4,DAMAGE_CHANGE,527,Emperor's Summons,795,1,1 -> OnApply,Damage,"Your Toughness and Armor are increased, but you deal 5% less damage.",C:\Users\Admin\Downloads\myps\data\strings\english\abilitydesc.txt,line 528
4,DAMAGE_CHANGE,548,Grip Of Stone,785,0,1 -> OnApply,Damage,"You deal 5% more melee damage, but 5% less ranged damage.",C:\Users\Admin\Downloads\myps\data\strings\english\abilitydesc.txt,line 549
4,DAMAGE_CHANGE,548,Grip Of Stone,786,1,1 -> OnApply,Damage,"You deal 5% more melee damage, but 5% less ranged damage.",C:\Users\Admin\Downloads\myps\data\strings\english\abilitydesc.txt,line 549
4,DAMAGE_CHANGE,565,Earthshatter,781,0,1 -> OnApply,Damage,All of your attacks deal 5% more damage if you have no other allies within 40 feet.,C:\Users\Admin\Downloads\myps\data\strings\english\abilitydesc.txt,line 566
4,DAMAGE_CHANGE,585,Avalanche,1673,0,1 -> OnApply,"Heal, Damage","You deal {COM_0_VAL0}% more damage, but all of your healing becomes {COM_1_VAL1}% less effective.",C:\Users\Admin\Downloads\myps\data\strings\english\abilitydesc.txt,line 586
4,DAMAGE_CHANGE,590,Aggressive Focus,827,0,1 -> OnApply,"Heal, Damage","You deal 5% more damage, but all of your heals are 5% less effective.",C:\Users\Admin\Downloads\myps\data\strings\english\abilitydesc.txt,line 591
4,DAMAGE_CHANGE,610,Flurry,1884,0,1 -> OnApply,Damage,"A loud shout that startles your target and all enemies within {COM_0_RADI_FEET} of them, reducing their damage to {COM_0_VAL0}% for {COM_0_DURA_SECONDS}.",C:\Users\Admin\Downloads\myps\data\strings\english\abilitydesc.txt,line 611
4,DAMAGE_CHANGE,630,;Used for Slayer mechanic,1009,1,1 -> OnApply,Damage,"All of your abilities will cost 25% fewer action points, cool down 50% faster, and deal 20% more damage for 7 seconds.",C:\Users\Admin\Downloads\myps\data\strings\english\abilitydesc.txt,line 631
4,DAMAGE_CHANGE,715,Lightning Rod,805,1,1 -> OnApply,"Heal, Damage","Any Corporeal healing spells become 5% more effective on you, and you take 5% less damage from Corporeal attacks.",C:\Users\Admin\Downloads\myps\data\strings\english\abilitydesc.txt,line 716
4,DAMAGE_CHANGE,736,Tracer Rounds,800,1,1 -> OnApply,"Heal, Damage","Any Spirit healing spells become 5% more effective on you, and you take 5% less damage from Spirit attacks.",C:\Users\Admin\Downloads\myps\data\strings\english\abilitydesc.txt,line 737
4,DAMAGE_CHANGE,757,Oath Rune Of Warding,800,1,1 -> OnApply,"Heal, Damage","Any Spirit healing spells become 5% more effective on you, and you take 5% less damage from Spirit attacks.",C:\Users\Admin\Downloads\myps\data\strings\english\abilitydesc.txt,line 758
4,DAMAGE_CHANGE,778,Sigmar's Glory,800,1,1 -> OnApply,"Heal, Damage","Any Spirit healing spells become 5% more effective on you, and you take 5% less damage from Spirit attacks.",C:\Users\Admin\Downloads\myps\data\strings\english\abilitydesc.txt,line 779
4,DAMAGE_CHANGE,799,;Rune Priest Spec Tactics,1124,1,1 -> OnApply,"Heal, Damage","Any Elemental healing spells become 5% more effective on you, and you take 5% less damage from Elemental attacks.",C:\Users\Admin\Downloads\myps\data\strings\english\abilitydesc.txt,line 800
4,DAMAGE_CHANGE,820,Calm Acceptance,1124,1,1 -> OnApply,"Heal, Damage","Any Elemental healing spells become 5% more effective on you, and you take 5% less damage from Elemental attacks.",C:\Users\Admin\Downloads\myps\data\strings\english\abilitydesc.txt,line 821
4,DAMAGE_CHANGE,821,;Rune Priest Oath Runes,1312,0,1 -> OnApply,Damage,You deal 5% more damage with all magical attacks.,C:\Users\Admin\Downloads\myps\data\strings\english\abilitydesc.txt,line 822
4,DAMAGE_CHANGE,1008,Enguage,408,0,1 -> OnApply,,Your pet is dead,C:\Users\Admin\Downloads\myps\data\strings\english\abilityeffect.txt,line 1009
4,DAMAGE_CHANGE,1053,Bottle of Seein' Stars,3490,0,1 -> OnApply,,,C:\Users\Admin\Downloads\myps\data\bin\abilityexport.bin,byte 300042
4,DAMAGE_CHANGE,1053,Bottle of Seein' Stars,3491,1,1 -> OnApply,,,C:\Users\Admin\Downloads\myps\data\bin\abilityexport.bin,byte 300042
4,DAMAGE_CHANGE,1054,Jar of Pummeling,3494,0,1 -> OnApply,,,C:\Users\Admin\Downloads\myps\data\bin\abilityexport.bin,byte 300236
4,DAMAGE_CHANGE,1064,Bloodlust,3720,0,1 -> OnApply,,,C:\Users\Admin\Downloads\myps\data\bin\abilityexport.bin,byte 301206
4,DAMAGE_CHANGE,1064,Bloodlust,3721,1,1 -> OnApply,,,C:\Users\Admin\Downloads\myps\data\bin\abilityexport.bin,byte 301206
4,DAMAGE_CHANGE,1065,Bloodswell,3724,0,1 -> OnApply,,,C:\Users\Admin\Downloads\myps\data\bin\abilityexport.bin,byte 301400
4,DAMAGE_CHANGE,1070,Force Target Throw,18608,1,1 -> OnApply,Damage,Your damage is increased while near your active turret.,C:\Users\Admin\Downloads\myps\data\strings\english\abilitydesc.txt,line 1071
4,DAMAGE_CHANGE,1072,Trap,18608,1,1 -> OnApply,Damage,Your damage is increased while near your active horror.,C:\Users\Admin\Downloads\myps\data\strings\english\abilitydesc.txt,line 1073
4,DAMAGE_CHANGE,1360,Scuse me!,391,3,3 -> OnPreviousComponentApplied,Damage,"You enrage your opponent, interrupting any currently building abilities and forcing monsters to attack you. While taunted your opponent will take {COM_3_VAL0}% more damage from your attacks. This effect will fade after {COM_2_DURA_SECONDS} or after your opponent has hit you 3 times.",C:\Users\Admin\Downloads\myps\data\strings\english\abilitydesc.txt,line 1361
4,DAMAGE_CHANGE,1363,Guard,408,0,1 -> OnApply,Damage,"You defend one of your groupmates and try to take attacks meant for them.  As long as you are within 30 feet of them, any damage that they suffer will be split evenly between the two of you, and {COM_1_VAL1}% of all hate that they cause will be redirected to you.",C:\Users\Admin\Downloads\myps\data\strings\english\abilitydesc.txt,line 1364
4,DAMAGE_CHANGE,1368,Mork Is Watchin',416,5,3 -> OnPreviousComponentApplied,Damage,"You challenge all opponents in front of you, forcing monsters to attack you. While challenged, your opponents will deal only {COM_5_VAL0}% damage to everyone other than you. This effect will fade after {COM_5_DURA_SECONDS} or after your opponent has hit you 3 times.",C:\Users\Admin\Downloads\myps\data\strings\english\abilitydesc.txt,line 1369
4,DAMAGE_CHANGE,1405,Stand Strong!,1448,1,1 -> OnApply,Damage,"Increases your chance to block attacks by {COM_0_VAL0}%, and you take only {COM_1_VAL0}% damage from all attacks while you are holding a shield.",C:\Users\Admin\Downloads\myps\data\strings\english\abilitydesc.txt,line 1406
4,DAMAGE_CHANGE,1408,Vicious Slash,1452,1,1 -> OnApply,Damage,"When you are wielding a Greatweapon, your chance to parry is increased by {COM_0_VAL0}% and all damage you deal is increased by {COM_1_VAL0}%.",C:\Users\Admin\Downloads\myps\data\strings\english\abilitydesc.txt,line 1409
4,DAMAGE_CHANGE,1419,Stay Focused!,1041,0,1 -> OnApply,Damage,All damage you take is reduced to 1 for {COM_0_DURA_SECONDS}.,C:\Users\Admin\Downloads\myps\data\strings\english\abilitydesc.txt,line 1420
4,DAMAGE_CHANGE,1441,Runefang,3477,0,1 -> OnApply,Damage,"All enemies within {COM_0_RADI_FEET} are detaunted, making them hate you less and reducing the damage they deal against you to 50% for {COM_0_DURA_SECONDS}.  During this time, all of your attacks will cause enemies to hate you 25% less than normal. If you attack anyone you have detaunted, the effect will immediately end.",C:\Users\Admin\Downloads\myps\data\strings\english\abilitydesc.txt,line 1442
4,DAMAGE_CHANGE,1495,Blessed Bullets Of Confession,3757,1,3 -> OnPreviousComponentApplied,Damage,You deal {COM_0_VAL0_DAMAGE} and debuff the target's outgoing damage to {COM_1_VAL0}% for {COM_1_DURA_SECONDS}.,C:\Users\Admin\Downloads\myps\data\strings\english\abilitydesc.txt,line 1496
4,DAMAGE_CHANGE,1516,Flowing Accusations,1920,0,1 -> OnApply,Damage,"You Detaunt your target, making them hate you less and causing them to deal {COM_0_VAL0}% damage to you for {COM_0_DURA_SECONDS}. If you attack anyone that you have Detaunted, the effect will immediately end.",C:\Users\Admin\Downloads\myps\data\strings\english\abilitydesc.txt,line 1517
4,DAMAGE_CHANGE,1521,"Blood, Faith, And Fire",1591,1,3 -> OnPreviousComponentApplied,Damage,"You mark the enemy with a bright signal flare, dealing {COM_2_VAL0_TOD_DAMAGE} over {COM_2_DURA_SECONDS} and reducing their chances to dodge or block attacks by {COM_0_VAL0}%.",C:\Users\Admin\Downloads\myps\data\strings\english\abilitydesc.txt,line 1522
4,DAMAGE_CHANGE,1567,Choking Smoke,19217,1,1 -> OnApply,Damage,Your damage is increased by {COM_1_VAL0}% when under 45 feet away from your target.,C:\Users\Admin\Downloads\myps\data\strings\english\abilitydesc.txt,line 1568
4,DAMAGE_CHANGE,1575,Nova,1686,0,1 -> OnApply,Damage,Everyone in your group within 100 feet takes only {COM_0_VAL0}% damage for {COM_0_DURA_SECONDS}.,C:\Users\Admin\Downloads\myps\data\strings\english\abilitydesc.txt,line 1576
4,DAMAGE_CHANGE,1592,Embrace The Flames,9847,0,1 -> OnApply,Damage,"You will take only {COM_0_VAL0}% damage and your abilities will cost {COM_1_VAL1}% fewer Action Points for {COM_0_DURA_SECONDS}. During this time you generate almost no threat, and can not be set back while casting.",C:\Users\Admin\Downloads\myps\data\strings\english\abilitydesc.txt,line 1593
4,DAMAGE_CHANGE,1595,;Bright Wizard Spec Tactics,11475,0,1 -> OnApply,,"Detaunts targets attack power to {COM_0_VAL0}% for {COM_0_DURA_SECONDS}. If you attack anyone that you have Detaunted, the effect will immediately end.",C:\Users\Admin\Downloads\myps\data\strings\english\abilitydesc.txt,line 1596
16,DEFENSIVE_STAT_CHANGE,35,Claw Sweep,1684,0,1 -> OnApply,,,C:\Users\Admin\Downloads\myps\data\bin\abilityexport.bin,byte 187717
16,DEFENSIVE_STAT_CHANGE,241,Caustic Torrent,349,2,1 -> OnApply,,"You focus your defenses against enemy fire, increasing your chances to dodge and disrupt by {COM_2_VAL0}% for {COM_2_DURA_SECONDS}.  You will also defend all allies behind you, up to {COM_3_RADI_FEET} away, increasing their chances to dodge and disrupt by {COM_3_VAL0}% as long as they remain at your back.<BR>This effect will end if you break your concentration, or run out of action points.",C:\Users\Admin\Downloads\myps\data\strings\english\abilitydesc.txt,line 242
16,DEFENSIVE_STAT_CHANGE,241,Caustic Torrent,350,3,1 -> OnApply,,"You focus your defenses against enemy fire, increasing your chances to dodge and disrupt by {COM_2_VAL0}% for {COM_2_DURA_SECONDS}.  You will also defend all allies behind you, up to {COM_3_RADI_FEET} away, increasing their chances to dodge and disrupt by {COM_3_VAL0}% as long as they remain at your back.<BR>This effect will end if you break your concentration, or run out of action points.",C:\Users\Admin\Downloads\myps\data\strings\english\abilitydesc.txt,line 242
16,DEFENSIVE_STAT_CHANGE,571,Sweet Revenge,998,1,6 -> OnEventTriggered,,"If an enemy blocks any of your attacks, their chances to block and disrupt will be reduced by 10% for 5 seconds.",C:\Users\Admin\Downloads\myps\data\strings\english\abilitydesc.txt,line 572
16,DEFENSIVE_STAT_CHANGE,611,Onslaught,1030,0,1 -> OnApply,,"For the next {COM_0_DURA_SECONDS}, your chance to block is almost guaranteed.",C:\Users\Admin\Downloads\myps\data\strings\english\abilitydesc.txt,line 612
16,DEFENSIVE_STAT_CHANGE,631,;Slayer Spec Abilities,384,0,1 -> OnApply,,"Concentrating on your perceived movements, you will be able to Dodge and Parry all attacks against you for {COM_0_DURA_SECONDS}.",C:\Users\Admin\Downloads\myps\data\strings\english\abilitydesc.txt,line 632
16,DEFENSIVE_STAT_CHANGE,634,Rampage,1019,0,1 -> OnApply,,Increases your group's chances to parry and dodge attacks by 50% for 10 seconds.,C:\Users\Admin\Downloads\myps\data\strings\english\abilitydesc.txt,line 635
16,DEFENSIVE_STAT_CHANGE,652,Push For More,379,0,1 -> OnApply,,With luck and experience you are able to Dodge all ranged attacks and Disrupt all magic attacks against you for {COM_0_DURA_SECONDS}.,C:\Users\Admin\Downloads\myps\data\strings\english\abilitydesc.txt,line 653
16,DEFENSIVE_STAT_CHANGE,655,Blinding Speed,1094,0,1 -> OnApply,,"Your chances to dodge, parry, and disrupt attacks is increased by 100% for 10 seconds.",C:\Users\Admin\Downloads\myps\data\strings\english\abilitydesc.txt,line 656
16,DEFENSIVE_STAT_CHANGE,822,Rune of Warding,1313,0,1 -> OnApply,,Increases your chance to disrupt enemy spells by 5%.,C:\Users\Admin\Downloads\myps\data\strings\english\abilitydesc.txt,line 823
16,DEFENSIVE_STAT_CHANGE,1378,Leaky Brainz,345,0,1 -> OnApply,,"You focus your defenses against enemy fire, increasing your chances to dodge and disrupt by {COM_0_VAL0}% for {COM_0_DURA_SECONDS}. You will also defend all allies behind you, up to {COM_1_RADI_FEET} away, increasing their chances to dodge and disrupt by {COM_1_VAL0}% as long as they remain at your back. Allies may have this effect stacked on them up to 3 times.<BR>This effect will end if you break your concentration, or run out of action points.",C:\Users\Admin\Downloads\myps\data\strings\english\abilitydesc.txt,line 1379
16,DEFENSIVE_STAT_CHANGE,1378,Leaky Brainz,346,1,1 -> OnApply,,"You focus your defenses against enemy fire, increasing your chances to dodge and disrupt by {COM_0_VAL0}% for {COM_0_DURA_SECONDS}. You will also defend all allies behind you, up to {COM_1_RADI_FEET} away, increasing their chances to dodge and disrupt by {COM_1_VAL0}% as long as they remain at your back. Allies may have this effect stacked on them up to 3 times.<BR>This effect will end if you break your concentration, or run out of action points.",C:\Users\Admin\Downloads\myps\data\strings\english\abilitydesc.txt,line 1379
16,DEFENSIVE_STAT_CHANGE,1380,Mork's Touch,1385,2,1 -> OnApply,,"Strengthens the ties between you and your Oath Friend, increasing Initiative by {COM_0_VAL0} and chance to parry by {COM_2_VAL0}% for {COM_0_DURA_SECONDS}. Your Oath Friend is affected as well if they're within {COM_1_RADI_FEET} of you.",C:\Users\Admin\Downloads\myps\data\strings\english\abilitydesc.txt,line 1381
16,DEFENSIVE_STAT_CHANGE,1380,Mork's Touch,1386,3,1 -> OnApply,,"Strengthens the ties between you and your Oath Friend, increasing Initiative by {COM_0_VAL0} and chance to parry by {COM_2_VAL0}% for {COM_0_DURA_SECONDS}. Your Oath Friend is affected as well if they're within {COM_1_RADI_FEET} of you.",C:\Users\Admin\Downloads\myps\data\strings\english\abilitydesc.txt,line 1381
16,DEFENSIVE_STAT_CHANGE,1382,You Really Got Nothin,1393,0,1 -> OnApply,Damage,"You declare that this is where you're making your stand, and nothing will make you change your mind. You are almost guaranteed to block up to the next 4 attacks made against you within {COM_0_DURA_SECONDS}, and you will deal {COM_2_VAL0_COM_0_VAL0_DAMAGE} back to the attacker each time you block.<BR><BR> With 25 Grudges: Deals {COM_2_VAL0_COM_1_VAL0_DAMAGE} back to the attacker.<BR> With 50 Grudges: Deals {COM_2_VAL0_COM_2_VAL0_DAMAGE} back to the attacker.<BR> With 75 Grudges: Deals {COM_2_VAL0_COM_3_VAL0_DAMAGE} back to the attacker.<BR> With 100 Grudges: Deals {COM_2_VAL0_COM_4_VAL0_DAMAGE} back to the attacker.",C:\Users\Admin\Downloads\myps\data\strings\english\abilitydesc.txt,line 1383
16,DEFENSIVE_STAT_CHANGE,1405,Stand Strong!,808,0,1 -> OnApply,Damage,"Increases your chance to block attacks by {COM_0_VAL0}%, and you take only {COM_1_VAL0}% damage from all attacks while you are holding a shield.",C:\Users\Admin\Downloads\myps\data\strings\english\abilitydesc.txt,line 1406
16,DEFENSIVE_STAT_CHANGE,1408,Vicious Slash,868,0,1 -> OnApply,Damage,"When you are wielding a Greatweapon, your chance to parry is increased by {COM_0_VAL0}% and all damage you deal is increased by {COM_1_VAL0}%.",C:\Users\Admin\Downloads\myps\data\strings\english\abilitydesc.txt,line 1409
16,DEFENSIVE_STAT_CHANGE,1424,Shield Of The Sun,1030,0,1 -> OnApply,,"Increases your chance to block attacks by {COM_0_VAL0}% for {COM_0_DURA_SECONDS}, and increases chances to dodge, parry, and disrupt attacks by {COM_1_VAL0}% to all group members within 100 feet.",C:\Users\Admin\Downloads\myps\data\strings\english\abilitydesc.txt,line 1425
16,DEFENSIVE_STAT_CHANGE,1424,Shield Of The Sun,1458,1,1 -> OnApply,,"Increases your chance to block attacks by {COM_0_VAL0}% for {COM_0_DURA_SECONDS}, and increases chances to dodge, parry, and disrupt attacks by {COM_1_VAL0}% to all group members within 100 feet.",C:\Users\Admin\Downloads\myps\data\strings\english\abilitydesc.txt,line 1425
16,DEFENSIVE_STAT_CHANGE,1444,Well-Trained,3530,0,1 -> OnApply,,"You land a numbing blow, your target's chance to block or parry is reduced by {COM_0_VAL0}% for {COM_0_DURA_SECONDS}.",C:\Users\Admin\Downloads\myps\data\strings\english\abilitydesc.txt,line 1445
16,DEFENSIVE_STAT_CHANGE,1493,Seeker's Blade,3833,0,1 -> OnApply,,Your chance to defend attacks is increased by {COM_0_VAL0}% for {COM_0_DURA_SECONDS}.,C:\Users\Admin\Downloads\myps\data\strings\english\abilitydesc.txt,line 1494
16,DEFENSIVE_STAT_CHANGE,1521,"Blood, Faith, And Fire",1478,0,1 -> OnApply,Damage,"You mark the enemy with a bright signal flare, dealing {COM_2_VAL0_TOD_DAMAGE} over {COM_2_DURA_SECONDS} and reducing their chances to dodge or block attacks by {COM_0_VAL0}%.",C:\Users\Admin\Downloads\myps\data\strings\english\abilitydesc.txt,line 1522
16,DEFENSIVE_STAT_CHANGE,1685,Hold The Line!,345,0,1 -> OnApply,,"You focus your defenses against enemy fire, increasing your chances to dodge and disrupt by {COM_0_VAL0}% for {COM_0_DURA_SECONDS}. You will also defend all allies behind you, up to {COM_1_RADI_FEET} away, increasing their chances to dodge and disrupt by {COM_1_VAL0}% as long as they remain at your back. Allies may have this effect stacked on them up to 3 times.<BR>This effect will end if you break your concentration, or run out of action points.",C:\Users\Admin\Downloads\myps\data\strings\english\abilitydesc.txt,line 1686
16,DEFENSIVE_STAT_CHANGE,1685,Hold The Line!,346,1,1 -> OnApply,,"You focus your defenses against enemy fire, increasing your chances to dodge and disrupt by {COM_0_VAL0}% for {COM_0_DURA_SECONDS}. You will also defend all allies behind you, up to {COM_1_RADI_FEET} away, increasing their chances to dodge and disrupt by {COM_1_VAL0}% as long as they remain at your back. Allies may have this effect stacked on them up to 3 times.<BR>This effect will end if you break your concentration, or run out of action points.",C:\Users\Admin\Downloads\myps\data\strings\english\abilitydesc.txt,line 1686
16,DEFENSIVE_STAT_CHANGE,1692,Penance,1531,0,1 -> OnApply,Damage,"Increase Block Chance by {COM_0_VAL0}%. While you are channeling, you can move at 60% movement speed. After you block, the attacker takes {COM_2_VAL0_DAMAGE}.",C:\Users\Admin\Downloads\myps\data\strings\english\abilitydesc.txt,line 1693
16,DEFENSIVE_STAT_CHANGE,1705,Corrupting Wrath,1541,0,1 -> OnApply,,Increases Block Chance by {COM_0_VAL0}% when using a shield.,C:\Users\Admin\Downloads\myps\data\strings\english\abilitydesc.txt,line 1706
16,DEFENSIVE_STAT_CHANGE,1713,Hold The Line!,868,0,1 -> OnApply,Damage,"When you are wielding a Greatweapon, your chance to parry is increased by {COM_0_VAL0}% and all damage you deal is increased by {COM_1_VAL0}%.",C:\Users\Admin\Downloads\myps\data\strings\english\abilitydesc.txt,line 1714
16,DEFENSIVE_STAT_CHANGE,1714,Dischordant Fluctuation,1552,0,1 -> OnApply,,"Increases Block and Parry by {COM_0_VAL0}% when you have a Gud' Plan, and {COM_1_VAL0}% while you have Da' Best Plan.",C:\Users\Admin\Downloads\myps\data\strings\english\abilitydesc.txt,line 1715
16,DEFENSIVE_STAT_CHANGE,1714,Dischordant Fluctuation,1553,1,1 -> OnApply,,"Increases Block and Parry by {COM_0_VAL0}% when you have a Gud' Plan, and {COM_1_VAL0}% while you have Da' Best Plan.",C:\Users\Admin\Downloads\myps\data\strings\english\abilitydesc.txt,line 1715
16,DEFENSIVE_STAT_CHANGE,1721,Dreadful Agony,1052,0,1 -> OnApply,,Every member of your group within 100 feet gains an additional 10% chance to Parry and Dodge for {COM_0_DURA_SECONDS}.,C:\Users\Admin\Downloads\myps\data\strings\english\abilitydesc.txt,line 1722
16,DEFENSIVE_STAT_CHANGE,1756,Inevitable Changing,3530,0,1 -> OnApply,,"Your attacks become more precise, your target's chance to block or parry is reduced by {COM_0_VAL0}% for {COM_0_DURA_SECONDS}.",C:\Users\Admin\Downloads\myps\data\strings\english\abilitydesc.txt,line 1757
16,DEFENSIVE_STAT_CHANGE,1823,Corrupted Edge,11980,2,3 -> OnPreviousComponentApplied,Damage,An attack which deals {COM_0_VAL0_DAMAGE} and reduces your target's armor by {COM_1_VAL0} and reduces their chance to block by {COM_2_VAL0}% for {COM_1_DURA_SECONDS}.,C:\Users\Admin\Downloads\myps\data\strings\english\abilitydesc.txt,line 1824
16,DEFENSIVE_STAT_CHANGE,3179,Sigmar's Grace,11156,0,1 -> OnApply,,,C:\Users\Admin\Downloads\myps\data\bin\abilityexport.bin,byte 23094
16,DEFENSIVE_STAT_CHANGE,3199,Horror Fire - Fireball,12796,1,3 -> OnPreviousComponentApplied,,,C:\Users\Admin\Downloads\myps\data\bin\abilityexport.bin,byte 27040
16,DEFENSIVE_STAT_CHANGE,3444,Dryad Melee Cone,9526,0,1 -> OnApply,,,C:\Users\Admin\Downloads\myps\data\bin\abilityexport.bin,byte 74182
16,DEFENSIVE_STAT_CHANGE,3496,Gorger PBAOE Smash,9494,0,1 -> OnApply,,,C:\Users\Admin\Downloads\myps\data\bin\abilityexport.bin,byte 84270
16,DEFENSIVE_STAT_CHANGE,3496,Gorger PBAOE Smash,9666,1,3 -> OnPreviousComponentApplied,,,C:\Users\Admin\Downloads\myps\data\bin\abilityexport.bin,byte 84270
16,DEFENSIVE_STAT_CHANGE,3499,Gorger Boss Smash,9820,0,1 -> OnApply,,,C:\Users\Admin\Downloads\myps\data\bin\abilityexport.bin,byte 84852
16,DEFENSIVE_STAT_CHANGE,3505,Old Sovereign GIAB - Warrior Priest - Righteous Faith,1143,2,1 -> OnApply,,You are now berserk!,C:\Users\Admin\Downloads\myps\data\strings\english\abilitydesc.txt,line 3506
16,DEFENSIVE_STAT_CHANGE,3521,Old Sovereign GIAB - Black Guard - Unnerving Hate,8338,0,1 -> OnApply,,,C:\Users\Admin\Downloads\myps\data\bin\abilityexport.bin,byte 89120
16,DEFENSIVE_STAT_CHANGE,3559,Melee DPS Reactive B,11387,0,1 -> OnApply,,,C:\Users\Admin\Downloads\myps\data\bin\abilityexport.bin,byte 96492
16,DEFENSIVE_STAT_CHANGE,3662,On Your Guard!,8267,0,1 -> OnApply,,,C:\Users\Admin\Downloads\myps\data\bin\abilityexport.bin,byte 116313
16,DEFENSIVE_STAT_CHANGE,3665,Stay Focused!,8290,0,1 -> OnApply,,,C:\Users\Admin\Downloads\myps\data\bin\abilityexport.bin,byte 116895
16,DEFENSIVE_STAT_CHANGE,3755,Mount - Heavy Alt - Empire,8807,0,1 -> OnApply,,,C:\Users\Admin\Downloads\myps\data\bin\abilityexport.bin,byte 134355
16,DEFENSIVE_STAT_CHANGE,3835,Tuskgore Frenzy,12003,0,1 -> OnApply,,,C:\Users\Admin\Downloads\myps\data\bin\abilityexport.bin,byte 149875
16,DEFENSIVE_STAT_CHANGE,3863,Ethereal Chill,1629,0,1 -> OnApply,,,C:\Users\Admin\Downloads\myps\data\bin\abilityexport.bin,byte 154919
16,DEFENSIVE_STAT_CHANGE,3880,Pus Eruption,17959,0,1 -> OnApply,,,C:\Users\Admin\Downloads\myps\data\bin\abilityexport.bin,byte 158023
16,DEFENSIVE_STAT_CHANGE,3994,Burning Blood,12142,0,1 -> OnApply,,,C:\Users\Admin\Downloads\myps\data\bin\abilityexport.bin,byte 179751
44,DISK_UPDATE,227,Incantation of Presence,3088,3,1 -> OnApply,,Summons a Pretty Pretty Test Unicorn! Yay! Activate again to remove the PPTU.,C:\Users\Admin\Downloads\myps\data\strings\english\abilitydesc.txt,line 228
44,DISK_UPDATE,227,Incantation of Presence,3089,4,10 -> OnBuffEndedRemoved,,Summons a Pretty Pretty Test Unicorn! Yay! Activate again to remove the PPTU.,C:\Users\Admin\Downloads\myps\data\strings\english\abilitydesc.txt,line 228
44,DISK_UPDATE,3459,Rhinox Heavy Strike,9625,0,1 -> OnApply,,,C:\Users\Admin\Downloads\myps\data\bin\abilityexport.bin,byte 77092
44,DISK_UPDATE,3459,Rhinox Heavy Strike,9626,1,1 -> OnApply,,,C:\Users\Admin\Downloads\myps\data\bin\abilityexport.bin,byte 77092
44,DISK_UPDATE,3459,Rhinox Heavy Strike,9627,2,1 -> OnApply,,,C:\Users\Admin\Downloads\myps\data\bin\abilityexport.bin,byte 77092
44,DISK_UPDATE,3459,Rhinox Heavy Strike,9628,3,1 -> OnApply,,,C:\Users\Admin\Downloads\myps\data\bin\abilityexport.bin,byte 77092
44,DISK_UPDATE,14594,Summon Mount,15645,4,1 -> OnApply,Damage,Summons a mount that increases your movement speed by {COM_1_VAL0}% with a {COM_0_VAL1}% chance to dismount while taking damage.,C:\Users\Admin\Downloads\myps\data\strings\english\abilitydesc.txt,line 14595
44,DISK_UPDATE,14595,Summon Mount,15646,4,1 -> OnApply,Damage,Summons a mount that increases your movement speed by {COM_1_VAL0}% with a {COM_0_VAL1}% chance to dismount while taking damage.,C:\Users\Admin\Downloads\myps\data\strings\english\abilitydesc.txt,line 14596
44,DISK_UPDATE,14596,Summon Mount,15647,4,1 -> OnApply,Damage,Summons a mount that increases your movement speed by {COM_1_VAL0}% with a {COM_0_VAL1}% chance to dismount while taking damage.,C:\Users\Admin\Downloads\myps\data\strings\english\abilitydesc.txt,line 14597
44,DISK_UPDATE,14597,Summon Mount,15648,4,1 -> OnApply,Damage,Summons a mount that increases your movement speed by {COM_1_VAL0}% with a {COM_0_VAL1}% chance to dismount while taking damage.,C:\Users\Admin\Downloads\myps\data\strings\english\abilitydesc.txt,line 14598
44,DISK_UPDATE,14598,Summon Mount,15649,4,1 -> OnApply,Damage,Summons a mount that increases your movement speed by {COM_1_VAL0}% with a {COM_0_VAL1}% chance to dismount while taking damage.,C:\Users\Admin\Downloads\myps\data\strings\english\abilitydesc.txt,line 14599
44,DISK_UPDATE,14599,Summon Mount,15650,4,1 -> OnApply,Damage,Summons a mount that increases your movement speed by {COM_1_VAL0}% with a {COM_0_VAL1}% chance to dismount while taking damage.,C:\Users\Admin\Downloads\myps\data\strings\english\abilitydesc.txt,line 14600
44,DISK_UPDATE,14973,Summon Manticore Bone Disc,17949,4,1 -> OnApply,,,C:\Users\Admin\Downloads\myps\data\bin\abilityexport.bin,byte 808682
44,DISK_UPDATE,15073,Summon Unadorned Disc,15574,4,1 -> OnApply,Damage,Summons a mount that increases your movement speed by {COM_1_VAL0}% with a {COM_0_VAL1}% chance to dismount while taking damage.,C:\Users\Admin\Downloads\myps\data\strings\english\abilitydesc.txt,line 15074
44,DISK_UPDATE,15077,Summon Midnight Arabian Disc,15580,4,1 -> OnApply,Damage,Summons a mount that increases your movement speed by {COM_1_VAL0}% with a {COM_0_VAL1}% chance to dismount while taking damage.,C:\Users\Admin\Downloads\myps\data\strings\english\abilitydesc.txt,line 15078
44,DISK_UPDATE,15078,Summon Aphotic Arabian Disc,15582,4,1 -> OnApply,Damage,Summons a mount that increases your movement speed by {COM_1_VAL0}% with a {COM_0_VAL1}% chance to dismount while taking damage.,C:\Users\Admin\Downloads\myps\data\strings\english\abilitydesc.txt,line 15079
44,DISK_UPDATE,15079,Summon Tenebrous Arabian Disc,15583,4,1 -> OnApply,Damage,Summons a mount that increases your movement speed by {COM_1_VAL0}% with a {COM_0_VAL1}% chance to dismount while taking damage.,C:\Users\Admin\Downloads\myps\data\strings\english\abilitydesc.txt,line 15080
44,DISK_UPDATE,15602,Summon Mount,15651,4,1 -> OnApply,Damage,Summons a mount that increases your movement speed by {COM_1_VAL0}% with a {COM_0_VAL1}% chance to dismount while taking damage.,C:\Users\Admin\Downloads\myps\data\strings\english\abilitydesc.txt,line 15603
44,DISK_UPDATE,15603,Summon Mount,15652,4,1 -> OnApply,Damage,Summons a mount that increases your movement speed by {COM_1_VAL0}% with a {COM_0_VAL1}% chance to dismount while taking damage.,C:\Users\Admin\Downloads\myps\data\strings\english\abilitydesc.txt,line 15604
44,DISK_UPDATE,15604,Summon Mount,15653,4,1 -> OnApply,Damage,Summons a mount that increases your movement speed by {COM_1_VAL0}% with a {COM_0_VAL1}% chance to dismount while taking damage.,C:\Users\Admin\Downloads\myps\data\strings\english\abilitydesc.txt,line 15605
44,DISK_UPDATE,15605,Summon Mount,15654,4,1 -> OnApply,Damage,Summons a mount that increases your movement speed by {COM_1_VAL0}% with a {COM_0_VAL1}% chance to dismount while taking damage.,C:\Users\Admin\Downloads\myps\data\strings\english\abilitydesc.txt,line 15606
44,DISK_UPDATE,15606,Summon Mount,15655,4,1 -> OnApply,Damage,Summons a mount that increases your movement speed by {COM_1_VAL0}% with a {COM_0_VAL1}% chance to dismount while taking damage.,C:\Users\Admin\Downloads\myps\data\strings\english\abilitydesc.txt,line 15607
44,DISK_UPDATE,15607,Summon Mount,15656,4,1 -> OnApply,Damage,Summons a mount that increases your movement speed by {COM_1_VAL0}% with a {COM_0_VAL1}% chance to dismount while taking damage.,C:\Users\Admin\Downloads\myps\data\strings\english\abilitydesc.txt,line 15608
44,DISK_UPDATE,15609,Summon Mount,15657,4,1 -> OnApply,Damage,Summons a mount that increases your movement speed by {COM_1_VAL0}% with a {COM_0_VAL1}% chance to dismount while taking damage.,C:\Users\Admin\Downloads\myps\data\strings\english\abilitydesc.txt,line 15610
44,DISK_UPDATE,15610,Summon Mount,15658,4,1 -> OnApply,Damage,Summons a mount that increases your movement speed by {COM_1_VAL0}% with a {COM_0_VAL1}% chance to dismount while taking damage.,C:\Users\Admin\Downloads\myps\data\strings\english\abilitydesc.txt,line 15611
44,DISK_UPDATE,15611,Summon Mount,15659,4,1 -> OnApply,Damage,Summons a mount that increases your movement speed by {COM_1_VAL0}% with a {COM_0_VAL1}% chance to dismount while taking damage.,C:\Users\Admin\Downloads\myps\data\strings\english\abilitydesc.txt,line 15612
44,DISK_UPDATE,15612,Summon Mount,15660,4,1 -> OnApply,Damage,Summons a mount that increases your movement speed by {COM_1_VAL0}% with a {COM_0_VAL1}% chance to dismount while taking damage.,C:\Users\Admin\Downloads\myps\data\strings\english\abilitydesc.txt,line 15613
44,DISK_UPDATE,15613,Summon Mount,15661,4,1 -> OnApply,Damage,Summons a mount that increases your movement speed by {COM_1_VAL0}% with a {COM_0_VAL1}% chance to dismount while taking damage.,C:\Users\Admin\Downloads\myps\data\strings\english\abilitydesc.txt,line 15614
44,DISK_UPDATE,15614,Summon Mount,15662,4,1 -> OnApply,Damage,Summons a mount that increases your movement speed by {COM_1_VAL0}% with a {COM_0_VAL1}% chance to dismount while taking damage.,C:\Users\Admin\Downloads\myps\data\strings\english\abilitydesc.txt,line 15615
44,DISK_UPDATE,28942,Summon Mount,28942,0,1 -> OnApply,,,C:\Users\Admin\Downloads\myps\data\bin\abilityexport.bin,byte 1068740
44,DISK_UPDATE,28943,Summon Mount,28943,0,1 -> OnApply,,,C:\Users\Admin\Downloads\myps\data\bin\abilityexport.bin,byte 1069000
44,DISK_UPDATE,28944,Summon Mount,28944,0,1 -> OnApply,,,C:\Users\Admin\Downloads\myps\data\bin\abilityexport.bin,byte 1069260
44,DISK_UPDATE,28945,Summon Mount,28945,0,1 -> OnApply,,,C:\Users\Admin\Downloads\myps\data\bin\abilityexport.bin,byte 1069520
44,DISK_UPDATE,28946,Summon Mount,28946,0,1 -> OnApply,,,C:\Users\Admin\Downloads\myps\data\bin\abilityexport.bin,byte 1069780
44,DISK_UPDATE,28947,Summon Mount,28947,0,1 -> OnApply,,,C:\Users\Admin\Downloads\myps\data\bin\abilityexport.bin,byte 1070040
44,DISK_UPDATE,28990,Summon Mount,28990,0,1 -> OnApply,,,C:\Users\Admin\Downloads\myps\data\bin\abilityexport.bin,byte 1081220
44,DISK_UPDATE,28991,Summon Mount,28991,0,1 -> OnApply,,,C:\Users\Admin\Downloads\myps\data\bin\abilityexport.bin,byte 1081480
44,DISK_UPDATE,28992,Summon Mount,28992,0,1 -> OnApply,,,C:\Users\Admin\Downloads\myps\data\bin\abilityexport.bin,byte 1081740
44,DISK_UPDATE,28993,Summon Mount,28993,0,1 -> OnApply,,,C:\Users\Admin\Downloads\myps\data\bin\abilityexport.bin,byte 1082000
44,DISK_UPDATE,28994,Summon Mount,28994,0,1 -> OnApply,,,C:\Users\Admin\Downloads\myps\data\bin\abilityexport.bin,byte 1082260
44,DISK_UPDATE,28995,Summon Mount,28995,0,1 -> OnApply,,,C:\Users\Admin\Downloads\myps\data\bin\abilityexport.bin,byte 1082520
11,DISPEL_BUFF,5,KABOOM!,1330,0,1 -> OnApply,Damage,"Your Battle Squig explodes, causing you to be launched upward out of your Squiggy armor. All enemies within {COM_1_RADI_FEET} take {COM_3_VAL0_DAMAGE} and are knocked back.",C:\Users\Admin\Downloads\myps\data\strings\english\abilitydesc.txt,line 6
11,DISPEL_BUFF,87,Charge,1015,1,3 -> OnPreviousComponentApplied,,,C:\Users\Admin\Downloads\myps\data\bin\abilityexport.bin,byte 194643
11,DISPEL_BUFF,172,Broad Swings,482,0,1 -> OnApply,,,C:\Users\Admin\Downloads\myps\data\bin\abilityexport.bin,byte 208223
11,DISPEL_BUFF,189,Test T2R5 Ranged Attack,482,0,1 -> OnApply,,,C:\Users\Admin\Downloads\myps\data\bin\abilityexport.bin,byte 211521
11,DISPEL_BUFF,190,Point-Blank,482,0,1 -> OnApply,,,C:\Users\Admin\Downloads\myps\data\bin\abilityexport.bin,byte 211715
11,DISPEL_BUFF,195,Focused Mind,1598,2,5 -> OnBuffEnded,,,C:\Users\Admin\Downloads\myps\data\bin\abilityexport.bin,byte 212491
11,DISPEL_BUFF,197,Nate's Test Ability Three,1598,0,1 -> OnApply,,,C:\Users\Admin\Downloads\myps\data\bin\abilityexport.bin,byte 212879
11,DISPEL_BUFF,201,Implacable Resolve,315,0,1 -> OnApply,,Stops your AP Regen. Fired from a standstill it will reduce your AP to half. Fired while moving forward will max your AP and fired while moving backwards will bottom it out. Casting this ability again on your self from a standstill will remove the effect.,C:\Users\Admin\Downloads\myps\data\strings\english\abilitydesc.txt,line 202
11,DISPEL_BUFF,233,New AE Taunt,394,5,6 -> OnEventTriggered,,,C:\Users\Admin\Downloads\myps\data\bin\abilityexport.bin,byte 219219
11,DISPEL_BUFF,233,New AE Taunt,395,6,6 -> OnEventTriggered,,,C:\Users\Admin\Downloads\myps\data\bin\abilityexport.bin,byte 219219
11,DISPEL_BUFF,240,Word of Command,1211,2,6 -> OnEventTriggered,,"You charge into the thick of battle, increasing your run speed by {COM_0_VAL0}% for {COM_0_DURA_SECONDS}.  If you use any abilities, this effect will immediately end.",C:\Users\Admin\Downloads\myps\data\strings\english\abilitydesc.txt,line 241
11,DISPEL_BUFF,240,Word of Command,1211,5,6 -> OnEventTriggered,,"You charge into the thick of battle, increasing your run speed by {COM_0_VAL0}% for {COM_0_DURA_SECONDS}.  If you use any abilities, this effect will immediately end.",C:\Users\Admin\Downloads\myps\data\strings\english\abilitydesc.txt,line 241
11,DISPEL_BUFF,242,Cunning Rumination ,353,0,1 -> OnApply,"Stun, Root, Disarm","You become filled with unstoppable power, removing all snaring, rooting, stunning, and disarming effects.",C:\Users\Admin\Downloads\myps\data\strings\english\abilitydesc.txt,line 243
11,DISPEL_BUFF,242,Cunning Rumination ,354,1,1 -> OnApply,"Stun, Root, Disarm","You become filled with unstoppable power, removing all snaring, rooting, stunning, and disarming effects.",C:\Users\Admin\Downloads\myps\data\strings\english\abilitydesc.txt,line 243
11,DISPEL_BUFF,242,Cunning Rumination ,355,2,1 -> OnApply,"Stun, Root, Disarm","You become filled with unstoppable power, removing all snaring, rooting, stunning, and disarming effects.",C:\Users\Admin\Downloads\myps\data\strings\english\abilitydesc.txt,line 243
11,DISPEL_BUFF,242,Cunning Rumination ,356,3,1 -> OnApply,"Stun, Root, Disarm","You become filled with unstoppable power, removing all snaring, rooting, stunning, and disarming effects.",C:\Users\Admin\Downloads\myps\data\strings\english\abilitydesc.txt,line 243
11,DISPEL_BUFF,245,Word of Command,1973,5,1 -> OnApply,,"You run away from the battle in a mad panic, increasing your run speed by {COM_0_VAL0} for {COM_0_DURA_SECONDS}.  You immediately lose all of your action points, any career mechanic points, and your Morale will begin to drop, and you will not begin to regain action points until {COM_4_VAL0_COM_0_DURA_SECONDS} have passed.<BR><BR>You can use this ability again to cancel the effect early, but you will still remain panicked and will not regain action points for the full duration.",C:\Users\Admin\Downloads\myps\data\strings\english\abilitydesc.txt,line 246
11,DISPEL_BUFF,245,Word of Command,1974,6,1 -> OnApply,,"You run away from the battle in a mad panic, increasing your run speed by {COM_0_VAL0} for {COM_0_DURA_SECONDS}.  You immediately lose all of your action points, any career mechanic points, and your Morale will begin to drop, and you will not begin to regain action points until {COM_4_VAL0_COM_0_DURA_SECONDS} have passed.<BR><BR>You can use this ability again to cancel the effect early, but you will still remain panicked and will not regain action points for the full duration.",C:\Users\Admin\Downloads\myps\data\strings\english\abilitydesc.txt,line 246
11,DISPEL_BUFF,245,Word of Command,1975,7,1 -> OnApply,,"You run away from the battle in a mad panic, increasing your run speed by {COM_0_VAL0} for {COM_0_DURA_SECONDS}.  You immediately lose all of your action points, any career mechanic points, and your Morale will begin to drop, and you will not begin to regain action points until {COM_4_VAL0_COM_0_DURA_SECONDS} have passed.<BR><BR>You can use this ability again to cancel the effect early, but you will still remain panicked and will not regain action points for the full duration.",C:\Users\Admin\Downloads\myps\data\strings\english\abilitydesc.txt,line 246
11,DISPEL_BUFF,245,Word of Command,1976,8,1 -> OnApply,,"You run away from the battle in a mad panic, increasing your run speed by {COM_0_VAL0} for {COM_0_DURA_SECONDS}.  You immediately lose all of your action points, any career mechanic points, and your Morale will begin to drop, and you will not begin to regain action points until {COM_4_VAL0_COM_0_DURA_SECONDS} have passed.<BR><BR>You can use this ability again to cancel the effect early, but you will still remain panicked and will not regain action points for the full duration.",C:\Users\Admin\Downloads\myps\data\strings\english\abilitydesc.txt,line 246
11,DISPEL_BUFF,247,Cunning Rumination ,3676,1,1 -> OnApply,,You have fled from combat and are not regaining action points.,C:\Users\Admin\Downloads\myps\data\strings\english\abilitydesc.txt,line 248
11,DISPEL_BUFF,247,Cunning Rumination ,3677,2,1 -> OnApply,,You have fled from combat and are not regaining action points.,C:\Users\Admin\Downloads\myps\data\strings\english\abilitydesc.txt,line 248
11,DISPEL_BUFF,248,"Dispel Career Mechanics, Continued",1977,0,1 -> OnApply,,,C:\Users\Admin\Downloads\myps\data\bin\abilityexport.bin,byte 221419
11,DISPEL_BUFF,248,"Dispel Career Mechanics, Continued",1978,1,1 -> OnApply,,,C:\Users\Admin\Downloads\myps\data\bin\abilityexport.bin,byte 221419
11,DISPEL_BUFF,248,"Dispel Career Mechanics, Continued",1979,2,1 -> OnApply,,,C:\Users\Admin\Downloads\myps\data\bin\abilityexport.bin,byte 221419
11,DISPEL_BUFF,248,"Dispel Career Mechanics, Continued",1980,3,1 -> OnApply,,,C:\Users\Admin\Downloads\myps\data\bin\abilityexport.bin,byte 221419
11,DISPEL_BUFF,248,"Dispel Career Mechanics, Continued",1981,4,1 -> OnApply,,,C:\Users\Admin\Downloads\myps\data\bin\abilityexport.bin,byte 221419
11,DISPEL_BUFF,248,"Dispel Career Mechanics, Continued",1982,5,1 -> OnApply,,,C:\Users\Admin\Downloads\myps\data\bin\abilityexport.bin,byte 221419
11,DISPEL_BUFF,248,"Dispel Career Mechanics, Continued",1983,6,1 -> OnApply,,,C:\Users\Admin\Downloads\myps\data\bin\abilityexport.bin,byte 221419
11,DISPEL_BUFF,248,"Dispel Career Mechanics, Continued",1985,7,1 -> OnApply,,,C:\Users\Admin\Downloads\myps\data\bin\abilityexport.bin,byte 221419
11,DISPEL_BUFF,253,Ancestral Inheritance,505,1,1 -> OnApply,,,C:\Users\Admin\Downloads\myps\data\bin\abilityexport.bin,byte 222001
11,DISPEL_BUFF,253,Ancestral Inheritance,506,2,7 -> OnPreviousComponentTick,,,C:\Users\Admin\Downloads\myps\data\bin\abilityexport.bin,byte 222001
11,DISPEL_BUFF,258,Arterial Strike.,1994,1,1 -> OnApply,,,C:\Users\Admin\Downloads\myps\data\bin\abilityexport.bin,byte 222971
11,DISPEL_BUFF,259,Incantation of Presence,1504,0,1 -> OnApply,,,C:\Users\Admin\Downloads\myps\data\bin\abilityexport.bin,byte 223165
11,DISPEL_BUFF,261,Arcane Scourging,1993,1,5 -> OnBuffEnded,,,C:\Users\Admin\Downloads\myps\data\bin\abilityexport.bin,byte 223553
11,DISPEL_BUFF,262,Word of Command,19204,0,1 -> OnApply,,,C:\Users\Admin\Downloads\myps\data\bin\abilityexport.bin,byte 223747
11,DISPEL_BUFF,264,Cunning Rumination ,1909,0,1 -> OnApply,,,C:\Users\Admin\Downloads\myps\data\bin\abilityexport.bin,byte 224135
11,DISPEL_BUFF,265,Rite of Vengence,1907,0,1 -> OnApply,,,C:\Users\Admin\Downloads\myps\data\bin\abilityexport.bin,byte 224329
11,DISPEL_BUFF,266,Quell Suffering,1912,0,1 -> OnApply,,,C:\Users\Admin\Downloads\myps\data\bin\abilityexport.bin,byte 224523
11,DISPEL_BUFF,269,Convalesce,8740,5,6 -> OnEventTriggered,,,C:\Users\Admin\Downloads\myps\data\bin\abilityexport.bin,byte 224911
11,DISPEL_BUFF,271,Don't Bother Me None,8390,1,5 -> OnBuffEnded,,,C:\Users\Admin\Downloads\myps\data\bin\abilityexport.bin,byte 225299
11,DISPEL_BUFF,273,Tough As Sumfink Wot's Really Tough,12035,5,6 -> OnEventTriggered,,,C:\Users\Admin\Downloads\myps\data\bin\abilityexport.bin,byte 225687
11,DISPEL_BUFF,275,Stab You Gooder,11004,1,5 -> OnBuffEnded,,,C:\Users\Admin\Downloads\myps\data\bin\abilityexport.bin,byte 226075
11,DISPEL_BUFF,276,Rite of Vengence,12950,0,1 -> OnApply,,,C:\Users\Admin\Downloads\myps\data\bin\abilityexport.bin,byte 226269
11,DISPEL_BUFF,277,Quell Suffering,12309,1,1 -> OnApply,,,C:\Users\Admin\Downloads\myps\data\bin\abilityexport.bin,byte 226463
11,DISPEL_BUFF,279,Baleful Affliction,11083,0,1 -> OnApply,,,C:\Users\Admin\Downloads\myps\data\bin\abilityexport.bin,byte 226851
11,DISPEL_BUFF,280,Convalesce,12308,1,5 -> OnBuffEnded,,,C:\Users\Admin\Downloads\myps\data\bin\abilityexport.bin,byte 227045
11,DISPEL_BUFF,285,Reclaim Vitae,11357,0,1 -> OnApply,,,C:\Users\Admin\Downloads\myps\data\bin\abilityexport.bin,byte 227821
15,EFFECT_BUFF,3,Bounce,212,3,3 -> OnPreviousComponentApplied,Damage,"You cause your Battle Squig to bounce, dealing {COM_0_VAL0_DAMAGE} and knocking your target down for {COM_1_DURA_SECONDS}.",C:\Users\Admin\Downloads\myps\data\strings\english\abilitydesc.txt,line 4
15,EFFECT_BUFF,5,KABOOM!,220,5,3 -> OnPreviousComponentApplied,Damage,"Your Battle Squig explodes, causing you to be launched upward out of your Squiggy armor. All enemies within {COM_1_RADI_FEET} take {COM_3_VAL0_DAMAGE} and are knocked back.",C:\Users\Admin\Downloads\myps\data\strings\english\abilitydesc.txt,line 6
15,EFFECT_BUFF,7,Death From Above,3301,0,1 -> OnApply,Damage,"Your Squig flings deadly spines at it's target, dealing {COM_1_VAL0_DAMAGE} every second for {COM_0_DURA_SECONDS}.",C:\Users\Admin\Downloads\myps\data\strings\english\abilitydesc.txt,line 8
15,EFFECT_BUFF,12,Goop Shootin',210,3,3 -> OnPreviousComponentApplied,"Heal, Damage","Your Squig expels noxious spores towards an enemy, briefly sickening the victim and all other enemies within {COM_0_RADI_FEET} of them, dealing {COM_0_VAL0_DAMAGE}. Any of your Squigs, including your Battle Squig, within the radius will be healed for {COM_1_VAL0_HEALTH}.",C:\Users\Admin\Downloads\myps\data\strings\english\abilitydesc.txt,line 13
15,EFFECT_BUFF,15,Spiked Squig Autoattack,220,1,1 -> OnApply,,,C:\Users\Admin\Downloads\myps\data\bin\abilityexport.bin,byte 183800
15,EFFECT_BUFF,16,Farty Squig Sub,212,1,1 -> OnApply,,,C:\Users\Admin\Downloads\myps\data\bin\abilityexport.bin,byte 184027
15,EFFECT_BUFF,17,Bad Breath Sub,212,2,1 -> OnApply,Damage,"A grating squeal that Taunts the enemy, making the enemy hate your pet much more, forcing monsters to attack your pet, and causing the enemy to deal {COM_0_VAL0}% less damage to everyone else other than the Squig for {COM_0_DURA_SECONDS}.",C:\Users\Admin\Downloads\myps\data\strings\english\abilitydesc.txt,line 18
15,EFFECT_BUFF,18,Squig Squeal,12168,1,3 -> OnPreviousComponentApplied,,,C:\Users\Admin\Downloads\myps\data\bin\abilityexport.bin,byte 184448
15,EFFECT_BUFF,18,Squig Squeal,12168,4,3 -> OnPreviousComponentApplied,,,C:\Users\Admin\Downloads\myps\data\bin\abilityexport.bin,byte 184448
15,EFFECT_BUFF,18,Squig Squeal,18344,6,1 -> OnApply,,,C:\Users\Admin\Downloads\myps\data\bin\abilityexport.bin,byte 184448
15,EFFECT_BUFF,18,Squig Squeal,18345,7,1 -> OnApply,,,C:\Users\Admin\Downloads\myps\data\bin\abilityexport.bin,byte 184448
15,EFFECT_BUFF,23,Gun Turret GFXMOD Autoattack Override,2021,6,1 -> OnApply,,,C:\Users\Admin\Downloads\myps\data\bin\abilityexport.bin,byte 185323
15,EFFECT_BUFF,25,High-Explosive Grenade,229,0,1 -> OnApply,Damage,"Launches a grenade packed with explosives at the target, dealing {COM_1_VAL0_CORPOREALDAMAGE} to the victim and all enemies within {COM_1_RADI_FEET} of them.",C:\Users\Admin\Downloads\myps\data\strings\english\abilitydesc.txt,line 26
15,EFFECT_BUFF,27,Flamethrower,1714,1,1 -> OnApply,Damage,"Releases a searing gout of flame, dealing {COM_0_VAL0_DAMAGE} to all targets in front of the Turret up to {COM_0_RADI_FEET} away.",C:\Users\Admin\Downloads\myps\data\strings\english\abilitydesc.txt,line 28
15,EFFECT_BUFF,28,Steam Vent,1570,0,1 -> OnApply,Damage,"Opens the Turret's safety-release valves for up to {COM_0_DURA_SECONDS}, repeatedly dealing  {COM_1_VAL0_CORPOREALDAMAGE} every {COM_0_FREQ_SECONDS} to all targets within {COM_1_RADI_FEET}.",C:\Users\Admin\Downloads\myps\data\strings\english\abilitydesc.txt,line 29
15,EFFECT_BUFF,33,"TEST MOUNT Icon, can delete",1902,0,1 -> OnApply,,,C:\Users\Admin\Downloads\myps\data\bin\abilityexport.bin,byte 187329
15,EFFECT_BUFF,34,Bite,241,0,1 -> OnApply,,,C:\Users\Admin\Downloads\myps\data\bin\abilityexport.bin,byte 187523
15,EFFECT_BUFF,37,Lion's Roar,3233,0,1 -> OnApply,,,C:\Users\Admin\Downloads\myps\data\bin\abilityexport.bin,byte 187911
15,EFFECT_BUFF,37,Lion's Roar,212,2,8 -> OnPreviousComponentBuffTick,,,C:\Users\Admin\Downloads\myps\data\bin\abilityexport.bin,byte 187911
15,EFFECT_BUFF,44,Demonic Fire,212,2,1 -> OnApply,Damage,"Your Lion roars and taunts an enemy, making the enemy hate your pet much more, forcing monsters to target your pet,  and causing the enemy to deal {COM_0_VAL0}% less damage to everyone else other than your Lion for {COM_0_DURA_SECONDS}.",C:\Users\Admin\Downloads\myps\data\strings\english\abilitydesc.txt,line 45
15,EFFECT_BUFF,56,Going For Broke,212,1,1 -> OnApply,Damage,Your Blue Horror spews out a cone of daemonic energy that inflicts {COM_0_VAL0_SPIRITDAMAGE} to targets up to {COM_0_RADI_FEET} in front of Horror.,C:\Users\Admin\Downloads\myps\data\strings\english\abilitydesc.txt,line 57
15,EFFECT_BUFF,57,Cheap Kick,9794,0,1 -> OnApply,Damage,Your Blue Horror releases a field of energy dealing {COM_1_VAL0_ELEMENTALDAMAGE} every second to all targets within {COM_1_RADI_FEET} for {COM_0_DURA_SECONDS}.,C:\Users\Admin\Downloads\myps\data\strings\english\abilitydesc.txt,line 58
15,EFFECT_BUFF,57,Cheap Kick,212,2,1 -> OnApply,Damage,Your Blue Horror releases a field of energy dealing {COM_1_VAL0_ELEMENTALDAMAGE} every second to all targets within {COM_1_RADI_FEET} for {COM_0_DURA_SECONDS}.,C:\Users\Admin\Downloads\myps\data\strings\english\abilitydesc.txt,line 58
15,EFFECT_BUFF,58,Shield Spikes,9722,0,1 -> OnApply,Damage,Your Flamer focuses two gouts of flame on it's target dealing {COM_1_VAL0_SPIRITDAMAGE} every {COM_0_FREQ_SECONDS} for {COM_0_DURA_SECONDS}.,C:\Users\Admin\Downloads\myps\data\strings\english\abilitydesc.txt,line 59
15,EFFECT_BUFF,60,Warped Claw,212,1,1 -> OnApply,Damage,"Your Firewyrm slashes across all those it's it's path, dealing {COM_0_VAL0_ELEMENTALDAMAGE} to all targets within {COM_0_RADI_FEET} in front the Firewyrm.",C:\Users\Admin\Downloads\myps\data\strings\english\abilitydesc.txt,line 61
15,EFFECT_BUFF,61,Demonic Fire,212,1,1 -> OnApply,Damage,"Your Firewyrm spews fourth a great wave of chaos, dealing {COM_0_VAL0_ELEMENTALDAMAGE} to all targets within {COM_0_RADI_FEET}.",C:\Users\Admin\Downloads\myps\data\strings\english\abilitydesc.txt,line 62
15,EFFECT_BUFF,65,Flame Of Tzeentch,212,1,1 -> OnApply,,Strength Buff,C:\Users\Admin\Downloads\myps\data\strings\english\abilitydesc.txt,line 66
15,EFFECT_BUFF,66,Flames Of Change,212,1,1 -> OnApply,,,C:\Users\Admin\Downloads\myps\data\bin\abilityexport.bin,byte 192121
15,EFFECT_BUFF,67,QA TEST,212,1,1 -> OnApply,,Resist Buff,C:\Users\Admin\Downloads\myps\data\strings\english\abilitydesc.txt,line 68
15,EFFECT_BUFF,68,RVR Chicken Debuff,212,1,1 -> OnApply,,HoT,C:\Users\Admin\Downloads\myps\data\strings\english\abilitydesc.txt,line 69
15,EFFECT_BUFF,70,Brute Force,1364,0,1 -> OnApply,,,C:\Users\Admin\Downloads\myps\data\bin\abilityexport.bin,byte 192703
15,EFFECT_BUFF,71,Weapon Expertise,239,0,1 -> OnApply,,,C:\Users\Admin\Downloads\myps\data\bin\abilityexport.bin,byte 192897
15,EFFECT_BUFF,81,Machine Gun,220,1,1 -> OnApply,,,C:\Users\Admin\Downloads\myps\data\bin\abilityexport.bin,byte 193673
15,EFFECT_BUFF,86,VFX Anim Bug TEST for Nate,212,1,6 -> OnEventTriggered,,,C:\Users\Admin\Downloads\myps\data\bin\abilityexport.bin,byte 194449
15,EFFECT_BUFF,88,Death Effect Icon,212,0,1 -> OnApply,,,C:\Users\Admin\Downloads\myps\data\bin\abilityexport.bin,byte 194837
15,EFFECT_BUFF,122,Claw Sweep,212,1,1 -> OnApply,Root,AE Root,C:\Users\Admin\Downloads\myps\data\strings\english\abilitydesc.txt,line 123
15,EFFECT_BUFF,136,Aggressive Focus,223,1,1 -> OnApply,,,C:\Users\Admin\Downloads\myps\data\bin\abilityexport.bin,byte 202209
15,EFFECT_BUFF,139,Sun Fire Breath,223,1,1 -> OnApply,,,C:\Users\Admin\Downloads\myps\data\bin\abilityexport.bin,byte 202791
15,EFFECT_BUFF,144,Poisoned Spine,212,2,1 -> OnApply,,You've been knocked down,C:\Users\Admin\Downloads\myps\data\strings\english\abilitydesc.txt,line 145
15,EFFECT_BUFF,157,Immaculate Defense,580,0,1 -> OnApply,,,C:\Users\Admin\Downloads\myps\data\bin\abilityexport.bin,byte 205313
15,EFFECT_BUFF,173,Frenzied Slaughter,483,0,1 -> OnApply,,,C:\Users\Admin\Downloads\myps\data\bin\abilityexport.bin,byte 208417
15,EFFECT_BUFF,184,Rupture Organ,494,0,1 -> OnApply,,,C:\Users\Admin\Downloads\myps\data\bin\abilityexport.bin,byte 210551
15,EFFECT_BUFF,207,Iron Body,239,0,1 -> OnApply,,,C:\Users\Admin\Downloads\myps\data\bin\abilityexport.bin,byte 214819
15,EFFECT_BUFF,208,TEST - 120u Ground Decal,239,0,1 -> OnApply,,,C:\Users\Admin\Downloads\myps\data\bin\abilityexport.bin,byte 215013
15,EFFECT_BUFF,210,Siphon Power,239,0,1 -> OnApply,,,C:\Users\Admin\Downloads\myps\data\bin\abilityexport.bin,byte 215207
15,EFFECT_BUFF,211,Mage Bolt,239,0,1 -> OnApply,,,C:\Users\Admin\Downloads\myps\data\bin\abilityexport.bin,byte 215401
15,EFFECT_BUFF,212,Scintillating Energy,239,0,1 -> OnApply,,,C:\Users\Admin\Downloads\myps\data\bin\abilityexport.bin,byte 215595
15,EFFECT_BUFF,213,Unleash The Winds,239,0,1 -> OnApply,,,C:\Users\Admin\Downloads\myps\data\bin\abilityexport.bin,byte 215789
13,EVENT_LISTENER,1,Ard Noggin,3284,1,3 -> OnPreviousComponentApplied,Damage,A powerful attack that deals {COM_0_VAL0_DAMAGE} and reduces the threat generated by your pet's next attack.,C:\Users\Admin\Downloads\myps\data\strings\english\abilitydesc.txt,line 2
13,EVENT_LISTENER,153,AT Stun AOE,753,0,1 -> OnApply,,,C:\Users\Admin\Downloads\myps\data\bin\abilityexport.bin,byte 204537
13,EVENT_LISTENER,154,Distracting Below,753,0,1 -> OnApply,,,C:\Users\Admin\Downloads\myps\data\bin\abilityexport.bin,byte 204731
13,EVENT_LISTENER,155,Shield Wall,753,0,1 -> OnApply,,,C:\Users\Admin\Downloads\myps\data\bin\abilityexport.bin,byte 204925
13,EVENT_LISTENER,188,Defense Event test,2023,0,1 -> OnApply,,,C:\Users\Admin\Downloads\myps\data\bin\abilityexport.bin,byte 211327
13,EVENT_LISTENER,225,Debilitation,1356,0,1 -> OnApply,,Aura of Devotion Aura test.,C:\Users\Admin\Downloads\myps\data\strings\english\abilitydesc.txt,line 226
13,EVENT_LISTENER,231,Event Fire Test,8326,0,1 -> OnApply,,,C:\Users\Admin\Downloads\myps\data\bin\abilityexport.bin,byte 218831
13,EVENT_LISTENER,233,New AE Taunt,398,4,3 -> OnPreviousComponentApplied,,,C:\Users\Admin\Downloads\myps\data\bin\abilityexport.bin,byte 219219
13,EVENT_LISTENER,240,Word of Command,1210,1,1 -> OnApply,,"You charge into the thick of battle, increasing your run speed by {COM_0_VAL0}% for {COM_0_DURA_SECONDS}.  If you use any abilities, this effect will immediately end.",C:\Users\Admin\Downloads\myps\data\strings\english\abilitydesc.txt,line 241
13,EVENT_LISTENER,240,Word of Command,1968,4,1 -> OnApply,,"You charge into the thick of battle, increasing your run speed by {COM_0_VAL0}% for {COM_0_DURA_SECONDS}.  If you use any abilities, this effect will immediately end.",C:\Users\Admin\Downloads\myps\data\strings\english\abilitydesc.txt,line 241
13,EVENT_LISTENER,251,Stubbornness,501,0,1 -> OnApply,,"You will build Grudge when attacked, and some of your abilities will become more powerful as your Grudges increase.  If you are not attacked for 30 seconds, you will begin to lose your Grudges.",C:\Users\Admin\Downloads\myps\data\strings\english\abilitydesc.txt,line 252
13,EVENT_LISTENER,260,Scathe,1990,0,1 -> OnApply,,You are building a combo!,C:\Users\Admin\Downloads\myps\data\strings\english\abilitydesc.txt,line 261
13,EVENT_LISTENER,260,Scathe,3106,2,1 -> OnApply,,You are building a combo!,C:\Users\Admin\Downloads\myps\data\strings\english\abilitydesc.txt,line 261
13,EVENT_LISTENER,263,Caustic Torrent,1891,0,1 -> OnApply,,,C:\Users\Admin\Downloads\myps\data\bin\abilityexport.bin,byte 223941
13,EVENT_LISTENER,269,Convalesce,8388,0,1 -> OnApply,,,C:\Users\Admin\Downloads\myps\data\bin\abilityexport.bin,byte 224911
13,EVENT_LISTENER,269,Convalesce,8392,2,1 -> OnApply,,,C:\Users\Admin\Downloads\myps\data\bin\abilityexport.bin,byte 224911
13,EVENT_LISTENER,269,Convalesce,8739,4,1 -> OnApply,,,C:\Users\Admin\Downloads\myps\data\bin\abilityexport.bin,byte 224911
13,EVENT_LISTENER,273,Tough As Sumfink Wot's Really Tough,11002,0,1 -> OnApply,,,C:\Users\Admin\Downloads\myps\data\bin\abilityexport.bin,byte 225687
13,EVENT_LISTENER,273,Tough As Sumfink Wot's Really Tough,11006,2,1 -> OnApply,,,C:\Users\Admin\Downloads\myps\data\bin\abilityexport.bin,byte 225687
13,EVENT_LISTENER,273,Tough As Sumfink Wot's Really Tough,12034,4,1 -> OnApply,,,C:\Users\Admin\Downloads\myps\data\bin\abilityexport.bin,byte 225687
13,EVENT_LISTENER,278,Shield of Piety,12305,0,1 -> OnApply,,,C:\Users\Admin\Downloads\myps\data\bin\abilityexport.bin,byte 226657
13,EVENT_LISTENER,278,Shield of Piety,12477,2,1 -> OnApply,,,C:\Users\Admin\Downloads\myps\data\bin\abilityexport.bin,byte 226657
13,EVENT_LISTENER,283,Incite Torment,11350,0,1 -> OnApply,,,C:\Users\Admin\Downloads\myps\data\bin\abilityexport.bin,byte 227433
13,EVENT_LISTENER,295,Whazat behind you?!,11549,0,1 -> OnApply,,,C:\Users\Admin\Downloads\myps\data\bin\abilityexport.bin,byte 229567
13,EVENT_LISTENER,295,Whazat behind you?!,11555,2,1 -> OnApply,,,C:\Users\Admin\Downloads\myps\data\bin\abilityexport.bin,byte 229567
13,EVENT_LISTENER,333,Backlash,12061,0,1 -> OnApply,,,C:\Users\Admin\Downloads\myps\data\bin\abilityexport.bin,byte 236939
13,EVENT_LISTENER,400,Slam,338,0,1 -> OnApply,,,C:\Users\Admin\Downloads\myps\data\bin\abilityexport.bin,byte 246833
13,EVENT_LISTENER,410,Enhanced Endurance,398,4,3 -> OnPreviousComponentApplied,,,C:\Users\Admin\Downloads\myps\data\bin\abilityexport.bin,byte 248773
13,EVENT_LISTENER,468,Squig Herder's Badge,3032,3,1 -> OnApply,,,C:\Users\Admin\Downloads\myps\data\bin\abilityexport.bin,byte 257614
13,EVENT_LISTENER,473,Marauder's Badge,1209,1,1 -> OnApply,,,C:\Users\Admin\Downloads\myps\data\bin\abilityexport.bin,byte 258390
13,EVENT_LISTENER,475,Magus's Badge,1360,1,1 -> OnApply,,,C:\Users\Admin\Downloads\myps\data\bin\abilityexport.bin,byte 258584
13,EVENT_LISTENER,476,Zealot's Badge,1360,1,1 -> OnApply,,,C:\Users\Admin\Downloads\myps\data\bin\abilityexport.bin,byte 258778
13,EVENT_LISTENER,477,Glory,1360,1,1 -> OnApply,,,C:\Users\Admin\Downloads\myps\data\bin\abilityexport.bin,byte 258972
13,EVENT_LISTENER,478,Seething,1360,1,1 -> OnApply,,,C:\Users\Admin\Downloads\myps\data\bin\abilityexport.bin,byte 259166
13,EVENT_LISTENER,482,Fire Brew,12088,3,1 -> OnApply,,,C:\Users\Admin\Downloads\myps\data\bin\abilityexport.bin,byte 259748
13,EVENT_LISTENER,486,Chuffinbrau Ale,1209,1,1 -> OnApply,,,C:\Users\Admin\Downloads\myps\data\bin\abilityexport.bin,byte 260330
13,EVENT_LISTENER,490,Isha's Balance,1336,2,1 -> OnApply,,,C:\Users\Admin\Downloads\myps\data\bin\abilityexport.bin,byte 260912
13,EVENT_LISTENER,490,Isha's Balance,406,5,1 -> OnApply,,,C:\Users\Admin\Downloads\myps\data\bin\abilityexport.bin,byte 260912
13,EVENT_LISTENER,491,Khaine's Torment,9629,0,1 -> OnApply,,,C:\Users\Admin\Downloads\myps\data\bin\abilityexport.bin,byte 261106
13,EVENT_LISTENER,507,Adventure's Handbook,777,0,1 -> OnApply,Damage,"Any time an enemy parries your attacks, you will strike them for low damage which they can not prevent.  Requires a Greatweapon.",C:\Users\Admin\Downloads\myps\data\strings\english\abilitydesc.txt,line 508
13,EVENT_LISTENER,508,Signet of Cursed Company,778,0,1 -> OnApply,Damage,"Each time you block an enemy's attack, low damage is dealt back to them.",C:\Users\Admin\Downloads\myps\data\strings\english\abilitydesc.txt,line 509
13,EVENT_LISTENER,525,Last Upholder - Damage,770,0,1 -> OnApply,,All of your attacks will cause your enemy to hate you 5% less than normal.  This has no effect on enemy players.,C:\Users\Admin\Downloads\myps\data\strings\english\abilitydesc.txt,line 526
13,EVENT_LISTENER,526,Last Upholder - Damage Over Time,1149,0,1 -> OnApply,Damage,"Any time you critically hit an enemy they will begin to bleed, suffering additional {COM_1_VAL0_COM_0_VAL0_TOD} Corporeal damage over {COM_1_VAL0_COM_0_DURA_SECONDS}.",C:\Users\Admin\Downloads\myps\data\strings\english\abilitydesc.txt,line 527
13,EVENT_LISTENER,528,Call of the Dark Gods,797,0,1 -> OnApply,Damage,"Each time you parry an enemy's attack, you will strike them back for {COM_1_VAL0_DAMAGE} which they can not prevent.",C:\Users\Admin\Downloads\myps\data\strings\english\abilitydesc.txt,line 529
13,EVENT_LISTENER,529,Call of the North,798,0,1 -> OnApply,Damage,"Any time an enemy blocks your attacks, you will strike them for low damage which they can not prevent.",C:\Users\Admin\Downloads\myps\data\strings\english\abilitydesc.txt,line 530
13,EVENT_LISTENER,546,Challenge,770,0,1 -> OnApply,,All of your attacks will cause your enemy to hate you 5% less than normal. This has no effect on enemy players.,C:\Users\Admin\Downloads\myps\data\strings\english\abilitydesc.txt,line 547
13,EVENT_LISTENER,547,Shield Of Reprisal,775,0,1 -> OnApply,Snare,"Any time you critically hit an enemy they will become snared, reducing their run speed by {COM_1_VAL0}% for {COM_1_DURA_SECONDS}.",C:\Users\Admin\Downloads\myps\data\strings\english\abilitydesc.txt,line 548
13,EVENT_LISTENER,549,Stone Breaker,17953,0,1 -> OnApply,,"If an enemy dodges any of your attacks, you will regain {COM_1_VAL0_ACTIONPOINTS}.<BR>This effect will not trigger more than once every 3 seconds.",C:\Users\Admin\Downloads\myps\data\strings\english\abilitydesc.txt,line 550
28,GRANTED_ABILITY,1511,Burn Away Lies,3259,1,3 -> OnPreviousComponentApplied,Damage,"You construct a turret with a self-aiming gun which will fire at distant enemies. The turret gains 75% of your Ballistic Skill and Weapon Skill from item bonuses and 50% of your Wounds from item bonuses. While you are within {ABIL_1069_COM_1_RADI_FEET} of the turret you will scavenge extra parts from the turret to create improvised upgrades for your weapons, increasing your damage by {ABIL_1070_COM_0_VAL0}% every {ABIL_1069_COM_0_FREQ_SECONDS} to a maximum of {ABIL_1070_COM_0_VAL1}%.",C:\Users\Admin\Downloads\myps\data\strings\english\abilitydesc.txt,line 1512
28,GRANTED_ABILITY,1511,Burn Away Lies,3260,2,3 -> OnPreviousComponentApplied,Damage,"You construct a turret with a self-aiming gun which will fire at distant enemies. The turret gains 75% of your Ballistic Skill and Weapon Skill from item bonuses and 50% of your Wounds from item bonuses. While you are within {ABIL_1069_COM_1_RADI_FEET} of the turret you will scavenge extra parts from the turret to create improvised upgrades for your weapons, increasing your damage by {ABIL_1070_COM_0_VAL0}% every {ABIL_1069_COM_0_FREQ_SECONDS} to a maximum of {ABIL_1070_COM_0_VAL1}%.",C:\Users\Admin\Downloads\myps\data\strings\english\abilitydesc.txt,line 1512
28,GRANTED_ABILITY,1518,Penetrating Barbs,3261,1,3 -> OnPreviousComponentApplied,Damage,"You construct a turret with an auto-firing grenade launcher which will attack enemies at a moderate range.  The turret gains 100% of your Ballistic Skill, 30% of your Weapon Skill, and 70% of your Wounds from item bonuses. While you are within {ABIL_1069_COM_1_RADI_FEET} of the turret you will scavenge extra parts from the turret to create improvised upgrades for your weapons, increasing your damage by {ABIL_1070_COM_0_VAL0}% every {ABIL_1069_COM_0_FREQ_SECONDS} to a maximum of {ABIL_1070_COM_0_VAL1}%.",C:\Users\Admin\Downloads\myps\data\strings\english\abilitydesc.txt,line 1519
28,GRANTED_ABILITY,1518,Penetrating Barbs,3262,2,3 -> OnPreviousComponentApplied,Damage,"You construct a turret with an auto-firing grenade launcher which will attack enemies at a moderate range.  The turret gains 100% of your Ballistic Skill, 30% of your Weapon Skill, and 70% of your Wounds from item bonuses. While you are within {ABIL_1069_COM_1_RADI_FEET} of the turret you will scavenge extra parts from the turret to create improvised upgrades for your weapons, increasing your damage by {ABIL_1070_COM_0_VAL0}% every {ABIL_1069_COM_0_FREQ_SECONDS} to a maximum of {ABIL_1070_COM_0_VAL1}%.",C:\Users\Admin\Downloads\myps\data\strings\english\abilitydesc.txt,line 1519
28,GRANTED_ABILITY,1526,Sanctified Bullets,3263,1,3 -> OnPreviousComponentApplied,Damage,"You construct a turret with a self-firing flamethrower which will attack enemies at close range.  The turret gains 100% of your Ballistic Skill, 10% of your Weapon Skill, and 90% of your Wounds from item bonuses. While you are within {ABIL_1069_COM_1_RADI_FEET} of the turret you will scavenge extra parts from the turret to create improvised upgrades for your weapons, increasing your damage by {ABIL_1070_COM_0_VAL0}% every {ABIL_1069_COM_0_FREQ_SECONDS} to a maximum of {ABIL_1070_COM_0_VAL1}%.",C:\Users\Admin\Downloads\myps\data\strings\english\abilitydesc.txt,line 1527
28,GRANTED_ABILITY,1526,Sanctified Bullets,3264,2,3 -> OnPreviousComponentApplied,Damage,"You construct a turret with a self-firing flamethrower which will attack enemies at close range.  The turret gains 100% of your Ballistic Skill, 10% of your Weapon Skill, and 90% of your Wounds from item bonuses. While you are within {ABIL_1069_COM_1_RADI_FEET} of the turret you will scavenge extra parts from the turret to create improvised upgrades for your weapons, increasing your damage by {ABIL_1070_COM_0_VAL0}% every {ABIL_1069_COM_0_FREQ_SECONDS} to a maximum of {ABIL_1070_COM_0_VAL1}%.",C:\Users\Admin\Downloads\myps\data\strings\english\abilitydesc.txt,line 1527
28,GRANTED_ABILITY,1588,Flashfire,1741,1,3 -> OnPreviousComponentApplied,Damage,"Increases targeted group member's Resists by {COM_0_VAL0} for 1 hour. The rune holder may activate it to inflict {ABIL_3868_COM_0_VAL0_TOD_ELEMENTALDAMAGE} over {ABIL_3868_COM_0_DURA_SECONDS} to all targets within {ABIL_3868_COM_0_RADI_FEET}.<BR>You may only give a player one Oath Rune, but players may bear multiple Oath Runes of different types at the same time.",C:\Users\Admin\Downloads\myps\data\strings\english\abilitydesc.txt,line 1589
28,GRANTED_ABILITY,1591,Distracting Fires,1742,1,3 -> OnPreviousComponentApplied,Damage,"Increases target group member's Strength, Ballistic Skill, and Intelligence by {COM_0_VAL0} for 1 hour. The rune holder may activate to inflict {ABIL_3869_COM_0_VAL0_ELEMENTALDAMAGE} to a target.<BR>You may only give a player one Oath Rune, but players may bear multiple Oath Runes of different types at the same time.",C:\Users\Admin\Downloads\myps\data\strings\english\abilitydesc.txt,line 1592
28,GRANTED_ABILITY,1600,Smoldering Embers,1743,1,3 -> OnPreviousComponentApplied,Damage,"Increase targeted group member's Initiative and Willpower by {COM_0_VAL0} for 1 hour. The rune holder may activate it to inflict {ABIL_3870_COM_0_VAL0_TOD_ELEMENTALDAMAGE} over {ABIL_3870_COM_0_DURA_SECONDS}.<BR>You may only give a player one Oath Rune, but players may bear multiple Oath Runes of different types at the same time.",C:\Users\Admin\Downloads\myps\data\strings\english\abilitydesc.txt,line 1601
28,GRANTED_ABILITY,1608,Heart Of Fire,1744,3,1 -> OnApply,Heal,"Increases targeted group member's Toughness by {COM_5_VAL0} for 1 hour. The rune holder will then be able to resurrect themselves with 20% health if killed within the next 10 minutes. Doing so will remove the Oath Rune.<BR>You may only give a player one Oath Rune, but players may bear multiple Oath Runes of different types at the same time.",C:\Users\Admin\Downloads\myps\data\strings\english\abilitydesc.txt,line 1609
28,GRANTED_ABILITY,1841,Summon Squig,3320,4,3 -> OnPreviousComponentApplied,,"Summons a basic squig pet which you can order around. This pet is very tough, and can take quite beating.<BR>This pet receives a bonuses to Toughness and Wounds equal to your bonus from items.<BR>This squig generates much more hatred in enemy monsters than normal.<BR>Cooldown will begin when you lose control of your pet for any reason.",C:\Users\Admin\Downloads\myps\data\strings\english\abilitydesc.txt,line 1842
28,GRANTED_ABILITY,1841,Summon Squig,3321,5,3 -> OnPreviousComponentApplied,,"Summons a basic squig pet which you can order around. This pet is very tough, and can take quite beating.<BR>This pet receives a bonuses to Toughness and Wounds equal to your bonus from items.<BR>This squig generates much more hatred in enemy monsters than normal.<BR>Cooldown will begin when you lose control of your pet for any reason.",C:\Users\Admin\Downloads\myps\data\strings\english\abilitydesc.txt,line 1842
28,GRANTED_ABILITY,1842,Horned Squig,3322,4,3 -> OnPreviousComponentApplied,Damage,"Summons a Horned squig pet which you can order around. This pet deals more damage than a basic squig. It is strong against physical attacks, but weak against magic.<BR>This pet receives a bonus to Strength equal to your bonus from items. This pet receives a bonus to Toughness and Wounds that is 50% of your bonus from items.<BR>Your range is increased by {COM_2_VAL1}% as long as this squig is alive.<BR>Cooldown will begin when you lose control of your pet for any reason.",C:\Users\Admin\Downloads\myps\data\strings\english\abilitydesc.txt,line 1843
28,GRANTED_ABILITY,1842,Horned Squig,3323,5,3 -> OnPreviousComponentApplied,Damage,"Summons a Horned squig pet which you can order around. This pet deals more damage than a basic squig. It is strong against physical attacks, but weak against magic.<BR>This pet receives a bonus to Strength equal to your bonus from items. This pet receives a bonus to Toughness and Wounds that is 50% of your bonus from items.<BR>Your range is increased by {COM_2_VAL1}% as long as this squig is alive.<BR>Cooldown will begin when you lose control of your pet for any reason.",C:\Users\Admin\Downloads\myps\data\strings\english\abilitydesc.txt,line 1843
28,GRANTED_ABILITY,1843,Gas Squig,3324,4,3 -> OnPreviousComponentApplied,,"Summons a Gas squig pet which you can order around. This pet attacks from range, but is very weak to attacks.<BR>This pet receives a bonus to Ballistic Skill and Weapon Skill equal to your bonus from items.<BR>Your armor is increased by the amount of armor gained from items as long as your Squig is alive.<BR>Cooldown will begin when you lose control of your pet for any reason.",C:\Users\Admin\Downloads\myps\data\strings\english\abilitydesc.txt,line 1844
28,GRANTED_ABILITY,1843,Gas Squig,3325,5,3 -> OnPreviousComponentApplied,,"Summons a Gas squig pet which you can order around. This pet attacks from range, but is very weak to attacks.<BR>This pet receives a bonus to Ballistic Skill and Weapon Skill equal to your bonus from items.<BR>Your armor is increased by the amount of armor gained from items as long as your Squig is alive.<BR>Cooldown will begin when you lose control of your pet for any reason.",C:\Users\Admin\Downloads\myps\data\strings\english\abilitydesc.txt,line 1844
28,GRANTED_ABILITY,1844,Spiked Squig,3326,4,3 -> OnPreviousComponentApplied,Damage,"Summons a Spiked squig pet which you can order around. This pet attacks from range and has increased damage.<BR>This pet receives a bonus to Ballistic Skill equal to 150% of your bonus from items. This pet receives a bonus to Weapon Skill equal to 50% of your bonus from items.<BR>You gain the ability to autoattack while moving, and your chance to critically hit is increased by {COM_2_VAL1}% as long as this squig is alive.<BR>Cooldown will begin when you lose control of your pet for any reason.",C:\Users\Admin\Downloads\myps\data\strings\english\abilitydesc.txt,line 1845
28,GRANTED_ABILITY,1844,Spiked Squig,3327,5,3 -> OnPreviousComponentApplied,Damage,"Summons a Spiked squig pet which you can order around. This pet attacks from range and has increased damage.<BR>This pet receives a bonus to Ballistic Skill equal to 150% of your bonus from items. This pet receives a bonus to Weapon Skill equal to 50% of your bonus from items.<BR>You gain the ability to autoattack while moving, and your chance to critically hit is increased by {COM_2_VAL1}% as long as this squig is alive.<BR>Cooldown will begin when you lose control of your pet for any reason.",C:\Users\Admin\Downloads\myps\data\strings\english\abilitydesc.txt,line 1845
28,GRANTED_ABILITY,3587,Oil Immunity,1742,0,1 -> OnApply,,,C:\Users\Admin\Downloads\myps\data\bin\abilityexport.bin,byte 101730
28,GRANTED_ABILITY,3951,Guise of Deception,12165,1,3 -> OnPreviousComponentApplied,,,C:\Users\Admin\Downloads\myps\data\bin\abilityexport.bin,byte 171409
28,GRANTED_ABILITY,3951,Guise of Deception,12166,2,3 -> OnPreviousComponentApplied,,,C:\Users\Admin\Downloads\myps\data\bin\abilityexport.bin,byte 171409
28,GRANTED_ABILITY,3951,Guise of Deception,12167,3,3 -> OnPreviousComponentApplied,,,C:\Users\Admin\Downloads\myps\data\bin\abilityexport.bin,byte 171409
28,GRANTED_ABILITY,3954,Trained To Threaten,12162,1,3 -> OnPreviousComponentApplied,,,C:\Users\Admin\Downloads\myps\data\bin\abilityexport.bin,byte 171991
28,GRANTED_ABILITY,3954,Trained To Threaten,12163,2,3 -> OnPreviousComponentApplied,,,C:\Users\Admin\Downloads\myps\data\bin\abilityexport.bin,byte 171991
28,GRANTED_ABILITY,3954,Trained To Threaten,12164,3,3 -> OnPreviousComponentApplied,,,C:\Users\Admin\Downloads\myps\data\bin\abilityexport.bin,byte 171991
28,GRANTED_ABILITY,3955,Trained To Hunt,12159,4,3 -> OnPreviousComponentApplied,,,C:\Users\Admin\Downloads\myps\data\bin\abilityexport.bin,byte 172185
28,GRANTED_ABILITY,3955,Trained To Hunt,12160,5,3 -> OnPreviousComponentApplied,,,C:\Users\Admin\Downloads\myps\data\bin\abilityexport.bin,byte 172185
28,GRANTED_ABILITY,3955,Trained To Hunt,12161,6,3 -> OnPreviousComponentApplied,,,C:\Users\Admin\Downloads\myps\data\bin\abilityexport.bin,byte 172185
28,GRANTED_ABILITY,5495,Whisper of Promise,5523,2,5 -> OnBuffEnded,,,C:\Users\Admin\Downloads\myps\data\bin\abilityexport.bin,byte 1577689
28,GRANTED_ABILITY,5496,Whisper of Promise,5523,2,5 -> OnBuffEnded,,The power of your actions has granted you promise!  Use it to rid someone of their doubt!.,C:\Users\Admin\Downloads\myps\data\strings\english\abilitydesc.txt,line 5497
28,GRANTED_ABILITY,8474,Summon Pink Horror,9761,2,3 -> OnPreviousComponentApplied,Damage,"Summons a daemonic minion who specializes in long range Elemental based attacks. This minion is confined to its summoning circle and cannot move. The daemonic minion gains 100% of your Intelligence from item bonuses and 50% of your Wounds from item bonuses. While you are within {ABIL_1071_COM_1_RADI_FEET} of the turret you will be steadily empowered by its unholy energy, increasing your damage by {ABIL_1072_COM_0_VAL0}% every {ABIL_1071_COM_0_FREQ_SECONDS} to a maximum of {ABIL_1072_COM_0_VAL1}%.",C:\Users\Admin\Downloads\myps\data\strings\english\abilitydesc.txt,line 8475
28,GRANTED_ABILITY,8474,Summon Pink Horror,9762,3,3 -> OnPreviousComponentApplied,Damage,"Summons a daemonic minion who specializes in long range Elemental based attacks. This minion is confined to its summoning circle and cannot move. The daemonic minion gains 100% of your Intelligence from item bonuses and 50% of your Wounds from item bonuses. While you are within {ABIL_1071_COM_1_RADI_FEET} of the turret you will be steadily empowered by its unholy energy, increasing your damage by {ABIL_1072_COM_0_VAL0}% every {ABIL_1071_COM_0_FREQ_SECONDS} to a maximum of {ABIL_1072_COM_0_VAL1}%.",C:\Users\Admin\Downloads\myps\data\strings\english\abilitydesc.txt,line 8475
28,GRANTED_ABILITY,8476,Summon Blue Horror,9763,2,3 -> OnPreviousComponentApplied,Damage,"Summons a daemonic minion who specializes in short range Spiritual and Elemental area of effect attacks. This minion is confined to its summoning circle and cannot move. The daemonic minion gains 50% of your Intelligence from item bonuses and 100% of your Wounds from item bonuses. While you are within {ABIL_1071_COM_1_RADI_FEET} of the turret you will be steadily empowered by its unholy energy, increasing your damage by {ABIL_1072_COM_0_VAL0}% every {ABIL_1071_COM_0_FREQ_SECONDS} to a maximum of {ABIL_1072_COM_0_VAL1}%.",C:\Users\Admin\Downloads\myps\data\strings\english\abilitydesc.txt,line 8477
28,GRANTED_ABILITY,8476,Summon Blue Horror,9764,3,3 -> OnPreviousComponentApplied,Damage,"Summons a daemonic minion who specializes in short range Spiritual and Elemental area of effect attacks. This minion is confined to its summoning circle and cannot move. The daemonic minion gains 50% of your Intelligence from item bonuses and 100% of your Wounds from item bonuses. While you are within {ABIL_1071_COM_1_RADI_FEET} of the turret you will be steadily empowered by its unholy energy, increasing your damage by {ABIL_1072_COM_0_VAL0}% every {ABIL_1071_COM_0_FREQ_SECONDS} to a maximum of {ABIL_1072_COM_0_VAL1}%.",C:\Users\Admin\Downloads\myps\data\strings\english\abilitydesc.txt,line 8477
28,GRANTED_ABILITY,8478,Summon Flamer,9765,2,3 -> OnPreviousComponentApplied,Damage,"Summons a daemonic minion who specializes in powerful moderate range Spiritual attacks. This minion is confined to its summoning circle and cannot move. The daemonic minion gains 75% of your Intelligence from item bonuses and 75% of your Wounds from item bonuses. While you are within {ABIL_1071_COM_1_RADI_FEET} of the turret you will be steadily empowered by its unholy energy, increasing your damage by {ABIL_1072_COM_0_VAL0}% every {ABIL_1071_COM_0_FREQ_SECONDS} to a maximum of {ABIL_1072_COM_0_VAL1}%.",C:\Users\Admin\Downloads\myps\data\strings\english\abilitydesc.txt,line 8479
28,GRANTED_ABILITY,8478,Summon Flamer,9766,3,3 -> OnPreviousComponentApplied,Damage,"Summons a daemonic minion who specializes in powerful moderate range Spiritual attacks. This minion is confined to its summoning circle and cannot move. The daemonic minion gains 75% of your Intelligence from item bonuses and 75% of your Wounds from item bonuses. While you are within {ABIL_1071_COM_1_RADI_FEET} of the turret you will be steadily empowered by its unholy energy, increasing your damage by {ABIL_1072_COM_0_VAL0}% every {ABIL_1071_COM_0_FREQ_SECONDS} to a maximum of {ABIL_1072_COM_0_VAL1}%.",C:\Users\Admin\Downloads\myps\data\strings\english\abilitydesc.txt,line 8479
28,GRANTED_ABILITY,8551,Mark of Daemonic Fury,8099,1,3 -> OnPreviousComponentApplied,Damage,"Increases a groupmember's Strength, Ballistic Skill, and Intelligence by {COM_0_VAL0}.  The bearer of this Mark may also activate it like an ability to inflict {ABIL_3611_COM_0_VAL0_CORPOREALDAMAGE}.<BR>You may only give a player one Mark, but players may bear multiple Marks of different types at the same time.",C:\Users\Admin\Downloads\myps\data\strings\english\abilitydesc.txt,line 8552
28,GRANTED_ABILITY,8556,Mark of the Spell Destroyer,8109,1,3 -> OnPreviousComponentApplied,Damage,"Increases a groupmember's Initiative and Willpower by {COM_0_VAL0}.  The bearer of this Mark may activate it like an ability to inflict {ABIL_3612_COM_0_VAL0_TOD_CORPOREALDAMAGE} over {ABIL_3612_COM_0_DURA_SECONDS}.<BR>You may only give a player one Mark, but players may bear multiple Marks of different types at the same time.",C:\Users\Admin\Downloads\myps\data\strings\english\abilitydesc.txt,line 8557
28,GRANTED_ABILITY,8560,Mark of the Vortex,8118,1,3 -> OnPreviousComponentApplied,Damage,"Increases all your groupmember's resistances by {COM_0_VAL0}.  The bearer of this Mark may activate it to inflict {ABIL_3613_COM_0_VAL0_TOD_CORPOREALDAMAGE} over {ABIL_3613_COM_0_DURA_SECONDS} to all targets within  {ABIL_3613_COM_0_RADI_FEET}. <BR>You may only give a player one Mark, but players may bear multiple Marks of different types at the same time.",C:\Users\Admin\Downloads\myps\data\strings\english\abilitydesc.txt,line 8561
28,GRANTED_ABILITY,8560,Mark of the Vortex,9159,2,1 -> OnApply,Damage,"Increases all your groupmember's resistances by {COM_0_VAL0}.  The bearer of this Mark may activate it to inflict {ABIL_3613_COM_0_VAL0_TOD_CORPOREALDAMAGE} over {ABIL_3613_COM_0_DURA_SECONDS} to all targets within  {ABIL_3613_COM_0_RADI_FEET}. <BR>You may only give a player one Mark, but players may bear multiple Marks of different types at the same time.",C:\Users\Admin\Downloads\myps\data\strings\english\abilitydesc.txt,line 8561
28,GRANTED_ABILITY,8567,Mark of Remaking,9055,3,1 -> OnApply,,"The groupmember bearing this Mark can resurrect themselves if killed in the next 10 minutes. In addition, the bearer's Toughness is increased by {COM_5_VAL0} for 1 hour.<BR>You may only give a player one Mark, but players may bear multiple Marks of different types at the same time.",C:\Users\Admin\Downloads\myps\data\strings\english\abilitydesc.txt,line 8568
28,GRANTED_ABILITY,9162,Trained To Kill,12158,3,1 -> OnApply,Damage,"You train your pet to fight ferociously, increasing its Strength and Weapon Skill by your Strength and Weapon Skill gained from items and increasing your Toughness by {COM_2_VAL0}.<BR><BR>Your War Lion will gain the ability to strike its enemies with a powerful mauling attack, the ability to attack its target repeatedly, and the ability to deal damage over time.",C:\Users\Admin\Downloads\myps\data\strings\english\abilitydesc.txt,line 9163
28,GRANTED_ABILITY,9168,Trained To Threaten,12179,3,1 -> OnApply,Snare,"You train your pet to behave menacingly, increasing its Toughness and Wounds by your Toughness and Wounds gained from items and increasing your chance to critically hit by {COM_2_VAL1}% as long as you are at your target's sides or back.<BR><BR>Your War Lion will gain the ability to threaten its enemies, the ability to reduce a foe's armor, and the ability to snare its enemies.",C:\Users\Admin\Downloads\myps\data\strings\english\abilitydesc.txt,line 9169
28,GRANTED_ABILITY,9172,Trained To Hunt,12188,3,1 -> OnApply,Damage,"You train your pet to hunt with you, increasing its Strength, Toughness, Wounds, and Weapon Skill by 50% of your bonus gained from items.  Any time either you or your War Lion strikes an enemy, there is a 10% chance that you will deal an additional {COM_4_VAL0_COM_0_VAL0_TOD_DAMAGE} over {COM_4_VAL0_COM_0_DURA_SECONDS}.<BR><BR>Your War Lion will gain the ability to bite its enemies, the ability to claw at multiple foes, and the ability to reduce several enemies' autoattack speeds.",C:\Users\Admin\Downloads\myps\data\strings\english\abilitydesc.txt,line 9173
28,GRANTED_ABILITY,10326,Empowered Runes GIAB,10002,0,1 -> OnApply,,Gain ability: Empowered Rune,C:\Users\Admin\Downloads\myps\data\strings\english\abilitydesc.txt,line 10327
28,GRANTED_ABILITY,10327,Restraining Shot GIAB,10003,0,1 -> OnApply,,Gain ability: Restraining Shot,C:\Users\Admin\Downloads\myps\data\strings\english\abilitydesc.txt,line 10328
28,GRANTED_ABILITY,10328,Enough! GIAB,10004,0,1 -> OnApply,,Gain ability: Enough!,C:\Users\Admin\Downloads\myps\data\strings\english\abilitydesc.txt,line 10329
28,GRANTED_ABILITY,10329,Righteous Faith GIAB,10005,0,1 -> OnApply,,Gain ability: Righteous Faith,C:\Users\Admin\Downloads\myps\data\strings\english\abilitydesc.txt,line 10330
7,HATE,17,Bad Breath Sub,266,1,3 -> OnPreviousComponentApplied,Damage,"A grating squeal that Taunts the enemy, making the enemy hate your pet much more, forcing monsters to attack your pet, and causing the enemy to deal {COM_0_VAL0}% less damage to everyone else other than the Squig for {COM_0_DURA_SECONDS}.",C:\Users\Admin\Downloads\myps\data\strings\english\abilitydesc.txt,line 18
7,HATE,44,Demonic Fire,266,1,3 -> OnPreviousComponentApplied,Damage,"Your Lion roars and taunts an enemy, making the enemy hate your pet much more, forcing monsters to target your pet,  and causing the enemy to deal {COM_0_VAL0}% less damage to everyone else other than your Lion for {COM_0_DURA_SECONDS}.",C:\Users\Admin\Downloads\myps\data\strings\english\abilitydesc.txt,line 45
7,HATE,525,Last Upholder - Damage,783,1,6 -> OnEventTriggered,,All of your attacks will cause your enemy to hate you 5% less than normal.  This has no effect on enemy players.,C:\Users\Admin\Downloads\myps\data\strings\english\abilitydesc.txt,line 526
7,HATE,546,Challenge,783,1,6 -> OnEventTriggered,,All of your attacks will cause your enemy to hate you 5% less than normal. This has no effect on enemy players.,C:\Users\Admin\Downloads\myps\data\strings\english\abilitydesc.txt,line 547
7,HATE,1008,Enguage,413,5,6 -> OnEventTriggered,,Your pet is dead,C:\Users\Admin\Downloads\myps\data\strings\english\abilityeffect.txt,line 1009
7,HATE,1355,Shrug it off,1223,1,3 -> OnPreviousComponentApplied,Damage,"A vicious attack that deals {COM_0_VAL0_DAMAGE}, and causes monsters to hate you much more than normal.",C:\Users\Admin\Downloads\myps\data\strings\english\abilitydesc.txt,line 1356
7,HATE,1360,Scuse me!,430,7,1 -> OnApply,Damage,"You enrage your opponent, interrupting any currently building abilities and forcing monsters to attack you. While taunted your opponent will take {COM_3_VAL0}% more damage from your attacks. This effect will fade after {COM_2_DURA_SECONDS} or after your opponent has hit you 3 times.",C:\Users\Admin\Downloads\myps\data\strings\english\abilitydesc.txt,line 1361
7,HATE,1363,Guard,413,5,6 -> OnEventTriggered,Damage,"You defend one of your groupmates and try to take attacks meant for them.  As long as you are within 30 feet of them, any damage that they suffer will be split evenly between the two of you, and {COM_1_VAL1}% of all hate that they cause will be redirected to you.",C:\Users\Admin\Downloads\myps\data\strings\english\abilitydesc.txt,line 1364
7,HATE,1393,Long-Held Grudge,3128,1,6 -> OnEventTriggered,,All of your damaging attacks will cause additional hate based on Grudge.<BR> At 25 Grudges: Adds an additional {COM_1_VAL0} threat.<BR> At 50 Grudges: Adds an additional {COM_2_VAL0} threat.<BR> At 75 Grudges: Adds an additional {COM_3_VAL0} threat.<BR> At 100 Grudges:  Adds an additional {COM_4_VAL0} threat.<BR>,C:\Users\Admin\Downloads\myps\data\strings\english\abilitydesc.txt,line 1394
7,HATE,1393,Long-Held Grudge,3129,2,6 -> OnEventTriggered,,All of your damaging attacks will cause additional hate based on Grudge.<BR> At 25 Grudges: Adds an additional {COM_1_VAL0} threat.<BR> At 50 Grudges: Adds an additional {COM_2_VAL0} threat.<BR> At 75 Grudges: Adds an additional {COM_3_VAL0} threat.<BR> At 100 Grudges:  Adds an additional {COM_4_VAL0} threat.<BR>,C:\Users\Admin\Downloads\myps\data\strings\english\abilitydesc.txt,line 1394
7,HATE,1393,Long-Held Grudge,3130,3,6 -> OnEventTriggered,,All of your damaging attacks will cause additional hate based on Grudge.<BR> At 25 Grudges: Adds an additional {COM_1_VAL0} threat.<BR> At 50 Grudges: Adds an additional {COM_2_VAL0} threat.<BR> At 75 Grudges: Adds an additional {COM_3_VAL0} threat.<BR> At 100 Grudges:  Adds an additional {COM_4_VAL0} threat.<BR>,C:\Users\Admin\Downloads\myps\data\strings\english\abilitydesc.txt,line 1394
7,HATE,1393,Long-Held Grudge,3131,4,6 -> OnEventTriggered,,All of your damaging attacks will cause additional hate based on Grudge.<BR> At 25 Grudges: Adds an additional {COM_1_VAL0} threat.<BR> At 50 Grudges: Adds an additional {COM_2_VAL0} threat.<BR> At 75 Grudges: Adds an additional {COM_3_VAL0} threat.<BR> At 100 Grudges:  Adds an additional {COM_4_VAL0} threat.<BR>,C:\Users\Admin\Downloads\myps\data\strings\english\abilitydesc.txt,line 1394
7,HATE,1441,Runefang,285,1,3 -> OnPreviousComponentApplied,Damage,"All enemies within {COM_0_RADI_FEET} are detaunted, making them hate you less and reducing the damage they deal against you to 50% for {COM_0_DURA_SECONDS}.  During this time, all of your attacks will cause enemies to hate you 25% less than normal. If you attack anyone you have detaunted, the effect will immediately end.",C:\Users\Admin\Downloads\myps\data\strings\english\abilitydesc.txt,line 1442
7,HATE,1516,Flowing Accusations,290,1,3 -> OnPreviousComponentApplied,Damage,"You Detaunt your target, making them hate you less and causing them to deal {COM_0_VAL0}% damage to you for {COM_0_DURA_SECONDS}. If you attack anyone that you have Detaunted, the effect will immediately end.",C:\Users\Admin\Downloads\myps\data\strings\english\abilitydesc.txt,line 1517
7,HATE,1595,;Bright Wizard Spec Tactics,290,1,3 -> OnPreviousComponentApplied,,"Detaunts targets attack power to {COM_0_VAL0}% for {COM_0_DURA_SECONDS}. If you attack anyone that you have Detaunted, the effect will immediately end.",C:\Users\Admin\Downloads\myps\data\strings\english\abilitydesc.txt,line 1596
7,HATE,1664,Clobber,1223,1,3 -> OnPreviousComponentApplied,Damage,"Slashes for {COM_0_VAL0_DAMAGE}, and generates extra hate against monsters.",C:\Users\Admin\Downloads\myps\data\strings\english\abilitydesc.txt,line 1665
7,HATE,1671,Fueled Fury,430,7,1 -> OnApply,Damage,"You enrage your opponent, interrupting any currently building abilities and forcing monsters to attack you. While taunted your opponent will take {COM_3_VAL0}% more damage from your attacks. This effect will fade after {COM_2_DURA_SECONDS} or after your opponent has hit you 3 times.",C:\Users\Admin\Downloads\myps\data\strings\english\abilitydesc.txt,line 1672
7,HATE,1674,Save Da Runts,413,5,6 -> OnEventTriggered,Damage,"You defend one of your groupmates and try to take attacks meant for them. As long as you are within 30 feet of them, any damage that they suffer and all hate that they cause will be split evenly between the two of you.",C:\Users\Admin\Downloads\myps\data\strings\english\abilitydesc.txt,line 1675
7,HATE,1753,Siphoned Energy,285,1,3 -> OnPreviousComponentApplied,Damage,"All enemies within {COM_0_RADI_FEET} are detaunted, making them hate you less and reducing the damage they deal against you to {COM_0_VAL0}% for {COM_0_DURA_SECONDS}.  During this time, all of your attacks will cause enemies to hate you 25% less than normal. If you attack anyone you have detaunted, the effect will immediately end.",C:\Users\Admin\Downloads\myps\data\strings\english\abilitydesc.txt,line 1754
7,HATE,1827,Insane Whispers,290,1,3 -> OnPreviousComponentApplied,Damage,"You Detaunt your target, making them hate you less and causing them to deal {COM_0_VAL0}% damage to you for {COM_0_DURA_SECONDS}.  If you attack anyone that you have Detaunted, the effect will immediately end.",C:\Users\Admin\Downloads\myps\data\strings\english\abilitydesc.txt,line 1828
7,HATE,1915,Big 5,290,1,3 -> OnPreviousComponentApplied,Damage,"Your chance to disrupt attacks is increased by {COM_2_VAL0_COM_0_VAL0}%, and you Detaunt all enemies within {COM_0_RADI_FEET} for {COM_0_DURA_SECONDS}, making them hate you less and causing them to deal {COM_0_VAL0}% damage to you. If you attack anyone that you have Detaunted, the effect will immediately end.",C:\Users\Admin\Downloads\myps\data\strings\english\abilitydesc.txt,line 1916
7,HATE,1918,Aerial Assault,290,1,3 -> OnPreviousComponentApplied,Damage,"You Detaunt your target, making them hate you less and causing them to deal {COM_0_VAL0}% damage to you for {COM_0_DURA_SECONDS}. If you attack anyone that you have Detaunted, the effect will immediately end.",C:\Users\Admin\Downloads\myps\data\strings\english\abilitydesc.txt,line 1919
7,HATE,3046,Eldazar Targeted DD,290,1,3 -> OnPreviousComponentApplied,,,C:\Users\Admin\Downloads\myps\data\bin\abilityexport.bin,byte 8738
7,HATE,3252,Skullruin Likeness,430,0,1 -> OnApply,,,C:\Users\Admin\Downloads\myps\data\bin\abilityexport.bin,byte 37322
7,HATE,3267,Horrific Extraction,429,1,1 -> OnApply,,,C:\Users\Admin\Downloads\myps\data\bin\abilityexport.bin,byte 40232
7,HATE,3377,Writhing Crushing Blow,430,0,1 -> OnApply,,,C:\Users\Admin\Downloads\myps\data\bin\abilityexport.bin,byte 61184
7,HATE,3471,Scorpion Magic Resist,290,1,3 -> OnPreviousComponentApplied,,,C:\Users\Admin\Downloads\myps\data\bin\abilityexport.bin,byte 79420
7,HATE,3504,Old Sovereign GIAB - Witch Hunter - Enough!,290,1,3 -> OnPreviousComponentApplied,,,C:\Users\Admin\Downloads\myps\data\bin\abilityexport.bin,byte 85822
7,HATE,3513,Old Sovereign GIAB - Squig Herder - Fasterfaster,1028,0,1 -> OnApply,,,C:\Users\Admin\Downloads\myps\data\bin\abilityexport.bin,byte 87568
7,HATE,3514,Old Sovereign GIAB - Marauder - Sadist,1029,0,1 -> OnApply,,,C:\Users\Admin\Downloads\myps\data\bin\abilityexport.bin,byte 87762
7,HATE,3571,Rogue DPS Reactive B,270,1,3 -> OnPreviousComponentApplied,,,C:\Users\Admin\Downloads\myps\data\bin\abilityexport.bin,byte 98820
7,HATE,3712,Mount - Basic - Magus 6,285,1,3 -> OnPreviousComponentApplied,Damage,A Goblin said something was behind you and you deal less damage to him until you're sure there isn't,C:\Users\Admin\Downloads\myps\data\strings\english\abilitydesc.txt,line 3713
7,HATE,3948,Leadbelcher Melee,397,1,6 -> OnEventTriggered,,,C:\Users\Admin\Downloads\myps\data\bin\abilityexport.bin,byte 171021
7,HATE,3967,EvC SH - Auto1,12196,1,1 -> OnApply,,,C:\Users\Admin\Downloads\myps\data\bin\abilityexport.bin,byte 174513
7,HATE,3980,EvC SH - Auto2 (purple),429,0,1 -> OnApply,,,C:\Users\Admin\Downloads\myps\data\bin\abilityexport.bin,byte 177035
7,HATE,4419,Stomp,4464,0,1 -> OnApply,,,C:\Users\Admin\Downloads\myps\data\bin\abilityexport.bin,byte 1427101
7,HATE,4867,Stored Warp-Energy,4879,0,1 -> OnApply,,,C:\Users\Admin\Downloads\myps\data\bin\abilityexport.bin,byte 1471142
7,HATE,8010,Taunt,430,7,1 -> OnApply,Damage,"You enrage your opponent, interrupting any currently building abilities and forcing monsters to attack you. While taunted your opponent will take {COM_3_VAL0}% more damage from your attacks. This effect will fade after {COM_2_DURA_SECONDS} or after your opponent has hit you 3 times.",C:\Users\Admin\Downloads\myps\data\strings\english\abilitydesc.txt,line 8011
7,HATE,8013,Guard,413,5,6 -> OnEventTriggered,Damage,"You defend one of your groupmates and try to take attacks meant for them.  As long as you are within 30 feet of them, any damage that they suffer will be split evenly between the two of you, and {COM_1_VAL1}% of all hate that they cause will be redirected to you.",C:\Users\Admin\Downloads\myps\data\strings\english\abilitydesc.txt,line 8014
7,HATE,8088,Get Thee Behind Me!,290,1,3 -> OnPreviousComponentApplied,Damage,"Detaunts all enemies within {COM_0_RADI_FEET}, making them hate you less and causing them to deal only {COM_0_VAL0}% damage to you for {COM_0_DURA_SECONDS}.<BR>If you hit anyone that you have Detaunted, the effect will end.",C:\Users\Admin\Downloads\myps\data\strings\english\abilitydesc.txt,line 8089
7,HATE,8162,Smoke Screen,290,1,3 -> OnPreviousComponentApplied,Damage,"You Detaunt your target by surrounding them with thick smoke, making them hate you less and causing them to deal only {COM_0_VAL0}% damage to you for {COM_0_DURA_SECONDS}.  If you attack anyone that you have Detaunted, the effect will immediately end.",C:\Users\Admin\Downloads\myps\data\strings\english\abilitydesc.txt,line 8163
7,HATE,8245,Repent,290,1,3 -> OnPreviousComponentApplied,Damage,"You Detaunt your target, making them hate you less and causing them to deal only {COM_0_VAL0}% damage to you for {COM_0_DURA_SECONDS}.  If you attack anyone that you have Detaunted, the effect will immediately end.",C:\Users\Admin\Downloads\myps\data\strings\english\abilitydesc.txt,line 8246
7,HATE,8245,Repent,290,3,3 -> OnPreviousComponentApplied,Damage,"You Detaunt your target, making them hate you less and causing them to deal only {COM_0_VAL0}% damage to you for {COM_0_DURA_SECONDS}.  If you attack anyone that you have Detaunted, the effect will immediately end.",C:\Users\Admin\Downloads\myps\data\strings\english\abilitydesc.txt,line 8246
7,HATE,8322,Taunt,430,7,1 -> OnApply,Damage,"You enrage your opponent, interrupting any currently building abilities and forcing monsters to attack you. While taunted your opponent will take {COM_3_VAL0}% more damage from your attacks. This effect will fade after {COM_2_DURA_SECONDS} or after your opponent has hit you 3 times.",C:\Users\Admin\Downloads\myps\data\strings\english\abilitydesc.txt,line 8323
7,HATE,8325,Guard,413,5,6 -> OnEventTriggered,Damage,"You defend one of your groupmates and try to take attacks meant for them.  As long as you are within 30 feet of them, any damage that they suffer will be split evenly between the two of you, and {COM_1_VAL1}% of all hate that they cause will be redirected to you.",C:\Users\Admin\Downloads\myps\data\strings\english\abilitydesc.txt,line 8326
7,HATE,8402,Wave of Horror,290,1,3 -> OnPreviousComponentApplied,Damage,"All enemies within {COM_0_RADI_FEET} are detaunted, making them hate you less and reducing the damage they deal against you to {COM_0_VAL0}% for {COM_0_DURA_SECONDS}.  During this time, all of your attacks will cause enemies to hate you {COM_8_VAL0}% less than normal. If you attack anyone you have detaunted, the effect will immediately end.",C:\Users\Admin\Downloads\myps\data\strings\english\abilitydesc.txt,line 8403
7,HATE,8402,Wave of Horror,8447,3,6 -> OnEventTriggered,Damage,"All enemies within {COM_0_RADI_FEET} are detaunted, making them hate you less and reducing the damage they deal against you to {COM_0_VAL0}% for {COM_0_DURA_SECONDS}.  During this time, all of your attacks will cause enemies to hate you {COM_8_VAL0}% less than normal. If you attack anyone you have detaunted, the effect will immediately end.",C:\Users\Admin\Downloads\myps\data\strings\english\abilitydesc.txt,line 8403
7,HATE,8402,Wave of Horror,290,5,3 -> OnPreviousComponentApplied,Damage,"All enemies within {COM_0_RADI_FEET} are detaunted, making them hate you less and reducing the damage they deal against you to {COM_0_VAL0}% for {COM_0_DURA_SECONDS}.  During this time, all of your attacks will cause enemies to hate you {COM_8_VAL0}% less than normal. If you attack anyone you have detaunted, the effect will immediately end.",C:\Users\Admin\Downloads\myps\data\strings\english\abilitydesc.txt,line 8403
3,HEAL,12,Goop Shootin',3303,1,3 -> OnPreviousComponentApplied,"Heal, Damage","Your Squig expels noxious spores towards an enemy, briefly sickening the victim and all other enemies within {COM_0_RADI_FEET} of them, dealing {COM_0_VAL0_DAMAGE}. Any of your Squigs, including your Battle Squig, within the radius will be healed for {COM_1_VAL0_HEALTH}.",C:\Users\Admin\Downloads\myps\data\strings\english\abilitydesc.txt,line 13
3,HEAL,12,Goop Shootin',3304,2,3 -> OnPreviousComponentApplied,"Heal, Damage","Your Squig expels noxious spores towards an enemy, briefly sickening the victim and all other enemies within {COM_0_RADI_FEET} of them, dealing {COM_0_VAL0_DAMAGE}. Any of your Squigs, including your Battle Squig, within the radius will be healed for {COM_1_VAL0_HEALTH}.",C:\Users\Admin\Downloads\myps\data\strings\english\abilitydesc.txt,line 13
3,HEAL,32,Bugman's Brew,1698,0,1 -> OnApply,,,C:\Users\Admin\Downloads\myps\data\bin\abilityexport.bin,byte 187135
3,HEAL,68,RVR Chicken Debuff,14287,0,1 -> OnApply,,HoT,C:\Users\Admin\Downloads\myps\data\strings\english\abilitydesc.txt,line 69
3,HEAL,74,Pay No Mind,11,0,1 -> OnApply,,,C:\Users\Admin\Downloads\myps\data\bin\abilityexport.bin,byte 193091
3,HEAL,97,Clever Recovery,8179,1,1 -> OnApply,,,C:\Users\Admin\Downloads\myps\data\bin\abilityexport.bin,byte 195613
3,HEAL,225,Debilitation,8775,1,6 -> OnEventTriggered,,Aura of Devotion Aura test.,C:\Users\Admin\Downloads\myps\data\strings\english\abilitydesc.txt,line 226
3,HEAL,524,Last Upholder - Heal Over Time,792,1,7 -> OnPreviousComponentTick,,You will regain a small portion of your hit points every 5 seconds while you are in-combat.,C:\Users\Admin\Downloads\myps\data\strings\english\abilitydesc.txt,line 525
3,HEAL,690,Bombardment Turret,1104,1,7 -> OnPreviousComponentTick,"Heal, Damage","Your target suffers {COM_0_VAL0_TOD_DAMAGE} over 9 seconds, and you are healed for a half of the damage dealt.",C:\Users\Admin\Downloads\myps\data\strings\english\abilitydesc.txt,line 691
3,HEAL,694,Flashbang Grenade,380,0,1 -> OnApply,Heal,A strong heal that will restore {COM_0_VAL0_HEALTH} to your target.,C:\Users\Admin\Downloads\myps\data\strings\english\abilitydesc.txt,line 695
3,HEAL,738,Bleedin's For Wimps,792,1,7 -> OnPreviousComponentTick,,You will regain a small portion of your hit points every 5 seconds while you are in-combat.,C:\Users\Admin\Downloads\myps\data\strings\english\abilitydesc.txt,line 739
3,HEAL,888,"Wait, I Got More!",1137,0,1 -> OnApply,,Instantly restores a massive amount of hit points.,C:\Users\Admin\Downloads\myps\data\strings\english\abilitydesc.txt,line 889
3,HEAL,889,Mork's Protection,996,1,6 -> OnEventTriggered,"Heal, Damage","For the next 10 seconds, everyone in your group will become healed each time they deal damage.",C:\Users\Admin\Downloads\myps\data\strings\english\abilitydesc.txt,line 890
3,HEAL,909,Can't Stop Da Chop,1137,0,1 -> OnApply,,Instantly restores a massive amount of hit points.,C:\Users\Admin\Downloads\myps\data\strings\english\abilitydesc.txt,line 910
3,HEAL,910,Lotsa Choppin,996,1,6 -> OnEventTriggered,"Heal, Damage","For the next 10 seconds, everyone in your group will become healed each time they deal damage.",C:\Users\Admin\Downloads\myps\data\strings\english\abilitydesc.txt,line 911
3,HEAL,930,;Choppa Spec Abilities,8165,0,1 -> OnApply,,Your entire group regains a very high amount of hit points over 9 seconds.,C:\Users\Admin\Downloads\myps\data\strings\english\abilitydesc.txt,line 931
3,HEAL,945,Easy Killin',8172,1,3 -> OnPreviousComponentApplied,"Heal, Damage",A melee attack that heals you for all of the damage dealt.,C:\Users\Admin\Downloads\myps\data\strings\english\abilitydesc.txt,line 946
3,HEAL,951,Yer Gettin' Soft,8165,0,1 -> OnApply,,Your entire group regains a very high amount of hit points over 9 seconds.,C:\Users\Admin\Downloads\myps\data\strings\english\abilitydesc.txt,line 952
3,HEAL,952,Red goes faster!,8175,2,3 -> OnPreviousComponentApplied,Heal,"Chaotic energy protects you for 10 seconds.  Each time an enemy hits you, there is a 33% chance that you will drain an equal amount of health from any random enemy within 30 feet.",C:\Users\Admin\Downloads\myps\data\strings\english\abilitydesc.txt,line 953
3,HEAL,972,Drink In The Winds,1137,0,1 -> OnApply,,Instantly restores a massive amount of hit points.,C:\Users\Admin\Downloads\myps\data\strings\english\abilitydesc.txt,line 973
3,HEAL,973,Bond Of Desperation,1325,2,6 -> OnEventTriggered,"Heal, Damage","You form a bond with an ally for 7 seconds.  Each time you suffer damage, they become healed for the same amount.",C:\Users\Admin\Downloads\myps\data\strings\english\abilitydesc.txt,line 974
3,HEAL,1388,Grumble An' Mutter,1428,0,1 -> OnApply,Heal,"You begin to constantly complain about everything that's wrong today, telling everyone how much better things were back in the old days. You feel much better for the chance to grumble, and regain {COM_0_VAL0_HEALTH} every 3 seconds for up to {COM_0_DURA_SECONDS}. You lose {COM_1_VAL1} Grudge each time this happens, and the effect will end if you run out of Grudges.",C:\Users\Admin\Downloads\myps\data\strings\english\abilitydesc.txt,line 1389
3,HEAL,1409,Taunt,3142,2,3 -> OnPreviousComponentApplied,Heal,"When you disrupt an enemy's spell, your run speed will be increased by {COM_1_VAL0_COM_0_VAL0}% for {COM_1_VAL0_COM_0_DURA_SECONDS} and you will recover {COM_2_VAL0_HEALTH}.",C:\Users\Admin\Downloads\myps\data\strings\english\abilitydesc.txt,line 1410
3,HEAL,1426,Earthen Renewal,1460,0,1 -> OnApply,Heal,Group members within 100 feet regain {COM_0_VAL0_TOD_HEALTH} and {COM_1_VAL0_TOD_ACTIONPOINTS} over {COM_0_DURA_SECONDS}.,C:\Users\Admin\Downloads\myps\data\strings\english\abilitydesc.txt,line 1427
3,HEAL,1457,Sunfury,3778,1,8 -> OnPreviousComponentBuffTick,"Heal, Damage",A merciless string of attacks that repeatedly hit your target for {COM_0_VAL0_DAMAGE} up to 6 times over the next {COM_0_DURA_SECONDS}. You will be healed for all the damage that this ability deals.,C:\Users\Admin\Downloads\myps\data\strings\english\abilitydesc.txt,line 1458
3,HEAL,1488,Feinted Positioning,3725,1,7 -> OnPreviousComponentTick,Heal,"While you are Furious, you regain {COM_1_VAL0_HEALTH} every 4 seconds. While you are Berserk, you regain {COM_2_VAL0_HEALTH} every 4 seconds.",C:\Users\Admin\Downloads\myps\data\strings\english\abilitydesc.txt,line 1489
3,HEAL,1488,Feinted Positioning,3726,2,7 -> OnPreviousComponentTick,Heal,"While you are Furious, you regain {COM_1_VAL0_HEALTH} every 4 seconds. While you are Berserk, you regain {COM_2_VAL0_HEALTH} every 4 seconds.",C:\Users\Admin\Downloads\myps\data\strings\english\abilitydesc.txt,line 1489
3,HEAL,1548,Expurgation,9593,1,3 -> OnPreviousComponentApplied,,Adds {COM_0_VAL0} Wounds to your turrets.,C:\Users\Admin\Downloads\myps\data\strings\english\abilitydesc.txt,line 1549
3,HEAL,1586,Power From The Ashes,9895,2,3 -> OnPreviousComponentApplied,Damage,Deals {COM_0_VAL0_ELEMENTALDAMAGE}.,C:\Users\Admin\Downloads\myps\data\strings\english\abilitydesc.txt,line 1587
3,HEAL,1587,Lingering Fires,18349,0,1 -> OnApply,Heal,Heals {COM_0_VAL0} to defensive target.,C:\Users\Admin\Downloads\myps\data\strings\english\abilitydesc.txt,line 1588
3,HEAL,1590,Fan The Flames,1717,0,1 -> OnApply,Heal,Heals for {COM_0_VAL0_TOD} life over {COM_0_DURA_SECONDS},C:\Users\Admin\Downloads\myps\data\strings\english\abilitydesc.txt,line 1591
3,HEAL,1593,Fueled From Within,1720,1,10 -> OnBuffEndedRemoved,"Heal, Damage","Target absorbs up to {COM_0_VAL1_DAMAGE} over {COM_0_DURA_SECONDS}. When the effect fades, the target recovers {COM_1_VAL0_HEALTH}.",C:\Users\Admin\Downloads\myps\data\strings\english\abilitydesc.txt,line 1594
3,HEAL,1596,Draining Burn,21,0,1 -> OnApply,"Heal, Damage","Restores {COM_0_VAL0_HEALTH}.<BR>This is a fragile spell, and will sometimes be set back by a small amount if you are damaged while casting it.",C:\Users\Admin\Downloads\myps\data\strings\english\abilitydesc.txt,line 1597
3,HEAL,1598,Burn Through,25,3,6 -> OnEventTriggered,Heal,Resurrect target friendly dead player and restore 20% of their health.,C:\Users\Admin\Downloads\myps\data\strings\english\abilitydesc.txt,line 1599
3,HEAL,1599,Fuel To The Fire,9175,0,1 -> OnApply,Heal,"Restores {COM_0_VAL0_HEALTH}, then continues to restore {ABIL_3551_COM_0_VAL0_TOD_HEALTH} over {ABIL_3551_COM_0_DURA_SECONDS}.",C:\Users\Admin\Downloads\myps\data\strings\english\abilitydesc.txt,line 1600
3,HEAL,1604,Fiery Reserves,1725,0,1 -> OnApply,Heal,Heals all groupmembers within 100 feet for {COM_0_VAL0_HEALTH}.,C:\Users\Admin\Downloads\myps\data\strings\english\abilitydesc.txt,line 1605
3,HEAL,1606,Magic Dart,1863,1,3 -> OnPreviousComponentApplied,Heal,Increases target group member's Wounds by {COM_0_VAL0} for {COM_0_DURA_SECONDS}. Heals target for value of HP increase.,C:\Users\Admin\Downloads\myps\data\strings\english\abilitydesc.txt,line 1607
3,HEAL,1608,Heart Of Fire,25,6,6 -> OnEventTriggered,Heal,"Increases targeted group member's Toughness by {COM_5_VAL0} for 1 hour. The rune holder will then be able to resurrect themselves with 20% health if killed within the next 10 minutes. Doing so will remove the Oath Rune.<BR>You may only give a player one Oath Rune, but players may bear multiple Oath Runes of different types at the same time.",C:\Users\Admin\Downloads\myps\data\strings\english\abilitydesc.txt,line 1609
3,HEAL,1611,The Burning Head,1727,1,3 -> OnPreviousComponentApplied,"Heal, Damage",Deals {COM_0_VAL0_ELEMENTALDAMAGE} to your target and heals your Defensive target for the damage dealt.,C:\Users\Admin\Downloads\myps\data\strings\english\abilitydesc.txt,line 1612
3,HEAL,1616,Rune of Fate,1760,1,8 -> OnPreviousComponentBuffTick,"Heal, Damage",Deals {COM_0_VAL0_TOD_ELEMENTALDAMAGE} over {COM_0_DURA_SECONDS} and heals your defensive target for the amount of damage dealt.,C:\Users\Admin\Downloads\myps\data\strings\english\abilitydesc.txt,line 1617
3,HEAL,1618,Master Rune of Adamant,1799,1,8 -> OnPreviousComponentBuffTick,Heal,Inscribes a Master rune into the ground for {COM_0_DURA_SECONDS}. Heals Groupmates within {COM_1_RADI_FEET} of the Rune of Adamant for {COM_1_VAL0_HEALTH} every {COM_0_FREQ_SECONDS} while the Master rune is active.,C:\Users\Admin\Downloads\myps\data\strings\english\abilitydesc.txt,line 1619
3,HEAL,1619,Grimnir's Fury,1735,2,6 -> OnEventTriggered,,"Resurrects all fallen groupmembers within {COM_0_RADI_FEET}, and does not cause Resurrection Sickness.  Anyone resurrected by this effect will regain 50% of their hit points.",C:\Users\Admin\Downloads\myps\data\strings\english\abilitydesc.txt,line 1620
3,HEAL,1645,Weight Of Guilt,1782,0,1 -> OnApply,Heal,Self Heal for {COM_0_VAL0} then an additional {COM_1_VAL0_TOD_HEALTH} over {COM_1_DURA_SECONDS}.,C:\Users\Admin\Downloads\myps\data\strings\english\abilitydesc.txt,line 1646
3,HEAL,1645,Weight Of Guilt,1783,1,3 -> OnPreviousComponentApplied,Heal,Self Heal for {COM_0_VAL0} then an additional {COM_1_VAL0_TOD_HEALTH} over {COM_1_DURA_SECONDS}.,C:\Users\Admin\Downloads\myps\data\strings\english\abilitydesc.txt,line 1646
3,HEAL,1649,Valaya's Shield,1788,0,1 -> OnApply,Heal,Heals your groupmates within 100 feet {COM_0_VAL0_TOD_HEALTH} over {COM_0_DURA_SECONDS} and gives {COM_1_VAL0_TOD_ACTIONPOINTS} over {COM_1_DURA_SECONDS},C:\Users\Admin\Downloads\myps\data\strings\english\abilitydesc.txt,line 1650
3,HEAL,1768,Furious Choppin',3552,2,3 -> OnPreviousComponentApplied,"Heal, Damage","A merciless strike of attacks that repeatedly hits your target for up to {COM_0_DURA_SECONDS}, dealing up to {COM_1_VAL0_DAMAGE}. You will be healed for all damage this ability deals.",C:\Users\Admin\Downloads\myps\data\strings\english\abilitydesc.txt,line 1769
3,HEAL,1794,Terrible Embrace,3497,1,7 -> OnPreviousComponentTick,Heal,"While you are Furious, you regain {COM_1_VAL0_HEALTH} every 4 seconds. While you are Berserk, you regain {COM_2_VAL0_HEALTH} every 4 seconds.",C:\Users\Admin\Downloads\myps\data\strings\english\abilitydesc.txt,line 1795
3,HEAL,1794,Terrible Embrace,3498,2,7 -> OnPreviousComponentTick,Heal,"While you are Furious, you regain {COM_1_VAL0_HEALTH} every 4 seconds. While you are Berserk, you regain {COM_2_VAL0_HEALTH} every 4 seconds.",C:\Users\Admin\Downloads\myps\data\strings\english\abilitydesc.txt,line 1795
9,INTERRUPT,17,Bad Breath Sub,1236,4,1 -> OnApply,Damage,"A grating squeal that Taunts the enemy, making the enemy hate your pet much more, forcing monsters to attack your pet, and causing the enemy to deal {COM_0_VAL0}% less damage to everyone else other than the Squig for {COM_0_DURA_SECONDS}.",C:\Users\Admin\Downloads\myps\data\strings\english\abilitydesc.txt,line 18
9,INTERRUPT,44,Demonic Fire,1236,4,1 -> OnApply,Damage,"Your Lion roars and taunts an enemy, making the enemy hate your pet much more, forcing monsters to target your pet,  and causing the enemy to deal {COM_0_VAL0}% less damage to everyone else other than your Lion for {COM_0_DURA_SECONDS}.",C:\Users\Admin\Downloads\myps\data\strings\english\abilitydesc.txt,line 45
9,INTERRUPT,410,Enhanced Endurance,1236,0,1 -> OnApply,,,C:\Users\Admin\Downloads\myps\data\bin\abilityexport.bin,byte 248773
9,INTERRUPT,473,Marauder's Badge,1463,2,6 -> OnEventTriggered,,,C:\Users\Admin\Downloads\myps\data\bin\abilityexport.bin,byte 258390
9,INTERRUPT,486,Chuffinbrau Ale,1463,2,6 -> OnEventTriggered,,,C:\Users\Admin\Downloads\myps\data\bin\abilityexport.bin,byte 260330
9,INTERRUPT,490,Isha's Balance,407,6,6 -> OnEventTriggered,,,C:\Users\Admin\Downloads\myps\data\bin\abilityexport.bin,byte 260912
9,INTERRUPT,885,Quit Yer Squabblin',3307,2,3 -> OnPreviousComponentApplied,Silence,"All enemies within 30 feet are silenced for 7 seconds, making them unable to use magic.",C:\Users\Admin\Downloads\myps\data\strings\english\abilitydesc.txt,line 886
9,INTERRUPT,906,Fling Choppa,3307,2,3 -> OnPreviousComponentApplied,Silence,"All enemies within 30 feet are silenced for 7 seconds, making them unable to use magic.",C:\Users\Admin\Downloads\myps\data\strings\english\abilitydesc.txt,line 907
9,INTERRUPT,967,Quiet Contemplation,3309,1,3 -> OnPreviousComponentApplied,"Silence, Disarm","All enemies within 30 feet become silenced and disarmed for 5 seconds, making them unable to use weapons or magic.",C:\Users\Admin\Downloads\myps\data\strings\english\abilitydesc.txt,line 968
9,INTERRUPT,1360,Scuse me!,1236,1,1 -> OnApply,Damage,"You enrage your opponent, interrupting any currently building abilities and forcing monsters to attack you. While taunted your opponent will take {COM_3_VAL0}% more damage from your attacks. This effect will fade after {COM_2_DURA_SECONDS} or after your opponent has hit you 3 times.",C:\Users\Admin\Downloads\myps\data\strings\english\abilitydesc.txt,line 1361
9,INTERRUPT,1522,Protection from Heresy,1479,1,3 -> OnPreviousComponentApplied,Damage,"You toss a grenade which explodes with a burst of force, dealing {COM_0_VAL0_CORPOREALDAMAGE} to the target.  The blinding flash interrupts the victim and all enemies within {COM_1_RADI_FEET} of them.",C:\Users\Admin\Downloads\myps\data\strings\english\abilitydesc.txt,line 1523
9,INTERRUPT,1536,Crack Shot,3308,3,3 -> OnPreviousComponentApplied,"Disarm, Damage","A well-aimed shot which deals {COM_0_VAL0_DAMAGE} and disarms your target for {COM_1_DURA_SECONDS}, making them unable to use their weapons.",C:\Users\Admin\Downloads\myps\data\strings\english\abilitydesc.txt,line 1537
9,INTERRUPT,1607,Ruin And Destruction,3307,3,3 -> OnPreviousComponentApplied,"Silence, Damage",Silences and wounds target for {COM_0_VAL0_TOD_ELEMENTALDAMAGE} over {COM_0_DURA_SECONDS}.,C:\Users\Admin\Downloads\myps\data\strings\english\abilitydesc.txt,line 1608
9,INTERRUPT,1671,Fueled Fury,1236,1,1 -> OnApply,Damage,"You enrage your opponent, interrupting any currently building abilities and forcing monsters to attack you. While taunted your opponent will take {COM_3_VAL0}% more damage from your attacks. This effect will fade after {COM_2_DURA_SECONDS} or after your opponent has hit you 3 times.",C:\Users\Admin\Downloads\myps\data\strings\english\abilitydesc.txt,line 1672
9,INTERRUPT,1683,Guilty Soul,3307,6,3 -> OnPreviousComponentApplied,"Silence, Damage",Deals {COM_1_VAL0_DAMAGE}. Silences target for {COM_3_DURA_SECONDS}.,C:\Users\Admin\Downloads\myps\data\strings\english\abilitydesc.txt,line 1684
9,INTERRUPT,1722,Suppression,3307,2,3 -> OnPreviousComponentApplied,"Silence, Damage","All targets within {COM_0_RADI_FEET} of you take {COM_0_VAL0_DAMAGE} and are Silenced, unable to use Magic for {COM_1_DURA_SECONDS}.",C:\Users\Admin\Downloads\myps\data\strings\english\abilitydesc.txt,line 1723
9,INTERRUPT,1837,Forked Aggression,3308,4,3 -> OnPreviousComponentApplied,"Disarm, Damage","On the Squig's next attack, it will deal an additional {COM_1_VAL0_DAMAGE} and disarm your target for {COM_2_DURA_SECONDS}, making them unable to use melee or ranged weapons.",C:\Users\Admin\Downloads\myps\data\strings\english\abilitydesc.txt,line 1838
9,INTERRUPT,1838,Energy Ripple,1864,1,3 -> OnPreviousComponentApplied,Damage,"You lash out at your target, dealing {COM_0_VAL0_DAMAGE} and interrupting any ability that they are building up.",C:\Users\Admin\Downloads\myps\data\strings\english\abilitydesc.txt,line 1839
9,INTERRUPT,1839,Choking Arrer,3307,3,3 -> OnPreviousComponentApplied,"Silence, Damage","A Crippling shot that deals {COM_0_VAL0_DAMAGE} and silences your target for {COM_1_DURA_SECONDS}, making them unable to use magic.",C:\Users\Admin\Downloads\myps\data\strings\english\abilitydesc.txt,line 1840
9,INTERRUPT,3218,Grave Dust,3307,1,3 -> OnPreviousComponentApplied,,,C:\Users\Admin\Downloads\myps\data\bin\abilityexport.bin,byte 30726
9,INTERRUPT,3267,Horrific Extraction,10460,4,3 -> OnPreviousComponentApplied,,,C:\Users\Admin\Downloads\myps\data\bin\abilityexport.bin,byte 40232
9,INTERRUPT,3267,Horrific Extraction,10461,5,3 -> OnPreviousComponentApplied,,,C:\Users\Admin\Downloads\myps\data\bin\abilityexport.bin,byte 40232
9,INTERRUPT,3525,Curse Of Withering,8361,0,1 -> OnApply,,,C:\Users\Admin\Downloads\myps\data\bin\abilityexport.bin,byte 89896
9,INTERRUPT,3616,Throat Slitter,3307,2,3 -> OnPreviousComponentApplied,Silence,Silenced,C:\Users\Admin\Downloads\myps\data\strings\english\abilitydesc.txt,line 3617
9,INTERRUPT,3628,Sever Limb,3308,2,3 -> OnPreviousComponentApplied,Disarm,Disarmed,C:\Users\Admin\Downloads\myps\data\strings\english\abilitydesc.txt,line 3629
9,INTERRUPT,3668,Sweeping Impact,8296,1,3 -> OnPreviousComponentApplied,,,C:\Users\Admin\Downloads\myps\data\bin\abilityexport.bin,byte 117477
9,INTERRUPT,3713,Mount - Light - Dwarf,3307,1,3 -> OnPreviousComponentApplied,,You are Dis-Armed!,C:\Users\Admin\Downloads\myps\data\strings\english\abilitydesc.txt,line 3714
9,INTERRUPT,3722,Mount - Light - Magus 3,11343,1,6 -> OnEventTriggered,,,C:\Users\Admin\Downloads\myps\data\bin\abilityexport.bin,byte 127953
9,INTERRUPT,3754,Mount - Heavy Alt - Dwarf,3307,2,3 -> OnPreviousComponentApplied,,,C:\Users\Admin\Downloads\myps\data\bin\abilityexport.bin,byte 134161
9,INTERRUPT,3762,Mount - Heavy Alt - Magus 2,3307,2,3 -> OnPreviousComponentApplied,,,C:\Users\Admin\Downloads\myps\data\bin\abilityexport.bin,byte 135713
9,INTERRUPT,3916,Channeled Fury,11399,2,3 -> OnPreviousComponentApplied,,,C:\Users\Admin\Downloads\myps\data\bin\abilityexport.bin,byte 164813
9,INTERRUPT,3947,Souleater's Mark,1236,0,1 -> OnApply,,,C:\Users\Admin\Downloads\myps\data\bin\abilityexport.bin,byte 170827
9,INTERRUPT,3958,Golden Stein,3307,3,3 -> OnPreviousComponentApplied,,,C:\Users\Admin\Downloads\myps\data\bin\abilityexport.bin,byte 172767
9,INTERRUPT,4420,Spl_S (No Icon) - Generic,4465,1,1 -> OnApply,,,C:\Users\Admin\Downloads\myps\data\bin\abilityexport.bin,byte 1427295
9,INTERRUPT,8009,Vicious Slash,8123,1,3 -> OnPreviousComponentApplied,Damage,"You slice deeply into your enemy, dealing {COM_0_VAL0_DAMAGE} to the enemy and interrupting any abilities that they are building up.  The victim will also suffer an additional {COM_2_VAL0_COM_0_VAL0_TOD_DAMAGE} over {COM_2_VAL0_COM_0_DURA_SECONDS}.",C:\Users\Admin\Downloads\myps\data\strings\english\abilitydesc.txt,line 8010
9,INTERRUPT,8009,Vicious Slash,8123,4,3 -> OnPreviousComponentApplied,Damage,"You slice deeply into your enemy, dealing {COM_0_VAL0_DAMAGE} to the enemy and interrupting any abilities that they are building up.  The victim will also suffer an additional {COM_2_VAL0_COM_0_VAL0_TOD_DAMAGE} over {COM_2_VAL0_COM_0_DURA_SECONDS}.",C:\Users\Admin\Downloads\myps\data\strings\english\abilitydesc.txt,line 8010
9,INTERRUPT,8010,Taunt,1236,1,1 -> OnApply,Damage,"You enrage your opponent, interrupting any currently building abilities and forcing monsters to attack you. While taunted your opponent will take {COM_3_VAL0}% more damage from your attacks. This effect will fade after {COM_2_DURA_SECONDS} or after your opponent has hit you 3 times.",C:\Users\Admin\Downloads\myps\data\strings\english\abilitydesc.txt,line 8011
9,INTERRUPT,8086,Confess!,3308,3,3 -> OnPreviousComponentApplied,"Disarm, Damage","A savage counterattack that deals {COM_0_VAL0_DAMAGE} and disarms your target for {COM_1_DURA_SECONDS}, making them unable to use their weapons.",C:\Users\Admin\Downloads\myps\data\strings\english\abilitydesc.txt,line 8087
9,INTERRUPT,8100,Silence The Heretic,3307,4,3 -> OnPreviousComponentApplied,"Silence, Damage","A punishing blow that silences your target, making them unable to use magic for {COM_0_DURA_SECONDS}.  If you are behind your target, then you will also deal {COM_2_VAL0_DAMAGE}.",C:\Users\Admin\Downloads\myps\data\strings\english\abilitydesc.txt,line 8101
9,INTERRUPT,8174,Choking Smoke,3307,5,3 -> OnPreviousComponentApplied,"Silence, Damage","A Hex which turns the air into unbreathable smoke and ash, dealing {COM_2_VAL0_CORPOREALDAMAGE} to your target.  The target and all other enemies within {COM_3_RADI_FEET} become silenced for {COM_3_DURA_SECONDS}, making them unable to use magic.",C:\Users\Admin\Downloads\myps\data\strings\english\abilitydesc.txt,line 8175
9,INTERRUPT,8244,Divine Assault,9296,1,8 -> OnPreviousComponentBuffTick,"Heal, Damage","You repeatedly assault an enemy, attacking their very spirit and offering it up to Sigmar's will.  You strike the target up to four times over {COM_0_DURA_SECONDS}, dealing {COM_2_VAL0_SPIRITDAMAGE} per hit.  Each hit heals your defensive target for 350% of the damage that was dealt.<BR>This effect will end if you break your concentration, or run out of Righteous Fury.",C:\Users\Admin\Downloads\myps\data\strings\english\abilitydesc.txt,line 8245
9,INTERRUPT,8244,Divine Assault,9296,5,8 -> OnPreviousComponentBuffTick,"Heal, Damage","You repeatedly assault an enemy, attacking their very spirit and offering it up to Sigmar's will.  You strike the target up to four times over {COM_0_DURA_SECONDS}, dealing {COM_2_VAL0_SPIRITDAMAGE} per hit.  Each hit heals your defensive target for 350% of the damage that was dealt.<BR>This effect will end if you break your concentration, or run out of Righteous Fury.",C:\Users\Admin\Downloads\myps\data\strings\english\abilitydesc.txt,line 8245
9,INTERRUPT,8256,Vow of Silence,3307,5,3 -> OnPreviousComponentApplied,Damage,"A powerful strike which deals {COM_0_VAL0_DAMAGE} to your enemy and knocks the wind out of them for {COM_1_DURA_SECONDS}, Silencing them and making them unable to use magic.",C:\Users\Admin\Downloads\myps\data\strings\english\abilitydesc.txt,line 8257
9,INTERRUPT,8266,Martyr's Blessing,9118,3,8 -> OnPreviousComponentBuffTick,Heal,"You open your soul to Sigmar and become a living force of holy power for up to {COM_0_DURA_SECONDS}, as long as you maintain your concentration.  Each second, all allies within {COM_2_RADI_FEET} of you will regain {COM_2_VAL0_HEALTH}, and you will consume {COM_1_VAL1} Righteous Fury.<BR>This effect will end if you lose your concentration or if you run out of Righteous Fury.",C:\Users\Admin\Downloads\myps\data\strings\english\abilitydesc.txt,line 8267
9,INTERRUPT,8322,Taunt,1236,1,1 -> OnApply,Damage,"You enrage your opponent, interrupting any currently building abilities and forcing monsters to attack you. While taunted your opponent will take {COM_3_VAL0}% more damage from your attacks. This effect will fade after {COM_2_DURA_SECONDS} or after your opponent has hit you 3 times.",C:\Users\Admin\Downloads\myps\data\strings\english\abilitydesc.txt,line 8323
9,INTERRUPT,8397,Mouth of Tzeentch,8512,1,3 -> OnPreviousComponentApplied,Damage,"Tzeentch's dark words pour from your mouth, interrupting any spells being cast {COM_0_RADI_FEET} in front of you, and inflicting {COM_0_VAL0_DAMAGE} to all in range.",C:\Users\Admin\Downloads\myps\data\strings\english\abilitydesc.txt,line 8398
9,INTERRUPT,8405,Death Grip,3308,1,3 -> OnPreviousComponentApplied,Disarm,"Disarms your target for {COM_0_DURA_SECONDS}, making them unable to use melee or ranged weapons.",C:\Users\Admin\Downloads\myps\data\strings\english\abilitydesc.txt,line 8406
9,INTERRUPT,8475,Surge of Insanity,9795,1,3 -> OnPreviousComponentApplied,Damage,"A surge of chaotic bliss overcomes your target, dealing {COM_0_VAL0_SPIRITDAMAGE}.  The victim and any other enemies within {COM_1_RADI_FEET} of them are also interruped, cancelling any abilities that they are building up.",C:\Users\Admin\Downloads\myps\data\strings\english\abilitydesc.txt,line 8476
26,MONSTER_CONTROLLER,1012,Gun Attack - General,15129,0,1 -> OnApply,,,C:\Users\Admin\Downloads\myps\data\bin\abilityexport.bin,byte 298651
26,MONSTER_CONTROLLER,1511,Burn Away Lies,577,0,1 -> OnApply,Damage,"You construct a turret with a self-aiming gun which will fire at distant enemies. The turret gains 75% of your Ballistic Skill and Weapon Skill from item bonuses and 50% of your Wounds from item bonuses. While you are within {ABIL_1069_COM_1_RADI_FEET} of the turret you will scavenge extra parts from the turret to create improvised upgrades for your weapons, increasing your damage by {ABIL_1070_COM_0_VAL0}% every {ABIL_1069_COM_0_FREQ_SECONDS} to a maximum of {ABIL_1070_COM_0_VAL1}%.",C:\Users\Admin\Downloads\myps\data\strings\english\abilitydesc.txt,line 1512
26,MONSTER_CONTROLLER,1518,Penetrating Barbs,1476,0,1 -> OnApply,Damage,"You construct a turret with an auto-firing grenade launcher which will attack enemies at a moderate range.  The turret gains 100% of your Ballistic Skill, 30% of your Weapon Skill, and 70% of your Wounds from item bonuses. While you are within {ABIL_1069_COM_1_RADI_FEET} of the turret you will scavenge extra parts from the turret to create improvised upgrades for your weapons, increasing your damage by {ABIL_1070_COM_0_VAL0}% every {ABIL_1069_COM_0_FREQ_SECONDS} to a maximum of {ABIL_1070_COM_0_VAL1}%.",C:\Users\Admin\Downloads\myps\data\strings\english\abilitydesc.txt,line 1519
26,MONSTER_CONTROLLER,1524,Land Mine,585,0,1 -> OnApply,"Stagger, Damage","You fling out a land mine which arms itself immediately and persists for up to {COM_0_DURA_MINUTES}.  The mine will detonate when an enemy gets too close, dealing {ABIL_31_COM_0_VAL0_DAMAGE} to all enemies within {COM_2_RADI_FEET} and staggering them for up to {ABIL_31_COM_2_VAL0_COM_0_DURA_SECONDS}, preventing all actions unless they are damaged.",C:\Users\Admin\Downloads\myps\data\strings\english\abilitydesc.txt,line 1525
26,MONSTER_CONTROLLER,1526,Sanctified Bullets,1484,0,1 -> OnApply,Damage,"You construct a turret with a self-firing flamethrower which will attack enemies at close range.  The turret gains 100% of your Ballistic Skill, 10% of your Weapon Skill, and 90% of your Wounds from item bonuses. While you are within {ABIL_1069_COM_1_RADI_FEET} of the turret you will scavenge extra parts from the turret to create improvised upgrades for your weapons, increasing your damage by {ABIL_1070_COM_0_VAL0}% every {ABIL_1069_COM_0_FREQ_SECONDS} to a maximum of {ABIL_1070_COM_0_VAL1}%.",C:\Users\Admin\Downloads\myps\data\strings\english\abilitydesc.txt,line 1527
26,MONSTER_CONTROLLER,1543,Lightning Rod,3232,0,1 -> OnApply,Damage,"You deploy a shock rod at your feet which will remain for up to {COM_4_DURA_SECONDS} and periodically blast out with waves of power, dealing {COM_2_VAL0_COM_0_VAL0_CORPOREALDAMAGE} every {COM_0_FREQ_SECONDS} to all enemies within {COM_2_RADI_FEET} of it.",C:\Users\Admin\Downloads\myps\data\strings\english\abilitydesc.txt,line 1544
26,MONSTER_CONTROLLER,1544,Bugman's Best,589,0,1 -> OnApply,Heal,"You carefully unpack a mini-keg of rare and precious Bugman's Finest Stout with reverential awe. For the next {COM_0_DURA_SECONDS}, the faint vapors escaping from the keg will rejuvenate any allies within {COM_3_RADI_FEET} of it, restoring {COM_3_VAL0_COM_0_VAL0_HEALTH} every {COM_2_FREQ_SECONDS}. You dream of the day that the brew will be aged enough to actually tap and drink.",C:\Users\Admin\Downloads\myps\data\strings\english\abilitydesc.txt,line 1545
26,MONSTER_CONTROLLER,1841,Summon Squig,706,0,1 -> OnApply,,"Summons a basic squig pet which you can order around. This pet is very tough, and can take quite beating.<BR>This pet receives a bonuses to Toughness and Wounds equal to your bonus from items.<BR>This squig generates much more hatred in enemy monsters than normal.<BR>Cooldown will begin when you lose control of your pet for any reason.",C:\Users\Admin\Downloads\myps\data\strings\english\abilitydesc.txt,line 1842
26,MONSTER_CONTROLLER,1842,Horned Squig,722,0,1 -> OnApply,Damage,"Summons a Horned squig pet which you can order around. This pet deals more damage than a basic squig. It is strong against physical attacks, but weak against magic.<BR>This pet receives a bonus to Strength equal to your bonus from items. This pet receives a bonus to Toughness and Wounds that is 50% of your bonus from items.<BR>Your range is increased by {COM_2_VAL1}% as long as this squig is alive.<BR>Cooldown will begin when you lose control of your pet for any reason.",C:\Users\Admin\Downloads\myps\data\strings\english\abilitydesc.txt,line 1843
26,MONSTER_CONTROLLER,1843,Gas Squig,725,0,1 -> OnApply,,"Summons a Gas squig pet which you can order around. This pet attacks from range, but is very weak to attacks.<BR>This pet receives a bonus to Ballistic Skill and Weapon Skill equal to your bonus from items.<BR>Your armor is increased by the amount of armor gained from items as long as your Squig is alive.<BR>Cooldown will begin when you lose control of your pet for any reason.",C:\Users\Admin\Downloads\myps\data\strings\english\abilitydesc.txt,line 1844
26,MONSTER_CONTROLLER,1844,Spiked Squig,711,0,1 -> OnApply,Damage,"Summons a Spiked squig pet which you can order around. This pet attacks from range and has increased damage.<BR>This pet receives a bonus to Ballistic Skill equal to 150% of your bonus from items. This pet receives a bonus to Weapon Skill equal to 50% of your bonus from items.<BR>You gain the ability to autoattack while moving, and your chance to critically hit is increased by {COM_2_VAL1}% as long as this squig is alive.<BR>Cooldown will begin when you lose control of your pet for any reason.",C:\Users\Admin\Downloads\myps\data\strings\english\abilitydesc.txt,line 1845
26,MONSTER_CONTROLLER,3640,Sacrifice To Tzeentch!,8239,0,1 -> OnApply,,,C:\Users\Admin\Downloads\myps\data\bin\abilityexport.bin,byte 112045
26,MONSTER_CONTROLLER,3658,Daemonic Maw,8094,1,6 -> OnEventTriggered,,,C:\Users\Admin\Downloads\myps\data\bin\abilityexport.bin,byte 115537
26,MONSTER_CONTROLLER,3658,Daemonic Maw,8237,2,6 -> OnEventTriggered,,,C:\Users\Admin\Downloads\myps\data\bin\abilityexport.bin,byte 115537
26,MONSTER_CONTROLLER,3944,Deadly Blow,9270,0,1 -> OnApply,,,C:\Users\Admin\Downloads\myps\data\bin\abilityexport.bin,byte 170245
26,MONSTER_CONTROLLER,4232,Summon Construct,4230,0,1 -> OnApply,,,C:\Users\Admin\Downloads\myps\data\bin\abilityexport.bin,byte 1395182
26,MONSTER_CONTROLLER,4238,Clynch Rat,4326,0,1 -> OnApply,,,C:\Users\Admin\Downloads\myps\data\bin\abilityexport.bin,byte 1396379
26,MONSTER_CONTROLLER,5053,Bor Graymane's Eye,5072,0,1 -> OnApply,,,C:\Users\Admin\Downloads\myps\data\bin\abilityexport.bin,byte 1494814
26,MONSTER_CONTROLLER,5200,Inexorable Force,5201,1,5 -> OnBuffEnded,,,C:\Users\Admin\Downloads\myps\data\bin\abilityexport.bin,byte 1522750
26,MONSTER_CONTROLLER,5257,Foul Wound,5273,2,5 -> OnBuffEnded,,,C:\Users\Admin\Downloads\myps\data\bin\abilityexport.bin,byte 1533614
26,MONSTER_CONTROLLER,5257,Foul Wound,5274,3,5 -> OnBuffEnded,,,C:\Users\Admin\Downloads\myps\data\bin\abilityexport.bin,byte 1533614
26,MONSTER_CONTROLLER,5259,Acidic Arrer,5278,1,5 -> OnBuffEnded,,,C:\Users\Admin\Downloads\myps\data\bin\abilityexport.bin,byte 1534002
26,MONSTER_CONTROLLER,5283,Oathbearer Turret,5372,0,1 -> OnApply,,,C:\Users\Admin\Downloads\myps\data\bin\abilityexport.bin,byte 1538658
26,MONSTER_CONTROLLER,5289,Summon Petey,5367,0,1 -> OnApply,,,C:\Users\Admin\Downloads\myps\data\bin\abilityexport.bin,byte 1539855
26,MONSTER_CONTROLLER,5292,Summon Ashhide Squig,5365,0,1 -> OnApply,,,C:\Users\Admin\Downloads\myps\data\bin\abilityexport.bin,byte 1540437
26,MONSTER_CONTROLLER,5334,Summon Badrot's Squig,5353,0,1 -> OnApply,,,C:\Users\Admin\Downloads\myps\data\bin\abilityexport.bin,byte 1547615
26,MONSTER_CONTROLLER,5335,Summon Turret,5354,0,1 -> OnApply,,,C:\Users\Admin\Downloads\myps\data\bin\abilityexport.bin,byte 1547809
26,MONSTER_CONTROLLER,5392,Summon Squig,5399,0,1 -> OnApply,,,C:\Users\Admin\Downloads\myps\data\bin\abilityexport.bin,byte 1558479
26,MONSTER_CONTROLLER,5596,Gut Spew,4754,0,1 -> OnApply,,,C:\Users\Admin\Downloads\myps\data\bin\abilityexport.bin,byte 1597349
26,MONSTER_CONTROLLER,5602,Infestation,5604,1,5 -> OnBuffEnded,,,C:\Users\Admin\Downloads\myps\data\bin\abilityexport.bin,byte 1598513
26,MONSTER_CONTROLLER,5602,Infestation,5604,2,5 -> OnBuffEnded,,,C:\Users\Admin\Downloads\myps\data\bin\abilityexport.bin,byte 1598513
26,MONSTER_CONTROLLER,5602,Infestation,5604,3,5 -> OnBuffEnded,,,C:\Users\Admin\Downloads\myps\data\bin\abilityexport.bin,byte 1598513
26,MONSTER_CONTROLLER,5728,Sigmar's Wrath,5782,1,5 -> OnBuffEnded,,,C:\Users\Admin\Downloads\myps\data\bin\abilityexport.bin,byte 1621599
26,MONSTER_CONTROLLER,5984,Summon Test Monster,5989,0,1 -> OnApply,,,C:\Users\Admin\Downloads\myps\data\bin\abilityexport.bin,byte 1649085
26,MONSTER_CONTROLLER,8474,Summon Pink Horror,9267,0,1 -> OnApply,Damage,"Summons a daemonic minion who specializes in long range Elemental based attacks. This minion is confined to its summoning circle and cannot move. The daemonic minion gains 100% of your Intelligence from item bonuses and 50% of your Wounds from item bonuses. While you are within {ABIL_1071_COM_1_RADI_FEET} of the turret you will be steadily empowered by its unholy energy, increasing your damage by {ABIL_1072_COM_0_VAL0}% every {ABIL_1071_COM_0_FREQ_SECONDS} to a maximum of {ABIL_1072_COM_0_VAL1}%.",C:\Users\Admin\Downloads\myps\data\strings\english\abilitydesc.txt,line 8475
26,MONSTER_CONTROLLER,8476,Summon Blue Horror,9268,0,1 -> OnApply,Damage,"Summons a daemonic minion who specializes in short range Spiritual and Elemental area of effect attacks. This minion is confined to its summoning circle and cannot move. The daemonic minion gains 50% of your Intelligence from item bonuses and 100% of your Wounds from item bonuses. While you are within {ABIL_1071_COM_1_RADI_FEET} of the turret you will be steadily empowered by its unholy energy, increasing your damage by {ABIL_1072_COM_0_VAL0}% every {ABIL_1071_COM_0_FREQ_SECONDS} to a maximum of {ABIL_1072_COM_0_VAL1}%.",C:\Users\Admin\Downloads\myps\data\strings\english\abilitydesc.txt,line 8477
26,MONSTER_CONTROLLER,8478,Summon Flamer,9269,0,1 -> OnApply,Damage,"Summons a daemonic minion who specializes in powerful moderate range Spiritual attacks. This minion is confined to its summoning circle and cannot move. The daemonic minion gains 75% of your Intelligence from item bonuses and 75% of your Wounds from item bonuses. While you are within {ABIL_1071_COM_1_RADI_FEET} of the turret you will be steadily empowered by its unholy energy, increasing your damage by {ABIL_1072_COM_0_VAL0}% every {ABIL_1071_COM_0_FREQ_SECONDS} to a maximum of {ABIL_1072_COM_0_VAL1}%.",C:\Users\Admin\Downloads\myps\data\strings\english\abilitydesc.txt,line 8479
26,MONSTER_CONTROLLER,8535,Firewyrm of Tzeentch,9271,0,1 -> OnApply,,Summons a mighty Firewyrm that will rampage around attacking your enemies for {COM_0_DURA_SECONDS}.,C:\Users\Admin\Downloads\myps\data\strings\english\abilitydesc.txt,line 8536
26,MONSTER_CONTROLLER,8541,Daemonic Infestation,9772,0,1 -> OnApply,"Stagger, Damage","You call fourth a small daemon which will persist in an area for 1 minute. The daemon will explode when an enemy gets too close dealing {ABIL_383_COM_0_VAL0_DAMAGE} to all enemies within {COM_2_RADI_FEET} and staggering them for {ABIL_3167_COM_0_DURA_SECONDS}, preventing all actions until they take damage.",C:\Users\Admin\Downloads\myps\data\strings\english\abilitydesc.txt,line 8542
26,MONSTER_CONTROLLER,9159,Call War Lion,12150,0,1 -> OnApply,,You call your tamed War Lion to come forth and fight with you.<BR>You may only have a single War Lion at a time.,C:\Users\Admin\Downloads\myps\data\strings\english\abilitydesc.txt,line 9160
26,MONSTER_CONTROLLER,9159,Call War Lion,12310,1,1 -> OnApply,,You call your tamed War Lion to come forth and fight with you.<BR>You may only have a single War Lion at a time.,C:\Users\Admin\Downloads\myps\data\strings\english\abilitydesc.txt,line 9160
26,MONSTER_CONTROLLER,9159,Call War Lion,12311,2,1 -> OnApply,,You call your tamed War Lion to come forth and fight with you.<BR>You may only have a single War Lion at a time.,C:\Users\Admin\Downloads\myps\data\strings\english\abilitydesc.txt,line 9160
26,MONSTER_CONTROLLER,9159,Call War Lion,12312,3,1 -> OnApply,,You call your tamed War Lion to come forth and fight with you.<BR>You may only have a single War Lion at a time.,C:\Users\Admin\Downloads\myps\data\strings\english\abilitydesc.txt,line 9160
26,MONSTER_CONTROLLER,10792,Amenemhetum's Protector,18241,0,1 -> OnApply,,The very essence of Amenemhetum's Protector! Using this elixir will cause the spirit of Amenemhetum's Protector to appear and attack your enemies for the next {COM_1_DURA_SECONDS}.,C:\Users\Admin\Downloads\myps\data\strings\english\abilitydesc.txt,line 10793
26,MONSTER_CONTROLLER,10792,Amenemhetum's Protector,18242,1,1 -> OnApply,,The very essence of Amenemhetum's Protector! Using this elixir will cause the spirit of Amenemhetum's Protector to appear and attack your enemies for the next {COM_1_DURA_SECONDS}.,C:\Users\Admin\Downloads\myps\data\strings\english\abilitydesc.txt,line 10793
26,MONSTER_CONTROLLER,10835,Banner of the Undying Legion,18542,0,1 -> OnApply,,"Summons melee skeletal assistance for {COM_0_DURA_SECONDS}.  Once deployed, this cannot be retrieved.",C:\Users\Admin\Downloads\myps\data\strings\english\abilitydesc.txt,line 10836
26,MONSTER_CONTROLLER,10835,Banner of the Undying Legion,18543,1,1 -> OnApply,,"Summons melee skeletal assistance for {COM_0_DURA_SECONDS}.  Once deployed, this cannot be retrieved.",C:\Users\Admin\Downloads\myps\data\strings\english\abilitydesc.txt,line 10836
26,MONSTER_CONTROLLER,10835,Banner of the Undying Legion,18543,2,1 -> OnApply,,"Summons melee skeletal assistance for {COM_0_DURA_SECONDS}.  Once deployed, this cannot be retrieved.",C:\Users\Admin\Downloads\myps\data\strings\english\abilitydesc.txt,line 10836
39,MONSTER_FORCE_TARGET,17,Bad Breath Sub,392,3,3 -> OnPreviousComponentApplied,Damage,"A grating squeal that Taunts the enemy, making the enemy hate your pet much more, forcing monsters to attack your pet, and causing the enemy to deal {COM_0_VAL0}% less damage to everyone else other than the Squig for {COM_0_DURA_SECONDS}.",C:\Users\Admin\Downloads\myps\data\strings\english\abilitydesc.txt,line 18
39,MONSTER_FORCE_TARGET,44,Demonic Fire,392,3,3 -> OnPreviousComponentApplied,Damage,"Your Lion roars and taunts an enemy, making the enemy hate your pet much more, forcing monsters to target your pet,  and causing the enemy to deal {COM_0_VAL0}% less damage to everyone else other than your Lion for {COM_0_DURA_SECONDS}.",C:\Users\Admin\Downloads\myps\data\strings\english\abilitydesc.txt,line 45
39,MONSTER_FORCE_TARGET,205,Shatter Will,431,0,1 -> OnApply,,,C:\Users\Admin\Downloads\myps\data\bin\abilityexport.bin,byte 214431
39,MONSTER_FORCE_TARGET,1360,Scuse me!,392,8,3 -> OnPreviousComponentApplied,Damage,"You enrage your opponent, interrupting any currently building abilities and forcing monsters to attack you. While taunted your opponent will take {COM_3_VAL0}% more damage from your attacks. This effect will fade after {COM_2_DURA_SECONDS} or after your opponent has hit you 3 times.",C:\Users\Admin\Downloads\myps\data\strings\english\abilitydesc.txt,line 1361
39,MONSTER_FORCE_TARGET,1671,Fueled Fury,392,8,3 -> OnPreviousComponentApplied,Damage,"You enrage your opponent, interrupting any currently building abilities and forcing monsters to attack you. While taunted your opponent will take {COM_3_VAL0}% more damage from your attacks. This effect will fade after {COM_2_DURA_SECONDS} or after your opponent has hit you 3 times.",C:\Users\Admin\Downloads\myps\data\strings\english\abilitydesc.txt,line 1672
39,MONSTER_FORCE_TARGET,3252,Skullruin Likeness,392,1,3 -> OnPreviousComponentApplied,,,C:\Users\Admin\Downloads\myps\data\bin\abilityexport.bin,byte 37322
39,MONSTER_FORCE_TARGET,3267,Horrific Extraction,392,2,3 -> OnPreviousComponentApplied,,,C:\Users\Admin\Downloads\myps\data\bin\abilityexport.bin,byte 40232
39,MONSTER_FORCE_TARGET,3377,Writhing Crushing Blow,392,1,3 -> OnPreviousComponentApplied,,,C:\Users\Admin\Downloads\myps\data\bin\abilityexport.bin,byte 61184
39,MONSTER_FORCE_TARGET,3980,EvC SH - Auto2 (purple),392,1,3 -> OnPreviousComponentApplied,,,C:\Users\Admin\Downloads\myps\data\bin\abilityexport.bin,byte 177035
39,MONSTER_FORCE_TARGET,4445,Spl_S,4489,0,1 -> OnApply,,,C:\Users\Admin\Downloads\myps\data\bin\abilityexport.bin,byte 1431951
39,MONSTER_FORCE_TARGET,5810,Slaurith Target,5800,0,1 -> OnApply,,,C:\Users\Admin\Downloads\myps\data\bin\abilityexport.bin,byte 1627225
39,MONSTER_FORCE_TARGET,5815,De-target,5806,0,1 -> OnApply,,,C:\Users\Admin\Downloads\myps\data\bin\abilityexport.bin,byte 1628195
39,MONSTER_FORCE_TARGET,5836,De-Target Players,5824,0,1 -> OnApply,,,C:\Users\Admin\Downloads\myps\data\bin\abilityexport.bin,byte 1632335
39,MONSTER_FORCE_TARGET,8010,Taunt,392,8,3 -> OnPreviousComponentApplied,Damage,"You enrage your opponent, interrupting any currently building abilities and forcing monsters to attack you. While taunted your opponent will take {COM_3_VAL0}% more damage from your attacks. This effect will fade after {COM_2_DURA_SECONDS} or after your opponent has hit you 3 times.",C:\Users\Admin\Downloads\myps\data\strings\english\abilitydesc.txt,line 8011
39,MONSTER_FORCE_TARGET,8322,Taunt,392,8,3 -> OnPreviousComponentApplied,Damage,"You enrage your opponent, interrupting any currently building abilities and forcing monsters to attack you. While taunted your opponent will take {COM_3_VAL0}% more damage from your attacks. This effect will fade after {COM_2_DURA_SECONDS} or after your opponent has hit you 3 times.",C:\Users\Admin\Downloads\myps\data\strings\english\abilitydesc.txt,line 8323
39,MONSTER_FORCE_TARGET,9005,Taunt,392,8,1 -> OnApply,Damage,"You enrage your opponent, interrupting any currently building abilities and forcing monsters to attack you. While taunted your opponent will take {COM_3_VAL0}% more damage from your attacks. This effect will fade after {COM_2_DURA_SECONDS} or after your opponent has hit you 3 times.",C:\Users\Admin\Downloads\myps\data\strings\english\abilitydesc.txt,line 9006
39,MONSTER_FORCE_TARGET,9322,Taunt,392,8,1 -> OnApply,Damage,"You enrage your opponent, interrupting any currently building abilities and forcing monsters to attack you. While taunted your opponent will take {COM_3_VAL0}% more damage from your attacks. This effect will fade after {COM_2_DURA_SECONDS} or after your opponent has hit you 3 times.",C:\Users\Admin\Downloads\myps\data\strings\english\abilitydesc.txt,line 9323
39,MONSTER_FORCE_TARGET,13054,Force Taunt,13108,0,1 -> OnApply,,,C:\Users\Admin\Downloads\myps\data\bin\abilityexport.bin,byte 1679803
39,MONSTER_FORCE_TARGET,13154,Reapa Rush,24633,0,1 -> OnApply,,,C:\Users\Admin\Downloads\myps\data\bin\abilityexport.bin,byte 1699434
39,MONSTER_FORCE_TARGET,13172,Feral Blitz,24696,0,1 -> OnApply,,,C:\Users\Admin\Downloads\myps\data\bin\abilityexport.bin,byte 1702926
39,MONSTER_FORCE_TARGET,13307,Charge,13324,0,1 -> OnApply,,,C:\Users\Admin\Downloads\myps\data\bin\abilityexport.bin,byte 1720419
39,MONSTER_FORCE_TARGET,13317,Random Target sub,13344,0,1 -> OnApply,,,C:\Users\Admin\Downloads\myps\data\bin\abilityexport.bin,byte 1722392
39,MONSTER_FORCE_TARGET,13320,Gut Bounce,13356,0,1 -> OnApply,,,C:\Users\Admin\Downloads\myps\data\bin\abilityexport.bin,byte 1722974
39,MONSTER_FORCE_TARGET,13329,Charge,13324,0,1 -> OnApply,,,C:\Users\Admin\Downloads\myps\data\bin\abilityexport.bin,byte 1724786
39,MONSTER_FORCE_TARGET,13346,Rapacious Artillery,23914,0,1 -> OnApply,,,C:\Users\Admin\Downloads\myps\data\bin\abilityexport.bin,byte 1728084
39,MONSTER_FORCE_TARGET,13401,Alacrity of Nitram,16620,0,1 -> OnApply,,,C:\Users\Admin\Downloads\myps\data\bin\abilityexport.bin,byte 1738754
39,MONSTER_FORCE_TARGET,13410,Baleful Paroxysm,16620,0,1 -> OnApply,,,C:\Users\Admin\Downloads\myps\data\bin\abilityexport.bin,byte 1740500
39,MONSTER_FORCE_TARGET,13478,Deafening Screech,16427,0,1 -> OnApply,,,C:\Users\Admin\Downloads\myps\data\bin\abilityexport.bin,byte 1753564
39,MONSTER_FORCE_TARGET,13481,Deafening Screech,16427,0,1 -> OnApply,,,C:\Users\Admin\Downloads\myps\data\bin\abilityexport.bin,byte 1754146
39,MONSTER_FORCE_TARGET,13593,Challenge,13574,0,1 -> OnApply,,,C:\Users\Admin\Downloads\myps\data\bin\abilityexport.bin,byte 1772609
39,MONSTER_FORCE_TARGET,13710,Force Target Foogs,13717,0,1 -> OnApply,,,C:\Users\Admin\Downloads\myps\data\bin\abilityexport.bin,byte 1795113
39,MONSTER_FORCE_TARGET,13713,Thar'lgnan's Hurl,13725,1,5 -> OnBuffEnded,,,C:\Users\Admin\Downloads\myps\data\bin\abilityexport.bin,byte 1795695
39,MONSTER_FORCE_TARGET,13716,Bloodherd Charge,13725,0,1 -> OnApply,,,C:\Users\Admin\Downloads\myps\data\bin\abilityexport.bin,byte 1796277
39,MONSTER_FORCE_TARGET,13722,Bulrok Charge,13733,0,1 -> OnApply,,,C:\Users\Admin\Downloads\myps\data\bin\abilityexport.bin,byte 1797441
39,MONSTER_FORCE_TARGET,13735,Skeleton AE Taunt,16375,1,1 -> OnApply,,,C:\Users\Admin\Downloads\myps\data\bin\abilityexport.bin,byte 1799963
39,MONSTER_FORCE_TARGET,13744,Nehekaran Trap,13751,2,1 -> OnApply,,,C:\Users\Admin\Downloads\myps\data\bin\abilityexport.bin,byte 1801709
39,MONSTER_FORCE_TARGET,13808,Random Target Target,13599,0,1 -> OnApply,,,C:\Users\Admin\Downloads\myps\data\bin\abilityexport.bin,byte 1814125
39,MONSTER_FORCE_TARGET,13945,Shadow Strike,14000,1,1 -> OnApply,,,C:\Users\Admin\Downloads\myps\data\bin\abilityexport.bin,byte 1831424
39,MONSTER_FORCE_TARGET,23817,Pounce,24808,0,1 -> OnApply,,,C:\Users\Admin\Downloads\myps\data\bin\abilityexport.bin,byte 1896334
39,MONSTER_FORCE_TARGET,23820,The Chase,24814,0,1 -> OnApply,,,C:\Users\Admin\Downloads\myps\data\bin\abilityexport.bin,byte 1896949
39,MONSTER_FORCE_TARGET,24502,Unshakeable,24817,0,1 -> OnApply,,,C:\Users\Admin\Downloads\myps\data\bin\abilityexport.bin,byte 1931863
39,MONSTER_FORCE_TARGET,24891,Pursuit Ping Back,26779,0,1 -> OnApply,,,C:\Users\Admin\Downloads\myps\data\bin\abilityexport.bin,byte 2008961
19,MORALE_CHANGE,245,Word of Command,1144,2,3 -> OnPreviousComponentApplied,,"You run away from the battle in a mad panic, increasing your run speed by {COM_0_VAL0} for {COM_0_DURA_SECONDS}.  You immediately lose all of your action points, any career mechanic points, and your Morale will begin to drop, and you will not begin to regain action points until {COM_4_VAL0_COM_0_DURA_SECONDS} have passed.<BR><BR>You can use this ability again to cancel the effect early, but you will still remain panicked and will not regain action points for the full duration.",C:\Users\Admin\Downloads\myps\data\strings\english\abilitydesc.txt,line 246
19,MORALE_CHANGE,926,The Burning Head,8162,1,3 -> OnPreviousComponentApplied,Damage,"Deals high damage to all enemies in front of you, up to 65 feet away, and greatly reduces their Morale over 3 seconds.",C:\Users\Admin\Downloads\myps\data\strings\english\abilitydesc.txt,line 927
19,MORALE_CHANGE,931,Furious Choppin',8166,0,1 -> OnApply,,"Everyone in your group gains 50 seconds worth of Morale, and all enemies within 65 feet of you lose 50 seconds worth of Morale.",C:\Users\Admin\Downloads\myps\data\strings\english\abilitydesc.txt,line 932
19,MORALE_CHANGE,931,Furious Choppin',8167,1,1 -> OnApply,,"Everyone in your group gains 50 seconds worth of Morale, and all enemies within 65 feet of you lose 50 seconds worth of Morale.",C:\Users\Admin\Downloads\myps\data\strings\english\abilitydesc.txt,line 932
19,MORALE_CHANGE,947,Can't Stop the Chop,8548,1,3 -> OnPreviousComponentApplied,Damage,Your target and any other enemies within 30 feet of them suffer very high damage and lose 50 seconds worth of Morale.,C:\Users\Admin\Downloads\myps\data\strings\english\abilitydesc.txt,line 948
19,MORALE_CHANGE,989,Cry Of War,1305,0,1 -> OnApply,,All enemies within 30 feet lose 30 seconds worth of Morale.,C:\Users\Admin\Downloads\myps\data\strings\english\abilitydesc.txt,line 990
19,MORALE_CHANGE,1664,Clobber,1538,4,3 -> OnPreviousComponentApplied,Damage,"Slashes for {COM_0_VAL0_DAMAGE}, and generates extra hate against monsters.",C:\Users\Admin\Downloads\myps\data\strings\english\abilitydesc.txt,line 1665
19,MORALE_CHANGE,1707,Seeping Wound,3154,1,6 -> OnEventTriggered,,Whenever you Block an attack you gain 4 percentage points worth of Morale. This effect will not trigger more than once every 3 seconds.,C:\Users\Admin\Downloads\myps\data\strings\english\abilitydesc.txt,line 1708
19,MORALE_CHANGE,1729,Relentless ,1560,1,3 -> OnPreviousComponentApplied,Damage,Deals {COM_0_VAL0_TOD_DAMAGE} over {COM_0_DURA_SECONDS} to all targets within {COM_0_RADI_FEET} in of you.  Affected targets lose 30 seconds of Morale over 12 seconds.,C:\Users\Admin\Downloads\myps\data\strings\english\abilitydesc.txt,line 1730
19,MORALE_CHANGE,1899,Duration ST - VFX,3099,3,3 -> OnPreviousComponentApplied,Damage,Deals {COM_0_VAL0_ELEMENTALDAMAGE} to your target.,C:\Users\Admin\Downloads\myps\data\strings\english\abilitydesc.txt,line 1900
19,MORALE_CHANGE,1902,Gun Auto Attack 1,3000,2,6 -> OnEventTriggered,Damage,Everyone in your group within 100 feet will do an additional {COM_1_VAL0_ELEMENTALDAMAGE} on their next attack within {COM_0_DURA_SECONDS}.,C:\Users\Admin\Downloads\myps\data\strings\english\abilitydesc.txt,line 1903
19,MORALE_CHANGE,1902,Gun Auto Attack 1,3000,5,6 -> OnEventTriggered,Damage,Everyone in your group within 100 feet will do an additional {COM_1_VAL0_ELEMENTALDAMAGE} on their next attack within {COM_0_DURA_SECONDS}.,C:\Users\Admin\Downloads\myps\data\strings\english\abilitydesc.txt,line 1903
19,MORALE_CHANGE,3420,Devastating Blows ,3060,0,1 -> OnApply,,,C:\Users\Admin\Downloads\myps\data\bin\abilityexport.bin,byte 69526
19,MORALE_CHANGE,3666,To Victory!,8306,1,3 -> OnPreviousComponentApplied,,,C:\Users\Admin\Downloads\myps\data\bin\abilityexport.bin,byte 117089
19,MORALE_CHANGE,3798,Consume Resolve,11224,0,1 -> OnApply,,,C:\Users\Admin\Downloads\myps\data\bin\abilityexport.bin,byte 142697
19,MORALE_CHANGE,4031,Sun Channel,4545,2,3 -> OnPreviousComponentApplied,,,C:\Users\Admin\Downloads\myps\data\bin\abilityexport.bin,byte 1360712
19,MORALE_CHANGE,4134,Auto 2 (he fell arrow proj) - Cold Feet Icon (Root),4108,1,6 -> OnEventTriggered,,,C:\Users\Admin\Downloads\myps\data\bin\abilityexport.bin,byte 1380694
19,MORALE_CHANGE,4146,Spell_S - Pet Summon (Guard),4108,1,6 -> OnEventTriggered,,,C:\Users\Admin\Downloads\myps\data\bin\abilityexport.bin,byte 1382052
19,MORALE_CHANGE,4446,Spl_S,4348,0,1 -> OnApply,,,C:\Users\Admin\Downloads\myps\data\bin\abilityexport.bin,byte 1432145
19,MORALE_CHANGE,4555,Liniment of Swift Tergiversation,4545,0,1 -> OnApply,,,C:\Users\Admin\Downloads\myps\data\bin\abilityexport.bin,byte 1436025
19,MORALE_CHANGE,4722,HighElf MDPS acknowledge,4637,0,1 -> OnApply,,,C:\Users\Admin\Downloads\myps\data\bin\abilityexport.bin,byte 1461830
19,MORALE_CHANGE,4723,HighElf MDPS flourish1,4638,0,1 -> OnApply,,,C:\Users\Admin\Downloads\myps\data\bin\abilityexport.bin,byte 1462024
19,MORALE_CHANGE,5559,Demoralizing Song,4720,0,1 -> OnApply,,,C:\Users\Admin\Downloads\myps\data\bin\abilityexport.bin,byte 1590138
19,MORALE_CHANGE,5886,Disturbing Whispers,5886,1,1 -> OnApply,,,C:\Users\Admin\Downloads\myps\data\bin\abilityexport.bin,byte 1642101
19,MORALE_CHANGE,8076,Solar Flare,9691,1,3 -> OnPreviousComponentApplied,Damage,Deals {COM_0_VAL0_DAMAGE} to all enemies within {COM_0_RADI_FEET}.  Enemy players hit by this effect will lose all of their Morale.,C:\Users\Admin\Downloads\myps\data\strings\english\abilitydesc.txt,line 8077
19,MORALE_CHANGE,8139,Vitriolic Judgement,9550,1,6 -> OnEventTriggered,,"Any time you strike an enemy in the back, there is a 25% chance that they will lose {COM_1_VAL0} points of Morale.",C:\Users\Admin\Downloads\myps\data\strings\english\abilitydesc.txt,line 8140
19,MORALE_CHANGE,8200,Embrace The Flames,12517,1,6 -> OnEventTriggered,Damage,"Any time you critically hit an enemy with a direct damage ability, you will gain {COM_1_VAL0} points of Morale. This effect will not trigger more than once every 3 seconds.",C:\Users\Admin\Downloads\myps\data\strings\english\abilitydesc.txt,line 8201
19,MORALE_CHANGE,8220,The Burning Head,8674,2,3 -> OnPreviousComponentApplied,Damage,"Deals {COM_0_VAL0_DAMAGE} to your target, and {COM_1_VAL0} to all other enemies within {COM_1_RADI_FEET} of them.  All enemies hit by this effect will lose {COM_2_VAL0} points of Morale.",C:\Users\Admin\Downloads\myps\data\strings\english\abilitydesc.txt,line 8221
19,MORALE_CHANGE,8359,Destined For Victory,9520,1,6 -> OnEventTriggered,,"Any time you block an attack, you gain {COM_1_VAL0} points of Morale. Tactic can not trigger more than once every 3 seconds.",C:\Users\Admin\Downloads\myps\data\strings\english\abilitydesc.txt,line 8360
19,MORALE_CHANGE,8446,Crushing Blows,8569,1,6 -> OnEventTriggered,,"While you are using the Gift Of Monstrosity, all of your hits have a 25% chance to remove {COM_1_VAL0} points of Morale from the enemy.",C:\Users\Admin\Downloads\myps\data\strings\english\abilitydesc.txt,line 8447
19,MORALE_CHANGE,8588,By Tzeentch's Will!,8693,1,6 -> OnEventTriggered,Heal,Critical direct heals will increase your morale by {COM_1_VAL0}. This effect will not trigger more than once every 3 seconds.,C:\Users\Admin\Downloads\myps\data\strings\english\abilitydesc.txt,line 8589
19,MORALE_CHANGE,9011,Intimidating Blow,11178,1,3 -> OnPreviousComponentApplied,Damage,An overpowering strike that deals {COM_0_VAL0_DAMAGE} and decreases your opponent's morale by {COM_1_VAL0}.,C:\Users\Admin\Downloads\myps\data\strings\english\abilitydesc.txt,line 9012
19,MORALE_CHANGE,9076,Shadow Blades,11174,1,3 -> OnPreviousComponentApplied,Damage,"All enemies within 30 feet suffer {COM_0_VAL0_TOD} Spiritual damage over 12 seconds, and will steadily lose {COM_1_VAL0_TOD} Morale.",C:\Users\Admin\Downloads\myps\data\strings\english\abilitydesc.txt,line 9077
19,MORALE_CHANGE,9205,Close Bond,12234,1,7 -> OnPreviousComponentTick,,"You gain an additional {COM_1_VAL0} Morale every {COM_0_FREQ_SECONDS} as long as you have an active War Lion.  If your War Lion ever dies, however, you will lose {COM_3_VAL0} Morale.",C:\Users\Admin\Downloads\myps\data\strings\english\abilitydesc.txt,line 9206
19,MORALE_CHANGE,9205,Close Bond,12236,3,6 -> OnEventTriggered,,"You gain an additional {COM_1_VAL0} Morale every {COM_0_FREQ_SECONDS} as long as you have an active War Lion.  If your War Lion ever dies, however, you will lose {COM_3_VAL0} Morale.",C:\Users\Admin\Downloads\myps\data\strings\english\abilitydesc.txt,line 9206
19,MORALE_CHANGE,9242,Boon of Hysh,12577,2,3 -> OnPreviousComponentApplied,"Heal, Damage","Heals your target for {COM_0_VAL0_HEALTH}.<BR>This is a fragile spell, and will sometimes be set back by a small amount if you are damaged while casting it.",C:\Users\Admin\Downloads\myps\data\strings\english\abilitydesc.txt,line 9243
19,MORALE_CHANGE,9516,Glorious Carnage,12517,1,6 -> OnEventTriggered,Damage,"Any time you critically hit an enemy with a direct damage ability, you will gain {COM_1_VAL0} points of Morale. This effect will not trigger more than once every 3 seconds.",C:\Users\Admin\Downloads\myps\data\strings\english\abilitydesc.txt,line 9517
19,MORALE_CHANGE,10390,Doubt,10150,1,6 -> OnEventTriggered,,Doubt - On Being Hit: 25% chance to remove {ABIL_10390_COM_1_VAL0} morale from the attacker.,C:\Users\Admin\Downloads\myps\data\strings\english\abilitydesc.txt,line 10391
19,MORALE_CHANGE,10394,Determination,10154,1,6 -> OnEventTriggered,,Determination - On Being Hit: 10% chance to gain {ABIL_10394_COM_1_VAL0} morale.,C:\Users\Admin\Downloads\myps\data\strings\english\abilitydesc.txt,line 10395
19,MORALE_CHANGE,10885,Zephyrus Tincture,18511,0,1 -> OnApply,,Increases your Morale by 10%.,C:\Users\Admin\Downloads\myps\data\strings\english\abilitydesc.txt,line 10886
19,MORALE_CHANGE,10886,Zephyrus Nostrum,18512,0,1 -> OnApply,,Increases your Morale by 20%.,C:\Users\Admin\Downloads\myps\data\strings\english\abilitydesc.txt,line 10887
19,MORALE_CHANGE,12025,Ursine Roar,21070,5,3 -> OnPreviousComponentApplied,,,C:\Users\Admin\Downloads\myps\data\bin\abilityexport.bin,byte 2024687
19,MORALE_CHANGE,12025,Ursine Roar,21070,6,3 -> OnPreviousComponentApplied,,,C:\Users\Admin\Downloads\myps\data\bin\abilityexport.bin,byte 2024687
19,MORALE_CHANGE,12025,Ursine Roar,21072,7,3 -> OnPreviousComponentApplied,,,C:\Users\Admin\Downloads\myps\data\bin\abilityexport.bin,byte 2024687
19,MORALE_CHANGE,12025,Ursine Roar,21072,8,3 -> OnPreviousComponentApplied,,,C:\Users\Admin\Downloads\myps\data\bin\abilityexport.bin,byte 2024687
19,MORALE_CHANGE,12087,Howling Nightmares,21074,1,1 -> OnApply,,,C:\Users\Admin\Downloads\myps\data\bin\abilityexport.bin,byte 2034993
19,MORALE_CHANGE,12087,Howling Nightmares,21076,2,1 -> OnApply,,,C:\Users\Admin\Downloads\myps\data\bin\abilityexport.bin,byte 2034993
19,MORALE_CHANGE,12125,Zealous Shout,21070,3,3 -> OnPreviousComponentApplied,,,C:\Users\Admin\Downloads\myps\data\bin\abilityexport.bin,byte 2040598
18,MORALE_REGEN_CHANGE,245,Word of Command,1145,3,3 -> OnPreviousComponentApplied,,"You run away from the battle in a mad panic, increasing your run speed by {COM_0_VAL0} for {COM_0_DURA_SECONDS}.  You immediately lose all of your action points, any career mechanic points, and your Morale will begin to drop, and you will not begin to regain action points until {COM_4_VAL0_COM_0_DURA_SECONDS} have passed.<BR><BR>You can use this ability again to cancel the effect early, but you will still remain panicked and will not regain action points for the full duration.",C:\Users\Admin\Downloads\myps\data\strings\english\abilitydesc.txt,line 246
18,MORALE_REGEN_CHANGE,691,Barbed Wire,1106,1,3 -> OnPreviousComponentApplied,,"For the next 7 seconds, your target regains action points 50% more slowly, and their normal morale gain will stop.",C:\Users\Admin\Downloads\myps\data\strings\english\abilitydesc.txt,line 692
18,MORALE_REGEN_CHANGE,3481,Acidic Muck,12360,1,1 -> OnApply,,,C:\Users\Admin\Downloads\myps\data\bin\abilityexport.bin,byte 81360
18,MORALE_REGEN_CHANGE,4052,RvRD - Martin - Tomb King - Build up attack,4035,1,1 -> OnApply,,,C:\Users\Admin\Downloads\myps\data\bin\abilityexport.bin,byte 1364786
18,MORALE_REGEN_CHANGE,4077,RVRD - Symbol of the Sun,4056,1,7 -> OnPreviousComponentTick,,,C:\Users\Admin\Downloads\myps\data\bin\abilityexport.bin,byte 1369636
18,MORALE_REGEN_CHANGE,4080,RVRD - Symbol of the Shield,4058,1,3 -> OnPreviousComponentApplied,,,C:\Users\Admin\Downloads\myps\data\bin\abilityexport.bin,byte 1370218
18,MORALE_REGEN_CHANGE,4109,Shout - Fire Shield (Dmg Shield),4080,0,1 -> OnApply,,,C:\Users\Admin\Downloads\myps\data\bin\abilityexport.bin,byte 1375844
18,MORALE_REGEN_CHANGE,4556,Fear,4546,0,1 -> OnApply,,,C:\Users\Admin\Downloads\myps\data\bin\abilityexport.bin,byte 1436219
18,MORALE_REGEN_CHANGE,5014,Squig Breath,5023,1,3 -> OnPreviousComponentApplied,,,C:\Users\Admin\Downloads\myps\data\bin\abilityexport.bin,byte 1487215
18,MORALE_REGEN_CHANGE,5553,Khorne's Terror,4713,0,1 -> OnApply,,,C:\Users\Admin\Downloads\myps\data\bin\abilityexport.bin,byte 1588974
18,MORALE_REGEN_CHANGE,5587,Demoralizing Fear,4739,0,1 -> OnApply,,,C:\Users\Admin\Downloads\myps\data\bin\abilityexport.bin,byte 1595603
18,MORALE_REGEN_CHANGE,9617,Vision of Torment,11259,1,3 -> OnPreviousComponentApplied,Damage,"Victim is overcome with seemingly endless visions of their own grisly death. So real are the visions, that the victim suffers {COM_0_VAL0_TOD_DAMAGE} over {COM_0_DURA_SECONDS} and will not generate any morale for every second of agony.",C:\Users\Admin\Downloads\myps\data\strings\english\abilitydesc.txt,line 9618
18,MORALE_REGEN_CHANGE,14159,Dwarven Camaraderie,7845,1,8 -> OnPreviousComponentBuffTick,,You receive an additional 5% morale gain for every Dwarf in your group.,C:\Users\Admin\Downloads\myps\data\strings\english\abilitydesc.txt,line 14160
18,MORALE_REGEN_CHANGE,14160,Orcish Camaraderie,7846,1,8 -> OnPreviousComponentBuffTick,,You receive an additional 5% morale gain for every Greenskin in your group.,C:\Users\Admin\Downloads\myps\data\strings\english\abilitydesc.txt,line 14161
18,MORALE_REGEN_CHANGE,14160,Orcish Camaraderie,7851,2,8 -> OnPreviousComponentBuffTick,,You receive an additional 5% morale gain for every Greenskin in your group.,C:\Users\Admin\Downloads\myps\data\strings\english\abilitydesc.txt,line 14161
18,MORALE_REGEN_CHANGE,14161,Empire Allegiance,7847,1,8 -> OnPreviousComponentBuffTick,,You receive an additional 5% morale gain for every Empire in your group.,C:\Users\Admin\Downloads\myps\data\strings\english\abilitydesc.txt,line 14162
18,MORALE_REGEN_CHANGE,14162,Chaotic Allegiance,7848,1,8 -> OnPreviousComponentBuffTick,,You receive an additional 5% morale gain for every Chaos in your group.,C:\Users\Admin\Downloads\myps\data\strings\english\abilitydesc.txt,line 14163
18,MORALE_REGEN_CHANGE,14163,High Elf Lineage,7849,1,8 -> OnPreviousComponentBuffTick,,You receive an additional 5% morale gain for every High Elf in your group.,C:\Users\Admin\Downloads\myps\data\strings\english\abilitydesc.txt,line 14164
18,MORALE_REGEN_CHANGE,14164,Dark Elf Lineage,7850,1,8 -> OnPreviousComponentBuffTick,,You receive an additional 5% morale gain for every Dark Elf in your group.,C:\Users\Admin\Downloads\myps\data\strings\english\abilitydesc.txt,line 14165
18,MORALE_REGEN_CHANGE,14509,Planted Standard,14224,0,1 -> OnApply,,,C:\Users\Admin\Downloads\myps\data\bin\abilityexport.bin,byte 723852
18,MORALE_REGEN_CHANGE,14511,Captured Standard!,14226,0,1 -> OnApply,,,C:\Users\Admin\Downloads\myps\data\bin\abilityexport.bin,byte 724240
18,MORALE_REGEN_CHANGE,15102,Aethyric Insight,15103,3,6 -> OnEventTriggered,Damage,"You deal {COM_0_VAL0}% more damage to all enemy Daemon monsters, and take {COM_0_VAL0}% less damage from them.  As long as you are attacking an enemy of this type, you gain Morale {COM_3_VAL0}% faster.",C:\Users\Admin\Downloads\myps\data\strings\english\abilitydesc.txt,line 15103
18,MORALE_REGEN_CHANGE,15108,Sky Titan's Strength,15103,3,6 -> OnEventTriggered,,"Increases your chances to defend against attacks made by enemy Ogre, Troll, and Giant monsters by {COM_0_VAL0}%, and increases your chance to critically hit them by {COM_1_VAL1}%.  As long as you are attacking an enemy of this type, you gain Morale {COM_3_VAL0}% faster.",C:\Users\Admin\Downloads\myps\data\strings\english\abilitydesc.txt,line 15109
18,MORALE_REGEN_CHANGE,15111,Outmaneuver the Clever,15103,3,6 -> OnEventTriggered,,"You can approach {COM_0_VAL1}% closer to an enemy Greenskin monster before it will attack you, and any abilities used against them will cost {COM_1_VAL1}% less action points.  As long as you are attacking an enemy of this type, you gain Morale {COM_3_VAL0}% faster.",C:\Users\Admin\Downloads\myps\data\strings\english\abilitydesc.txt,line 15112
18,MORALE_REGEN_CHANGE,15531,Morale Blocker,15538,0,1 -> OnApply,,I blockz yer Morale and stuffz,C:\Users\Admin\Downloads\myps\data\strings\english\abilitydesc.txt,line 15532
18,MORALE_REGEN_CHANGE,23703,Devitalization of Flesh,23712,1,3 -> OnPreviousComponentApplied,,,C:\Users\Admin\Downloads\myps\data\bin\abilityexport.bin,byte 1875861
18,MORALE_REGEN_CHANGE,23711,Dread Tithing,23712,0,1 -> OnApply,,,C:\Users\Admin\Downloads\myps\data\bin\abilityexport.bin,byte 1877413
18,MORALE_REGEN_CHANGE,24589,Heroic Defender,26240,1,3 -> OnPreviousComponentApplied,,,C:\Users\Admin\Downloads\myps\data\bin\abilityexport.bin,byte 1947259
43,MOVEMENT_AUTOATTACK,1844,Spiked Squig,3431,6,3 -> OnPreviousComponentApplied,Damage,"Summons a Spiked squig pet which you can order around. This pet attacks from range and has increased damage.<BR>This pet receives a bonus to Ballistic Skill equal to 150% of your bonus from items. This pet receives a bonus to Weapon Skill equal to 50% of your bonus from items.<BR>You gain the ability to autoattack while moving, and your chance to critically hit is increased by {COM_2_VAL1}% as long as this squig is alive.<BR>Cooldown will begin when you lose control of your pet for any reason.",C:\Users\Admin\Downloads\myps\data\strings\english\abilitydesc.txt,line 1845
43,MOVEMENT_AUTOATTACK,9094,Skirmish Stance,3431,2,3 -> OnPreviousComponentApplied,,A close-range bow stance that increases your Toughness by {COM_0_VAL0} and the chance that your bow attacks will critically hit by {COM_1_VAL1}%. You gain the ability to autoattack while moving while in this stance.<BR><BR>You may only use a single Stance at a time.,C:\Users\Admin\Downloads\myps\data\strings\english\abilitydesc.txt,line 9095
43,MOVEMENT_AUTOATTACK,17901,Gift of Savagery,9497,0,1 -> OnApply,,,C:\Users\Admin\Downloads\myps\data\bin\abilityexport.bin,byte 925785
0,NONE,3532,Fleeting Thoughts BLOCKER,11028,0,1 -> OnApply,,,C:\Users\Admin\Downloads\myps\data\bin\abilityexport.bin,byte 91254
37,RANK_CHANGE,14268,Apprentice -Bolster Up,19101,0,1 -> OnApply,,You will become your ally's apprentice.,C:\Users\Admin\Downloads\myps\data\strings\english\abilitydesc.txt,line 14269
37,RANK_CHANGE,14269,Apprentice - Bolster Down,19102,0,1 -> OnApply,,Your ally will become your Hireling.,C:\Users\Admin\Downloads\myps\data\strings\english\abilitydesc.txt,line 14270
37,RANK_CHANGE,14310,Bolster,14953,0,1 -> OnApply,,,C:\Users\Admin\Downloads\myps\data\bin\abilityexport.bin,byte 695211
37,RANK_CHANGE,14313,Bolster,14704,0,1 -> OnApply,,,C:\Users\Admin\Downloads\myps\data\bin\abilityexport.bin,byte 695793
37,RANK_CHANGE,14314,Bolster,14705,0,1 -> OnApply,,,C:\Users\Admin\Downloads\myps\data\bin\abilityexport.bin,byte 695987
37,RANK_CHANGE,14315,Bolster,14706,0,1 -> OnApply,,,C:\Users\Admin\Downloads\myps\data\bin\abilityexport.bin,byte 696181
37,RANK_CHANGE,14316,Bolster,14707,0,1 -> OnApply,,,C:\Users\Admin\Downloads\myps\data\bin\abilityexport.bin,byte 696375
37,RANK_CHANGE,15972,Apprenticeship,15684,1,8 -> OnPreviousComponentBuffTick,,Increases the effective level of the targeted player to two levels below your level as long as they are within 100 feet of you.<br>You may toggle this on and off to change which ally you are helping.,C:\Users\Admin\Downloads\myps\data\strings\english\abilitydesc.txt,line 15973
37,RANK_CHANGE,15975,Indenture,15689,1,8 -> OnPreviousComponentBuffTick,,Increases the effective level of the targeted player to two levels below your level as long as they are within 100 feet of you.<br>You may toggle this on and off to change which ally you are helping.,C:\Users\Admin\Downloads\myps\data\strings\english\abilitydesc.txt,line 15976
37,RANK_CHANGE,23580,Bolster,13190,0,1 -> OnApply,,,C:\Users\Admin\Downloads\myps\data\bin\abilityexport.bin,byte 1850601
37,RANK_CHANGE,23580,Bolster,13189,1,1 -> OnApply,,,C:\Users\Admin\Downloads\myps\data\bin\abilityexport.bin,byte 1850601
37,RANK_CHANGE,23580,Bolster,13188,2,1 -> OnApply,,,C:\Users\Admin\Downloads\myps\data\bin\abilityexport.bin,byte 1850601
37,RANK_CHANGE,23580,Bolster,13187,3,1 -> OnApply,,,C:\Users\Admin\Downloads\myps\data\bin\abilityexport.bin,byte 1850601
37,RANK_CHANGE,23589,Bolster,13187,0,1 -> OnApply,,,C:\Users\Admin\Downloads\myps\data\bin\abilityexport.bin,byte 1852347
37,RANK_CHANGE,23596,Bolster,24865,0,1 -> OnApply,,,C:\Users\Admin\Downloads\myps\data\bin\abilityexport.bin,byte 1853771
37,RANK_CHANGE,24600,Bolster,26895,0,1 -> OnApply,,,C:\Users\Admin\Downloads\myps\data\bin\abilityexport.bin,byte 1949038
37,RANK_CHANGE,24600,Bolster,26896,1,1 -> OnApply,,,C:\Users\Admin\Downloads\myps\data\bin\abilityexport.bin,byte 1949038
37,RANK_CHANGE,24600,Bolster,26897,2,1 -> OnApply,,,C:\Users\Admin\Downloads\myps\data\bin\abilityexport.bin,byte 1949038
37,RANK_CHANGE,24600,Bolster,26898,3,1 -> OnApply,,,C:\Users\Admin\Downloads\myps\data\bin\abilityexport.bin,byte 1949038
37,RANK_CHANGE,24600,Bolster,26899,4,1 -> OnApply,,,C:\Users\Admin\Downloads\myps\data\bin\abilityexport.bin,byte 1949038
37,RANK_CHANGE,24945,Bolster Down,26960,0,1 -> OnApply,,,C:\Users\Admin\Downloads\myps\data\bin\abilityexport.bin,byte 2018533
37,RANK_CHANGE,24945,Bolster Down,26961,1,1 -> OnApply,,,C:\Users\Admin\Downloads\myps\data\bin\abilityexport.bin,byte 2018533
37,RANK_CHANGE,24945,Bolster Down,26962,2,1 -> OnApply,,,C:\Users\Admin\Downloads\myps\data\bin\abilityexport.bin,byte 2018533
37,RANK_CHANGE,24945,Bolster Down,26963,3,1 -> OnApply,,,C:\Users\Admin\Downloads\myps\data\bin\abilityexport.bin,byte 2018533
37,RANK_CHANGE,24945,Bolster Down,26964,4,1 -> OnApply,,,C:\Users\Admin\Downloads\myps\data\bin\abilityexport.bin,byte 2018533
42,RECOVER_STANDARD,14512,Rescue Standard,14227,0,1 -> OnApply,,,C:\Users\Admin\Downloads\myps\data\bin\abilityexport.bin,byte 724434
42,RECOVER_STANDARD,14513,Rescue Standard,14228,0,1 -> OnApply,,,C:\Users\Admin\Downloads\myps\data\bin\abilityexport.bin,byte 724628
42,RECOVER_STANDARD,14514,Rescue Standard,14229,0,1 -> OnApply,,,C:\Users\Admin\Downloads\myps\data\bin\abilityexport.bin,byte 724822
42,RECOVER_STANDARD,14515,Rescue Standard,14288,0,1 -> OnApply,,,C:\Users\Admin\Downloads\myps\data\bin\abilityexport.bin,byte 725016
42,RECOVER_STANDARD,14516,Rescue Standard,14289,0,1 -> OnApply,,,C:\Users\Admin\Downloads\myps\data\bin\abilityexport.bin,byte 725210
42,RECOVER_STANDARD,14517,Rescue Standard,14290,0,1 -> OnApply,,,C:\Users\Admin\Downloads\myps\data\bin\abilityexport.bin,byte 725404
42,RECOVER_STANDARD,14518,Recover Standard,14227,0,1 -> OnApply,,,C:\Users\Admin\Downloads\myps\data\bin\abilityexport.bin,byte 725598
42,RECOVER_STANDARD,14519,Recover Standard,14228,0,1 -> OnApply,,,C:\Users\Admin\Downloads\myps\data\bin\abilityexport.bin,byte 725792
42,RECOVER_STANDARD,14520,Recover Standard,14229,0,1 -> OnApply,,,C:\Users\Admin\Downloads\myps\data\bin\abilityexport.bin,byte 725986
42,RECOVER_STANDARD,14521,Recover Standard,14288,0,1 -> OnApply,,,C:\Users\Admin\Downloads\myps\data\bin\abilityexport.bin,byte 726180
42,RECOVER_STANDARD,14522,Recover Standard,14289,0,1 -> OnApply,,,C:\Users\Admin\Downloads\myps\data\bin\abilityexport.bin,byte 726374
42,RECOVER_STANDARD,14523,Recover Standard,14290,0,1 -> OnApply,,,C:\Users\Admin\Downloads\myps\data\bin\abilityexport.bin,byte 726568
10,RESSURRECT,697,Self-Destruct,1734,1,3 -> OnPreviousComponentApplied,"Heal, Damage","Resurrects all groupmates within {COM_1_RADI_FEET}. Anyone who is brought back from the dead will also be healed for {ABIL_3884_COM_0_VAL0_TOD} over {ABIL_3884_COM_0_DURA_SECONDS}, and they will deal {ABIL_3876_COM_0_VAL0}% more damage for {ABIL_3876_COM_0_DURA_SECONDS}.",C:\Users\Admin\Downloads\myps\data\strings\english\abilitydesc.txt,line 698
10,RESSURRECT,1598,Burn Through,10,1,3 -> OnPreviousComponentApplied,Heal,Resurrect target friendly dead player and restore 20% of their health.,C:\Users\Admin\Downloads\myps\data\strings\english\abilitydesc.txt,line 1599
10,RESSURRECT,1608,Heart Of Fire,9062,2,6 -> OnEventTriggered,Heal,"Increases targeted group member's Toughness by {COM_5_VAL0} for 1 hour. The rune holder will then be able to resurrect themselves with 20% health if killed within the next 10 minutes. Doing so will remove the Oath Rune.<BR>You may only give a player one Oath Rune, but players may bear multiple Oath Runes of different types at the same time.",C:\Users\Admin\Downloads\myps\data\strings\english\abilitydesc.txt,line 1609
10,RESSURRECT,1619,Grimnir's Fury,1734,1,3 -> OnPreviousComponentApplied,,"Resurrects all fallen groupmembers within {COM_0_RADI_FEET}, and does not cause Resurrection Sickness.  Anyone resurrected by this effect will regain 50% of their hit points.",C:\Users\Admin\Downloads\myps\data\strings\english\abilitydesc.txt,line 1620
10,RESSURRECT,1908,AE Knockdown - Explosion,10,1,3 -> OnPreviousComponentApplied,Heal,Resurrects your target with 20% health.,C:\Users\Admin\Downloads\myps\data\strings\english\abilitydesc.txt,line 1909
10,RESSURRECT,3188,Moraz Smash,3747,0,1 -> OnApply,,,C:\Users\Admin\Downloads\myps\data\bin\abilityexport.bin,byte 24840
10,RESSURRECT,3191,Cunning Strike,3524,0,1 -> OnApply,,,C:\Users\Admin\Downloads\myps\data\bin\abilityexport.bin,byte 25455
10,RESSURRECT,8248,Breath of Sigmar,10,1,3 -> OnPreviousComponentApplied,Heal,Resurrects a fallen ally with 20% health.,C:\Users\Admin\Downloads\myps\data\strings\english\abilitydesc.txt,line 8249
10,RESSURRECT,8555,Tzeentch Shall Remake You,10,1,3 -> OnPreviousComponentApplied,Heal,Tzeentch dislikes losing a pawn so soon. Your target is resurrected with 20% health so that Tzeentch may continue his game.,C:\Users\Admin\Downloads\myps\data\strings\english\abilitydesc.txt,line 8556
10,RESSURRECT,8567,Mark of Remaking,9062,2,6 -> OnEventTriggered,,"The groupmember bearing this Mark can resurrect themselves if killed in the next 10 minutes. In addition, the bearer's Toughness is increased by {COM_5_VAL0} for 1 hour.<BR>You may only give a player one Mark, but players may bear multiple Marks of different types at the same time.",C:\Users\Admin\Downloads\myps\data\strings\english\abilitydesc.txt,line 8568
10,RESSURRECT,9246,Gift of Life,10,1,3 -> OnPreviousComponentApplied,Heal,Resurrects your target with 20% health.,C:\Users\Admin\Downloads\myps\data\strings\english\abilitydesc.txt,line 9247
10,RESSURRECT,9558,"Stand, Coward!",10,1,3 -> OnPreviousComponentApplied,Heal,"Life is restored to a dead ally, and 20% of their health is recovered in the hopes they will prove less worthless to you in the future.",C:\Users\Admin\Downloads\myps\data\strings\english\abilitydesc.txt,line 9559
10,RESSURRECT,10887,Hartshorne Tincture,18522,1,6 -> OnEventTriggered,Heal,"Drinking this hearty draught gives you a thirst for life, and if killed in next {COM_0_DURA_MINUTES}, you will be able to ressurect with 10% of your total health.",C:\Users\Admin\Downloads\myps\data\strings\english\abilitydesc.txt,line 10888
10,RESSURRECT,10888,Hartshorne Nostrum,18522,1,6 -> OnEventTriggered,Heal,"Drinking this hearty draught gives you a thirst for life, and if killed in next {COM_0_DURA_MINUTES}, you will be able to ressurect with 50% of your total health.",C:\Users\Admin\Downloads\myps\data\strings\english\abilitydesc.txt,line 10889
10,RESSURRECT,13330,Portal to Beyond!,13394,8,6 -> OnEventTriggered,,,C:\Users\Admin\Downloads\myps\data\bin\abilityexport.bin,byte 1724980
10,RESSURRECT,14526,Rally,10,1,3 -> OnPreviousComponentApplied,,"You restore life to a fallen ally, resurrecting them with 100% hit points.",C:\Users\Admin\Downloads\myps\data\strings\english\abilitydesc.txt,line 14527
10,RESSURRECT,15981,Nepenthean Tonic,10,2,3 -> OnPreviousComponentApplied,Heal,A powerful potion that ressurects your fallen friends with {COM_1_VAL0}% of their total health.,C:\Users\Admin\Downloads\myps\data\strings\english\abilitydesc.txt,line 15982
10,RESSURRECT,23987,Grace of Aqshy,26387,1,3 -> OnPreviousComponentApplied,Heal,"Offers resurrection to up to 6 allies within {COM_1_RADI_FEET} of your location. Allies rise at the location of their corpse, and at full health.",C:\Users\Admin\Downloads\myps\data\strings\english\abilitydesc.txt,line 23988
36,SERVER_COMMAND,37,Lion's Roar,3235,1,5 -> OnBuffEnded,,,C:\Users\Admin\Downloads\myps\data\bin\abilityexport.bin,byte 187911
36,SERVER_COMMAND,379,Warding - Empire,3238,6,3 -> OnPreviousComponentApplied,,,C:\Users\Admin\Downloads\myps\data\bin\abilityexport.bin,byte 244117
36,SERVER_COMMAND,420,Enhanced Fame,3381,0,1 -> OnApply,Damage,"Blasts the target with an armor-destroying round, dealing {ABIL_21_COM_0_VAL0_DAMAGE} and reducing their Armor by {ABIL_21_COM_1_VAL0} for {ABIL_21_COM_1_DURA_SECONDS}.",C:\Users\Admin\Downloads\myps\data\strings\english\abilitydesc.txt,line 421
36,SERVER_COMMAND,421,Forceful Magic,3382,0,1 -> OnApply,Damage,"Fires a rapid series of shots at the target for up to {ABIL_22_COM_0_DURA_SECONDS}, repeatedly dealing {ABIL_22_COM_0_VAL0_DAMAGE} twice per second.",C:\Users\Admin\Downloads\myps\data\strings\english\abilitydesc.txt,line 422
36,SERVER_COMMAND,422,Forceful Weapons,3383,0,1 -> OnApply,Damage,Fires a compact shot directly at the target which deals {ABIL_24_COM_0_VAL0_CORPOREALDAMAGE}.,C:\Users\Admin\Downloads\myps\data\strings\english\abilitydesc.txt,line 423
36,SERVER_COMMAND,423,Forceful Bolts,3384,0,1 -> OnApply,Damage,"Launches a grenade packed with explosives at the target, dealing {ABIL_25_COM_1_VAL0_CORPOREALDAMAGE} to the victim and all enemies within {ABIL_25_COM_1_RADI_FEET} of them.",C:\Users\Admin\Downloads\myps\data\strings\english\abilitydesc.txt,line 424
36,SERVER_COMMAND,424,Forceful Mending,3385,0,1 -> OnApply,Damage,"Releases a searing gout of flame, dealing {ABIL_27_COM_0_VAL0_DAMAGE} to all targets in front of the Turret up to {ABIL_27_COM_0_RADI_FEET} away.",C:\Users\Admin\Downloads\myps\data\strings\english\abilitydesc.txt,line 425
36,SERVER_COMMAND,425,Enhanced Vigor,3386,0,1 -> OnApply,Damage,"Opens the Turret's safety-release valves for up to {ABIL_28_COM_0_DURA_SECONDS}, repeatedly dealing  {ABIL_28_COM_1_VAL0_CORPOREALDAMAGE} every {ABIL_28_COM_0_FREQ_SECONDS} to all targets within {ABIL_28_COM_1_RADI_FEET}.",C:\Users\Admin\Downloads\myps\data\strings\english\abilitydesc.txt,line 426
36,SERVER_COMMAND,426,Enhanced Destruction,3387,0,1 -> OnApply,Damage,Deals {ABIL_41_COM_0_VAL0_DAMAGE} to the target.,C:\Users\Admin\Downloads\myps\data\strings\english\abilitydesc.txt,line 427
36,SERVER_COMMAND,427,Thornshield,3388,0,1 -> OnApply,Damage,"Deals {ABIL_42_COM_0_VAL0_DAMAGE} to all enemies in front of your War Lion, up to {ABIL_42_COM_0_RADI_FEET} away.",C:\Users\Admin\Downloads\myps\data\strings\english\abilitydesc.txt,line 428
36,SERVER_COMMAND,428,Enhanced Glory,3389,0,1 -> OnApply,,Reduces the autoattack speed of all enemies within {ABIL_43_COM_0_RADI_FEET} by {ABIL_43_COM_0_VAL1}% for {ABIL_43_COM_0_DURA_SECONDS}.,C:\Users\Admin\Downloads\myps\data\strings\english\abilitydesc.txt,line 429
36,SERVER_COMMAND,429,Lion's Roar,3390,0,1 -> OnApply,Damage,"Your pet roars, interrupting any currently building abilities and forcing monsters to attack it. While taunted your opponent will take {ABIL_44_COM_0_VAL0}% more damage from your pet's attacks. This effect will fade after {ABIL_44_COM_0_DURA_SECONDS}.",C:\Users\Admin\Downloads\myps\data\strings\english\abilitydesc.txt,line 430
36,SERVER_COMMAND,430,Warped Claw,3391,0,1 -> OnApply,Damage,"Deals {ABIL_45_COM_0_VAL0_DAMAGE} to the target, and reduces their armor by {ABIL_45_COM_1_VAL0} for {ABIL_45_COM_1_DURA_SECONDS}.",C:\Users\Admin\Downloads\myps\data\strings\english\abilitydesc.txt,line 431
36,SERVER_COMMAND,431,Breath of Change,3392,0,1 -> OnApply,"Snare, Damage","Deals {ABIL_46_COM_0_VAL0_TOD_DAMAGE} to the target over {ABIL_46_COM_0_DURA_SECONDS}. For the first {ABIL_46_COM_1_DURA_SECONDS}, the target will be snared, reducing their movement speed by {ABIL_46_COM_1_VAL0}%.",C:\Users\Admin\Downloads\myps\data\strings\english\abilitydesc.txt,line 432
36,SERVER_COMMAND,432,;Additional RVR Abilities,3393,0,1 -> OnApply,Damage,"Strikes the target 2 times, dealing {ABIL_47_COM_0_VAL0_DAMAGE} with each hit.",C:\Users\Admin\Downloads\myps\data\strings\english\abilitydesc.txt,line 433
36,SERVER_COMMAND,433,Bolster War Engine,3394,0,1 -> OnApply,Damage,Deals {ABIL_48_COM_0_VAL0_DAMAGE} to the target.,C:\Users\Admin\Downloads\myps\data\strings\english\abilitydesc.txt,line 434
36,SERVER_COMMAND,434,Hamper War Engine,3395,0,1 -> OnApply,Damage,"Deals {ABIL_49_COM_0_VAL0_DAMAGE} to the target, and an additional {ABIL_49_COM_1_VAL0_COM_0_VAL0_TOD_DAMAGE} over {ABIL_49_COM_1_VAL0_COM_0_DURA_SECONDS}.",C:\Users\Admin\Downloads\myps\data\strings\english\abilitydesc.txt,line 435
36,SERVER_COMMAND,435,Diminish War Engine,3396,0,1 -> OnApply,,"Your Squig bounces on it's target, knocking them down for {ABIL_6_COM_0_DURA_SECONDS}.",C:\Users\Admin\Downloads\myps\data\strings\english\abilitydesc.txt,line 436
36,SERVER_COMMAND,436,Enhance War Engine,3397,0,1 -> OnApply,Damage,"Your Squig flings deadly spines at it's target, dealing {ABIL_7_COM_1_VAL0_DAMAGE} every second for {ABIL_7_COM_0_DURA_SECONDS}.",C:\Users\Admin\Downloads\myps\data\strings\english\abilitydesc.txt,line 437
36,SERVER_COMMAND,437,Hex War Engine,3398,0,1 -> OnApply,Damage,"Your Squig injects a deadly poison in to it's target, dealing {ABIL_8_COM_0_VAL0_TOD_DAMAGE} over {ABIL_8_COM_0_DURA_SECONDS} and reducing their chance to critically hit by  {ABIL_8_COM_1_VAL1}% for {ABIL_8_COM_1_DURA_SECONDS}.",C:\Users\Admin\Downloads\myps\data\strings\english\abilitydesc.txt,line 438
36,SERVER_COMMAND,438,Abate War Engine,3399,0,1 -> OnApply,Damage,"Your Squig gores its target, dealing {ABIL_9_COM_0_VAL0_DAMAGE} and an additional {ABIL_9_ABIL_3881_COM_0_VAL0_TOD_DAMAGE} over {ABIL_9_ABIL_3881_COM_0_DURA_SECONDS}.",C:\Users\Admin\Downloads\myps\data\strings\english\abilitydesc.txt,line 439
36,SERVER_COMMAND,439,Reinforce War Engine,3400,0,1 -> OnApply,Damage,"Your Squig slams it's head in to it's target, dealing {ABIL_10_COM_0_VAL0_DAMAGE} and knocking them back.",C:\Users\Admin\Downloads\myps\data\strings\english\abilitydesc.txt,line 440
36,SERVER_COMMAND,440,Cleanse War Engine,3401,0,1 -> OnApply,Damage,"Your Squig sprays out corrosive slime towards an enemy, dealing {ABIL_11_COM_0_VAL0_DAMAGE} to all targets within {ABIL_11_COM_0_RADI_FEET} of the victim.",C:\Users\Admin\Downloads\myps\data\strings\english\abilitydesc.txt,line 441
36,SERVER_COMMAND,441,Shield the Skies,3402,0,1 -> OnApply,"Heal, Damage","Your Squig expels noxious spores towards an enemy, briefly sickening the victim and all other enemies within {ABIL_12_COM_0_RADI_FEET} of them, dealing {ABIL_12_COM_0_VAL0_DAMAGE}. Any of your Squigs, including your Battle Squig, within the radius will be healed for {ABIL_12_COM_1_VAL0_HEALTH}.",C:\Users\Admin\Downloads\myps\data\strings\english\abilitydesc.txt,line 442
36,SERVER_COMMAND,442,Deflect Oil,3403,0,1 -> OnApply,Damage,"Your pet squeals, interrupting any currently building abilities and forcing monsters to attack your pet. The target will take  {ABIL_17_COM_5_VAL0_TOD_DAMAGE} over  {ABIL_17_COM_5_DURA_SECONDS}. While taunted your opponent will take {ABIL_17_COM_0_VAL0}% more damage from your pet's attacks. This effect will fade after {ABIL_17_COM_0_DURA_SECONDS}.",C:\Users\Admin\Downloads\myps\data\strings\english\abilitydesc.txt,line 443
36,SERVER_COMMAND,443,Modify War Engine,3404,0,1 -> OnApply,Damage,"Your Pink Horror flings daemonic fire at it's target, burning them for {ABIL_54_COM_0_VAL0_ELEMENTALDAMAGE} and reducing Elemental Resistance by {ABIL_54_COM_1_VAL0} for the next {ABIL_54_COM_1_DURA_SECONDS}.",C:\Users\Admin\Downloads\myps\data\strings\english\abilitydesc.txt,line 444
36,SERVER_COMMAND,444,Bulwark,3405,0,1 -> OnApply,Damage,"Your Pink Horror forces daemonic power into it's target, lowering the target's chance to critically hit by {ABIL_55_COM_1_VAL1}% and dealing {ABIL_55_COM_0_VAL0_TOD_ELEMENTALDAMAGE} over {ABIL_55_COM_0_DURA_SECONDS}.",C:\Users\Admin\Downloads\myps\data\strings\english\abilitydesc.txt,line 445
36,SERVER_COMMAND,445,Siege Wrecker,3406,0,1 -> OnApply,Damage,Your Blue Horror spews out a cone of daemonic energy that inflicts {ABIL_56_COM_0_VAL0_SPIRITDAMAGE} to targets up to {ABIL_56_COM_0_RADI_FEET} in front of Horror.,C:\Users\Admin\Downloads\myps\data\strings\english\abilitydesc.txt,line 446
36,SERVER_COMMAND,446,Bypass Defenses,3407,0,1 -> OnApply,Damage,Your Blue Horror releases a field of energy dealing {ABIL_57_COM_1_VAL0_ELEMENTALDAMAGE} every second to all targets within {ABIL_57_COM_1_RADI_FEET} for {ABIL_57_COM_0_DURA_SECONDS}.,C:\Users\Admin\Downloads\myps\data\strings\english\abilitydesc.txt,line 447
36,SERVER_COMMAND,447,Faultfinder,3408,0,1 -> OnApply,Damage,Your Flamer focuses two gouts of flame on it's target dealing {ABIL_58_COM_1_VAL0_SPIRITDAMAGE} every {ABIL_58_COM_0_FREQ_SECONDS} for {ABIL_58_COM_0_DURA_SECONDS}.,C:\Users\Admin\Downloads\myps\data\strings\english\abilitydesc.txt,line 448
36,SERVER_COMMAND,448,Booby Trap,3409,0,1 -> OnApply,Damage,"Your Flamer hurls a gout of daemonic fire that will strike it's target and those {ABIL_59_COM_0_RADI_FEET} around them, dealing {ABIL_59_COM_0_VAL0_TOD_SPIRITDAMAGE} over {ABIL_59_COM_0_DURA_SECONDS}.",C:\Users\Admin\Downloads\myps\data\strings\english\abilitydesc.txt,line 449
36,SERVER_COMMAND,468,Squig Herder's Badge,3033,4,6 -> OnEventTriggered,,,C:\Users\Admin\Downloads\myps\data\bin\abilityexport.bin,byte 257614
36,SERVER_COMMAND,468,Squig Herder's Badge,3034,5,6 -> OnEventTriggered,,,C:\Users\Admin\Downloads\myps\data\bin\abilityexport.bin,byte 257614
36,SERVER_COMMAND,468,Squig Herder's Badge,3035,6,6 -> OnEventTriggered,,,C:\Users\Admin\Downloads\myps\data\bin\abilityexport.bin,byte 257614
36,SERVER_COMMAND,468,Squig Herder's Badge,3036,7,6 -> OnEventTriggered,,,C:\Users\Admin\Downloads\myps\data\bin\abilityexport.bin,byte 257614
36,SERVER_COMMAND,482,Fire Brew,12141,4,6 -> OnEventTriggered,,,C:\Users\Admin\Downloads\myps\data\bin\abilityexport.bin,byte 259748
36,SERVER_COMMAND,860,Rock 'Ard,12313,0,1 -> OnApply,,,C:\Users\Admin\Downloads\myps\data\bin\abilityexport.bin,byte 285521
36,SERVER_COMMAND,861,WAAAAAAAGH!,12314,0,1 -> OnApply,Damage,A melee attack that deals very high damage.,C:\Users\Admin\Downloads\myps\data\strings\english\abilitydesc.txt,line 862
36,SERVER_COMMAND,862,Terrifying Roar,12315,0,1 -> OnApply,Damage,"Repeatedly damages all enemies in front of you up to 65 feet away over 3 seconds, as long as you maintain your concentration.",C:\Users\Admin\Downloads\myps\data\strings\english\abilitydesc.txt,line 863
36,SERVER_COMMAND,863,Lion's Roar,12316,0,1 -> OnApply,Damage,Your entire group deals 20% more damage for 20 seconds.,C:\Users\Admin\Downloads\myps\data\strings\english\abilitydesc.txt,line 864
36,SERVER_COMMAND,864,Shred,12317,0,1 -> OnApply,Damage,"All enemies within 30 feet are afflicted by the Rune of Retribution for 10 seconds, which will deal damage to them every time they use an ability.",C:\Users\Admin\Downloads\myps\data\strings\english\abilitydesc.txt,line 865
36,SERVER_COMMAND,865,'Ave Another One,12318,0,1 -> OnApply,Damage,"A protective aura surrounds you, and will absorb damage for a few moments.",C:\Users\Admin\Downloads\myps\data\strings\english\abilitydesc.txt,line 866
36,SERVER_COMMAND,866,Lookin' For Opp'tunity,12319,0,1 -> OnApply,,"Increases armor and all resistances for your entire group, for 30 seconds.",C:\Users\Admin\Downloads\myps\data\strings\english\abilitydesc.txt,line 867
36,SERVER_COMMAND,867,Bring 'Em On,12320,0,1 -> OnApply,,Removes all hostile effects from your entire group.,C:\Users\Admin\Downloads\myps\data\strings\english\abilitydesc.txt,line 868
36,SERVER_COMMAND,868,Dat Was Great!,12321,0,1 -> OnApply,,Increases your chance to disrupt enemy spells by 50% for 10 seconds.,C:\Users\Admin\Downloads\myps\data\strings\english\abilitydesc.txt,line 869
36,SERVER_COMMAND,1525,Seeker's Triumph,1483,3,3 -> OnPreviousComponentApplied,Damage,"You activate the self-destruct mechanism built into your turret, destroying the turret and dealing {COM_1_VAL0_CORPOREALDAMAGE} to all enemies within {COM_1_RADI_FEET} of it, knocking them down for {COM_2_DURA_SECONDS}.",C:\Users\Admin\Downloads\myps\data\strings\english\abilitydesc.txt,line 1526
36,SERVER_COMMAND,1824,Growing Instability,3367,3,1 -> OnApply,Damage,"You and your Squig attack together on each others target. You strike your target for {COM_0_VAL0_DAMAGE}, and your pet strikes its target for {ABIL_18_COM_0_VAL0_DAMAGE}.  If you are within {COM_2_RADI_FEET} of your pet's target, you will also strike that enemy for {COM_2_VAL0_DAMAGE}, and likewise, if your pet is within {ABIL_18_COM_2_RADI_FEET} of your target, it will also strike your enemy for {ABIL_18_COM_2_VAL0_DAMAGE} as well.",C:\Users\Admin\Downloads\myps\data\strings\english\abilitydesc.txt,line 1825
36,SERVER_COMMAND,1828,Crushing Blows,1859,1,3 -> OnPreviousComponentApplied,Damage,"You cause your pet to explode, dealing {ABIL_15_COM_0_VAL0_DAMAGE} to enemies within {ABIL_15_COM_0_RADI_FEET}.  For the next {COM_2_DURA_SECONDS}, the next different squig other than the one that just exploded will be summoned instantly.",C:\Users\Admin\Downloads\myps\data\strings\english\abilitydesc.txt,line 1829
29,SERVER_OP_29,14220,Skull Tossing,14556,0,1 -> OnApply,,Toss to a friend!,C:\Users\Admin\Downloads\myps\data\strings\english\abilitydesc.txt,line 14221
29,SERVER_OP_29,17901,Gift of Savagery,17926,1,1 -> OnApply,,,C:\Users\Admin\Downloads\myps\data\bin\abilityexport.bin,byte 925785
32,SERVER_OP_32,3101,Enclave - Beastman Boss - Group Heal,2131,0,1 -> OnApply,,,C:\Users\Admin\Downloads\myps\data\bin\abilityexport.bin,byte 15722
32,SERVER_OP_32,3101,Enclave - Beastman Boss - Group Heal,2132,1,1 -> OnApply,,,C:\Users\Admin\Downloads\myps\data\bin\abilityexport.bin,byte 15722
32,SERVER_OP_32,13058,Consume Soul,13122,5,5 -> OnBuffEnded,,,C:\Users\Admin\Downloads\myps\data\bin\abilityexport.bin,byte 1680612
32,SERVER_OP_32,13058,Consume Soul,13122,7,5 -> OnBuffEnded,,,C:\Users\Admin\Downloads\myps\data\bin\abilityexport.bin,byte 1680612
32,SERVER_OP_32,23593,Well-Mounted Skull,24870,1,3 -> OnPreviousComponentApplied,,"Place a pike next to the body of a fallen foe, topped with their head.",C:\Users\Admin\Downloads\myps\data\strings\english\abilitydesc.txt,line 23594
32,SERVER_OP_32,24536,Petition to the Emperor,26360,6,3 -> OnPreviousComponentApplied,,"At a max of once every 6 seconds, an incoming critical hit that lands against you gains the notice of Karl Franz. After this happens 10 times, you can petition to have him summon a Comet of Sigmar at a location of your choosing.",C:\Users\Admin\Downloads\myps\data\strings\english\abilitydesc.txt,line 24537
32,SERVER_OP_32,24739,Keg End 2009 test,25099,0,1 -> OnApply,,,C:\Users\Admin\Downloads\myps\data\bin\abilityexport.bin,byte 1976961
32,SERVER_OP_32,24740,Keg Drop,26202,1,5 -> OnBuffEnded,,"Drops a keg on the ground at your location, from which you and others of your realm can partake to gain a temporary morale boost. Grows in size and strength after 25 and 50 uses.",C:\Users\Admin\Downloads\myps\data\strings\english\abilitydesc.txt,line 24741
32,SERVER_OP_32,24740,Keg Drop,26203,2,5 -> OnBuffEnded,,"Drops a keg on the ground at your location, from which you and others of your realm can partake to gain a temporary morale boost. Grows in size and strength after 25 and 50 uses.",C:\Users\Admin\Downloads\myps\data\strings\english\abilitydesc.txt,line 24741
32,SERVER_OP_32,24740,Keg Drop,26204,3,5 -> OnBuffEnded,,"Drops a keg on the ground at your location, from which you and others of your realm can partake to gain a temporary morale boost. Grows in size and strength after 25 and 50 uses.",C:\Users\Admin\Downloads\myps\data\strings\english\abilitydesc.txt,line 24741
32,SERVER_OP_32,24740,Keg Drop,26205,4,5 -> OnBuffEnded,,"Drops a keg on the ground at your location, from which you and others of your realm can partake to gain a temporary morale boost. Grows in size and strength after 25 and 50 uses.",C:\Users\Admin\Downloads\myps\data\strings\english\abilitydesc.txt,line 24741
32,SERVER_OP_32,24740,Keg Drop,26206,5,5 -> OnBuffEnded,,"Drops a keg on the ground at your location, from which you and others of your realm can partake to gain a temporary morale boost. Grows in size and strength after 25 and 50 uses.",C:\Users\Admin\Downloads\myps\data\strings\english\abilitydesc.txt,line 24741
32,SERVER_OP_32,24740,Keg Drop,26207,6,5 -> OnBuffEnded,,"Drops a keg on the ground at your location, from which you and others of your realm can partake to gain a temporary morale boost. Grows in size and strength after 25 and 50 uses.",C:\Users\Admin\Downloads\myps\data\strings\english\abilitydesc.txt,line 24741
40,SERVER_OP_40,14500,Stow Standard,14201,1,1 -> OnApply,,Stow your guild's Standard.,C:\Users\Admin\Downloads\myps\data\strings\english\abilitydesc.txt,line 14501
40,SERVER_OP_40,14501,Stow Standard,14201,1,1 -> OnApply,,Stow your guild's Standard.,C:\Users\Admin\Downloads\myps\data\strings\english\abilitydesc.txt,line 14502
40,SERVER_OP_40,14502,Stow Standard,14201,1,1 -> OnApply,,Stow your guild's Standard.,C:\Users\Admin\Downloads\myps\data\strings\english\abilitydesc.txt,line 14503
40,SERVER_OP_40,14503,Deploy Standard,14209,2,1 -> OnApply,,Deploy your guild's Standard.,C:\Users\Admin\Downloads\myps\data\strings\english\abilitydesc.txt,line 14504
40,SERVER_OP_40,14504,Deploy Standard,14209,2,1 -> OnApply,,Deploy your guild's Standard.,C:\Users\Admin\Downloads\myps\data\strings\english\abilitydesc.txt,line 14505
40,SERVER_OP_40,14505,Deploy Standard,14209,2,1 -> OnApply,,Deploy your guild's Standard.,C:\Users\Admin\Downloads\myps\data\strings\english\abilitydesc.txt,line 14506
40,SERVER_OP_40,14508,Plant Standard,14201,0,1 -> OnApply,,"You plant your guild's Standard into the ground, where it will serve as a rallying point for your party.  The Standard will continue to radiate its effects while planted, and you'll be free to take other actions.  Be wary, though, for hostile players can attempt to capture your Standard!<BR>The Standard will remain for up to {ABIL_14528_COM_0_DURA_MINUTES} before falling apart.",C:\Users\Admin\Downloads\myps\data\strings\english\abilitydesc.txt,line 14509
40,SERVER_OP_40,14525,Keep Claim,14201,0,1 -> OnApply,,,C:\Users\Admin\Downloads\myps\data\bin\abilityexport.bin,byte 726956
41,SERVER_OP_41,14508,Plant Standard,14583,6,1 -> OnApply,,"You plant your guild's Standard into the ground, where it will serve as a rallying point for your party.  The Standard will continue to radiate its effects while planted, and you'll be free to take other actions.  Be wary, though, for hostile players can attempt to capture your Standard!<BR>The Standard will remain for up to {ABIL_14528_COM_0_DURA_MINUTES} before falling apart.",C:\Users\Admin\Downloads\myps\data\strings\english\abilitydesc.txt,line 14509
41,SERVER_OP_41,14508,Plant Standard,14584,7,1 -> OnApply,,"You plant your guild's Standard into the ground, where it will serve as a rallying point for your party.  The Standard will continue to radiate its effects while planted, and you'll be free to take other actions.  Be wary, though, for hostile players can attempt to capture your Standard!<BR>The Standard will remain for up to {ABIL_14528_COM_0_DURA_MINUTES} before falling apart.",C:\Users\Admin\Downloads\myps\data\strings\english\abilitydesc.txt,line 14509
41,SERVER_OP_41,14525,Keep Claim,14214,4,1 -> OnApply,,,C:\Users\Admin\Downloads\myps\data\bin\abilityexport.bin,byte 726956
41,SERVER_OP_41,14525,Keep Claim,14215,5,1 -> OnApply,,,C:\Users\Admin\Downloads\myps\data\bin\abilityexport.bin,byte 726956
47,SERVER_OP_47,10956,Summoning Stone,10733,0,1 -> OnApply,,,C:\Users\Admin\Downloads\myps\data\bin\abilityexport.bin,byte 643954
47,SERVER_OP_47,10957,Group Summoning Stone,10734,0,1 -> OnApply,,,C:\Users\Admin\Downloads\myps\data\bin\abilityexport.bin,byte 644181
47,SERVER_OP_47,10958,Summoning Stone,10735,0,1 -> OnApply,,,C:\Users\Admin\Downloads\myps\data\bin\abilityexport.bin,byte 644408
47,SERVER_OP_47,10959,Group Summoning Stone,10736,0,1 -> OnApply,,,C:\Users\Admin\Downloads\myps\data\bin\abilityexport.bin,byte 644635
47,SERVER_OP_47,10960,Summoning Stone,10737,0,1 -> OnApply,,,C:\Users\Admin\Downloads\myps\data\bin\abilityexport.bin,byte 644862
47,SERVER_OP_47,10961,Group Summoning Stone,10738,0,1 -> OnApply,,,C:\Users\Admin\Downloads\myps\data\bin\abilityexport.bin,byte 645089
47,SERVER_OP_47,10962,Summoning Stone,10739,0,1 -> OnApply,,,C:\Users\Admin\Downloads\myps\data\bin\abilityexport.bin,byte 645316
47,SERVER_OP_47,10963,Group Summoning Stone,10740,0,1 -> OnApply,,,C:\Users\Admin\Downloads\myps\data\bin\abilityexport.bin,byte 645543
47,SERVER_OP_47,15971,Rod of Service,10740,0,1 -> OnApply,,"Calls your allies to service, summoning them forth to defend the realms of Order!",C:\Users\Admin\Downloads\myps\data\strings\english\abilitydesc.txt,line 15972
47,SERVER_OP_47,15974,Lash of Servitude,10740,0,1 -> OnApply,,"Commands your allies to appear, summoning them forth to crush all those who oppose the realms of Destruction!",C:\Users\Admin\Downloads\myps\data\strings\english\abilitydesc.txt,line 15975
51,SERVER_OP_51,195,Focused Mind,1597,1,3 -> OnPreviousComponentApplied,,,C:\Users\Admin\Downloads\myps\data\bin\abilityexport.bin,byte 212491
51,SERVER_OP_51,196,Nate's Test Ability Two,1597,0,1 -> OnApply,,,C:\Users\Admin\Downloads\myps\data\bin\abilityexport.bin,byte 212685
51,SERVER_OP_51,23989,Aspect of Fire,26389,2,3 -> OnPreviousComponentApplied,,,C:\Users\Admin\Downloads\myps\data\bin\abilityexport.bin,byte 1931054
51,SERVER_OP_51,24857,Order Controlled Warlock Engineer,26661,1,3 -> OnPreviousComponentApplied,,,C:\Users\Admin\Downloads\myps\data\bin\abilityexport.bin,byte 2002266
51,SERVER_OP_51,24858,Order Controlled Gutter Runner,26662,1,3 -> OnPreviousComponentApplied,,,C:\Users\Admin\Downloads\myps\data\bin\abilityexport.bin,byte 2002460
51,SERVER_OP_51,24859,Order Controlled Rat Ogre,26663,1,3 -> OnPreviousComponentApplied,,,C:\Users\Admin\Downloads\myps\data\bin\abilityexport.bin,byte 2002654
51,SERVER_OP_51,24860,Order Controlled Pack Master,26664,1,3 -> OnPreviousComponentApplied,,,C:\Users\Admin\Downloads\myps\data\bin\abilityexport.bin,byte 2002848
51,SERVER_OP_51,24861,Destruction Controlled Warlock Engineer,26665,1,3 -> OnPreviousComponentApplied,,,C:\Users\Admin\Downloads\myps\data\bin\abilityexport.bin,byte 2003042
51,SERVER_OP_51,24862,Destruction Controlled Gutter Runner,26666,1,3 -> OnPreviousComponentApplied,,,C:\Users\Admin\Downloads\myps\data\bin\abilityexport.bin,byte 2003236
51,SERVER_OP_51,24863,Destruction Controlled Rat Ogre,26667,1,3 -> OnPreviousComponentApplied,,,C:\Users\Admin\Downloads\myps\data\bin\abilityexport.bin,byte 2003430
51,SERVER_OP_51,24864,Destruction Controlled Pack Master,26668,1,3 -> OnPreviousComponentApplied,,,C:\Users\Admin\Downloads\myps\data\bin\abilityexport.bin,byte 2003624
51,SERVER_OP_51,24910,Fort - Transform to TANK - HE,26900,2,3 -> OnPreviousComponentApplied,,,C:\Users\Admin\Downloads\myps\data\bin\abilityexport.bin,byte 2012292
51,SERVER_OP_51,24911,Fort - Transform to HEALER - HE,26901,2,3 -> OnPreviousComponentApplied,,,C:\Users\Admin\Downloads\myps\data\bin\abilityexport.bin,byte 2012486
51,SERVER_OP_51,24912,Fort - Transform to MELEE - HE,26902,2,3 -> OnPreviousComponentApplied,,,C:\Users\Admin\Downloads\myps\data\bin\abilityexport.bin,byte 2012680
51,SERVER_OP_51,24913,Fort - Transform to RANGE - HE,26903,2,3 -> OnPreviousComponentApplied,,,C:\Users\Admin\Downloads\myps\data\bin\abilityexport.bin,byte 2012874
51,SERVER_OP_51,24914,Fort - Transform to TANK - DE,26904,2,3 -> OnPreviousComponentApplied,,,C:\Users\Admin\Downloads\myps\data\bin\abilityexport.bin,byte 2013068
51,SERVER_OP_51,24915,Fort - Transform to HEALER - DE,26905,2,3 -> OnPreviousComponentApplied,,,C:\Users\Admin\Downloads\myps\data\bin\abilityexport.bin,byte 2013262
51,SERVER_OP_51,24916,Fort - Transform to MELEE - DE,26906,2,3 -> OnPreviousComponentApplied,,,C:\Users\Admin\Downloads\myps\data\bin\abilityexport.bin,byte 2013456
51,SERVER_OP_51,24917,Fort - Transform to RANGE - DE,26907,2,3 -> OnPreviousComponentApplied,,,C:\Users\Admin\Downloads\myps\data\bin\abilityexport.bin,byte 2013650
51,SERVER_OP_51,24918,Fort - Transform to TANK - DW,26908,2,3 -> OnPreviousComponentApplied,,,C:\Users\Admin\Downloads\myps\data\bin\abilityexport.bin,byte 2013844
51,SERVER_OP_51,24919,Fort - Transform to HEALER - DW,26909,2,3 -> OnPreviousComponentApplied,,,C:\Users\Admin\Downloads\myps\data\bin\abilityexport.bin,byte 2014038
51,SERVER_OP_51,24920,Fort - Transform to MELEE - DW,26910,2,3 -> OnPreviousComponentApplied,,,C:\Users\Admin\Downloads\myps\data\bin\abilityexport.bin,byte 2014232
51,SERVER_OP_51,24921,Fort - Transform to RANGE - DW,26911,2,3 -> OnPreviousComponentApplied,,,C:\Users\Admin\Downloads\myps\data\bin\abilityexport.bin,byte 2014426
51,SERVER_OP_51,24922,Fort - Transform to TANK - GS,26912,2,3 -> OnPreviousComponentApplied,,,C:\Users\Admin\Downloads\myps\data\bin\abilityexport.bin,byte 2014620
51,SERVER_OP_51,24923,Fort - Transform to HEALER - GS,26913,2,3 -> OnPreviousComponentApplied,,,C:\Users\Admin\Downloads\myps\data\bin\abilityexport.bin,byte 2014814
51,SERVER_OP_51,24924,Fort - Transform to MELEE - GS,26914,2,3 -> OnPreviousComponentApplied,,,C:\Users\Admin\Downloads\myps\data\bin\abilityexport.bin,byte 2015008
51,SERVER_OP_51,24925,Fort - Transform to RANGE - GS,26915,2,3 -> OnPreviousComponentApplied,,,C:\Users\Admin\Downloads\myps\data\bin\abilityexport.bin,byte 2015202
51,SERVER_OP_51,24926,Fort - Transform to TANK - EM,26916,2,3 -> OnPreviousComponentApplied,,,C:\Users\Admin\Downloads\myps\data\bin\abilityexport.bin,byte 2015396
51,SERVER_OP_51,24927,Fort - Transform to HEALER - EM,26917,2,3 -> OnPreviousComponentApplied,,,C:\Users\Admin\Downloads\myps\data\bin\abilityexport.bin,byte 2015590
51,SERVER_OP_51,24928,Fort - Transform to MELEE - EM,26918,2,3 -> OnPreviousComponentApplied,,,C:\Users\Admin\Downloads\myps\data\bin\abilityexport.bin,byte 2015784
51,SERVER_OP_51,24929,Fort - Transform to RANGE - EM,26919,2,3 -> OnPreviousComponentApplied,,,C:\Users\Admin\Downloads\myps\data\bin\abilityexport.bin,byte 2015978
51,SERVER_OP_51,24930,Fort - Transform to TANK - CH,26920,2,3 -> OnPreviousComponentApplied,,,C:\Users\Admin\Downloads\myps\data\bin\abilityexport.bin,byte 2016172
51,SERVER_OP_51,24931,Fort - Transform to HEALER - CH,26921,2,3 -> OnPreviousComponentApplied,,,C:\Users\Admin\Downloads\myps\data\bin\abilityexport.bin,byte 2016366
51,SERVER_OP_51,24932,Fort - Transform to MELEE - CH,26922,2,3 -> OnPreviousComponentApplied,,,C:\Users\Admin\Downloads\myps\data\bin\abilityexport.bin,byte 2016560
51,SERVER_OP_51,24933,Fort - Transform to RANGE - CH,26923,2,3 -> OnPreviousComponentApplied,,,C:\Users\Admin\Downloads\myps\data\bin\abilityexport.bin,byte 2016754
51,SERVER_OP_51,24950,Demoic Invasion Hell Hound,26941,2,3 -> OnPreviousComponentApplied,,,C:\Users\Admin\Downloads\myps\data\bin\abilityexport.bin,byte 2018727
51,SERVER_OP_51,24951,Demoic Invasion Bloodletter,26942,2,3 -> OnPreviousComponentApplied,,,C:\Users\Admin\Downloads\myps\data\bin\abilityexport.bin,byte 2018921
51,SERVER_OP_51,24952,Demoic Invasion Bloodcrusher,26943,2,3 -> OnPreviousComponentApplied,,,C:\Users\Admin\Downloads\myps\data\bin\abilityexport.bin,byte 2019115
51,SERVER_OP_51,27962,Coward's Reward,27992,1,1 -> OnApply,,,C:\Users\Admin\Downloads\myps\data\bin\abilityexport.bin,byte 1003426
51,SERVER_OP_51,27962,Coward's Reward,27993,2,1 -> OnApply,,,C:\Users\Admin\Downloads\myps\data\bin\abilityexport.bin,byte 1003426
2,STAT_CHANGE,54,Menace,18759,1,3 -> OnPreviousComponentApplied,Damage,"Your Pink Horror flings daemonic fire at it's target, burning them for {ABIL_54_COM_0_VAL0_ELEMENTALDAMAGE} and reducing Elemental Resistance by {ABIL_54_COM_1_VAL0} for the next {ABIL_54_COM_1_DURA_SECONDS}.",C:\Users\Admin\Downloads\myps\data\strings\english\abilitydesc.txt,line 55
2,STAT_CHANGE,65,Flame Of Tzeentch,14285,0,1 -> OnApply,,Strength Buff,C:\Users\Admin\Downloads\myps\data\strings\english\abilitydesc.txt,line 66
2,STAT_CHANGE,67,QA TEST,14284,0,1 -> OnApply,,Resist Buff,C:\Users\Admin\Downloads\myps\data\strings\english\abilitydesc.txt,line 68
2,STAT_CHANGE,198,Pierce,3120,0,1 -> OnApply,,,C:\Users\Admin\Downloads\myps\data\bin\abilityexport.bin,byte 213073
2,STAT_CHANGE,198,Pierce,3119,1,6 -> OnEventTriggered,,,C:\Users\Admin\Downloads\myps\data\bin\abilityexport.bin,byte 213073
2,STAT_CHANGE,235,Focused Mind,450,0,1 -> OnApply,,,C:\Users\Admin\Downloads\myps\data\bin\abilityexport.bin,byte 219413
2,STAT_CHANGE,235,Focused Mind,451,1,5 -> OnBuffEnded,,,C:\Users\Admin\Downloads\myps\data\bin\abilityexport.bin,byte 219413
2,STAT_CHANGE,235,Focused Mind,452,2,5 -> OnBuffEnded,,,C:\Users\Admin\Downloads\myps\data\bin\abilityexport.bin,byte 219413
2,STAT_CHANGE,235,Focused Mind,453,3,5 -> OnBuffEnded,,,C:\Users\Admin\Downloads\myps\data\bin\abilityexport.bin,byte 219413
2,STAT_CHANGE,501,VFX / Tag Null TEST,768,0,1 -> OnApply,,Increases your Weapon Skill by +1 per level.,C:\Users\Admin\Downloads\myps\data\strings\english\abilitydesc.txt,line 502
2,STAT_CHANGE,503,Touch of Nature,2000,0,1 -> OnApply,,Increases Toughness by {COM_0_VAL0}.,C:\Users\Admin\Downloads\myps\data\strings\english\abilitydesc.txt,line 504
2,STAT_CHANGE,506,The Librams of Insight,772,0,1 -> OnApply,Damage,"You deal 5% more damage, but your Toughness and Armor are reduced.",C:\Users\Admin\Downloads\myps\data\strings\english\abilitydesc.txt,line 507
2,STAT_CHANGE,521,Last Upholder - Defensive Buff,767,0,1 -> OnApply,,Increases your Strength by {COM_0_VAL0}.,C:\Users\Admin\Downloads\myps\data\strings\english\abilitydesc.txt,line 522
2,STAT_CHANGE,522,Lesson Review,768,0,1 -> OnApply,,Increases your Weapon Skill by +1 per level.,C:\Users\Admin\Downloads\myps\data\strings\english\abilitydesc.txt,line 523
2,STAT_CHANGE,527,Emperor's Summons,794,0,1 -> OnApply,Damage,"Your Toughness and Armor are increased, but you deal 5% less damage.",C:\Users\Admin\Downloads\myps\data\strings\english\abilitydesc.txt,line 528
2,STAT_CHANGE,542,Inspiring Attack,17950,0,1 -> OnApply,,Increases your Ballistic Skill by {COM_0_VAL0},C:\Users\Admin\Downloads\myps\data\strings\english\abilitydesc.txt,line 543
2,STAT_CHANGE,543,Away With Ye,780,0,1 -> OnApply,,Increases your Initiative by {COM_0_VAL0} per level.,C:\Users\Admin\Downloads\myps\data\strings\english\abilitydesc.txt,line 544
2,STAT_CHANGE,563,Runic Shield,826,0,1 -> OnApply,,Increases your Intelligence by {COM_0_VAL0}.,C:\Users\Admin\Downloads\myps\data\strings\english\abilitydesc.txt,line 564
2,STAT_CHANGE,564,Swiftness,780,0,1 -> OnApply,,Increases your Initiative by +1 per level.,C:\Users\Admin\Downloads\myps\data\strings\english\abilitydesc.txt,line 565
2,STAT_CHANGE,584,Greataxe Mastery,826,0,1 -> OnApply,,Increases your Intelligence by +1 per level.,C:\Users\Admin\Downloads\myps\data\strings\english\abilitydesc.txt,line 585
2,STAT_CHANGE,592,Discipline,2002,0,1 -> OnApply,,Increases your Willpower by {COM_0_VAL0}.,C:\Users\Admin\Downloads\myps\data\strings\english\abilitydesc.txt,line 593
2,STAT_CHANGE,628,Force of Will,383,2,3 -> OnPreviousComponentApplied,,"You stare down your opponent, draining {COM_0_VAL0} of their Action Points into yourself, and reducing their Strength by {COM_2_VAL0} for {COM_2_DURA_SECONDS}.",C:\Users\Admin\Downloads\myps\data\strings\english\abilitydesc.txt,line 629
2,STAT_CHANGE,632,Rune of Absorption,1014,1,3 -> OnPreviousComponentApplied,Damage,"Deals high damage to your target, and greatly reduces their Strength and Weapon Skill for 30 seconds.",C:\Users\Admin\Downloads\myps\data\strings\english\abilitydesc.txt,line 633
2,STAT_CHANGE,669,Doom Seeker,1097,2,3 -> OnPreviousComponentApplied,,"Steals up to 200 action points from your target and gives it to you, and reduces your target's Intelligence by {COM_2_VAL0} for 30 seconds.",C:\Users\Admin\Downloads\myps\data\strings\english\abilitydesc.txt,line 670
2,STAT_CHANGE,676,Looks like a Challenge,1101,0,1 -> OnApply,,Reduces the Intelligence and Willpower of all enemies within 30 feet for 10 seconds. Anyone afflicted by this effect will regain action points 50% more slowly.,C:\Users\Admin\Downloads\myps\data\strings\english\abilitydesc.txt,line 677
2,STAT_CHANGE,693,Signal Flare,1110,1,3 -> OnPreviousComponentApplied,Damage,All enemies within 30 feet suffer very high damage over 9 seconds. Anyone afflicted by this effect will have all of their stats (except Wounds) reduced.,C:\Users\Admin\Downloads\myps\data\strings\english\abilitydesc.txt,line 694
2,STAT_CHANGE,714,Electromagnet,3071,0,1 -> OnApply,,Increases your Corporeal resistance by {COM_0_VAL0}.,C:\Users\Admin\Downloads\myps\data\strings\english\abilitydesc.txt,line 715
2,STAT_CHANGE,734,Throwing Arm,3050,0,1 -> OnApply,,Increases your Wounds by {COM_0_VAL0}.,C:\Users\Admin\Downloads\myps\data\strings\english\abilitydesc.txt,line 735
2,STAT_CHANGE,735,Well-Oiled Machine,3051,0,1 -> OnApply,,Increases your Spirit resistance by {COM_0_VAL0}.,C:\Users\Admin\Downloads\myps\data\strings\english\abilitydesc.txt,line 736
2,STAT_CHANGE,737,Runes Of Warding,794,0,1 -> OnApply,,Increases your Toughness by +1 per level.,C:\Users\Admin\Downloads\myps\data\strings\english\abilitydesc.txt,line 738
2,STAT_CHANGE,755,Rune Of Striking,801,0,1 -> OnApply,,Increases your Willpower by +1 per level.,C:\Users\Admin\Downloads\myps\data\strings\english\abilitydesc.txt,line 756
2,STAT_CHANGE,756,Grungni's Gift,3051,0,1 -> OnApply,,Increases your Spirit resistance by {COM_0_VAL0}.,C:\Users\Admin\Downloads\myps\data\strings\english\abilitydesc.txt,line 757
2,STAT_CHANGE,777,Oath Rune Of Sanctuary,3051,0,1 -> OnApply,,Increases your Spirit resistance by {COM_0_VAL0}.,C:\Users\Admin\Downloads\myps\data\strings\english\abilitydesc.txt,line 778
2,STAT_CHANGE,780,Rune Of Fortune,1121,0,1 -> OnApply,,"Increases all of your stats except Wounds, but only slightly.",C:\Users\Admin\Downloads\myps\data\strings\english\abilitydesc.txt,line 781
2,STAT_CHANGE,798,Tzeentch's Warding,2006,0,1 -> OnApply,,Increases your Elemental resistance by {COM_0_VAL0}.,C:\Users\Admin\Downloads\myps\data\strings\english\abilitydesc.txt,line 799
2,STAT_CHANGE,801,Rune of Nullification,1126,0,1 -> OnApply,,"Increases all of your resistances, but only slightly.",C:\Users\Admin\Downloads\myps\data\strings\english\abilitydesc.txt,line 802
2,STAT_CHANGE,819,Bend the Winds,2006,0,1 -> OnApply,,Increases your Elemental resistance by {COM_0_VAL0}.,C:\Users\Admin\Downloads\myps\data\strings\english\abilitydesc.txt,line 820
2,STAT_CHANGE,839,Da Toughest!,2003,0,1 -> OnApply,,Spiritual resistance increased by {COM_0_VAL0}.,C:\Users\Admin\Downloads\myps\data\strings\english\abilitydesc.txt,line 840
2,STAT_CHANGE,887,Walk it off!,993,0,1 -> OnApply,,Increases Toughness for your entire group for 15 seconds.,C:\Users\Admin\Downloads\myps\data\strings\english\abilitydesc.txt,line 888
2,STAT_CHANGE,908,Slasha,993,0,1 -> OnApply,,Increases Toughness for your entire group for 15 seconds.,C:\Users\Admin\Downloads\myps\data\strings\english\abilitydesc.txt,line 909
2,STAT_CHANGE,929,;Used for Choppa Mechanic,993,0,1 -> OnApply,,Increases your group's Toughness for 30 seconds.,C:\Users\Admin\Downloads\myps\data\strings\english\abilitydesc.txt,line 930
2,STAT_CHANGE,946,Chop Til you Drop,1116,0,1 -> OnApply,Snare,"All enemies in front of you have their Weapon Skill, Initiative, and Willpower greatly reduced and become snared for 10 seconds, reducing their run speed by 60%.",C:\Users\Admin\Downloads\myps\data\strings\english\abilitydesc.txt,line 947
2,STAT_CHANGE,950,Wot Rules?,984,0,1 -> OnApply,,"Increases your group's armor and all resistances for 30 seconds, and restores 100 action points to everyone in the group.",C:\Users\Admin\Downloads\myps\data\strings\english\abilitydesc.txt,line 951
2,STAT_CHANGE,1053,Bottle of Seein' Stars,3493,3,1 -> OnApply,,,C:\Users\Admin\Downloads\myps\data\bin\abilityexport.bin,byte 300042
2,STAT_CHANGE,1064,Bloodlust,3723,3,1 -> OnApply,,,C:\Users\Admin\Downloads\myps\data\bin\abilityexport.bin,byte 301206
2,STAT_CHANGE,1367,Dat Makes Me Dizzy,1371,0,1 -> OnApply,Damage,"You set your mind to the task at hand and focus on what must be done, increasing your Corporeal resistance by {COM_0_VAL0} for {COM_0_DURA_SECONDS}. Each time you're hit by magical damage while this effect is active, your autoattack speed will be increased by {ABIL_3384_COM_0_VAL1}% for {ABIL_3384_COM_0_DURA_SECONDS}.<BR>Also increases your Oath Friend's resistance if they are within {COM_1_RADI_FEET}.",C:\Users\Admin\Downloads\myps\data\strings\english\abilitydesc.txt,line 1368
2,STAT_CHANGE,1367,Dat Makes Me Dizzy,1372,1,1 -> OnApply,Damage,"You set your mind to the task at hand and focus on what must be done, increasing your Corporeal resistance by {COM_0_VAL0} for {COM_0_DURA_SECONDS}. Each time you're hit by magical damage while this effect is active, your autoattack speed will be increased by {ABIL_3384_COM_0_VAL1}% for {ABIL_3384_COM_0_DURA_SECONDS}.<BR>Also increases your Oath Friend's resistance if they are within {COM_1_RADI_FEET}.",C:\Users\Admin\Downloads\myps\data\strings\english\abilitydesc.txt,line 1368
2,STAT_CHANGE,1372,Watch An' Learn,1380,0,1 -> OnApply,,"Increases your Weapon Skill by {COM_0_VAL0} for {COM_0_DURA_SECONDS}. Each time you hit an enemy, your Oath Friend will gain {COM_2_VAL0_ACTIONPOINTS} as long as they're within {COM_2_RADI_FEET} of you.",C:\Users\Admin\Downloads\myps\data\strings\english\abilitydesc.txt,line 1373
34,STEALTH,30,Arming,1694,0,1 -> OnApply,,,C:\Users\Admin\Downloads\myps\data\bin\abilityexport.bin,byte 186747
34,STEALTH,4732,DarkElf Tank flourish2 (fidget),4648,0,1 -> OnApply,,,C:\Users\Admin\Downloads\myps\data\bin\abilityexport.bin,byte 1463770
34,STEALTH,8090,Incognito,11601,0,1 -> OnApply,,"You begin quietly hunting for heretics, making it less likely that hostile monsters will notice you but slowly draining away your action points.  This effect will end if you use any abilities, run out of action points, or after 30 seconds has passed.",C:\Users\Admin\Downloads\myps\data\strings\english\abilitydesc.txt,line 8091
34,STEALTH,9393,Shadow Prowler,11601,0,1 -> OnApply,,"You prowl through the shadows for the next {COM_0_DURA_SECONDS}, making it less likely that hostile monsters will notice you but slowly draining away your action points.  This effect will end if you use any abilities or run out of action points.",C:\Users\Admin\Downloads\myps\data\strings\english\abilitydesc.txt,line 9394
34,STEALTH,13944,Skaven Stealth,13984,0,1 -> OnApply,,,C:\Users\Admin\Downloads\myps\data\bin\abilityexport.bin,byte 1831230
34,STEALTH,13958,Skiv Stealth,13984,0,1 -> OnApply,,,C:\Users\Admin\Downloads\myps\data\bin\abilityexport.bin,byte 1833979
34,STEALTH,15042,Stealth Test ability,17927,0,1 -> OnApply,,,C:\Users\Admin\Downloads\myps\data\bin\abilityexport.bin,byte 814918
34,STEALTH,24562,Sneaky Infiltrator,4648,0,1 -> OnApply,,,C:\Users\Admin\Downloads\myps\data\bin\abilityexport.bin,byte 1942310
34,STEALTH,24825,Gutter Run,26561,0,1 -> OnApply,,"Toggled stealth. While stealthed, you gain a {COM_1_VAL0}% speed increase.",C:\Users\Admin\Downloads\myps\data\strings\english\abilitydesc.txt,line 24826
35,SUMMON_MOUNT,10954,Fleet Stag Mantle,14729,0,1 -> OnApply,Damage,"Transforms you into a stag, for the next {COM_1_DURA_MINUTES} your movement speed is increased by {COM_1_VAL0}%.<BR>Effect will dispel upon being damaged.",C:\Users\Admin\Downloads\myps\data\strings\english\abilitydesc.txt,line 10955
35,SUMMON_MOUNT,14594,Summon Mount,14730,0,1 -> OnApply,Damage,Summons a mount that increases your movement speed by {COM_1_VAL0}% with a {COM_0_VAL1}% chance to dismount while taking damage.,C:\Users\Admin\Downloads\myps\data\strings\english\abilitydesc.txt,line 14595
35,SUMMON_MOUNT,14595,Summon Mount,14730,0,1 -> OnApply,Damage,Summons a mount that increases your movement speed by {COM_1_VAL0}% with a {COM_0_VAL1}% chance to dismount while taking damage.,C:\Users\Admin\Downloads\myps\data\strings\english\abilitydesc.txt,line 14596
35,SUMMON_MOUNT,14596,Summon Mount,14730,0,1 -> OnApply,Damage,Summons a mount that increases your movement speed by {COM_1_VAL0}% with a {COM_0_VAL1}% chance to dismount while taking damage.,C:\Users\Admin\Downloads\myps\data\strings\english\abilitydesc.txt,line 14597
35,SUMMON_MOUNT,14597,Summon Mount,14730,0,1 -> OnApply,Damage,Summons a mount that increases your movement speed by {COM_1_VAL0}% with a {COM_0_VAL1}% chance to dismount while taking damage.,C:\Users\Admin\Downloads\myps\data\strings\english\abilitydesc.txt,line 14598
35,SUMMON_MOUNT,14598,Summon Mount,14730,0,1 -> OnApply,Damage,Summons a mount that increases your movement speed by {COM_1_VAL0}% with a {COM_0_VAL1}% chance to dismount while taking damage.,C:\Users\Admin\Downloads\myps\data\strings\english\abilitydesc.txt,line 14599
35,SUMMON_MOUNT,14599,Summon Mount,14730,0,1 -> OnApply,Damage,Summons a mount that increases your movement speed by {COM_1_VAL0}% with a {COM_0_VAL1}% chance to dismount while taking damage.,C:\Users\Admin\Downloads\myps\data\strings\english\abilitydesc.txt,line 14600
35,SUMMON_MOUNT,14600,Summon Mount,14300,0,1 -> OnApply,Damage,Summons a mount that increases your movement speed by {COM_1_VAL0}% with a {COM_0_VAL1}% chance to dismount while taking damage.,C:\Users\Admin\Downloads\myps\data\strings\english\abilitydesc.txt,line 14601
35,SUMMON_MOUNT,14601,Summon Mount,14301,0,1 -> OnApply,Damage,Summons a mount that increases your movement speed by {COM_1_VAL0}% with a {COM_0_VAL1}% chance to dismount while taking damage.,C:\Users\Admin\Downloads\myps\data\strings\english\abilitydesc.txt,line 14602
35,SUMMON_MOUNT,14602,Summon Mount,14302,0,1 -> OnApply,Damage,Summons a mount that increases your movement speed by {COM_1_VAL0}% with a {COM_0_VAL1}% chance to dismount while taking damage.,C:\Users\Admin\Downloads\myps\data\strings\english\abilitydesc.txt,line 14603
35,SUMMON_MOUNT,14603,Summon Mount,14303,0,1 -> OnApply,Damage,Summons a mount that increases your movement speed by {COM_1_VAL0}% with a {COM_0_VAL1}% chance to dismount while taking damage.,C:\Users\Admin\Downloads\myps\data\strings\english\abilitydesc.txt,line 14604
35,SUMMON_MOUNT,14604,Summon Mount,14304,0,1 -> OnApply,Damage,Summons a mount that increases your movement speed by {COM_1_VAL0}% with a {COM_0_VAL1}% chance to dismount while taking damage.,C:\Users\Admin\Downloads\myps\data\strings\english\abilitydesc.txt,line 14605
35,SUMMON_MOUNT,14605,Summon Mount,14305,0,1 -> OnApply,Damage,Summons a mount that increases your movement speed by {COM_1_VAL0}% with a {COM_0_VAL1}% chance to dismount while taking damage.,C:\Users\Admin\Downloads\myps\data\strings\english\abilitydesc.txt,line 14606
35,SUMMON_MOUNT,14606,Summon Mount,14306,0,1 -> OnApply,Damage,Summons a mount that increases your movement speed by {COM_1_VAL0}% with a {COM_0_VAL1}% chance to dismount while taking damage.,C:\Users\Admin\Downloads\myps\data\strings\english\abilitydesc.txt,line 14607
35,SUMMON_MOUNT,14607,Summon Mount,14307,0,1 -> OnApply,Damage,Summons a mount that increases your movement speed by {COM_1_VAL0}% with a {COM_0_VAL1}% chance to dismount while taking damage.,C:\Users\Admin\Downloads\myps\data\strings\english\abilitydesc.txt,line 14608
35,SUMMON_MOUNT,14608,Summon Mount,14308,0,1 -> OnApply,Damage,Summons a mount that increases your movement speed by {COM_1_VAL0}% with a {COM_0_VAL1}% chance to dismount while taking damage.,C:\Users\Admin\Downloads\myps\data\strings\english\abilitydesc.txt,line 14609
35,SUMMON_MOUNT,14609,Summon Mount,14309,0,1 -> OnApply,Damage,Summons a mount that increases your movement speed by {COM_1_VAL0}% with a {COM_0_VAL1}% chance to dismount while taking damage.,C:\Users\Admin\Downloads\myps\data\strings\english\abilitydesc.txt,line 14610
35,SUMMON_MOUNT,14610,Summon Mount,14310,0,1 -> OnApply,Damage,Summons a mount that increases your movement speed by {COM_1_VAL0}% with a {COM_0_VAL1}% chance to dismount while taking damage.,C:\Users\Admin\Downloads\myps\data\strings\english\abilitydesc.txt,line 14611
35,SUMMON_MOUNT,14611,Summon Mount,14311,0,1 -> OnApply,Damage,Summons a mount that increases your movement speed by {COM_1_VAL0}% with a {COM_0_VAL1}% chance to dismount while taking damage.,C:\Users\Admin\Downloads\myps\data\strings\english\abilitydesc.txt,line 14612
35,SUMMON_MOUNT,14612,Summon Mount,14312,0,1 -> OnApply,Damage,Summons a mount that increases your movement speed by {COM_1_VAL0}% with a {COM_0_VAL1}% chance to dismount while taking damage.,C:\Users\Admin\Downloads\myps\data\strings\english\abilitydesc.txt,line 14613
35,SUMMON_MOUNT,14613,Summon Mount,14313,0,1 -> OnApply,Damage,Summons a mount that increases your movement speed by {COM_1_VAL0}% with a {COM_0_VAL1}% chance to dismount while taking damage.,C:\Users\Admin\Downloads\myps\data\strings\english\abilitydesc.txt,line 14614
35,SUMMON_MOUNT,14614,Summon Mount,14314,0,1 -> OnApply,Damage,Summons a mount that increases your movement speed by {COM_1_VAL0}% with a {COM_0_VAL1}% chance to dismount while taking damage.,C:\Users\Admin\Downloads\myps\data\strings\english\abilitydesc.txt,line 14615
35,SUMMON_MOUNT,14615,Summon Mount,14315,0,1 -> OnApply,Damage,Summons a mount that increases your movement speed by {COM_1_VAL0}% with a {COM_0_VAL1}% chance to dismount while taking damage.,C:\Users\Admin\Downloads\myps\data\strings\english\abilitydesc.txt,line 14616
35,SUMMON_MOUNT,14616,Summon Mount,14316,0,1 -> OnApply,Damage,Summons a mount that increases your movement speed by {COM_1_VAL0}% with a {COM_0_VAL1}% chance to dismount while taking damage.,C:\Users\Admin\Downloads\myps\data\strings\english\abilitydesc.txt,line 14617
35,SUMMON_MOUNT,14617,Summon Mount,14317,0,1 -> OnApply,Damage,Summons a mount that increases your movement speed by {COM_1_VAL0}% with a {COM_0_VAL1}% chance to dismount while taking damage.,C:\Users\Admin\Downloads\myps\data\strings\english\abilitydesc.txt,line 14618
35,SUMMON_MOUNT,14618,Summon Mount,14318,0,1 -> OnApply,Damage,Summons a mount that increases your movement speed by {COM_1_VAL0}% with a {COM_0_VAL1}% chance to dismount while taking damage.,C:\Users\Admin\Downloads\myps\data\strings\english\abilitydesc.txt,line 14619
35,SUMMON_MOUNT,14619,Summon Mount,14319,0,1 -> OnApply,Damage,Summons a mount that increases your movement speed by {COM_1_VAL0}% with a {COM_0_VAL1}% chance to dismount while taking damage.,C:\Users\Admin\Downloads\myps\data\strings\english\abilitydesc.txt,line 14620
35,SUMMON_MOUNT,14620,Summon Mount,14320,0,1 -> OnApply,Damage,Summons a mount that increases your movement speed by {COM_1_VAL0}% with a {COM_0_VAL1}% chance to dismount while taking damage.,C:\Users\Admin\Downloads\myps\data\strings\english\abilitydesc.txt,line 14621
35,SUMMON_MOUNT,14621,Summon Mount,14321,0,1 -> OnApply,Damage,Summons a mount that increases your movement speed by {COM_1_VAL0}% with a {COM_0_VAL1}% chance to dismount while taking damage.,C:\Users\Admin\Downloads\myps\data\strings\english\abilitydesc.txt,line 14622
35,SUMMON_MOUNT,14622,Summon Mount,14322,0,1 -> OnApply,Damage,Summons a mount that increases your movement speed by {COM_1_VAL0}% with a {COM_0_VAL1}% chance to dismount while taking damage.,C:\Users\Admin\Downloads\myps\data\strings\english\abilitydesc.txt,line 14623
35,SUMMON_MOUNT,14623,Summon Mount,14323,0,1 -> OnApply,Damage,Summons a mount that increases your movement speed by {COM_1_VAL0}% with a {COM_0_VAL1}% chance to dismount while taking damage.,C:\Users\Admin\Downloads\myps\data\strings\english\abilitydesc.txt,line 14624
35,SUMMON_MOUNT,14624,Summon Mount,14324,0,1 -> OnApply,Damage,Summons a mount that increases your movement speed by {COM_1_VAL0}% with a {COM_0_VAL1}% chance to dismount while taking damage.,C:\Users\Admin\Downloads\myps\data\strings\english\abilitydesc.txt,line 14625
35,SUMMON_MOUNT,14625,Summon Mount,14325,0,1 -> OnApply,Damage,Summons a mount that increases your movement speed by {COM_1_VAL0}% with a {COM_0_VAL1}% chance to dismount while taking damage.,C:\Users\Admin\Downloads\myps\data\strings\english\abilitydesc.txt,line 14626
35,SUMMON_MOUNT,14626,Summon Mount,14326,0,1 -> OnApply,Damage,Summons a mount that increases your movement speed by {COM_1_VAL0}% with a {COM_0_VAL1}% chance to dismount while taking damage.,C:\Users\Admin\Downloads\myps\data\strings\english\abilitydesc.txt,line 14627
35,SUMMON_MOUNT,14627,Summon Mount,14327,0,1 -> OnApply,Damage,Summons a mount that increases your movement speed by {COM_1_VAL0}% with a {COM_0_VAL1}% chance to dismount while taking damage.,C:\Users\Admin\Downloads\myps\data\strings\english\abilitydesc.txt,line 14628
35,SUMMON_MOUNT,14628,Summon Mount,14328,0,1 -> OnApply,Damage,Summons a mount that increases your movement speed by {COM_1_VAL0}% with a {COM_0_VAL1}% chance to dismount while taking damage.,C:\Users\Admin\Downloads\myps\data\strings\english\abilitydesc.txt,line 14629
35,SUMMON_MOUNT,14629,Summon Mount,14329,0,1 -> OnApply,Damage,Summons a mount that increases your movement speed by {COM_1_VAL0}% with a {COM_0_VAL1}% chance to dismount while taking damage.,C:\Users\Admin\Downloads\myps\data\strings\english\abilitydesc.txt,line 14630
35,SUMMON_MOUNT,14630,Summon Mount,14330,0,1 -> OnApply,Damage,Summons a mount that increases your movement speed by {COM_1_VAL0}% with a {COM_0_VAL1}% chance to dismount while taking damage.,C:\Users\Admin\Downloads\myps\data\strings\english\abilitydesc.txt,line 14631
35,SUMMON_MOUNT,14631,Summon Mount,14331,0,1 -> OnApply,Damage,Summons a mount that increases your movement speed by {COM_1_VAL0}% with a {COM_0_VAL1}% chance to dismount while taking damage.,C:\Users\Admin\Downloads\myps\data\strings\english\abilitydesc.txt,line 14632
35,SUMMON_MOUNT,14632,Summon Mount,14332,0,1 -> OnApply,Damage,Summons a mount that increases your movement speed by {COM_1_VAL0}% with a {COM_0_VAL1}% chance to dismount while taking damage.,C:\Users\Admin\Downloads\myps\data\strings\english\abilitydesc.txt,line 14633
35,SUMMON_MOUNT,14633,Summon Mount,14333,0,1 -> OnApply,Damage,Summons a mount that increases your movement speed by {COM_1_VAL0}% with a {COM_0_VAL1}% chance to dismount while taking damage.,C:\Users\Admin\Downloads\myps\data\strings\english\abilitydesc.txt,line 14634
35,SUMMON_MOUNT,14634,Summon Mount,14334,0,1 -> OnApply,Damage,Summons a mount that increases your movement speed by {COM_1_VAL0}% with a {COM_0_VAL1}% chance to dismount while taking damage.,C:\Users\Admin\Downloads\myps\data\strings\english\abilitydesc.txt,line 14635
35,SUMMON_MOUNT,14635,Summon Mount,14335,0,1 -> OnApply,Damage,Summons a mount that increases your movement speed by {COM_1_VAL0}% with a {COM_0_VAL1}% chance to dismount while taking damage.,C:\Users\Admin\Downloads\myps\data\strings\english\abilitydesc.txt,line 14636
35,SUMMON_MOUNT,14636,Summon Mount,14336,0,1 -> OnApply,Damage,Summons a mount that increases your movement speed by {COM_1_VAL0}% with a {COM_0_VAL1}% chance to dismount while taking damage.,C:\Users\Admin\Downloads\myps\data\strings\english\abilitydesc.txt,line 14637
35,SUMMON_MOUNT,14637,Summon Mount,14337,0,1 -> OnApply,Damage,Summons a mount that increases your movement speed by {COM_1_VAL0}% with a {COM_0_VAL1}% chance to dismount while taking damage.,C:\Users\Admin\Downloads\myps\data\strings\english\abilitydesc.txt,line 14638
35,SUMMON_MOUNT,14638,Summon Mount,14338,0,1 -> OnApply,Damage,Summons a mount that increases your movement speed by {COM_1_VAL0}% with a {COM_0_VAL1}% chance to dismount while taking damage.,C:\Users\Admin\Downloads\myps\data\strings\english\abilitydesc.txt,line 14639
35,SUMMON_MOUNT,14639,Summon Mount,14339,0,1 -> OnApply,Damage,Summons a mount that increases your movement speed by {COM_1_VAL0}% with a {COM_0_VAL1}% chance to dismount while taking damage.,C:\Users\Admin\Downloads\myps\data\strings\english\abilitydesc.txt,line 14640
35,SUMMON_MOUNT,14640,Summon Mount,14340,0,1 -> OnApply,Damage,Summons a mount that increases your movement speed by {COM_1_VAL0}% with a {COM_0_VAL1}% chance to dismount while taking damage.,C:\Users\Admin\Downloads\myps\data\strings\english\abilitydesc.txt,line 14641
45,Unknown component operation (45),1001,Breath Weapon - Ghostly Howl,15851,0,1 -> OnApply,,,C:\Users\Admin\Downloads\myps\data\bin\abilityexport.bin,byte 296612
45,Unknown component operation (45),1532,Atonement,3269,0,1 -> OnApply,,"You activate your Turret's automatic redeployment mechanism, instantly moving it to your current location.",C:\Users\Admin\Downloads\myps\data\strings\english\abilitydesc.txt,line 1533
45,Unknown component operation (45),8542,Resummon,3269,0,1 -> OnApply,,"You shift your active summoning circle to your current location, bringing your minion with it.",C:\Users\Admin\Downloads\myps\data\strings\english\abilitydesc.txt,line 8543
45,Unknown component operation (45),13717,Warp Teleport,13730,0,1 -> OnApply,,,C:\Users\Admin\Downloads\myps\data\bin\abilityexport.bin,byte 1796471
45,Unknown component operation (45),13718,Enraged Blow,13730,0,1 -> OnApply,,,C:\Users\Admin\Downloads\myps\data\bin\abilityexport.bin,byte 1796665
48,Unknown component operation (48),10943,Return to Warcamp,10730,0,1 -> OnApply,,Returns you to the War Camp.,C:\Users\Admin\Downloads\myps\data\strings\english\abilitydesc.txt,line 10944
49,Unknown component operation (49),10944,Return to Chapter Hub,10731,0,1 -> OnApply,,Returns you to the Chapter Hub.,C:\Users\Admin\Downloads\myps\data\strings\english\abilitydesc.txt,line 10945
50,Unknown component operation (50),10945,Return to City,10732,0,1 -> OnApply,,Returns you to the City.,C:\Users\Admin\Downloads\myps\data\strings\english\abilitydesc.txt,line 10946
25,UPDATE_COUNTER,34,Bite,3114,1,1 -> OnApply,,,C:\Users\Admin\Downloads\myps\data\bin\abilityexport.bin,byte 187523
25,UPDATE_COUNTER,241,Caustic Torrent,348,1,1 -> OnApply,,"You focus your defenses against enemy fire, increasing your chances to dodge and disrupt by {COM_2_VAL0}% for {COM_2_DURA_SECONDS}.  You will also defend all allies behind you, up to {COM_3_RADI_FEET} away, increasing their chances to dodge and disrupt by {COM_3_VAL0}% as long as they remain at your back.<BR>This effect will end if you break your concentration, or run out of action points.",C:\Users\Admin\Downloads\myps\data\strings\english\abilitydesc.txt,line 242
25,UPDATE_COUNTER,252,Earthen Protection,504,0,1 -> OnApply,,Building Grudges.,C:\Users\Admin\Downloads\myps\data\strings\english\abilitydesc.txt,line 253
25,UPDATE_COUNTER,254,Unyielding Purpose,507,0,1 -> OnApply,,Building Grudges.,C:\Users\Admin\Downloads\myps\data\strings\english\abilitydesc.txt,line 255
25,UPDATE_COUNTER,255,Sure Shot,1352,0,1 -> OnApply,,"Select one groupmate to be an Oath Friend.  Any time they are attacked, you will gain Grudge.",C:\Users\Admin\Downloads\myps\data\strings\english\abilitydesc.txt,line 256
25,UPDATE_COUNTER,256,Clip Tendon,1358,0,1 -> OnApply,,,C:\Users\Admin\Downloads\myps\data\bin\abilityexport.bin,byte 222583
25,UPDATE_COUNTER,257,Debilitation,3435,0,1 -> OnApply,,,C:\Users\Admin\Downloads\myps\data\bin\abilityexport.bin,byte 222777
25,UPDATE_COUNTER,258,Arterial Strike.,1503,0,1 -> OnApply,,,C:\Users\Admin\Downloads\myps\data\bin\abilityexport.bin,byte 222971
25,UPDATE_COUNTER,270,I'm Da Biggest!,8391,0,1 -> OnApply,,Collecting Accusations!,C:\Users\Admin\Downloads\myps\data\strings\english\abilitydesc.txt,line 271
25,UPDATE_COUNTER,272,Green Is Best!,9451,0,1 -> OnApply,,,C:\Users\Admin\Downloads\myps\data\bin\abilityexport.bin,byte 225493
25,UPDATE_COUNTER,274,Bleedin's For Wimps,11005,0,1 -> OnApply,,,C:\Users\Admin\Downloads\myps\data\bin\abilityexport.bin,byte 225881
25,UPDATE_COUNTER,277,Quell Suffering,11082,0,1 -> OnApply,,,C:\Users\Admin\Downloads\myps\data\bin\abilityexport.bin,byte 226463
25,UPDATE_COUNTER,281,Impel Agony,11209,0,1 -> OnApply,,,C:\Users\Admin\Downloads\myps\data\bin\abilityexport.bin,byte 227239
25,UPDATE_COUNTER,284,Parasitic Aura,11354,0,1 -> OnApply,,,C:\Users\Admin\Downloads\myps\data\bin\abilityexport.bin,byte 227627
25,UPDATE_COUNTER,288,Dark Magic x25,11460,0,1 -> OnApply,,,C:\Users\Admin\Downloads\myps\data\bin\abilityexport.bin,byte 228209
25,UPDATE_COUNTER,289,Dark Magic x5,11461,0,1 -> OnApply,,,C:\Users\Admin\Downloads\myps\data\bin\abilityexport.bin,byte 228403
25,UPDATE_COUNTER,290,Big Smarts,11462,0,1 -> OnApply,,,C:\Users\Admin\Downloads\myps\data\bin\abilityexport.bin,byte 228597
25,UPDATE_COUNTER,294,Nervous Energy,11449,0,1 -> OnApply,,,C:\Users\Admin\Downloads\myps\data\bin\abilityexport.bin,byte 229373
25,UPDATE_COUNTER,296,Rite of Vengence,11552,0,1 -> OnApply,,,C:\Users\Admin\Downloads\myps\data\bin\abilityexport.bin,byte 229761
25,UPDATE_COUNTER,298,Shield of Piety,9179,0,1 -> OnApply,,,C:\Users\Admin\Downloads\myps\data\bin\abilityexport.bin,byte 230149
25,UPDATE_COUNTER,300,Convalesce,8583,0,1 -> OnApply,,,C:\Users\Admin\Downloads\myps\data\bin\abilityexport.bin,byte 230537
25,UPDATE_COUNTER,302,Quell Suffering,8584,0,1 -> OnApply,,,C:\Users\Admin\Downloads\myps\data\bin\abilityexport.bin,byte 230925
25,UPDATE_COUNTER,304,Baleful Affliction,8852,0,1 -> OnApply,,,C:\Users\Admin\Downloads\myps\data\bin\abilityexport.bin,byte 231313
25,UPDATE_COUNTER,305,Convalesce,8750,0,1 -> OnApply,,,C:\Users\Admin\Downloads\myps\data\bin\abilityexport.bin,byte 231507
25,UPDATE_COUNTER,306,Righteous Fury +20,8755,0,1 -> OnApply,,,C:\Users\Admin\Downloads\myps\data\bin\abilityexport.bin,byte 231701
25,UPDATE_COUNTER,307,Righteous Fury +30,8778,0,1 -> OnApply,,,C:\Users\Admin\Downloads\myps\data\bin\abilityexport.bin,byte 231895
25,UPDATE_COUNTER,308,Righteous Fury +40,8783,0,1 -> OnApply,,,C:\Users\Admin\Downloads\myps\data\bin\abilityexport.bin,byte 232089
25,UPDATE_COUNTER,309,Righteous Fury +50,8789,0,1 -> OnApply,,,C:\Users\Admin\Downloads\myps\data\bin\abilityexport.bin,byte 232283
25,UPDATE_COUNTER,310,Sigmar's Favor,8848,0,1 -> OnApply,,,C:\Users\Admin\Downloads\myps\data\bin\abilityexport.bin,byte 232477
25,UPDATE_COUNTER,312,Sigmar's Glory,8860,0,1 -> OnApply,,,C:\Users\Admin\Downloads\myps\data\bin\abilityexport.bin,byte 232865
25,UPDATE_COUNTER,313,Emperor's Ward,8944,0,1 -> OnApply,,,C:\Users\Admin\Downloads\myps\data\bin\abilityexport.bin,byte 233059
25,UPDATE_COUNTER,314,Human Ingenuity,11750,0,1 -> OnApply,,,C:\Users\Admin\Downloads\myps\data\bin\abilityexport.bin,byte 233253
25,UPDATE_COUNTER,315,Impel Agony,11751,0,1 -> OnApply,,,C:\Users\Admin\Downloads\myps\data\bin\abilityexport.bin,byte 233447
25,UPDATE_COUNTER,316,Impose Suffering,11752,0,1 -> OnApply,,,C:\Users\Admin\Downloads\myps\data\bin\abilityexport.bin,byte 233641
25,UPDATE_COUNTER,317,Incite Torment,11753,0,1 -> OnApply,,,C:\Users\Admin\Downloads\myps\data\bin\abilityexport.bin,byte 233835
25,UPDATE_COUNTER,318,Parasitic Aura,11754,0,1 -> OnApply,,,C:\Users\Admin\Downloads\myps\data\bin\abilityexport.bin,byte 234029
25,UPDATE_COUNTER,319,Reclaim Vitae,11755,0,1 -> OnApply,,,C:\Users\Admin\Downloads\myps\data\bin\abilityexport.bin,byte 234223
25,UPDATE_COUNTER,321,Soul Reaping +100,11763,0,1 -> OnApply,,,C:\Users\Admin\Downloads\myps\data\bin\abilityexport.bin,byte 234611
25,UPDATE_COUNTER,322,Soul Reaping +35,11761,0,1 -> OnApply,,,C:\Users\Admin\Downloads\myps\data\bin\abilityexport.bin,byte 234805
25,UPDATE_COUNTER,323,Righteous Fury +60,9065,0,1 -> OnApply,,,C:\Users\Admin\Downloads\myps\data\bin\abilityexport.bin,byte 234999
25,UPDATE_COUNTER,324,Universal Confusion,11757,0,1 -> OnApply,,,C:\Users\Admin\Downloads\myps\data\bin\abilityexport.bin,byte 235193
25,UPDATE_COUNTER,325,Righteous Fury +35,9069,0,1 -> OnApply,,,C:\Users\Admin\Downloads\myps\data\bin\abilityexport.bin,byte 235387
25,UPDATE_COUNTER,326,Righteous Fury +95,9070,0,1 -> OnApply,,,C:\Users\Admin\Downloads\myps\data\bin\abilityexport.bin,byte 235581
25,UPDATE_COUNTER,327,Righteous Fury +15,9094,0,1 -> OnApply,,,C:\Users\Admin\Downloads\myps\data\bin\abilityexport.bin,byte 235775
25,UPDATE_COUNTER,328,Righteous Fury +25,9114,0,1 -> OnApply,,,C:\Users\Admin\Downloads\myps\data\bin\abilityexport.bin,byte 235969
25,UPDATE_COUNTER,329,Soul Reaping +45,11952,0,1 -> OnApply,,,C:\Users\Admin\Downloads\myps\data\bin\abilityexport.bin,byte 236163
25,UPDATE_COUNTER,330,Warped Flesh,12012,0,1 -> OnApply,,,C:\Users\Admin\Downloads\myps\data\bin\abilityexport.bin,byte 236357
25,UPDATE_COUNTER,331,Tzeentch's Warding,9327,0,1 -> OnApply,,,C:\Users\Admin\Downloads\myps\data\bin\abilityexport.bin,byte 236551
8,VELOCITY,2,Big Claw,3286,1,3 -> OnPreviousComponentApplied,Damage,"You force your Battle Squig to claw at your target, dealing {COM_0_VAL0_TOD_DAMAGE} over {COM_0_DURA_SECONDS} and snaring them by {COM_1_VAL0}% over {COM_1_DURA_SECONDS}.",C:\Users\Admin\Downloads\myps\data\strings\english\abilitydesc.txt,line 3
8,VELOCITY,46,Warping Energy,12267,1,3 -> OnPreviousComponentApplied,"Snare, Damage","Deals {COM_0_VAL0_TOD_DAMAGE} to the target over {COM_0_DURA_SECONDS}. For the first {COM_1_DURA_SECONDS}, the target will be snared, reducing their movement speed by {COM_1_VAL0}%.",C:\Users\Admin\Downloads\myps\data\strings\english\abilitydesc.txt,line 47
8,VELOCITY,71,Weapon Expertise,14716,1,1 -> OnApply,,,C:\Users\Admin\Downloads\myps\data\bin\abilityexport.bin,byte 192897
8,VELOCITY,85,Steam Vent,1423,0,1 -> OnApply,,,C:\Users\Admin\Downloads\myps\data\bin\abilityexport.bin,byte 194255
8,VELOCITY,125,Shred,1198,1,3 -> OnPreviousComponentApplied,Snare,DoT and Snare,C:\Users\Admin\Downloads\myps\data\strings\english\abilitydesc.txt,line 126
8,VELOCITY,227,Incantation of Presence,14342,0,1 -> OnApply,,Summons a Pretty Pretty Test Unicorn! Yay! Activate again to remove the PPTU.,C:\Users\Admin\Downloads\myps\data\strings\english\abilitydesc.txt,line 228
8,VELOCITY,240,Word of Command,1203,0,1 -> OnApply,,"You charge into the thick of battle, increasing your run speed by {COM_0_VAL0}% for {COM_0_DURA_SECONDS}.  If you use any abilities, this effect will immediately end.",C:\Users\Admin\Downloads\myps\data\strings\english\abilitydesc.txt,line 241
8,VELOCITY,240,Word of Command,1967,3,1 -> OnApply,,"You charge into the thick of battle, increasing your run speed by {COM_0_VAL0}% for {COM_0_DURA_SECONDS}.  If you use any abilities, this effect will immediately end.",C:\Users\Admin\Downloads\myps\data\strings\english\abilitydesc.txt,line 241
8,VELOCITY,245,Word of Command,1114,0,1 -> OnApply,,"You run away from the battle in a mad panic, increasing your run speed by {COM_0_VAL0} for {COM_0_DURA_SECONDS}.  You immediately lose all of your action points, any career mechanic points, and your Morale will begin to drop, and you will not begin to regain action points until {COM_4_VAL0_COM_0_DURA_SECONDS} have passed.<BR><BR>You can use this ability again to cancel the effect early, but you will still remain panicked and will not regain action points for the full duration.",C:\Users\Admin\Downloads\myps\data\strings\english\abilitydesc.txt,line 246
8,VELOCITY,490,Isha's Balance,1300,1,1 -> OnApply,,,C:\Users\Admin\Downloads\myps\data\bin\abilityexport.bin,byte 260912
8,VELOCITY,547,Shield Of Reprisal,784,1,6 -> OnEventTriggered,Snare,"Any time you critically hit an enemy they will become snared, reducing their run speed by {COM_1_VAL0}% for {COM_1_DURA_SECONDS}.",C:\Users\Admin\Downloads\myps\data\strings\english\abilitydesc.txt,line 548
8,VELOCITY,883,Big Brawlin',988,0,1 -> OnApply,,Your entire group runs 50% faster for 5 seconds. Anyone who uses an ability will lose this effect.,C:\Users\Admin\Downloads\myps\data\strings\english\abilitydesc.txt,line 884
8,VELOCITY,904,Juggernaut,988,0,1 -> OnApply,,Your entire group runs 50% faster for 5 seconds.  Anyone who uses an ability will lose this effect.,C:\Users\Admin\Downloads\myps\data\strings\english\abilitydesc.txt,line 905
8,VELOCITY,946,Chop Til you Drop,1117,1,3 -> OnPreviousComponentApplied,Snare,"All enemies in front of you have their Weapon Skill, Initiative, and Willpower greatly reduced and become snared for 10 seconds, reducing their run speed by 60%.",C:\Users\Admin\Downloads\myps\data\strings\english\abilitydesc.txt,line 947
8,VELOCITY,1358,Da Waaagh! Is Coming,3030,5,3 -> OnPreviousComponentApplied,Damage,"You chop at your enemy's legs, causing them to take {COM_0_VAL0_TOD_DAMAGE} over {COM_0_DURA_SECONDS} and snaring them, reducing their run speed by {COM_5_VAL0}%.<BR><BR> With 25 Grudges: Damages for {COM_1_VAL0_TOD_DAMAGE} over {COM_1_DURA_SECONDS}.<BR> With 50 Grudges: Damages for {COM_2_VAL0_TOD_DAMAGE} over {COM_2_DURA_SECONDS}.<BR> With 75 Grudges: Damages for {COM_3_VAL0_TOD_DAMAGE} over {COM_3_DURA_SECONDS}.<BR> With 100 Grudges: Damages for {COM_4_VAL0_TOD_DAMAGE} over {COM_4_DURA_SECONDS}.",C:\Users\Admin\Downloads\myps\data\strings\english\abilitydesc.txt,line 1359
8,VELOCITY,1358,Da Waaagh! Is Coming,3030,6,3 -> OnPreviousComponentApplied,Damage,"You chop at your enemy's legs, causing them to take {COM_0_VAL0_TOD_DAMAGE} over {COM_0_DURA_SECONDS} and snaring them, reducing their run speed by {COM_5_VAL0}%.<BR><BR> With 25 Grudges: Damages for {COM_1_VAL0_TOD_DAMAGE} over {COM_1_DURA_SECONDS}.<BR> With 50 Grudges: Damages for {COM_2_VAL0_TOD_DAMAGE} over {COM_2_DURA_SECONDS}.<BR> With 75 Grudges: Damages for {COM_3_VAL0_TOD_DAMAGE} over {COM_3_DURA_SECONDS}.<BR> With 100 Grudges: Damages for {COM_4_VAL0_TOD_DAMAGE} over {COM_4_DURA_SECONDS}.",C:\Users\Admin\Downloads\myps\data\strings\english\abilitydesc.txt,line 1359
8,VELOCITY,1358,Da Waaagh! Is Coming,3030,7,3 -> OnPreviousComponentApplied,Damage,"You chop at your enemy's legs, causing them to take {COM_0_VAL0_TOD_DAMAGE} over {COM_0_DURA_SECONDS} and snaring them, reducing their run speed by {COM_5_VAL0}%.<BR><BR> With 25 Grudges: Damages for {COM_1_VAL0_TOD_DAMAGE} over {COM_1_DURA_SECONDS}.<BR> With 50 Grudges: Damages for {COM_2_VAL0_TOD_DAMAGE} over {COM_2_DURA_SECONDS}.<BR> With 75 Grudges: Damages for {COM_3_VAL0_TOD_DAMAGE} over {COM_3_DURA_SECONDS}.<BR> With 100 Grudges: Damages for {COM_4_VAL0_TOD_DAMAGE} over {COM_4_DURA_SECONDS}.",C:\Users\Admin\Downloads\myps\data\strings\english\abilitydesc.txt,line 1359
8,VELOCITY,1358,Da Waaagh! Is Coming,3030,8,3 -> OnPreviousComponentApplied,Damage,"You chop at your enemy's legs, causing them to take {COM_0_VAL0_TOD_DAMAGE} over {COM_0_DURA_SECONDS} and snaring them, reducing their run speed by {COM_5_VAL0}%.<BR><BR> With 25 Grudges: Damages for {COM_1_VAL0_TOD_DAMAGE} over {COM_1_DURA_SECONDS}.<BR> With 50 Grudges: Damages for {COM_2_VAL0_TOD_DAMAGE} over {COM_2_DURA_SECONDS}.<BR> With 75 Grudges: Damages for {COM_3_VAL0_TOD_DAMAGE} over {COM_3_DURA_SECONDS}.<BR> With 100 Grudges: Damages for {COM_4_VAL0_TOD_DAMAGE} over {COM_4_DURA_SECONDS}.",C:\Users\Admin\Downloads\myps\data\strings\english\abilitydesc.txt,line 1359
8,VELOCITY,1358,Da Waaagh! Is Coming,3030,9,3 -> OnPreviousComponentApplied,Damage,"You chop at your enemy's legs, causing them to take {COM_0_VAL0_TOD_DAMAGE} over {COM_0_DURA_SECONDS} and snaring them, reducing their run speed by {COM_5_VAL0}%.<BR><BR> With 25 Grudges: Damages for {COM_1_VAL0_TOD_DAMAGE} over {COM_1_DURA_SECONDS}.<BR> With 50 Grudges: Damages for {COM_2_VAL0_TOD_DAMAGE} over {COM_2_DURA_SECONDS}.<BR> With 75 Grudges: Damages for {COM_3_VAL0_TOD_DAMAGE} over {COM_3_DURA_SECONDS}.<BR> With 100 Grudges: Damages for {COM_4_VAL0_TOD_DAMAGE} over {COM_4_DURA_SECONDS}.",C:\Users\Admin\Downloads\myps\data\strings\english\abilitydesc.txt,line 1359
8,VELOCITY,1387,Earthshatter,1423,0,1 -> OnApply,"Snare, Damage","The ground around you cracks and shatters and snares all enemies within {COM_0_RADI_FEET}, reducing their run speed by {COM_0_VAL0}% for {COM_0_DURA_SECONDS}.<BR><BR> At 25 Grudge: Deals {COM_1_VAL0_DAMAGE} to each enemy hit by the effect.<BR> At 50 Grudge: Deals {COM_2_VAL0_DAMAGE} to each enemy hit by the effect.<BR> At 75 Grudge: Deals {COM_3_VAL0_DAMAGE} to each enemy hit by the effect.<BR> At 100 Grudge: Deals {COM_4_VAL0_DAMAGE} to each enemy hit by the effect.",C:\Users\Admin\Downloads\myps\data\strings\english\abilitydesc.txt,line 1388
8,VELOCITY,1440,Gilded Shield,1203,0,1 -> OnApply,,"You charge into the thick of battle, increasing your movement speed by {COM_0_VAL0}% for {COM_0_DURA_SECONDS}.  If you use any abilities, the effect will immediately end.",C:\Users\Admin\Downloads\myps\data\strings\english\abilitydesc.txt,line 1441
8,VELOCITY,1440,Gilded Shield,1967,3,1 -> OnApply,,"You charge into the thick of battle, increasing your movement speed by {COM_0_VAL0}% for {COM_0_DURA_SECONDS}.  If you use any abilities, the effect will immediately end.",C:\Users\Admin\Downloads\myps\data\strings\english\abilitydesc.txt,line 1441
8,VELOCITY,1445,Banish Darkness,11663,4,1 -> OnApply,"Root, Snare","Your mounting rage allows you to firm your Dwarven resolve and remove all roots and snares from you.  For the next {COM_2_DURA_SECONDS}, roots and snares will have no effect on you.",C:\Users\Admin\Downloads\myps\data\strings\english\abilitydesc.txt,line 1446
8,VELOCITY,1509,Van Horstmann's Speculum,1465,1,3 -> OnPreviousComponentApplied,Damage,"You clobber your enemy with your spanner, dealing {COM_0_VAL0_DAMAGE} and reducing their run speed by {COM_1_VAL0}% for {COM_1_DURA_SECONDS}.<BR>The attack uses the Ranged statistic.",C:\Users\Admin\Downloads\myps\data\strings\english\abilitydesc.txt,line 1510
8,VELOCITY,1542,Witchfinder's Protection,3267,3,5 -> OnBuffEnded,Snare,"You set up a device which unleashes a powerful wave of force, pulling up to six enemy players within {COM_1_RADI_FEET} inwards towards it and knocking down monsters. 1 second later, the device blasts outwards and snares all enemies within {COM_3_RADI_FEET}, reducing their movement speed by {COM_3_VAL0}% for {COM_3_DURA_SECONDS}.<BR>The attack uses the Ranged statistic.",C:\Users\Admin\Downloads\myps\data\strings\english\abilitydesc.txt,line 1543
8,VELOCITY,1670,Intimidating Repent,1514,1,3 -> OnPreviousComponentApplied,Damage,"You ""trip"" your opponent by hacking at their legs for {COM_0_VAL0_DAMAGE}, reducing their movement speed by {COM_1_VAL0}% for {COM_1_DURA_SECONDS}.",C:\Users\Admin\Downloads\myps\data\strings\english\abilitydesc.txt,line 1671
8,VELOCITY,1692,Penance,11121,3,1 -> OnApply,Damage,"Increase Block Chance by {COM_0_VAL0}%. While you are channeling, you can move at 60% movement speed. After you block, the attacker takes {COM_2_VAL0_DAMAGE}.",C:\Users\Admin\Downloads\myps\data\strings\english\abilitydesc.txt,line 1693
8,VELOCITY,1727,Puddle o Muck,1559,1,3 -> OnPreviousComponentApplied,"Snare, Damage",Deals {COM_0_VAL0_TOD_DAMAGE} over {COM_0_DURA_SECONDS} to all targets {COM_0_RADI_FEET} in front of you. Affected targets are snared by 40% for 15 seconds.,C:\Users\Admin\Downloads\myps\data\strings\english\abilitydesc.txt,line 1728
8,VELOCITY,1752,Hastened Dismissal,1203,0,1 -> OnApply,,"You charge into the thick of battle, increasing your movement speed by {COM_0_VAL0}% for {COM_0_DURA_SECONDS}.  If you use any abilities, the effect will immediately end.",C:\Users\Admin\Downloads\myps\data\strings\english\abilitydesc.txt,line 1753
8,VELOCITY,1752,Hastened Dismissal,1967,3,1 -> OnApply,,"You charge into the thick of battle, increasing your movement speed by {COM_0_VAL0}% for {COM_0_DURA_SECONDS}.  If you use any abilities, the effect will immediately end.",C:\Users\Admin\Downloads\myps\data\strings\english\abilitydesc.txt,line 1753
8,VELOCITY,1757,Tzeentch's Amplification,11663,4,1 -> OnApply,"Root, Snare","Any roots or snares are removed, as all attempts to impede your movement are futile. For the next {COM_2_DURA_SECONDS}, roots and snares will have no effect on you.",C:\Users\Admin\Downloads\myps\data\strings\english\abilitydesc.txt,line 1758
8,VELOCITY,1825,Unstable Convulsions,1813,1,3 -> OnPreviousComponentApplied,"Snare, Damage","An Ailment which deals {COM_0_VAL0_DAMAGE} and snares your target, reducing their run speed by {COM_1_VAL0}% for {COM_1_DURA_SECONDS}.  This ability will continue to build up if you move.",C:\Users\Admin\Downloads\myps\data\strings\english\abilitydesc.txt,line 1826
8,VELOCITY,1831,Flames Of Fate,12973,0,1 -> OnApply,Snare,"All enemies within {COM_0_RADI_FEET} become snared, reducing movement speed by {COM_0_VAL0}% for the next {COM_0_DURA_SECONDS}. You are knocked back away from your enemies.",C:\Users\Admin\Downloads\myps\data\strings\english\abilitydesc.txt,line 1832
8,VELOCITY,1852,Run Away!,3438,1,3 -> OnPreviousComponentApplied,,You command your Squig to Taunt all enemies within {ABIL_3571_COM_0_RADI_FEET} and increases your movement speed by {COM_1_VAL0} % for {COM_1_DURA_SECONDS}.,C:\Users\Admin\Downloads\myps\data\strings\english\abilitydesc.txt,line 1853
8,VELOCITY,1878,Black Fireball (Small),1073,1,3 -> OnPreviousComponentApplied,Snare,"Targeted AE attack that deals {COM_0_VAL0_TOD} over {COM_0_DURA_SECONDS} to all enemies within {COM_0_RADI_FEET}, and snares the targets by {COM_1_VAL0}%.",C:\Users\Admin\Downloads\myps\data\strings\english\abilitydesc.txt,line 1879
8,VELOCITY,1914,Khaine's Wrath,18264,1,3 -> OnPreviousComponentApplied,,"You blast back all enemies within {COM_0_RADI_FEET} of you, knocking them back a medium distance and snaring them by {COM_1_VAL0}% for {COM_1_DURA_SECONDS}. Monsters will be knocked down by the blast.",C:\Users\Admin\Downloads\myps\data\strings\english\abilitydesc.txt,line 1915
8,VELOCITY,1927,Falling Rocks,18280,2,3 -> OnPreviousComponentApplied,Snare,"For {COM_0_DURA_SECONDS}, all enemies within {COM_1_RADI_FEET} of a spot that you select will have their Elemental resistance reduced by {COM_1_VAL0} and become snared, reducing their run speed by {COM_2_VAL0}%.",C:\Users\Admin\Downloads\myps\data\strings\english\abilitydesc.txt,line 1928
8,VELOCITY,3012,Sticky Mushroom,11779,0,1 -> OnApply,,,C:\Users\Admin\Downloads\myps\data\bin\abilityexport.bin,byte 2142
8,VELOCITY,3079,Blastwave,27818,0,1 -> OnApply,,,C:\Users\Admin\Downloads\myps\data\bin\abilityexport.bin,byte 14752
8,VELOCITY,3079,Blastwave,27819,1,1 -> OnApply,,,C:\Users\Admin\Downloads\myps\data\bin\abilityexport.bin,byte 14752
8,VELOCITY,3154,Channeled Blast,10646,0,1 -> OnApply,,,C:\Users\Admin\Downloads\myps\data\bin\abilityexport.bin,byte 18244
8,VELOCITY,3248,Volatile Injection,3419,0,1 -> OnApply,,,C:\Users\Admin\Downloads\myps\data\bin\abilityexport.bin,byte 36546
8,VELOCITY,3262,Steam Blast,11235,0,1 -> OnApply,,,C:\Users\Admin\Downloads\myps\data\bin\abilityexport.bin,byte 39262
8,VELOCITY,3275,Bloodstorm,1633,0,1 -> OnApply,,,C:\Users\Admin\Downloads\myps\data\bin\abilityexport.bin,byte 41784
8,VELOCITY,3280,Bolt Blast,12183,0,1 -> OnApply,,,C:\Users\Admin\Downloads\myps\data\bin\abilityexport.bin,byte 42754
8,VELOCITY,3289,Life Infusion,3605,0,1 -> OnApply,,,C:\Users\Admin\Downloads\myps\data\bin\abilityexport.bin,byte 44500
8,VELOCITY,3302,Dark Elf Looter,3580,0,1 -> OnApply,,,C:\Users\Admin\Downloads\myps\data\bin\abilityexport.bin,byte 47022
8,VELOCITY,3302,Dark Elf Looter,3581,1,1 -> OnApply,,,C:\Users\Admin\Downloads\myps\data\bin\abilityexport.bin,byte 47022
