RequirementId,Direction,SourceKind,SourceId,SourceLabel,SourceField,ExtSlotIndex,LinkedRequirementId,RelatedAbilities,ContextTags,SourcePath,SourceLocation,Notes
9009,Inbound,Ability,241,Ability 241 (Hold The Line!),ExtData[0].Val6,0,9009,241 (Hold The Line!),,C:\Users\Admin\Downloads\myps\data\bin\abilityexport.bin,byte 220383,Inferred requirement reference because ExtData[*].Val6 matches a known RequirementId row in abilityrequirementexport.bin.
9009,Inbound,Ability,611,Ability 611 (Shield Wall),ExtData[0].Val6,0,9009,611 (Shield Wall),,C:\Users\Admin\Downloads\myps\data\bin\abilityexport.bin,byte 271227,Inferred requirement reference because ExtData[*].Val6 matches a known RequirementId row in abilityrequirementexport.bin.
9009,Inbound,Ability,1361,Ability 1361 (Shield Sweep),ExtData[1].Val6,1,9009,1361 (Shield Sweep),Damage,C:\Users\Admin\Downloads\myps\data\bin\abilityexport.bin,byte 1084625,Inferred requirement reference because ExtData[*].Val6 matches a known RequirementId row in abilityrequirementexport.bin.
9009,Inbound,Ability,1369,Ability 1369 (Shield of Reprisal),ExtData[0].Val6,0,9009,1369 (Shield of Reprisal),Damage,C:\Users\Admin\Downloads\myps\data\bin\abilityexport.bin,byte 1086408,Inferred requirement reference because ExtData[*].Val6 matches a known RequirementId row in abilityrequirementexport.bin.
9009,Inbound,Ability,1378,Ability 1378 (Hold The Line!),ExtData[0].Val6,0,9009,1378 (Hold The Line!),,C:\Users\Admin\Downloads\myps\data\bin\abilityexport.bin,byte 1087964,Inferred requirement reference because ExtData[*].Val6 matches a known RequirementId row in abilityrequirementexport.bin.
9009,Inbound,Ability,1382,Ability 1382 (Oathstone),ExtData[1].Val6,1,9009,1382 (Oathstone),Damage,C:\Users\Admin\Downloads\myps\data\bin\abilityexport.bin,byte 1088645,Inferred requirement reference because ExtData[*].Val6 matches a known RequirementId row in abilityrequirementexport.bin.
9009,Inbound,Ability,1669,Ability 1669 (Tuffer 'n Nails),ExtData[0].Val6,0,9009,1669 (Tuffer 'n Nails),Damage,C:\Users\Admin\Downloads\myps\data\bin\abilityexport.bin,byte 1129669,Inferred requirement reference because ExtData[*].Val6 matches a known RequirementId row in abilityrequirementexport.bin.
9009,Inbound,Ability,1685,Ability 1685 (Hold The Line!),ExtData[0].Val6,0,9009,1685 (Hold The Line!),,C:\Users\Admin\Downloads\myps\data\bin\abilityexport.bin,byte 1133235,Inferred requirement reference because ExtData[*].Val6 matches a known RequirementId row in abilityrequirementexport.bin.
9009,Inbound,Ability,1692,Ability 1692 (Can't Hit Me!),ExtData[0].Val6,0,9009,1692 (Can't Hit Me!),Damage,C:\Users\Admin\Downloads\myps\data\bin\abilityexport.bin,byte 1134564,Inferred requirement reference because ExtData[*].Val6 matches a known RequirementId row in abilityrequirementexport.bin.
9009,Inbound,Ability,1728,Ability 1728 (Cant' Touch Us),ExtData[1].Val6,1,9009,1728 (Cant' Touch Us),Damage,C:\Users\Admin\Downloads\myps\data\bin\abilityexport.bin,byte 1139513,Inferred requirement reference because ExtData[*].Val6 matches a known RequirementId row in abilityrequirementexport.bin.
9009,Inbound,Ability,8011,Ability 8011 (Shield Rush),ExtData[0].Val6,0,9009,8011 (Shield Rush),Damage,C:\Users\Admin\Downloads\myps\data\bin\abilityexport.bin,byte 1176673,Inferred requirement reference because ExtData[*].Val6 matches a known RequirementId row in abilityrequirementexport.bin.
9009,Inbound,Ability,8014,Ability 8014 (Hold The Line!),ExtData[0].Val6,0,9009,8014 (Hold The Line!),,C:\Users\Admin\Downloads\myps\data\bin\abilityexport.bin,byte 1177387,Inferred requirement reference because ExtData[*].Val6 matches a known RequirementId row in abilityrequirementexport.bin.
9009,Inbound,Ability,8326,Ability 8326 (Hold The Line!),ExtData[0].Val6,0,9009,8326 (Hold The Line!),,C:\Users\Admin\Downloads\myps\data\bin\abilityexport.bin,byte 1221461,Inferred requirement reference because ExtData[*].Val6 matches a known RequirementId row in abilityrequirementexport.bin.
9009,Inbound,Ability,9023,Ability 9023 (Hold The Line!),ExtData[0].Val6,0,9009,9023 (Hold The Line!),,C:\Users\Admin\Downloads\myps\data\bin\abilityexport.bin,byte 1269291,Inferred requirement reference because ExtData[*].Val6 matches a known RequirementId row in abilityrequirementexport.bin.
9009,Inbound,Ability,9027,Ability 9027 (Crushing Advance),ExtData[2].Val6,2,9009,9027 (Crushing Advance),Damage,C:\Users\Admin\Downloads\myps\data\bin\abilityexport.bin,byte 1270038,Inferred requirement reference because ExtData[*].Val6 matches a known RequirementId row in abilityrequirementexport.bin.
9009,Inbound,Ability,9075,Ability 9075 (Shield of Valor),ExtData[1].Val6,1,9009,9075 (Shield of Valor),Damage,C:\Users\Admin\Downloads\myps\data\bin\abilityexport.bin,byte 1277059,Inferred requirement reference because ExtData[*].Val6 matches a known RequirementId row in abilityrequirementexport.bin.
9009,Inbound,Ability,9326,Ability 9326 (Hold The Line!),ExtData[0].Val6,0,9009,9326 (Hold The Line!),,C:\Users\Admin\Downloads\myps\data\bin\abilityexport.bin,byte 1313179,Inferred requirement reference because ExtData[*].Val6 matches a known RequirementId row in abilityrequirementexport.bin.
9009,Inbound,Ability,9345,Ability 9345 (None Shall Pass),ExtData[0].Val6,0,9009,9345 (None Shall Pass),Damage,C:\Users\Admin\Downloads\myps\data\bin\abilityexport.bin,byte 1316712,Inferred requirement reference because ExtData[*].Val6 matches a known RequirementId row in abilityrequirementexport.bin.
9009,Inbound,Ability,15510,Ability 15510 (Shield Spikes),ExtData[0].Val6,0,9009,15510 (Shield Spikes),Damage,C:\Users\Admin\Downloads\myps\data\bin\abilityexport.bin,byte 844310,Inferred requirement reference because ExtData[*].Val6 matches a known RequirementId row in abilityrequirementexport.bin.
9009,Inbound,Component,1448,Component 1448 (DAMAGE_CHANGE),ExtData[0].Val6,0,9009,1405 (Shield Mastery),Damage,C:\Users\Admin\Downloads\myps\data\bin\abilitycomponentexport.bin,byte 159289,Inferred requirement reference because ExtData[*].Val6 matches a known RequirementId row in abilityrequirementexport.bin.
9009,Inbound,Component,8311,Component 8311 (DEFENSIVE_STAT_CHANGE),ExtData[0].Val6,0,9009,,,C:\Users\Admin\Downloads\myps\data\bin\abilitycomponentexport.bin,byte 493580,Inferred requirement reference because ExtData[*].Val6 matches a known RequirementId row in abilityrequirementexport.bin.
9009,Inbound,Component,8347,Component 8347 (EVENT_LISTENER),ExtData[0].Val6,0,9009,,,C:\Users\Admin\Downloads\myps\data\bin\abilitycomponentexport.bin,byte 499160,Inferred requirement reference because ExtData[*].Val6 matches a known RequirementId row in abilityrequirementexport.bin.
9009,Inbound,Component,9642,Component 9642 (DEFENSIVE_STAT_CHANGE),ExtData[0].Val6,0,9009,8042 (Gilded Shield),,C:\Users\Admin\Downloads\myps\data\bin\abilitycomponentexport.bin,byte 723921,Inferred requirement reference because ExtData[*].Val6 matches a known RequirementId row in abilityrequirementexport.bin.
9012,Inbound,Component,1029,Component 1029 (HATE),ExtData[1].Val6,1,9012,3514 (Distracting Bellow +Threat),,C:\Users\Admin\Downloads\myps\data\bin\abilitycomponentexport.bin,byte 88976,Inferred requirement reference because ExtData[*].Val6 matches a known RequirementId row in abilityrequirementexport.bin.
9013,Inbound,Component,781,Component 781 (DAMAGE_CHANGE),ExtData[0].Val6,0,9013,565 (I Stand Alone),Damage,C:\Users\Admin\Downloads\myps\data\bin\abilitycomponentexport.bin,byte 46917,Inferred requirement reference because ExtData[*].Val6 matches a known RequirementId row in abilityrequirementexport.bin.
9015,Inbound,Component,535,Component 535 (MORALE_CHANGE),ExtData[1].Val6,1,9015,,,C:\Users\Admin\Downloads\myps\data\bin\abilitycomponentexport.bin,byte 6114,Inferred requirement reference because ExtData[*].Val6 matches a known RequirementId row in abilityrequirementexport.bin.
9015,Inbound,Requirement,9019,Requirement 9019,ExtData[0].Val6,0,9015,,,C:\Users\Admin\Downloads\myps\data\bin\abilityrequirementexport.bin,byte 1407,Inferred requirement reference because ExtData[*].Val6 matches a known RequirementId row in abilityrequirementexport.bin.
9016,Inbound,Requirement,9019,Requirement 9019,ExtData[1].Val6,1,9016,,,C:\Users\Admin\Downloads\myps\data\bin\abilityrequirementexport.bin,byte 1407,Inferred requirement reference because ExtData[*].Val6 matches a known RequirementId row in abilityrequirementexport.bin.
9017,Inbound,Requirement,9019,Requirement 9019,ExtData[2].Val6,2,9017,,,C:\Users\Admin\Downloads\myps\data\bin\abilityrequirementexport.bin,byte 1407,Inferred requirement reference because ExtData[*].Val6 matches a known RequirementId row in abilityrequirementexport.bin.
9019,Outbound,Requirement,9019,Requirement 9019,ExtData[0].Val6,0,9015,,,C:\Users\Admin\Downloads\myps\data\bin\abilityrequirementexport.bin,byte 1407,Inferred requirement reference because ExtData[*].Val6 matches a known RequirementId row in abilityrequirementexport.bin.
9019,Outbound,Requirement,9019,Requirement 9019,ExtData[1].Val6,1,9016,,,C:\Users\Admin\Downloads\myps\data\bin\abilityrequirementexport.bin,byte 1407,Inferred requirement reference because ExtData[*].Val6 matches a known RequirementId row in abilityrequirementexport.bin.
9019,Outbound,Requirement,9019,Requirement 9019,ExtData[2].Val6,2,9017,,,C:\Users\Admin\Downloads\myps\data\bin\abilityrequirementexport.bin,byte 1407,Inferred requirement reference because ExtData[*].Val6 matches a known RequirementId row in abilityrequirementexport.bin.
9020,Inbound,Component,1090,Component 1090 (BONUS_TYPE_ADJUST),ExtData[0].Val6,0,9020,,,C:\Users\Admin\Downloads\myps\data\bin\abilitycomponentexport.bin,byte 98937,Inferred requirement reference because ExtData[*].Val6 matches a known RequirementId row in abilityrequirementexport.bin.
9021,Inbound,Requirement,9026,Requirement 9026,ExtData[0].Val6,0,9021,,,C:\Users\Admin\Downloads\myps\data\bin\abilityrequirementexport.bin,byte 1919,Inferred requirement reference because ExtData[*].Val6 matches a known RequirementId row in abilityrequirementexport.bin.
9022,Inbound,Requirement,9026,Requirement 9026,ExtData[1].Val6,1,9022,,,C:\Users\Admin\Downloads\myps\data\bin\abilityrequirementexport.bin,byte 1919,Inferred requirement reference because ExtData[*].Val6 matches a known RequirementId row in abilityrequirementexport.bin.
9023,Inbound,Requirement,9026,Requirement 9026,ExtData[2].Val6,2,9023,,,C:\Users\Admin\Downloads\myps\data\bin\abilityrequirementexport.bin,byte 1919,Inferred requirement reference because ExtData[*].Val6 matches a known RequirementId row in abilityrequirementexport.bin.
9024,Inbound,Requirement,9027,Requirement 9027,ExtData[0].Val6,0,9024,,,C:\Users\Admin\Downloads\myps\data\bin\abilityrequirementexport.bin,byte 2044,Inferred requirement reference because ExtData[*].Val6 matches a known RequirementId row in abilityrequirementexport.bin.
9026,Inbound,Requirement,9027,Requirement 9027,ExtData[1].Val6,1,9026,,,C:\Users\Admin\Downloads\myps\data\bin\abilityrequirementexport.bin,byte 2044,Inferred requirement reference because ExtData[*].Val6 matches a known RequirementId row in abilityrequirementexport.bin.
9026,Outbound,Requirement,9026,Requirement 9026,ExtData[0].Val6,0,9021,,,C:\Users\Admin\Downloads\myps\data\bin\abilityrequirementexport.bin,byte 1919,Inferred requirement reference because ExtData[*].Val6 matches a known RequirementId row in abilityrequirementexport.bin.
9026,Outbound,Requirement,9026,Requirement 9026,ExtData[1].Val6,1,9022,,,C:\Users\Admin\Downloads\myps\data\bin\abilityrequirementexport.bin,byte 1919,Inferred requirement reference because ExtData[*].Val6 matches a known RequirementId row in abilityrequirementexport.bin.
9026,Outbound,Requirement,9026,Requirement 9026,ExtData[2].Val6,2,9023,,,C:\Users\Admin\Downloads\myps\data\bin\abilityrequirementexport.bin,byte 1919,Inferred requirement reference because ExtData[*].Val6 matches a known RequirementId row in abilityrequirementexport.bin.
9027,Outbound,Requirement,9027,Requirement 9027,ExtData[0].Val6,0,9024,,,C:\Users\Admin\Downloads\myps\data\bin\abilityrequirementexport.bin,byte 2044,Inferred requirement reference because ExtData[*].Val6 matches a known RequirementId row in abilityrequirementexport.bin.
9027,Outbound,Requirement,9027,Requirement 9027,ExtData[1].Val6,1,9026,,,C:\Users\Admin\Downloads\myps\data\bin\abilityrequirementexport.bin,byte 2044,Inferred requirement reference because ExtData[*].Val6 matches a known RequirementId row in abilityrequirementexport.bin.
9028,Inbound,Component,837,Component 837 (BONUS_TYPE_ADJUST),ExtData[0].Val6,0,9028,,,C:\Users\Admin\Downloads\myps\data\bin\abilitycomponentexport.bin,byte 56114,Inferred requirement reference because ExtData[*].Val6 matches a known RequirementId row in abilityrequirementexport.bin.
9028,Inbound,Component,8335,Component 8335 (BONUS_TYPE_ADJUST),ExtData[0].Val6,0,9028,,,C:\Users\Admin\Downloads\myps\data\bin\abilitycomponentexport.bin,byte 497432,Inferred requirement reference because ExtData[*].Val6 matches a known RequirementId row in abilityrequirementexport.bin.
9031,Outbound,Requirement,9031,Requirement 9031,ExtData[1].Val6,1,9052,,,C:\Users\Admin\Downloads\myps\data\bin\abilityrequirementexport.bin,byte 2445,Inferred requirement reference because ExtData[*].Val6 matches a known RequirementId row in abilityrequirementexport.bin.
9032,Inbound,Requirement,9035,Requirement 9035,ExtData[0].Val6,0,9032,,,C:\Users\Admin\Downloads\myps\data\bin\abilityrequirementexport.bin,byte 2747,Inferred requirement reference because ExtData[*].Val6 matches a known RequirementId row in abilityrequirementexport.bin.
9033,Inbound,Requirement,9035,Requirement 9035,ExtData[1].Val6,1,9033,,,C:\Users\Admin\Downloads\myps\data\bin\abilityrequirementexport.bin,byte 2747,Inferred requirement reference because ExtData[*].Val6 matches a known RequirementId row in abilityrequirementexport.bin.
9034,Inbound,Requirement,9035,Requirement 9035,ExtData[2].Val6,2,9034,,,C:\Users\Admin\Downloads\myps\data\bin\abilityrequirementexport.bin,byte 2747,Inferred requirement reference because ExtData[*].Val6 matches a known RequirementId row in abilityrequirementexport.bin.
9035,Outbound,Requirement,9035,Requirement 9035,ExtData[0].Val6,0,9032,,,C:\Users\Admin\Downloads\myps\data\bin\abilityrequirementexport.bin,byte 2747,Inferred requirement reference because ExtData[*].Val6 matches a known RequirementId row in abilityrequirementexport.bin.
9035,Outbound,Requirement,9035,Requirement 9035,ExtData[1].Val6,1,9033,,,C:\Users\Admin\Downloads\myps\data\bin\abilityrequirementexport.bin,byte 2747,Inferred requirement reference because ExtData[*].Val6 matches a known RequirementId row in abilityrequirementexport.bin.
9035,Outbound,Requirement,9035,Requirement 9035,ExtData[2].Val6,2,9034,,,C:\Users\Admin\Downloads\myps\data\bin\abilityrequirementexport.bin,byte 2747,Inferred requirement reference because ExtData[*].Val6 matches a known RequirementId row in abilityrequirementexport.bin.
9036,Inbound,Requirement,9038,Requirement 9038,ExtData[0].Val6,0,9036,,,C:\Users\Admin\Downloads\myps\data\bin\abilityrequirementexport.bin,byte 3320,Inferred requirement reference because ExtData[*].Val6 matches a known RequirementId row in abilityrequirementexport.bin.
9037,Inbound,Requirement,9038,Requirement 9038,ExtData[1].Val6,1,9037,,,C:\Users\Admin\Downloads\myps\data\bin\abilityrequirementexport.bin,byte 3320,Inferred requirement reference because ExtData[*].Val6 matches a known RequirementId row in abilityrequirementexport.bin.
9038,Inbound,Ability,1450,Ability 1450 (Retribution),ExtData[0].Val6,0,9038,1450 (Retribution),Damage,C:\Users\Admin\Downloads\myps\data\bin\abilityexport.bin,byte 1098774,Inferred requirement reference because ExtData[*].Val6 matches a known RequirementId row in abilityrequirementexport.bin.
9038,Inbound,Ability,1463,Ability 1463 (No Escape),ExtData[2].Val6,2,9038,1463 (No Escape),"Snare, Damage",C:\Users\Admin\Downloads\myps\data\bin\abilityexport.bin,byte 1100330,Inferred requirement reference because ExtData[*].Val6 matches a known RequirementId row in abilityrequirementexport.bin.
9038,Inbound,Ability,1465,Ability 1465 (Inevitable Doom),ExtData[2].Val6,2,9038,1465 (Inevitable Doom),Damage,C:\Users\Admin\Downloads\myps\data\bin\abilityexport.bin,byte 1100784,Inferred requirement reference because ExtData[*].Val6 matches a known RequirementId row in abilityrequirementexport.bin.
9038,Inbound,Ability,1762,Ability 1762 (Bring It On),ExtData[0].Val6,0,9038,1762 (Bring It On),Damage,C:\Users\Admin\Downloads\myps\data\bin\abilityexport.bin,byte 1144726,Inferred requirement reference because ExtData[*].Val6 matches a known RequirementId row in abilityrequirementexport.bin.
9038,Inbound,Ability,1774,Ability 1774 (Wot's Da Rush?),ExtData[2].Val6,2,9038,1774 (Wot's Da Rush?),"Snare, Damage",C:\Users\Admin\Downloads\myps\data\bin\abilityexport.bin,byte 1146282,Inferred requirement reference because ExtData[*].Val6 matches a known RequirementId row in abilityrequirementexport.bin.
9038,Inbound,Ability,1776,Ability 1776 (Git To Da Choppa),ExtData[2].Val6,2,9038,1776 (Git To Da Choppa),Damage,C:\Users\Admin\Downloads\myps\data\bin\abilityexport.bin,byte 1146736,Inferred requirement reference because ExtData[*].Val6 matches a known RequirementId row in abilityrequirementexport.bin.
9038,Inbound,Component,11729,Component 11729 (HEAL),ExtData[1].Val6,1,9038,,,C:\Users\Admin\Downloads\myps\data\bin\abilitycomponentexport.bin,byte 916293,Inferred requirement reference because ExtData[*].Val6 matches a known RequirementId row in abilityrequirementexport.bin.
9038,Outbound,Requirement,9038,Requirement 9038,ExtData[0].Val6,0,9036,,,C:\Users\Admin\Downloads\myps\data\bin\abilityrequirementexport.bin,byte 3320,Inferred requirement reference because ExtData[*].Val6 matches a known RequirementId row in abilityrequirementexport.bin.
9038,Outbound,Requirement,9038,Requirement 9038,ExtData[1].Val6,1,9037,,,C:\Users\Admin\Downloads\myps\data\bin\abilityrequirementexport.bin,byte 3320,Inferred requirement reference because ExtData[*].Val6 matches a known RequirementId row in abilityrequirementexport.bin.
9043,Inbound,Requirement,9045,Requirement 9045,ExtData[0].Val6,0,9043,,,C:\Users\Admin\Downloads\myps\data\bin\abilityrequirementexport.bin,byte 3898,Inferred requirement reference because ExtData[*].Val6 matches a known RequirementId row in abilityrequirementexport.bin.
9044,Inbound,Requirement,9045,Requirement 9045,ExtData[1].Val6,1,9044,,,C:\Users\Admin\Downloads\myps\data\bin\abilityrequirementexport.bin,byte 3898,Inferred requirement reference because ExtData[*].Val6 matches a known RequirementId row in abilityrequirementexport.bin.
9045,Outbound,Requirement,9045,Requirement 9045,ExtData[0].Val6,0,9043,,,C:\Users\Admin\Downloads\myps\data\bin\abilityrequirementexport.bin,byte 3898,Inferred requirement reference because ExtData[*].Val6 matches a known RequirementId row in abilityrequirementexport.bin.
9045,Outbound,Requirement,9045,Requirement 9045,ExtData[1].Val6,1,9044,,,C:\Users\Admin\Downloads\myps\data\bin\abilityrequirementexport.bin,byte 3898,Inferred requirement reference because ExtData[*].Val6 matches a known RequirementId row in abilityrequirementexport.bin.
9050,Outbound,Requirement,9050,Requirement 9050,ExtData[2].Val6,2,9058,,,C:\Users\Admin\Downloads\myps\data\bin\abilityrequirementexport.bin,byte 4358,Inferred requirement reference because ExtData[*].Val6 matches a known RequirementId row in abilityrequirementexport.bin.
9052,Inbound,Requirement,9031,Requirement 9031,ExtData[1].Val6,1,9052,,,C:\Users\Admin\Downloads\myps\data\bin\abilityrequirementexport.bin,byte 2445,Inferred requirement reference because ExtData[*].Val6 matches a known RequirementId row in abilityrequirementexport.bin.
9054,Inbound,Requirement,9055,Requirement 9055,ExtData[2].Val6,2,9054,,,C:\Users\Admin\Downloads\myps\data\bin\abilityrequirementexport.bin,byte 4950,Inferred requirement reference because ExtData[*].Val6 matches a known RequirementId row in abilityrequirementexport.bin.
9055,Outbound,Requirement,9055,Requirement 9055,ExtData[2].Val6,2,9054,,,C:\Users\Admin\Downloads\myps\data\bin\abilityrequirementexport.bin,byte 4950,Inferred requirement reference because ExtData[*].Val6 matches a known RequirementId row in abilityrequirementexport.bin.
9057,Inbound,Component,8723,Component 8723 (DAMAGE_CHANGE),ExtData[0].Val6,0,9057,,,C:\Users\Admin\Downloads\myps\data\bin\abilitycomponentexport.bin,byte 566295,Inferred requirement reference because ExtData[*].Val6 matches a known RequirementId row in abilityrequirementexport.bin.
9057,Inbound,Component,9152,Component 9152 (EVENT_LISTENER),ExtData[1].Val6,1,9057,,,C:\Users\Admin\Downloads\myps\data\bin\abilitycomponentexport.bin,byte 639718,Inferred requirement reference because ExtData[*].Val6 matches a known RequirementId row in abilityrequirementexport.bin.
9057,Inbound,Component,9154,Component 9154 (DAMAGE),ExtData[2].Val6,2,9057,3860 (Transference),,C:\Users\Admin\Downloads\myps\data\bin\abilitycomponentexport.bin,byte 640182,Inferred requirement reference because ExtData[*].Val6 matches a known RequirementId row in abilityrequirementexport.bin.
9057,Inbound,Component,9171,Component 9171 (EFFECT_BUFF),ExtData[0].Val6,0,9057,,,C:\Users\Admin\Downloads\myps\data\bin\abilitycomponentexport.bin,byte 643004,Inferred requirement reference because ExtData[*].Val6 matches a known RequirementId row in abilityrequirementexport.bin.
9057,Inbound,Component,9195,Component 9195 (DISPEL_BUFF),ExtData[1].Val6,1,9057,,,C:\Users\Admin\Downloads\myps\data\bin\abilitycomponentexport.bin,byte 647152,Inferred requirement reference because ExtData[*].Val6 matches a known RequirementId row in abilityrequirementexport.bin.
9057,Inbound,Requirement,9245,Requirement 9245,ExtData[0].Val6,0,9057,,,C:\Users\Admin\Downloads\myps\data\bin\abilityrequirementexport.bin,byte 24311,Inferred requirement reference because ExtData[*].Val6 matches a known RequirementId row in abilityrequirementexport.bin.
9058,Inbound,Requirement,9050,Requirement 9050,ExtData[2].Val6,2,9058,,,C:\Users\Admin\Downloads\myps\data\bin\abilityrequirementexport.bin,byte 4358,Inferred requirement reference because ExtData[*].Val6 matches a known RequirementId row in abilityrequirementexport.bin.
9060,Inbound,Requirement,9062,Requirement 9062,ExtData[0].Val6,0,9060,,,C:\Users\Admin\Downloads\myps\data\bin\abilityrequirementexport.bin,byte 5627,Inferred requirement reference because ExtData[*].Val6 matches a known RequirementId row in abilityrequirementexport.bin.
9061,Inbound,Requirement,9062,Requirement 9062,ExtData[1].Val6,1,9061,,,C:\Users\Admin\Downloads\myps\data\bin\abilityrequirementexport.bin,byte 5627,Inferred requirement reference because ExtData[*].Val6 matches a known RequirementId row in abilityrequirementexport.bin.
9062,Outbound,Requirement,9062,Requirement 9062,ExtData[0].Val6,0,9060,,,C:\Users\Admin\Downloads\myps\data\bin\abilityrequirementexport.bin,byte 5627,Inferred requirement reference because ExtData[*].Val6 matches a known RequirementId row in abilityrequirementexport.bin.
9062,Outbound,Requirement,9062,Requirement 9062,ExtData[1].Val6,1,9061,,,C:\Users\Admin\Downloads\myps\data\bin\abilityrequirementexport.bin,byte 5627,Inferred requirement reference because ExtData[*].Val6 matches a known RequirementId row in abilityrequirementexport.bin.
9065,Inbound,Component,397,Component 397 (HATE),ExtData[1].Val6,1,9065,3948 (Taunt Events),,C:\Users\Admin\Downloads\myps\data\bin\abilitycomponentexport.bin,byte 1196370,Inferred requirement reference because ExtData[*].Val6 matches a known RequirementId row in abilityrequirementexport.bin.
9066,Inbound,Ability,8086,Ability 8086 (Confess!),ExtData[0].Val6,0,9066,8086 (Confess!),"Disarm, Damage",C:\Users\Admin\Downloads\myps\data\bin\abilityexport.bin,byte 1187545,Inferred requirement reference because ExtData[*].Val6 matches a known RequirementId row in abilityrequirementexport.bin.
9066,Inbound,Ability,8405,Ability 8405 (Death Grip),ExtData[0].Val6,0,9066,8405 (Death Grip),Disarm,C:\Users\Admin\Downloads\myps\data\bin\abilityexport.bin,byte 1233435,Inferred requirement reference because ExtData[*].Val6 matches a known RequirementId row in abilityrequirementexport.bin.
9066,Inbound,Ability,8414,Ability 8414 (Gut Ripper),ExtData[0].Val6,0,9066,8414 (Gut Ripper),Damage,C:\Users\Admin\Downloads\myps\data\bin\abilityexport.bin,byte 1235511,Inferred requirement reference because ExtData[*].Val6 matches a known RequirementId row in abilityrequirementexport.bin.
9066,Inbound,Ability,9400,Ability 9400 (Sever Limb),ExtData[0].Val6,0,9066,9400 (Sever Limb),"Disarm, Damage",C:\Users\Admin\Downloads\myps\data\bin\abilityexport.bin,byte 1324121,Inferred requirement reference because ExtData[*].Val6 matches a known RequirementId row in abilityrequirementexport.bin.
9066,Inbound,Requirement,9212,Requirement 9212,ExtData[1].Val6,1,9066,,,C:\Users\Admin\Downloads\myps\data\bin\abilityrequirementexport.bin,byte 21077,Inferred requirement reference because ExtData[*].Val6 matches a known RequirementId row in abilityrequirementexport.bin.
9068,Inbound,Requirement,9075,Requirement 9075,ExtData[1].Val6,1,9068,,,C:\Users\Admin\Downloads\myps\data\bin\abilityrequirementexport.bin,byte 6889,Inferred requirement reference because ExtData[*].Val6 matches a known RequirementId row in abilityrequirementexport.bin.
9068,Outbound,Requirement,9068,Requirement 9068,ExtData[2].Val6,2,9069,,,C:\Users\Admin\Downloads\myps\data\bin\abilityrequirementexport.bin,byte 6080,Inferred requirement reference because ExtData[*].Val6 matches a known RequirementId row in abilityrequirementexport.bin.
9069,Inbound,Requirement,9068,Requirement 9068,ExtData[2].Val6,2,9069,,,C:\Users\Admin\Downloads\myps\data\bin\abilityrequirementexport.bin,byte 6080,Inferred requirement reference because ExtData[*].Val6 matches a known RequirementId row in abilityrequirementexport.bin.
9069,Inbound,Requirement,9074,Requirement 9074,ExtData[1].Val6,1,9069,,,C:\Users\Admin\Downloads\myps\data\bin\abilityrequirementexport.bin,byte 6797,Inferred requirement reference because ExtData[*].Val6 matches a known RequirementId row in abilityrequirementexport.bin.
9069,Outbound,Requirement,9069,Requirement 9069,ExtData[0].Val6,0,9070,,,C:\Users\Admin\Downloads\myps\data\bin\abilityrequirementexport.bin,byte 6205,Inferred requirement reference because ExtData[*].Val6 matches a known RequirementId row in abilityrequirementexport.bin.
9069,Outbound,Requirement,9069,Requirement 9069,ExtData[1].Val6,1,9071,,,C:\Users\Admin\Downloads\myps\data\bin\abilityrequirementexport.bin,byte 6205,Inferred requirement reference because ExtData[*].Val6 matches a known RequirementId row in abilityrequirementexport.bin.
9069,Outbound,Requirement,9069,Requirement 9069,ExtData[2].Val6,2,9072,,,C:\Users\Admin\Downloads\myps\data\bin\abilityrequirementexport.bin,byte 6205,Inferred requirement reference because ExtData[*].Val6 matches a known RequirementId row in abilityrequirementexport.bin.
9069,Outbound,Requirement,9069,Requirement 9069,ExtData[3].Val6,3,9073,,,C:\Users\Admin\Downloads\myps\data\bin\abilityrequirementexport.bin,byte 6205,Inferred requirement reference because ExtData[*].Val6 matches a known RequirementId row in abilityrequirementexport.bin.
9069,Outbound,Requirement,9069,Requirement 9069,ExtData[5].Val6,5,9073,,,C:\Users\Admin\Downloads\myps\data\bin\abilityrequirementexport.bin,byte 6205,Inferred requirement reference because ExtData[*].Val6 matches a known RequirementId row in abilityrequirementexport.bin.
9069,Outbound,Requirement,9069,Requirement 9069,ExtData[4].Val6,4,9084,,,C:\Users\Admin\Downloads\myps\data\bin\abilityrequirementexport.bin,byte 6205,Inferred requirement reference because ExtData[*].Val6 matches a known RequirementId row in abilityrequirementexport.bin.
9070,Inbound,Requirement,9069,Requirement 9069,ExtData[0].Val6,0,9070,,,C:\Users\Admin\Downloads\myps\data\bin\abilityrequirementexport.bin,byte 6205,Inferred requirement reference because ExtData[*].Val6 matches a known RequirementId row in abilityrequirementexport.bin.
9071,Inbound,Requirement,9069,Requirement 9069,ExtData[1].Val6,1,9071,,,C:\Users\Admin\Downloads\myps\data\bin\abilityrequirementexport.bin,byte 6205,Inferred requirement reference because ExtData[*].Val6 matches a known RequirementId row in abilityrequirementexport.bin.
9072,Inbound,Requirement,9069,Requirement 9069,ExtData[2].Val6,2,9072,,,C:\Users\Admin\Downloads\myps\data\bin\abilityrequirementexport.bin,byte 6205,Inferred requirement reference because ExtData[*].Val6 matches a known RequirementId row in abilityrequirementexport.bin.
9073,Inbound,Requirement,9069,Requirement 9069,ExtData[3].Val6,3,9073,,,C:\Users\Admin\Downloads\myps\data\bin\abilityrequirementexport.bin,byte 6205,Inferred requirement reference because ExtData[*].Val6 matches a known RequirementId row in abilityrequirementexport.bin.
9073,Inbound,Requirement,9069,Requirement 9069,ExtData[5].Val6,5,9073,,,C:\Users\Admin\Downloads\myps\data\bin\abilityrequirementexport.bin,byte 6205,Inferred requirement reference because ExtData[*].Val6 matches a known RequirementId row in abilityrequirementexport.bin.
9074,Inbound,Requirement,9075,Requirement 9075,ExtData[0].Val6,0,9074,,,C:\Users\Admin\Downloads\myps\data\bin\abilityrequirementexport.bin,byte 6889,Inferred requirement reference because ExtData[*].Val6 matches a known RequirementId row in abilityrequirementexport.bin.
9074,Outbound,Requirement,9074,Requirement 9074,ExtData[1].Val6,1,9069,,,C:\Users\Admin\Downloads\myps\data\bin\abilityrequirementexport.bin,byte 6797,Inferred requirement reference because ExtData[*].Val6 matches a known RequirementId row in abilityrequirementexport.bin.
9075,Outbound,Requirement,9075,Requirement 9075,ExtData[1].Val6,1,9068,,,C:\Users\Admin\Downloads\myps\data\bin\abilityrequirementexport.bin,byte 6889,Inferred requirement reference because ExtData[*].Val6 matches a known RequirementId row in abilityrequirementexport.bin.
9075,Outbound,Requirement,9075,Requirement 9075,ExtData[0].Val6,0,9074,,,C:\Users\Admin\Downloads\myps\data\bin\abilityrequirementexport.bin,byte 6889,Inferred requirement reference because ExtData[*].Val6 matches a known RequirementId row in abilityrequirementexport.bin.
9076,Inbound,Ability,1690,Ability 1690 (Ya Missed Me),ExtData[0].Val6,0,9076,1690 (Ya Missed Me),Damage,C:\Users\Admin\Downloads\myps\data\bin\abilityexport.bin,byte 1134110,Inferred requirement reference because ExtData[*].Val6 matches a known RequirementId row in abilityrequirementexport.bin.
9076,Inbound,Ability,9321,Ability 9321 (Spiteful Slam),ExtData[0].Val6,0,9076,9321 (Spiteful Slam),Damage,C:\Users\Admin\Downloads\myps\data\bin\abilityexport.bin,byte 1312011,Inferred requirement reference because ExtData[*].Val6 matches a known RequirementId row in abilityrequirementexport.bin.
9076,Inbound,Requirement,9212,Requirement 9212,ExtData[0].Val6,0,9076,,,C:\Users\Admin\Downloads\myps\data\bin\abilityrequirementexport.bin,byte 21077,Inferred requirement reference because ExtData[*].Val6 matches a known RequirementId row in abilityrequirementexport.bin.
9077,Inbound,Requirement,9087,Requirement 9087,ExtData[0].Val6,0,9077,,,C:\Users\Admin\Downloads\myps\data\bin\abilityrequirementexport.bin,byte 7927,Inferred requirement reference because ExtData[*].Val6 matches a known RequirementId row in abilityrequirementexport.bin.
9078,Outbound,Requirement,9078,Requirement 9078,ExtData[2].Val6,2,9079,,,C:\Users\Admin\Downloads\myps\data\bin\abilityrequirementexport.bin,byte 7132,Inferred requirement reference because ExtData[*].Val6 matches a known RequirementId row in abilityrequirementexport.bin.
9079,Inbound,Component,551,Component 551 (EVENT_LISTENER),ExtData[0].Val6,0,9079,,,C:\Users\Admin\Downloads\myps\data\bin\abilitycomponentexport.bin,byte 9331,Inferred requirement reference because ExtData[*].Val6 matches a known RequirementId row in abilityrequirementexport.bin.
9079,Inbound,Component,552,Component 552 (EVENT_LISTENER),ExtData[0].Val6,0,9079,,,C:\Users\Admin\Downloads\myps\data\bin\abilitycomponentexport.bin,byte 9596,Inferred requirement reference because ExtData[*].Val6 matches a known RequirementId row in abilityrequirementexport.bin.
9079,Inbound,Component,1226,Component 1226 (ARMOR_CHANGE),ExtData[0].Val6,0,9079,3821 (Guarded Attack),,C:\Users\Admin\Downloads\myps\data\bin\abilitycomponentexport.bin,byte 120622,Inferred requirement reference because ExtData[*].Val6 matches a known RequirementId row in abilityrequirementexport.bin.
9079,Inbound,Component,1248,Component 1248 (STAT_CHANGE),ExtData[0].Val6,0,9079,,,C:\Users\Admin\Downloads\myps\data\bin\abilitycomponentexport.bin,byte 124670,Inferred requirement reference because ExtData[*].Val6 matches a known RequirementId row in abilityrequirementexport.bin.
9079,Inbound,Component,1342,Component 1342 (STAT_CHANGE),ExtData[0].Val6,0,9079,,,C:\Users\Admin\Downloads\myps\data\bin\abilitycomponentexport.bin,byte 140571,Inferred requirement reference because ExtData[*].Val6 matches a known RequirementId row in abilityrequirementexport.bin.
9079,Inbound,Component,1372,Component 1372 (STAT_CHANGE),ExtData[0].Val6,0,9079,1367 (Stubborn As Stone),Damage,C:\Users\Admin\Downloads\myps\data\bin\abilitycomponentexport.bin,byte 145782,Inferred requirement reference because ExtData[*].Val6 matches a known RequirementId row in abilityrequirementexport.bin.
9079,Inbound,Component,1382,Component 1382 (AP_CHANGE),ExtData[0].Val6,0,9079,1372 (Watch An' Learn),,C:\Users\Admin\Downloads\myps\data\bin\abilitycomponentexport.bin,byte 147673,Inferred requirement reference because ExtData[*].Val6 matches a known RequirementId row in abilityrequirementexport.bin.
9079,Inbound,Component,1384,Component 1384 (STAT_CHANGE),ExtData[0].Val6,0,9079,1380 (Oathbound),,C:\Users\Admin\Downloads\myps\data\bin\abilitycomponentexport.bin,byte 148005,Inferred requirement reference because ExtData[*].Val6 matches a known RequirementId row in abilityrequirementexport.bin.
9079,Inbound,Component,1386,Component 1386 (DEFENSIVE_STAT_CHANGE),ExtData[0].Val6,0,9079,1380 (Oathbound),,C:\Users\Admin\Downloads\myps\data\bin\abilitycomponentexport.bin,byte 148337,Inferred requirement reference because ExtData[*].Val6 matches a known RequirementId row in abilityrequirementexport.bin.
9079,Inbound,Component,1392,Component 1392 (HEAL),ExtData[0].Val6,0,9079,3825 (Avenging The Debt),,C:\Users\Admin\Downloads\myps\data\bin\abilitycomponentexport.bin,byte 149201,Inferred requirement reference because ExtData[*].Val6 matches a known RequirementId row in abilityrequirementexport.bin.
9079,Inbound,Component,1412,Component 1412 (STAT_CHANGE),ExtData[0].Val6,0,9079,1383 (Ancestor's Fury),,C:\Users\Admin\Downloads\myps\data\bin\abilitycomponentexport.bin,byte 152719,Inferred requirement reference because ExtData[*].Val6 matches a known RequirementId row in abilityrequirementexport.bin.
9079,Inbound,Component,1414,Component 1414 (BONUS_TYPE_ADJUST),ExtData[0].Val6,0,9079,1383 (Ancestor's Fury),,C:\Users\Admin\Downloads\myps\data\bin\abilitycomponentexport.bin,byte 153051,Inferred requirement reference because ExtData[*].Val6 matches a known RequirementId row in abilityrequirementexport.bin.
9079,Inbound,Component,1432,Component 1432 (BONUS_TYPE_ADJUST),ExtData[0].Val6,0,9079,1386 (Runic Shield),Damage,C:\Users\Admin\Downloads\myps\data\bin\abilitycomponentexport.bin,byte 156633,Inferred requirement reference because ExtData[*].Val6 matches a known RequirementId row in abilityrequirementexport.bin.
9079,Inbound,Component,3141,Component 3141 (EFFECT_BUFF),ExtData[0].Val6,0,9079,,,C:\Users\Admin\Downloads\myps\data\bin\abilitycomponentexport.bin,byte 281548,Inferred requirement reference because ExtData[*].Val6 matches a known RequirementId row in abilityrequirementexport.bin.
9079,Inbound,Component,3166,Component 3166 (STAT_CHANGE),ExtData[0].Val6,0,9079,3822 (Vengeful Strike),,C:\Users\Admin\Downloads\myps\data\bin\abilitycomponentexport.bin,byte 286259,Inferred requirement reference because ExtData[*].Val6 matches a known RequirementId row in abilityrequirementexport.bin.
9079,Inbound,Component,3167,Component 3167 (ARMOR_CHANGE),ExtData[0].Val6,0,9079,,,C:\Users\Admin\Downloads\myps\data\bin\abilitycomponentexport.bin,byte 286458,Inferred requirement reference because ExtData[*].Val6 matches a known RequirementId row in abilityrequirementexport.bin.
9079,Inbound,Requirement,9078,Requirement 9078,ExtData[2].Val6,2,9079,,,C:\Users\Admin\Downloads\myps\data\bin\abilityrequirementexport.bin,byte 7132,Inferred requirement reference because ExtData[*].Val6 matches a known RequirementId row in abilityrequirementexport.bin.
9079,Inbound,Requirement,9277,Requirement 9277,ExtData[1].Val6,1,9079,,,C:\Users\Admin\Downloads\myps\data\bin\abilityrequirementexport.bin,byte 27684,Inferred requirement reference because ExtData[*].Val6 matches a known RequirementId row in abilityrequirementexport.bin.
9080,Inbound,Requirement,9082,Requirement 9082,ExtData[0].Val6,0,9080,,,C:\Users\Admin\Downloads\myps\data\bin\abilityrequirementexport.bin,byte 7533,Inferred requirement reference because ExtData[*].Val6 matches a known RequirementId row in abilityrequirementexport.bin.
9081,Inbound,Requirement,9082,Requirement 9082,ExtData[1].Val6,1,9081,,,C:\Users\Admin\Downloads\myps\data\bin\abilityrequirementexport.bin,byte 7533,Inferred requirement reference because ExtData[*].Val6 matches a known RequirementId row in abilityrequirementexport.bin.
9082,Outbound,Requirement,9082,Requirement 9082,ExtData[0].Val6,0,9080,,,C:\Users\Admin\Downloads\myps\data\bin\abilityrequirementexport.bin,byte 7533,Inferred requirement reference because ExtData[*].Val6 matches a known RequirementId row in abilityrequirementexport.bin.
9082,Outbound,Requirement,9082,Requirement 9082,ExtData[1].Val6,1,9081,,,C:\Users\Admin\Downloads\myps\data\bin\abilityrequirementexport.bin,byte 7533,Inferred requirement reference because ExtData[*].Val6 matches a known RequirementId row in abilityrequirementexport.bin.
9084,Inbound,Requirement,9069,Requirement 9069,ExtData[4].Val6,4,9084,,,C:\Users\Admin\Downloads\myps\data\bin\abilityrequirementexport.bin,byte 6205,Inferred requirement reference because ExtData[*].Val6 matches a known RequirementId row in abilityrequirementexport.bin.
9085,Inbound,Ability,8412,Ability 8412 (Mutated Energy),ExtData[0].Val6,0,9085,8412 (Mutated Energy),Damage,C:\Users\Admin\Downloads\myps\data\bin\abilityexport.bin,byte 1235024,Inferred requirement reference because ExtData[*].Val6 matches a known RequirementId row in abilityrequirementexport.bin.
9086,Inbound,Component,1003,Component 1003 (BONUS_TYPE_ADJUST),ExtData[0].Val6,0,9086,,,C:\Users\Admin\Downloads\myps\data\bin\abilitycomponentexport.bin,byte 84693,Inferred requirement reference because ExtData[*].Val6 matches a known RequirementId row in abilityrequirementexport.bin.
9086,Inbound,Component,1303,Component 1303 (BONUS_TYPE_ADJUST),ExtData[0].Val6,0,9086,843 (Focused Insanity),,C:\Users\Admin\Downloads\myps\data\bin\abilitycomponentexport.bin,byte 134130,Inferred requirement reference because ExtData[*].Val6 matches a known RequirementId row in abilityrequirementexport.bin.
9087,Outbound,Requirement,9087,Requirement 9087,ExtData[0].Val6,0,9077,,,C:\Users\Admin\Downloads\myps\data\bin\abilityrequirementexport.bin,byte 7927,Inferred requirement reference because ExtData[*].Val6 matches a known RequirementId row in abilityrequirementexport.bin.
9088,Inbound,Ability,1820,Ability 1820 (Stabbity),ExtData[1].Val6,1,9088,1820 (Stabbity),Damage,C:\Users\Admin\Downloads\myps\data\bin\abilityexport.bin,byte 1151425,Inferred requirement reference because ExtData[*].Val6 matches a known RequirementId row in abilityrequirementexport.bin.
9088,Inbound,Ability,1821,Ability 1821 (Plink),ExtData[1].Val6,1,9088,1821 (Plink),Damage,C:\Users\Admin\Downloads\myps\data\bin\abilityexport.bin,byte 1151652,Inferred requirement reference because ExtData[*].Val6 matches a known RequirementId row in abilityrequirementexport.bin.
9088,Inbound,Ability,1822,Ability 1822 (Yer Bleedin'!),ExtData[1].Val6,1,9088,1822 (Yer Bleedin'!),Damage,C:\Users\Admin\Downloads\myps\data\bin\abilityexport.bin,byte 1151879,Inferred requirement reference because ExtData[*].Val6 matches a known RequirementId row in abilityrequirementexport.bin.
9088,Inbound,Ability,1823,Ability 1823 (What Blocka?),ExtData[1].Val6,1,9088,1823 (What Blocka?),Damage,C:\Users\Admin\Downloads\myps\data\bin\abilityexport.bin,byte 1152106,Inferred requirement reference because ExtData[*].Val6 matches a known RequirementId row in abilityrequirementexport.bin.
9088,Inbound,Ability,1825,Ability 1825 (Stop Runnin!),ExtData[1].Val6,1,9088,1825 (Stop Runnin!),"Snare, Damage",C:\Users\Admin\Downloads\myps\data\bin\abilityexport.bin,byte 1152560,Inferred requirement reference because ExtData[*].Val6 matches a known RequirementId row in abilityrequirementexport.bin.
9088,Inbound,Ability,1826,Ability 1826 (Run 'n Shoot),ExtData[1].Val6,1,9088,1826 (Run 'n Shoot),Damage,C:\Users\Admin\Downloads\myps\data\bin\abilityexport.bin,byte 1152787,Inferred requirement reference because ExtData[*].Val6 matches a known RequirementId row in abilityrequirementexport.bin.
9088,Inbound,Ability,1829,Ability 1829 (Cut Ya!),ExtData[1].Val6,1,9088,1829 (Cut Ya!),Damage,C:\Users\Admin\Downloads\myps\data\bin\abilityexport.bin,byte 1153435,Inferred requirement reference because ExtData[*].Val6 matches a known RequirementId row in abilityrequirementexport.bin.
9088,Inbound,Ability,1833,Ability 1833 (Explodin' Arrer),ExtData[1].Val6,1,9088,1833 (Explodin' Arrer),Damage,C:\Users\Admin\Downloads\myps\data\bin\abilityexport.bin,byte 1154343,Inferred requirement reference because ExtData[*].Val6 matches a known RequirementId row in abilityrequirementexport.bin.
9088,Inbound,Ability,1834,Ability 1834 (Lots o' Arrers),ExtData[1].Val6,1,9088,1834 (Lots o' Arrers),Damage,C:\Users\Admin\Downloads\myps\data\bin\abilityexport.bin,byte 1154570,Inferred requirement reference because ExtData[*].Val6 matches a known RequirementId row in abilityrequirementexport.bin.
9088,Inbound,Ability,1835,Ability 1835 (Not So Fast!),ExtData[1].Val6,1,9088,1835 (Not So Fast!),Damage,C:\Users\Admin\Downloads\myps\data\bin\abilityexport.bin,byte 1154797,Inferred requirement reference because ExtData[*].Val6 matches a known RequirementId row in abilityrequirementexport.bin.
9088,Inbound,Ability,1838,Ability 1838 (Don't Hit Me!),ExtData[1].Val6,1,9088,1838 (Don't Hit Me!),Damage,C:\Users\Admin\Downloads\myps\data\bin\abilityexport.bin,byte 1155511,Inferred requirement reference because ExtData[*].Val6 matches a known RequirementId row in abilityrequirementexport.bin.
9088,Inbound,Ability,1839,Ability 1839 (Choking Arrer),ExtData[1].Val6,1,9088,1839 (Choking Arrer),"Silence, Damage",C:\Users\Admin\Downloads\myps\data\bin\abilityexport.bin,byte 1155738,Inferred requirement reference because ExtData[*].Val6 matches a known RequirementId row in abilityrequirementexport.bin.
9088,Inbound,Ability,1840,Ability 1840 (Shoot Thru Ya),ExtData[1].Val6,1,9088,1840 (Shoot Thru Ya),Damage,C:\Users\Admin\Downloads\myps\data\bin\abilityexport.bin,byte 1155965,Inferred requirement reference because ExtData[*].Val6 matches a known RequirementId row in abilityrequirementexport.bin.
9088,Inbound,Ability,1846,Ability 1846 (Shrapnel Arrer),ExtData[1].Val6,1,9088,1846 (Shrapnel Arrer),Damage,C:\Users\Admin\Downloads\myps\data\bin\abilityexport.bin,byte 1156968,Inferred requirement reference because ExtData[*].Val6 matches a known RequirementId row in abilityrequirementexport.bin.
9088,Inbound,Ability,1847,Ability 1847 (Poison Arrer),ExtData[1].Val6,1,9088,1847 (Poison Arrer),Damage,C:\Users\Admin\Downloads\myps\data\bin\abilityexport.bin,byte 1157195,Inferred requirement reference because ExtData[*].Val6 matches a known RequirementId row in abilityrequirementexport.bin.
9088,Inbound,Ability,1848,Ability 1848 (Finish 'em Off),ExtData[1].Val6,1,9088,1848 (Finish 'em Off),Damage,C:\Users\Admin\Downloads\myps\data\bin\abilityexport.bin,byte 1157422,Inferred requirement reference because ExtData[*].Val6 matches a known RequirementId row in abilityrequirementexport.bin.
9088,Inbound,Ability,1852,Ability 1852 (Run Away!),ExtData[1].Val6,1,9088,1852 (Run Away!),,C:\Users\Admin\Downloads\myps\data\bin\abilityexport.bin,byte 1158297,Inferred requirement reference because ExtData[*].Val6 matches a known RequirementId row in abilityrequirementexport.bin.
9088,Inbound,Ability,1853,Ability 1853 (Rotten Arrer),ExtData[1].Val6,1,9088,1853 (Rotten Arrer),"Heal, Damage",C:\Users\Admin\Downloads\myps\data\bin\abilityexport.bin,byte 1158557,Inferred requirement reference because ExtData[*].Val6 matches a known RequirementId row in abilityrequirementexport.bin.
9088,Inbound,Ability,1854,Ability 1854 (Behind Ya!),ExtData[1].Val6,1,9088,1854 (Behind Ya!),Damage,C:\Users\Admin\Downloads\myps\data\bin\abilityexport.bin,byte 1158817,Inferred requirement reference because ExtData[*].Val6 matches a known RequirementId row in abilityrequirementexport.bin.
9088,Inbound,Ability,1865,Ability 1865 (Drop That!!),ExtData[1].Val6,1,9088,1865 (Drop That!!),,C:\Users\Admin\Downloads\myps\data\bin\abilityexport.bin,byte 1160629,Inferred requirement reference because ExtData[*].Val6 matches a known RequirementId row in abilityrequirementexport.bin.
9089,Inbound,Component,8054,Component 8054 (DAMAGE),ExtData[1].Val6,1,9089,,,C:\Users\Admin\Downloads\myps\data\bin\abilitycomponentexport.bin,byte 450852,Inferred requirement reference because ExtData[*].Val6 matches a known RequirementId row in abilityrequirementexport.bin.
9089,Inbound,Component,8055,Component 8055 (DAMAGE),ExtData[1].Val6,1,9089,,,C:\Users\Admin\Downloads\myps\data\bin\abilitycomponentexport.bin,byte 451051,Inferred requirement reference because ExtData[*].Val6 matches a known RequirementId row in abilityrequirementexport.bin.
9090,Inbound,Component,8290,Component 8290 (DEFENSIVE_STAT_CHANGE),ExtData[1].Val6,1,9090,3665 (Stay Focused!),,C:\Users\Admin\Downloads\myps\data\bin\abilitycomponentexport.bin,byte 490061,Inferred requirement reference because ExtData[*].Val6 matches a known RequirementId row in abilityrequirementexport.bin.
9091,Inbound,Component,8327,Component 8327 (APPLY_ABILITY),ExtData[1].Val6,1,9091,,,C:\Users\Admin\Downloads\myps\data\bin\abilitycomponentexport.bin,byte 496137,Inferred requirement reference because ExtData[*].Val6 matches a known RequirementId row in abilityrequirementexport.bin.
9091,Inbound,Component,8359,Component 8359 (KNOCKBACK),ExtData[1].Val6,1,9091,,,C:\Users\Admin\Downloads\myps\data\bin\abilitycomponentexport.bin,byte 501284,Inferred requirement reference because ExtData[*].Val6 matches a known RequirementId row in abilityrequirementexport.bin.
9091,Inbound,Component,11574,Component 11574 (KNOCKBACK),ExtData[0].Val6,0,9091,"14157 (Fireball), 14301 (Fireball), 14302 (Shot), 14303 (Arrow)",,C:\Users\Admin\Downloads\myps\data\bin\abilitycomponentexport.bin,byte 890339,Inferred requirement reference because ExtData[*].Val6 matches a known RequirementId row in abilityrequirementexport.bin.
9092,Inbound,Ability,8412,Ability 8412 (Mutated Energy),ExtData[1].Val6,1,9092,8412 (Mutated Energy),Damage,C:\Users\Admin\Downloads\myps\data\bin\abilityexport.bin,byte 1235024,Inferred requirement reference because ExtData[*].Val6 matches a known RequirementId row in abilityrequirementexport.bin.
9092,Inbound,Component,3288,Component 3288 (CC),ExtData[1].Val6,1,9092,3650 (Oath Rune of Sanctuary),,C:\Users\Admin\Downloads\myps\data\bin\abilitycomponentexport.bin,byte 305719,Inferred requirement reference because ExtData[*].Val6 matches a known RequirementId row in abilityrequirementexport.bin.
9092,Inbound,Component,3446,Component 3446 (CC),ExtData[1].Val6,1,9092,6 (Death From Above),Damage,C:\Users\Admin\Downloads\myps\data\bin\abilitycomponentexport.bin,byte 331518,Inferred requirement reference because ExtData[*].Val6 matches a known RequirementId row in abilityrequirementexport.bin.
9092,Inbound,Component,3715,Component 3715 (CC),ExtData[1].Val6,1,9092,1443 (Incapacitate),Damage,C:\Users\Admin\Downloads\myps\data\bin\abilitycomponentexport.bin,byte 383227,Inferred requirement reference because ExtData[*].Val6 matches a known RequirementId row in abilityrequirementexport.bin.
9092,Inbound,Component,8358,Component 8358 (CC),ExtData[1].Val6,1,9092,,,C:\Users\Admin\Downloads\myps\data\bin\abilitycomponentexport.bin,byte 501085,Inferred requirement reference because ExtData[*].Val6 matches a known RequirementId row in abilityrequirementexport.bin.
9092,Inbound,Component,8456,Component 8456 (CC),ExtData[1].Val6,1,9092,"8412 (Mutated Energy), 8423 (Concussive Jolt), 13262 (Smash)",Damage,C:\Users\Admin\Downloads\myps\data\bin\abilitycomponentexport.bin,byte 518079,Inferred requirement reference because ExtData[*].Val6 matches a known RequirementId row in abilityrequirementexport.bin.
9092,Inbound,Component,9821,Component 9821 (CC),ExtData[1].Val6,1,9092,,,C:\Users\Admin\Downloads\myps\data\bin\abilitycomponentexport.bin,byte 754988,Inferred requirement reference because ExtData[*].Val6 matches a known RequirementId row in abilityrequirementexport.bin.
9092,Inbound,Component,11023,Component 11023 (CC),ExtData[1].Val6,1,9092,,,C:\Users\Admin\Downloads\myps\data\bin\abilitycomponentexport.bin,byte 793263,Inferred requirement reference because ExtData[*].Val6 matches a known RequirementId row in abilityrequirementexport.bin.
9092,Inbound,Component,12375,Component 12375 (CC),ExtData[0].Val6,0,9092,,,C:\Users\Admin\Downloads\myps\data\bin\abilitycomponentexport.bin,byte 1031637,Inferred requirement reference because ExtData[*].Val6 matches a known RequirementId row in abilityrequirementexport.bin.
9092,Inbound,Component,15516,Component 15516 (CC),ExtData[1].Val6,1,9092,15509 (Ground Stomp),Damage,C:\Users\Admin\Downloads\myps\data\bin\abilitycomponentexport.bin,byte 1697581,Inferred requirement reference because ExtData[*].Val6 matches a known RequirementId row in abilityrequirementexport.bin.
9092,Inbound,Component,18273,Component 18273 (CC),ExtData[1].Val6,1,9092,1755 (Sit Down!),Damage,C:\Users\Admin\Downloads\myps\data\bin\abilitycomponentexport.bin,byte 422900,Inferred requirement reference because ExtData[*].Val6 matches a known RequirementId row in abilityrequirementexport.bin.
9093,Inbound,Component,602,Component 602 (CC),ExtData[1].Val6,1,9093,3631 (Crippling Bomb),Root,C:\Users\Admin\Downloads\myps\data\bin\abilitycomponentexport.bin,byte 17797,Inferred requirement reference because ExtData[*].Val6 matches a known RequirementId row in abilityrequirementexport.bin.
9093,Inbound,Component,1194,Component 1194 (CC),ExtData[1].Val6,1,9093,122 (Grasp of the Dead),Root,C:\Users\Admin\Downloads\myps\data\bin\abilitycomponentexport.bin,byte 115376,Inferred requirement reference because ExtData[*].Val6 matches a known RequirementId row in abilityrequirementexport.bin.
9093,Inbound,Component,4800,Component 4800 (CC),ExtData[1].Val6,1,9093,4800 (Grasp of the Dead),,C:\Users\Admin\Downloads\myps\data\bin\abilitycomponentexport.bin,byte 2063389,Inferred requirement reference because ExtData[*].Val6 matches a known RequirementId row in abilityrequirementexport.bin.
9093,Inbound,Component,5204,Component 5204 (CC),ExtData[1].Val6,1,9093,5209 (Rattling Bones),,C:\Users\Admin\Downloads\myps\data\bin\abilitycomponentexport.bin,byte 2119138,Inferred requirement reference because ExtData[*].Val6 matches a known RequirementId row in abilityrequirementexport.bin.
9093,Inbound,Component,13007,Component 13007 (CC),ExtData[1].Val6,1,9093,13003 (Grasp of the Dead),,C:\Users\Admin\Downloads\myps\data\bin\abilitycomponentexport.bin,byte 2414485,Inferred requirement reference because ExtData[*].Val6 matches a known RequirementId row in abilityrequirementexport.bin.
9094,Inbound,Component,992,Component 992 (CC),ExtData[1].Val6,1,9094,"885 (Deafening Waaagh!), 906 (Deafening Waaagh!)",Silence,C:\Users\Admin\Downloads\myps\data\bin\abilitycomponentexport.bin,byte 82834,Inferred requirement reference because ExtData[*].Val6 matches a known RequirementId row in abilityrequirementexport.bin.
9094,Inbound,Component,1619,Component 1619 (CC),ExtData[1].Val6,1,9094,,,C:\Users\Admin\Downloads\myps\data\bin\abilitycomponentexport.bin,byte 187508,Inferred requirement reference because ExtData[*].Val6 matches a known RequirementId row in abilityrequirementexport.bin.
9094,Inbound,Component,3202,Component 3202 (CC),ExtData[1].Val6,1,9094,3218 (You Got Nuthin!),Silence,C:\Users\Admin\Downloads\myps\data\bin\abilitycomponentexport.bin,byte 291938,Inferred requirement reference because ExtData[*].Val6 matches a known RequirementId row in abilityrequirementexport.bin.
9094,Inbound,Component,8152,Component 8152 (CC),ExtData[1].Val6,1,9094,,,C:\Users\Admin\Downloads\myps\data\bin\abilitycomponentexport.bin,byte 466559,Inferred requirement reference because ExtData[*].Val6 matches a known RequirementId row in abilityrequirementexport.bin.
9094,Inbound,Component,8366,Component 8366 (CC),ExtData[1].Val6,1,9094,,,C:\Users\Admin\Downloads\myps\data\bin\abilitycomponentexport.bin,byte 502578,Inferred requirement reference because ExtData[*].Val6 matches a known RequirementId row in abilityrequirementexport.bin.
9094,Inbound,Component,8411,Component 8411 (CC),ExtData[1].Val6,1,9094,,,C:\Users\Admin\Downloads\myps\data\bin\abilitycomponentexport.bin,byte 510147,Inferred requirement reference because ExtData[*].Val6 matches a known RequirementId row in abilityrequirementexport.bin.
9094,Inbound,Component,9710,Component 9710 (CC),ExtData[1].Val6,1,9094,8607 (Suppressing The Fragile Unbelievers),"Damage, Silence",C:\Users\Admin\Downloads\myps\data\bin\abilitycomponentexport.bin,byte 737090,Inferred requirement reference because ExtData[*].Val6 matches a known RequirementId row in abilityrequirementexport.bin.
9094,Inbound,Component,11020,Component 11020 (CC),ExtData[1].Val6,1,9094,,,C:\Users\Admin\Downloads\myps\data\bin\abilitycomponentexport.bin,byte 792798,Inferred requirement reference because ExtData[*].Val6 matches a known RequirementId row in abilityrequirementexport.bin.
9094,Inbound,Component,11378,Component 11378 (CC),ExtData[1].Val6,1,9094,9253 (Law of Gold),"Damage, Silence",C:\Users\Admin\Downloads\myps\data\bin\abilitycomponentexport.bin,byte 856945,Inferred requirement reference because ExtData[*].Val6 matches a known RequirementId row in abilityrequirementexport.bin.
9094,Inbound,Component,11414,Component 11414 (CC),ExtData[1].Val6,1,9094,9304 (Arcane Suppression),Silence,C:\Users\Admin\Downloads\myps\data\bin\abilitycomponentexport.bin,byte 863284,Inferred requirement reference because ExtData[*].Val6 matches a known RequirementId row in abilityrequirementexport.bin.
9094,Inbound,Component,27633,Component 27633 (CC),ExtData[1].Val6,1,9094,"27677 (Silence!), 27709 (Silence!)","Damage, Silence",C:\Users\Admin\Downloads\myps\data\bin\abilitycomponentexport.bin,byte 1861209,Inferred requirement reference because ExtData[*].Val6 matches a known RequirementId row in abilityrequirementexport.bin.
9094,Inbound,Requirement,9135,Requirement 9135,ExtData[0].Val6,0,9094,,,C:\Users\Admin\Downloads\myps\data\bin\abilityrequirementexport.bin,byte 12475,Inferred requirement reference because ExtData[*].Val6 matches a known RequirementId row in abilityrequirementexport.bin.
9095,Inbound,Ability,8405,Ability 8405 (Death Grip),ExtData[1].Val6,1,9095,8405 (Death Grip),Disarm,C:\Users\Admin\Downloads\myps\data\bin\abilityexport.bin,byte 1233435,Inferred requirement reference because ExtData[*].Val6 matches a known RequirementId row in abilityrequirementexport.bin.
9095,Inbound,Component,8429,Component 8429 (CC),ExtData[1].Val6,1,9095,,,C:\Users\Admin\Downloads\myps\data\bin\abilitycomponentexport.bin,byte 513300,Inferred requirement reference because ExtData[*].Val6 matches a known RequirementId row in abilityrequirementexport.bin.
9095,Inbound,Requirement,9135,Requirement 9135,ExtData[1].Val6,1,9095,,,C:\Users\Admin\Downloads\myps\data\bin\abilityrequirementexport.bin,byte 12475,Inferred requirement reference because ExtData[*].Val6 matches a known RequirementId row in abilityrequirementexport.bin.
9096,Inbound,Component,704,Component 704 (CC),ExtData[1].Val6,1,9096,,,C:\Users\Admin\Downloads\myps\data\bin\abilitycomponentexport.bin,byte 34465,Inferred requirement reference because ExtData[*].Val6 matches a known RequirementId row in abilityrequirementexport.bin.
9096,Inbound,Component,1099,Component 1099 (CC),ExtData[0].Val6,0,9096,,,C:\Users\Admin\Downloads\myps\data\bin\abilitycomponentexport.bin,byte 100464,Inferred requirement reference because ExtData[*].Val6 matches a known RequirementId row in abilityrequirementexport.bin.
9096,Inbound,Component,8409,Component 8409 (CC),ExtData[0].Val6,0,9096,,,C:\Users\Admin\Downloads\myps\data\bin\abilitycomponentexport.bin,byte 509782,Inferred requirement reference because ExtData[*].Val6 matches a known RequirementId row in abilityrequirementexport.bin.
9100,Inbound,Ability,1593,Ability 1593 (Rune of Shielding),ExtData[0].Val6,0,9100,1593 (Rune of Shielding),"Heal, Damage",C:\Users\Admin\Downloads\myps\data\bin\abilityexport.bin,byte 1118021,Inferred requirement reference because ExtData[*].Val6 matches a known RequirementId row in abilityrequirementexport.bin.
9100,Inbound,Component,11,Component 11 (HEAL),ExtData[2].Val6,2,9100,74 (Sub Test),,C:\Users\Admin\Downloads\myps\data\bin\abilitycomponentexport.bin,byte 1136990,Inferred requirement reference because ExtData[*].Val6 matches a known RequirementId row in abilityrequirementexport.bin.
9100,Inbound,Component,12,Component 12 (HEAL),ExtData[2].Val6,2,9100,,,C:\Users\Admin\Downloads\myps\data\bin\abilitycomponentexport.bin,byte 1137189,Inferred requirement reference because ExtData[*].Val6 matches a known RequirementId row in abilityrequirementexport.bin.
9100,Inbound,Component,13,Component 13 (HEAL),ExtData[2].Val6,2,9100,,,C:\Users\Admin\Downloads\myps\data\bin\abilitycomponentexport.bin,byte 1137388,Inferred requirement reference because ExtData[*].Val6 matches a known RequirementId row in abilityrequirementexport.bin.
9100,Inbound,Component,14,Component 14 (HEAL),ExtData[2].Val6,2,9100,,,C:\Users\Admin\Downloads\myps\data\bin\abilitycomponentexport.bin,byte 1137587,Inferred requirement reference because ExtData[*].Val6 matches a known RequirementId row in abilityrequirementexport.bin.
9100,Inbound,Component,15,Component 15 (HEAL),ExtData[2].Val6,2,9100,"4065 (Healing Energy), 27629 (Mending Wounds), 27661 (Mending Wounds), 27693 (Mending Wounds), 27725 (Mending Wounds), 27757 (Mending Wounds), 27789 (Mending Wounds)",Heal,C:\Users\Admin\Downloads\myps\data\bin\abilitycomponentexport.bin,byte 1137786,Inferred requirement reference because ExtData[*].Val6 matches a known RequirementId row in abilityrequirementexport.bin.
9100,Inbound,Component,16,Component 16 (HEAL),ExtData[2].Val6,2,9100,,,C:\Users\Admin\Downloads\myps\data\bin\abilitycomponentexport.bin,byte 1137985,Inferred requirement reference because ExtData[*].Val6 matches a known RequirementId row in abilityrequirementexport.bin.
9100,Inbound,Component,17,Component 17 (HEAL),ExtData[2].Val6,2,9100,,,C:\Users\Admin\Downloads\myps\data\bin\abilitycomponentexport.bin,byte 1138184,Inferred requirement reference because ExtData[*].Val6 matches a known RequirementId row in abilityrequirementexport.bin.
9100,Inbound,Component,18,Component 18 (HEAL),ExtData[2].Val6,2,9100,,,C:\Users\Admin\Downloads\myps\data\bin\abilitycomponentexport.bin,byte 1138383,Inferred requirement reference because ExtData[*].Val6 matches a known RequirementId row in abilityrequirementexport.bin.
9100,Inbound,Component,19,Component 19 (HEAL),ExtData[2].Val6,2,9100,,,C:\Users\Admin\Downloads\myps\data\bin\abilitycomponentexport.bin,byte 1138582,Inferred requirement reference because ExtData[*].Val6 matches a known RequirementId row in abilityrequirementexport.bin.
9100,Inbound,Component,20,Component 20 (HEAL),ExtData[2].Val6,2,9100,"27629 (Mending Wounds), 27661 (Mending Wounds), 27693 (Mending Wounds), 27725 (Mending Wounds), 27757 (Mending Wounds), 27789 (Mending Wounds)",Heal,C:\Users\Admin\Downloads\myps\data\bin\abilitycomponentexport.bin,byte 1138781,Inferred requirement reference because ExtData[*].Val6 matches a known RequirementId row in abilityrequirementexport.bin.
9100,Inbound,Component,21,Component 21 (HEAL),ExtData[2].Val6,2,9100,"1596 (Rune of Restoration), 1904 (Bigger, Better, An' Greener), 8566 (Elixir Of Dark Blessings), 9242 (Boon of Hysh), 27628 (Greater Restore Ally), 27660 (Greater Repair Ally), 27692 (Greater Repair Ally), 27724 (Greater Repair Ally)","Damage, Heal",C:\Users\Admin\Downloads\myps\data\bin\abilitycomponentexport.bin,byte 1138980,Inferred requirement reference because ExtData[*].Val6 matches a known RequirementId row in abilityrequirementexport.bin.
9100,Inbound,Component,205,Component 205 (HEAL),ExtData[2].Val6,2,9100,,,C:\Users\Admin\Downloads\myps\data\bin\abilitycomponentexport.bin,byte 1168174,Inferred requirement reference because ExtData[*].Val6 matches a known RequirementId row in abilityrequirementexport.bin.
9100,Inbound,Component,206,Component 206 (HEAL),ExtData[2].Val6,2,9100,,,C:\Users\Admin\Downloads\myps\data\bin\abilitycomponentexport.bin,byte 1168340,Inferred requirement reference because ExtData[*].Val6 matches a known RequirementId row in abilityrequirementexport.bin.
9100,Inbound,Component,208,Component 208 (HEAL),ExtData[2].Val6,2,9100,,,C:\Users\Admin\Downloads\myps\data\bin\abilitycomponentexport.bin,byte 1168705,Inferred requirement reference because ExtData[*].Val6 matches a known RequirementId row in abilityrequirementexport.bin.
9100,Inbound,Component,209,Component 209 (HEAL),ExtData[2].Val6,2,9100,,,C:\Users\Admin\Downloads\myps\data\bin\abilitycomponentexport.bin,byte 1168904,Inferred requirement reference because ExtData[*].Val6 matches a known RequirementId row in abilityrequirementexport.bin.
9100,Inbound,Component,380,Component 380 (HEAL),ExtData[2].Val6,2,9100,694 (Divine Favor),Heal,C:\Users\Admin\Downloads\myps\data\bin\abilitycomponentexport.bin,byte 1193548,Inferred requirement reference because ExtData[*].Val6 matches a known RequirementId row in abilityrequirementexport.bin.
9100,Inbound,Component,388,Component 388 (HEAL),ExtData[2].Val6,2,9100,3884 (Alter Fate),Heal,C:\Users\Admin\Downloads\myps\data\bin\abilitycomponentexport.bin,byte 1194810,Inferred requirement reference because ExtData[*].Val6 matches a known RequirementId row in abilityrequirementexport.bin.
9100,Inbound,Component,611,Component 611 (HEAL),ExtData[2].Val6,2,9100,,,C:\Users\Admin\Downloads\myps\data\bin\abilitycomponentexport.bin,byte 19291,Inferred requirement reference because ExtData[*].Val6 matches a known RequirementId row in abilityrequirementexport.bin.
9100,Inbound,Component,620,Component 620 (HEAL),ExtData[2].Val6,2,9100,,,C:\Users\Admin\Downloads\myps\data\bin\abilitycomponentexport.bin,byte 20818,Inferred requirement reference because ExtData[*].Val6 matches a known RequirementId row in abilityrequirementexport.bin.
9100,Inbound,Component,622,Component 622 (HEAL),ExtData[2].Val6,2,9100,,,C:\Users\Admin\Downloads\myps\data\bin\abilitycomponentexport.bin,byte 21183,Inferred requirement reference because ExtData[*].Val6 matches a known RequirementId row in abilityrequirementexport.bin.
9100,Inbound,Component,628,Component 628 (HEAL),ExtData[2].Val6,2,9100,1907 (Gather Round),Heal,C:\Users\Admin\Downloads\myps\data\bin\abilitycomponentexport.bin,byte 22179,Inferred requirement reference because ExtData[*].Val6 matches a known RequirementId row in abilityrequirementexport.bin.
9100,Inbound,Component,638,Component 638 (HEAL),ExtData[1].Val6,1,9100,,,C:\Users\Admin\Downloads\myps\data\bin\abilitycomponentexport.bin,byte 23806,Inferred requirement reference because ExtData[*].Val6 matches a known RequirementId row in abilityrequirementexport.bin.
9100,Inbound,Component,757,Component 757 (HEAL),ExtData[2].Val6,2,9100,,,C:\Users\Admin\Downloads\myps\data\bin\abilitycomponentexport.bin,byte 43296,Inferred requirement reference because ExtData[*].Val6 matches a known RequirementId row in abilityrequirementexport.bin.
9100,Inbound,Component,841,Component 841 (HEAL),ExtData[2].Val6,2,9100,,,C:\Users\Admin\Downloads\myps\data\bin\abilitycomponentexport.bin,byte 56910,Inferred requirement reference because ExtData[*].Val6 matches a known RequirementId row in abilityrequirementexport.bin.
9100,Inbound,Component,864,Component 864 (HEAL),ExtData[2].Val6,2,9100,,,C:\Users\Admin\Downloads\myps\data\bin\abilitycomponentexport.bin,byte 61223,Inferred requirement reference because ExtData[*].Val6 matches a known RequirementId row in abilityrequirementexport.bin.
9100,Inbound,Component,1055,Component 1055 (HEAL),ExtData[0].Val6,0,9100,,,C:\Users\Admin\Downloads\myps\data\bin\abilitycomponentexport.bin,byte 93259,Inferred requirement reference because ExtData[*].Val6 matches a known RequirementId row in abilityrequirementexport.bin.
9100,Inbound,Component,1654,Component 1654 (HEAL),ExtData[2].Val6,2,9100,1970 (Feelz No Pain),"Damage, Heal",C:\Users\Admin\Downloads\myps\data\bin\abilitycomponentexport.bin,byte 193252,Inferred requirement reference because ExtData[*].Val6 matches a known RequirementId row in abilityrequirementexport.bin.
9100,Inbound,Component,1666,Component 1666 (HEAL),ExtData[1].Val6,1,9100,,,C:\Users\Admin\Downloads\myps\data\bin\abilitycomponentexport.bin,byte 195409,Inferred requirement reference because ExtData[*].Val6 matches a known RequirementId row in abilityrequirementexport.bin.
9100,Inbound,Component,1711,Component 1711 (HEAL),ExtData[1].Val6,1,9100,1930 (I'll Take That!),"Damage, Heal",C:\Users\Admin\Downloads\myps\data\bin\abilitycomponentexport.bin,byte 202449,Inferred requirement reference because ExtData[*].Val6 matches a known RequirementId row in abilityrequirementexport.bin.
9100,Inbound,Component,1717,Component 1717 (HEAL),ExtData[2].Val6,2,9100,1590 (Rune of Regeneration),Heal,C:\Users\Admin\Downloads\myps\data\bin\abilitycomponentexport.bin,byte 203478,Inferred requirement reference because ExtData[*].Val6 matches a known RequirementId row in abilityrequirementexport.bin.
9100,Inbound,Component,1718,Component 1718 (HEAL),ExtData[2].Val6,2,9100,,,C:\Users\Admin\Downloads\myps\data\bin\abilitycomponentexport.bin,byte 203677,Inferred requirement reference because ExtData[*].Val6 matches a known RequirementId row in abilityrequirementexport.bin.
9100,Inbound,Component,1720,Component 1720 (HEAL),ExtData[2].Val6,2,9100,1593 (Rune of Shielding),"Damage, Heal",C:\Users\Admin\Downloads\myps\data\bin\abilitycomponentexport.bin,byte 204075,Inferred requirement reference because ExtData[*].Val6 matches a known RequirementId row in abilityrequirementexport.bin.
9100,Inbound,Component,1721,Component 1721 (HEAL),ExtData[2].Val6,2,9100,,,C:\Users\Admin\Downloads\myps\data\bin\abilitycomponentexport.bin,byte 204274,Inferred requirement reference because ExtData[*].Val6 matches a known RequirementId row in abilityrequirementexport.bin.
9100,Inbound,Component,1723,Component 1723 (APPLY_ABILITY),ExtData[2].Val6,2,9100,1599 (Rune of Mending),Heal,C:\Users\Admin\Downloads\myps\data\bin\abilitycomponentexport.bin,byte 204639,Inferred requirement reference because ExtData[*].Val6 matches a known RequirementId row in abilityrequirementexport.bin.
9100,Inbound,Component,1725,Component 1725 (HEAL),ExtData[2].Val6,2,9100,1604 (Blessing of Valaya),Heal,C:\Users\Admin\Downloads\myps\data\bin\abilitycomponentexport.bin,byte 205004,Inferred requirement reference because ExtData[*].Val6 matches a known RequirementId row in abilityrequirementexport.bin.
9100,Inbound,Component,1727,Component 1727 (HEAL),ExtData[2].Val6,2,9100,"1611 (Rune of Fortune), 8573 (Boon of Tzeentch)","Damage, Heal",C:\Users\Admin\Downloads\myps\data\bin\abilitycomponentexport.bin,byte 205369,Inferred requirement reference because ExtData[*].Val6 matches a known RequirementId row in abilityrequirementexport.bin.
9100,Inbound,Component,1749,Component 1749 (HEAL),ExtData[2].Val6,2,9100,,,C:\Users\Admin\Downloads\myps\data\bin\abilitycomponentexport.bin,byte 209120,Inferred requirement reference because ExtData[*].Val6 matches a known RequirementId row in abilityrequirementexport.bin.
9100,Inbound,Component,1753,Component 1753 (HEAL),ExtData[1].Val6,1,9100,,,C:\Users\Admin\Downloads\myps\data\bin\abilitycomponentexport.bin,byte 209784,Inferred requirement reference because ExtData[*].Val6 matches a known RequirementId row in abilityrequirementexport.bin.
9100,Inbound,Component,1758,Component 1758 (HEAL),ExtData[2].Val6,2,9100,,,C:\Users\Admin\Downloads\myps\data\bin\abilitycomponentexport.bin,byte 210713,Inferred requirement reference because ExtData[*].Val6 matches a known RequirementId row in abilityrequirementexport.bin.
9100,Inbound,Component,1760,Component 1760 (HEAL),ExtData[1].Val6,1,9100,1616 (Rune of Fate),"Damage, Heal",C:\Users\Admin\Downloads\myps\data\bin\abilitycomponentexport.bin,byte 211177,Inferred requirement reference because ExtData[*].Val6 matches a known RequirementId row in abilityrequirementexport.bin.
9100,Inbound,Component,1761,Component 1761 (HEAL),ExtData[2].Val6,2,9100,,,C:\Users\Admin\Downloads\myps\data\bin\abilitycomponentexport.bin,byte 211376,Inferred requirement reference because ExtData[*].Val6 matches a known RequirementId row in abilityrequirementexport.bin.
9100,Inbound,Component,1762,Component 1762 (HEAL),ExtData[1].Val6,1,9100,3551 (Lingering Rune of Mending),Heal,C:\Users\Admin\Downloads\myps\data\bin\abilitycomponentexport.bin,byte 211608,Inferred requirement reference because ExtData[*].Val6 matches a known RequirementId row in abilityrequirementexport.bin.
9100,Inbound,Component,1763,Component 1763 (HEAL),ExtData[2].Val6,2,9100,,,C:\Users\Admin\Downloads\myps\data\bin\abilitycomponentexport.bin,byte 211807,Inferred requirement reference because ExtData[*].Val6 matches a known RequirementId row in abilityrequirementexport.bin.
9100,Inbound,Component,1782,Component 1782 (HEAL),ExtData[2].Val6,2,9100,1645 (Rune of Rebirth),Heal,C:\Users\Admin\Downloads\myps\data\bin\abilitycomponentexport.bin,byte 215093,Inferred requirement reference because ExtData[*].Val6 matches a known RequirementId row in abilityrequirementexport.bin.
9100,Inbound,Component,1783,Component 1783 (HEAL),ExtData[2].Val6,2,9100,1645 (Rune of Rebirth),Heal,C:\Users\Admin\Downloads\myps\data\bin\abilitycomponentexport.bin,byte 215259,Inferred requirement reference because ExtData[*].Val6 matches a known RequirementId row in abilityrequirementexport.bin.
9100,Inbound,Component,1786,Component 1786 (HEAL),ExtData[2].Val6,2,9100,3001 (Rune of Ending),,C:\Users\Admin\Downloads\myps\data\bin\abilitycomponentexport.bin,byte 215724,Inferred requirement reference because ExtData[*].Val6 matches a known RequirementId row in abilityrequirementexport.bin.
9100,Inbound,Component,1788,Component 1788 (HEAL),ExtData[2].Val6,2,9100,"1649 (Valaya's Shield), 3588 (Runic Fortitude), 3591 (Swift Changes)",Heal,C:\Users\Admin\Downloads\myps\data\bin\abilitycomponentexport.bin,byte 216056,Inferred requirement reference because ExtData[*].Val6 matches a known RequirementId row in abilityrequirementexport.bin.
9100,Inbound,Component,1796,Component 1796 (HEAL),ExtData[0].Val6,0,9100,3878 (On your Feet!),Heal,C:\Users\Admin\Downloads\myps\data\bin\abilitycomponentexport.bin,byte 217615,Inferred requirement reference because ExtData[*].Val6 matches a known RequirementId row in abilityrequirementexport.bin.
9100,Inbound,Component,1796,Component 1796 (HEAL),ExtData[1].Val6,1,9100,3878 (On your Feet!),Heal,C:\Users\Admin\Downloads\myps\data\bin\abilitycomponentexport.bin,byte 217615,Inferred requirement reference because ExtData[*].Val6 matches a known RequirementId row in abilityrequirementexport.bin.
9100,Inbound,Component,1799,Component 1799 (HEAL),ExtData[2].Val6,2,9100,1618 (Master Rune of Adamant),Heal,C:\Users\Admin\Downloads\myps\data\bin\abilitycomponentexport.bin,byte 218080,Inferred requirement reference because ExtData[*].Val6 matches a known RequirementId row in abilityrequirementexport.bin.
9100,Inbound,Component,1863,Component 1863 (HEAL),ExtData[2].Val6,2,9100,1606 (Protection of the Ancestors),Heal,C:\Users\Admin\Downloads\myps\data\bin\abilitycomponentexport.bin,byte 229693,Inferred requirement reference because ExtData[*].Val6 matches a known RequirementId row in abilityrequirementexport.bin.
9100,Inbound,Component,1875,Component 1875 (HEAL),ExtData[2].Val6,2,9100,,,C:\Users\Admin\Downloads\myps\data\bin\abilitycomponentexport.bin,byte 231553,Inferred requirement reference because ExtData[*].Val6 matches a known RequirementId row in abilityrequirementexport.bin.
9100,Inbound,Component,1937,Component 1937 (APPLY_ABILITY),ExtData[2].Val6,2,9100,"1901 ('Ey, Quit Bleedin')",Heal,C:\Users\Admin\Downloads\myps\data\bin\abilitycomponentexport.bin,byte 242272,Inferred requirement reference because ExtData[*].Val6 matches a known RequirementId row in abilityrequirementexport.bin.
9100,Inbound,Component,1938,Component 1938 (HEAL),ExtData[7].Val6,7,9100,"3908 ('Ey, Quit Bleedin')",Heal,C:\Users\Admin\Downloads\myps\data\bin\abilitycomponentexport.bin,byte 242471,Inferred requirement reference because ExtData[*].Val6 matches a known RequirementId row in abilityrequirementexport.bin.
9100,Inbound,Component,1939,Component 1939 (HEAL),ExtData[7].Val6,7,9100,"3908 ('Ey, Quit Bleedin')",Heal,C:\Users\Admin\Downloads\myps\data\bin\abilitycomponentexport.bin,byte 242835,Inferred requirement reference because ExtData[*].Val6 matches a known RequirementId row in abilityrequirementexport.bin.
9100,Inbound,Component,1940,Component 1940 (HEAL),ExtData[7].Val6,7,9100,"3908 ('Ey, Quit Bleedin')",Heal,C:\Users\Admin\Downloads\myps\data\bin\abilitycomponentexport.bin,byte 243067,Inferred requirement reference because ExtData[*].Val6 matches a known RequirementId row in abilityrequirementexport.bin.
9100,Inbound,Component,1941,Component 1941 (HEAL),ExtData[7].Val6,7,9100,"3908 ('Ey, Quit Bleedin')",Heal,C:\Users\Admin\Downloads\myps\data\bin\abilitycomponentexport.bin,byte 243299,Inferred requirement reference because ExtData[*].Val6 matches a known RequirementId row in abilityrequirementexport.bin.
9100,Inbound,Component,1942,Component 1942 (HEAL),ExtData[7].Val6,7,9100,"3908 ('Ey, Quit Bleedin')",Heal,C:\Users\Admin\Downloads\myps\data\bin\abilitycomponentexport.bin,byte 243531,Inferred requirement reference because ExtData[*].Val6 matches a known RequirementId row in abilityrequirementexport.bin.
9100,Inbound,Component,1943,Component 1943 (HEAL),ExtData[7].Val6,7,9100,"3908 ('Ey, Quit Bleedin')",Heal,C:\Users\Admin\Downloads\myps\data\bin\abilitycomponentexport.bin,byte 243763,Inferred requirement reference because ExtData[*].Val6 matches a known RequirementId row in abilityrequirementexport.bin.
9100,Inbound,Component,3055,Component 3055 (HEAL),ExtData[2].Val6,2,9100,3416 (Sigmar's Favor),,C:\Users\Admin\Downloads\myps\data\bin\abilitycomponentexport.bin,byte 266249,Inferred requirement reference because ExtData[*].Val6 matches a known RequirementId row in abilityrequirementexport.bin.
9100,Inbound,Component,3060,Component 3060 (MORALE_CHANGE),ExtData[2].Val6,2,9100,3420 (Strength In Numbas),,C:\Users\Admin\Downloads\myps\data\bin\abilitycomponentexport.bin,byte 267178,Inferred requirement reference because ExtData[*].Val6 matches a known RequirementId row in abilityrequirementexport.bin.
9100,Inbound,Component,3075,Component 3075 (HEAL),ExtData[1].Val6,1,9100,"3578 (Ignore the Sparklies), 3993 (Cleansing Vitality)",Heal,C:\Users\Admin\Downloads\myps\data\bin\abilitycomponentexport.bin,byte 269866,Inferred requirement reference because ExtData[*].Val6 matches a known RequirementId row in abilityrequirementexport.bin.
9100,Inbound,Component,3095,Component 3095 (HEAL),ExtData[1].Val6,1,9100,1951 (Pass It On),Heal,C:\Users\Admin\Downloads\myps\data\bin\abilitycomponentexport.bin,byte 273450,Inferred requirement reference because ExtData[*].Val6 matches a known RequirementId row in abilityrequirementexport.bin.
9100,Inbound,Component,3142,Component 3142 (HEAL),ExtData[2].Val6,2,9100,1409 (Avalanche),Heal,C:\Users\Admin\Downloads\myps\data\bin\abilitycomponentexport.bin,byte 281780,Inferred requirement reference because ExtData[*].Val6 matches a known RequirementId row in abilityrequirementexport.bin.
9100,Inbound,Component,3179,Component 3179 (HEAL),ExtData[2].Val6,2,9100,"3552 (Lingering Gork'll Fix It), 3553 (Lingering Divine Aid), 3554 (Lingering Dark Medicine), 3558 (Lingering Healing Energy), 3695 (Lingering Restore Essence)",Heal,C:\Users\Admin\Downloads\myps\data\bin\abilitycomponentexport.bin,byte 288582,Inferred requirement reference because ExtData[*].Val6 matches a known RequirementId row in abilityrequirementexport.bin.
9100,Inbound,Component,3303,Component 3303 (HEAL),ExtData[1].Val6,1,9100,12 (Spore Cloud),"Damage, Heal",C:\Users\Admin\Downloads\myps\data\bin\abilitycomponentexport.bin,byte 308242,Inferred requirement reference because ExtData[*].Val6 matches a known RequirementId row in abilityrequirementexport.bin.
9100,Inbound,Component,3304,Component 3304 (HEAL),ExtData[1].Val6,1,9100,12 (Spore Cloud),"Damage, Heal",C:\Users\Admin\Downloads\myps\data\bin\abilitycomponentexport.bin,byte 308474,Inferred requirement reference because ExtData[*].Val6 matches a known RequirementId row in abilityrequirementexport.bin.
9100,Inbound,Component,3427,Component 3427 (HEAL),ExtData[2].Val6,2,9100,1863 (Da Smell Don't Bother Me),Heal,C:\Users\Admin\Downloads\myps\data\bin\abilitycomponentexport.bin,byte 328562,Inferred requirement reference because ExtData[*].Val6 matches a known RequirementId row in abilityrequirementexport.bin.
9100,Inbound,Component,3442,Component 3442 (APPLY_ABILITY),ExtData[1].Val6,1,9100,1926 (Do Sumfin Useful),Heal,C:\Users\Admin\Downloads\myps\data\bin\abilitycomponentexport.bin,byte 330821,Inferred requirement reference because ExtData[*].Val6 matches a known RequirementId row in abilityrequirementexport.bin.
9100,Inbound,Component,3497,Component 3497 (HEAL),ExtData[2].Val6,2,9100,1794 (Longer and Stronger),Heal,C:\Users\Admin\Downloads\myps\data\bin\abilitycomponentexport.bin,byte 341169,Inferred requirement reference because ExtData[*].Val6 matches a known RequirementId row in abilityrequirementexport.bin.
9100,Inbound,Component,3498,Component 3498 (HEAL),ExtData[2].Val6,2,9100,1794 (Longer and Stronger),Heal,C:\Users\Admin\Downloads\myps\data\bin\abilitycomponentexport.bin,byte 341401,Inferred requirement reference because ExtData[*].Val6 matches a known RequirementId row in abilityrequirementexport.bin.
9100,Inbound,Component,3725,Component 3725 (HEAL),ExtData[2].Val6,2,9100,1488 (Takin' Chances),Heal,C:\Users\Admin\Downloads\myps\data\bin\abilitycomponentexport.bin,byte 384952,Inferred requirement reference because ExtData[*].Val6 matches a known RequirementId row in abilityrequirementexport.bin.
9100,Inbound,Component,3726,Component 3726 (HEAL),ExtData[2].Val6,2,9100,1488 (Takin' Chances),Heal,C:\Users\Admin\Downloads\myps\data\bin\abilitycomponentexport.bin,byte 385184,Inferred requirement reference because ExtData[*].Val6 matches a known RequirementId row in abilityrequirementexport.bin.
9100,Inbound,Component,8045,Component 8045 (HEAL),ExtData[2].Val6,2,9100,,,C:\Users\Admin\Downloads\myps\data\bin\abilitycomponentexport.bin,byte 449325,Inferred requirement reference because ExtData[*].Val6 matches a known RequirementId row in abilityrequirementexport.bin.
9100,Inbound,Component,8056,Component 8056 (HEAL),ExtData[2].Val6,2,9100,,,C:\Users\Admin\Downloads\myps\data\bin\abilitycomponentexport.bin,byte 451250,Inferred requirement reference because ExtData[*].Val6 matches a known RequirementId row in abilityrequirementexport.bin.
9100,Inbound,Component,8057,Component 8057 (HEAL),ExtData[2].Val6,2,9100,,,C:\Users\Admin\Downloads\myps\data\bin\abilitycomponentexport.bin,byte 451449,Inferred requirement reference because ExtData[*].Val6 matches a known RequirementId row in abilityrequirementexport.bin.
9100,Inbound,Component,8060,Component 8060 (HEAL),ExtData[2].Val6,2,9100,,,C:\Users\Admin\Downloads\myps\data\bin\abilitycomponentexport.bin,byte 451980,Inferred requirement reference because ExtData[*].Val6 matches a known RequirementId row in abilityrequirementexport.bin.
9100,Inbound,Component,8081,Component 8081 (HEAL),ExtData[2].Val6,2,9100,,,C:\Users\Admin\Downloads\myps\data\bin\abilitycomponentexport.bin,byte 455466,Inferred requirement reference because ExtData[*].Val6 matches a known RequirementId row in abilityrequirementexport.bin.
9100,Inbound,Component,8114,Component 8114 (HEAL),ExtData[2].Val6,2,9100,,,C:\Users\Admin\Downloads\myps\data\bin\abilitycomponentexport.bin,byte 460614,Inferred requirement reference because ExtData[*].Val6 matches a known RequirementId row in abilityrequirementexport.bin.
9100,Inbound,Component,8122,Component 8122 (HEAL),ExtData[2].Val6,2,9100,,,C:\Users\Admin\Downloads\myps\data\bin\abilitycomponentexport.bin,byte 461942,Inferred requirement reference because ExtData[*].Val6 matches a known RequirementId row in abilityrequirementexport.bin.
9100,Inbound,Component,8155,Component 8155 (HEAL),ExtData[2].Val6,2,9100,,,C:\Users\Admin\Downloads\myps\data\bin\abilitycomponentexport.bin,byte 467156,Inferred requirement reference because ExtData[*].Val6 matches a known RequirementId row in abilityrequirementexport.bin.
9100,Inbound,Component,8176,Component 8176 (HEAL),ExtData[2].Val6,2,9100,,,C:\Users\Admin\Downloads\myps\data\bin\abilitycomponentexport.bin,byte 470576,Inferred requirement reference because ExtData[*].Val6 matches a known RequirementId row in abilityrequirementexport.bin.
9100,Inbound,Component,8177,Component 8177 (HEAL),ExtData[2].Val6,2,9100,8562 (Dust of Pandemonium),Heal,C:\Users\Admin\Downloads\myps\data\bin\abilitycomponentexport.bin,byte 470775,Inferred requirement reference because ExtData[*].Val6 matches a known RequirementId row in abilityrequirementexport.bin.
9100,Inbound,Component,8178,Component 8178 (HEAL),ExtData[2].Val6,2,9100,8558 (Tzeentch's Cordial),Heal,C:\Users\Admin\Downloads\myps\data\bin\abilitycomponentexport.bin,byte 471007,Inferred requirement reference because ExtData[*].Val6 matches a known RequirementId row in abilityrequirementexport.bin.
9100,Inbound,Component,8179,Component 8179 (HEAL),ExtData[2].Val6,2,9100,97 (Channel Test: Maintain),,C:\Users\Admin\Downloads\myps\data\bin\abilitycomponentexport.bin,byte 471206,Inferred requirement reference because ExtData[*].Val6 matches a known RequirementId row in abilityrequirementexport.bin.
9100,Inbound,Component,8387,Component 8387 (HEAL),ExtData[2].Val6,2,9100,,,C:\Users\Admin\Downloads\myps\data\bin\abilitycomponentexport.bin,byte 506031,Inferred requirement reference because ExtData[*].Val6 matches a known RequirementId row in abilityrequirementexport.bin.
9100,Inbound,Component,8702,Component 8702 (HEAL),ExtData[2].Val6,2,9100,8558 (Tzeentch's Cordial),Heal,C:\Users\Admin\Downloads\myps\data\bin\abilitycomponentexport.bin,byte 562479,Inferred requirement reference because ExtData[*].Val6 matches a known RequirementId row in abilityrequirementexport.bin.
9100,Inbound,Component,8718,Component 8718 (STAT_CHANGE),ExtData[2].Val6,2,9100,"1606 (Protection of the Ancestors), 8561 (Daemonic Fortitude)",Heal,C:\Users\Admin\Downloads\myps\data\bin\abilitycomponentexport.bin,byte 565366,Inferred requirement reference because ExtData[*].Val6 matches a known RequirementId row in abilityrequirementexport.bin.
9100,Inbound,Component,8719,Component 8719 (HEAL),ExtData[2].Val6,2,9100,8561 (Daemonic Fortitude),Heal,C:\Users\Admin\Downloads\myps\data\bin\abilitycomponentexport.bin,byte 565565,Inferred requirement reference because ExtData[*].Val6 matches a known RequirementId row in abilityrequirementexport.bin.
9100,Inbound,Component,8720,Component 8720 (HEAL),ExtData[2].Val6,2,9100,,,C:\Users\Admin\Downloads\myps\data\bin\abilitycomponentexport.bin,byte 565764,Inferred requirement reference because ExtData[*].Val6 matches a known RequirementId row in abilityrequirementexport.bin.
9100,Inbound,Component,8721,Component 8721 (AP_CHANGE),ExtData[2].Val6,2,9100,,,C:\Users\Admin\Downloads\myps\data\bin\abilitycomponentexport.bin,byte 565930,Inferred requirement reference because ExtData[*].Val6 matches a known RequirementId row in abilityrequirementexport.bin.
9100,Inbound,Component,8722,Component 8722 (BONUS_TYPE_ADJUST),ExtData[2].Val6,2,9100,8564 (Veil of Chaos),"Damage, Heal",C:\Users\Admin\Downloads\myps\data\bin\abilitycomponentexport.bin,byte 566096,Inferred requirement reference because ExtData[*].Val6 matches a known RequirementId row in abilityrequirementexport.bin.
9100,Inbound,Component,8738,Component 8738 (HEAL),ExtData[0].Val6,0,9100,3860 (Transference),,C:\Users\Admin\Downloads\myps\data\bin\abilitycomponentexport.bin,byte 568785,Inferred requirement reference because ExtData[*].Val6 matches a known RequirementId row in abilityrequirementexport.bin.
9100,Inbound,Component,8753,Component 8753 (HEAL),ExtData[3].Val6,3,9100,,,C:\Users\Admin\Downloads\myps\data\bin\abilitycomponentexport.bin,byte 571770,Inferred requirement reference because ExtData[*].Val6 matches a known RequirementId row in abilityrequirementexport.bin.
9100,Inbound,Component,8768,Component 8768 (HEAL),ExtData[2].Val6,2,9100,,,C:\Users\Admin\Downloads\myps\data\bin\abilitycomponentexport.bin,byte 574392,Inferred requirement reference because ExtData[*].Val6 matches a known RequirementId row in abilityrequirementexport.bin.
9100,Inbound,Component,8772,Component 8772 (HEAL),ExtData[2].Val6,2,9100,8247 (Touch of the Divine),Heal,C:\Users\Admin\Downloads\myps\data\bin\abilitycomponentexport.bin,byte 575023,Inferred requirement reference because ExtData[*].Val6 matches a known RequirementId row in abilityrequirementexport.bin.
9100,Inbound,Component,8781,Component 8781 (BONUS_TYPE_ADJUST),ExtData[2].Val6,2,9100,,,C:\Users\Admin\Downloads\myps\data\bin\abilitycomponentexport.bin,byte 576550,Inferred requirement reference because ExtData[*].Val6 matches a known RequirementId row in abilityrequirementexport.bin.
9100,Inbound,Component,8798,Component 8798 (EVENT_LISTENER),ExtData[2].Val6,2,9100,,,C:\Users\Admin\Downloads\myps\data\bin\abilitycomponentexport.bin,byte 579141,Inferred requirement reference because ExtData[*].Val6 matches a known RequirementId row in abilityrequirementexport.bin.
9100,Inbound,Component,8856,Component 8856 (EVENT_LISTENER),ExtData[2].Val6,2,9100,,,C:\Users\Admin\Downloads\myps\data\bin\abilitycomponentexport.bin,byte 588471,Inferred requirement reference because ExtData[*].Val6 matches a known RequirementId row in abilityrequirementexport.bin.
9100,Inbound,Component,8987,Component 8987 (HEAL),ExtData[2].Val6,2,9100,,,C:\Users\Admin\Downloads\myps\data\bin\abilitycomponentexport.bin,byte 611603,Inferred requirement reference because ExtData[*].Val6 matches a known RequirementId row in abilityrequirementexport.bin.
9100,Inbound,Component,9119,Component 9119 (HEAL),ExtData[1].Val6,1,9100,8266 (Martyr's Blessing),Heal,C:\Users\Admin\Downloads\myps\data\bin\abilitycomponentexport.bin,byte 634108,Inferred requirement reference because ExtData[*].Val6 matches a known RequirementId row in abilityrequirementexport.bin.
9100,Inbound,Component,9121,Component 9121 (HEAL),ExtData[0].Val6,0,9100,3752 (Sigmar's Shield),,C:\Users\Admin\Downloads\myps\data\bin\abilitycomponentexport.bin,byte 634473,Inferred requirement reference because ExtData[*].Val6 matches a known RequirementId row in abilityrequirementexport.bin.
9100,Inbound,Component,9129,Component 9129 (HEAL),ExtData[1].Val6,1,9100,"3016 (Rune of Serenity), 3998 (Leaping Alteration)",Heal,C:\Users\Admin\Downloads\myps\data\bin\abilitycomponentexport.bin,byte 635735,Inferred requirement reference because ExtData[*].Val6 matches a known RequirementId row in abilityrequirementexport.bin.
9100,Inbound,Component,9130,Component 9130 (HEAL),ExtData[2].Val6,2,9100,3017 (Rune of Serenity),Heal,C:\Users\Admin\Downloads\myps\data\bin\abilitycomponentexport.bin,byte 635934,Inferred requirement reference because ExtData[*].Val6 matches a known RequirementId row in abilityrequirementexport.bin.
9100,Inbound,Component,9153,Component 9153 (HEAL),ExtData[3].Val6,3,9100,,,C:\Users\Admin\Downloads\myps\data\bin\abilitycomponentexport.bin,byte 639917,Inferred requirement reference because ExtData[*].Val6 matches a known RequirementId row in abilityrequirementexport.bin.
9100,Inbound,Component,9175,Component 9175 (HEAL),ExtData[2].Val6,2,9100,"1599 (Rune of Mending), 1898 (Gork'll Fix It), 8238 (Divine Aid), 8549 (Dark Medicine), 9236 (Healing Energy), 9548 (Restore Essence)",Heal,C:\Users\Admin\Downloads\myps\data\bin\abilitycomponentexport.bin,byte 643635,Inferred requirement reference because ExtData[*].Val6 matches a known RequirementId row in abilityrequirementexport.bin.
9100,Inbound,Component,9297,Component 9297 (HEAL),ExtData[2].Val6,2,9100,"8244 (Divine Assault), 9554 (Rend Soul)","Damage, Heal",C:\Users\Admin\Downloads\myps\data\bin\abilitycomponentexport.bin,byte 663819,Inferred requirement reference because ExtData[*].Val6 matches a known RequirementId row in abilityrequirementexport.bin.
9100,Inbound,Component,9480,Component 9480 (APPLY_ABILITY),ExtData[2].Val6,2,9100,8557 (Leaping Alteration),Heal,C:\Users\Admin\Downloads\myps\data\bin\abilitycomponentexport.bin,byte 696469,Inferred requirement reference because ExtData[*].Val6 matches a known RequirementId row in abilityrequirementexport.bin.
9100,Inbound,Component,9482,Component 9482 (APPLY_ABILITY),ExtData[1].Val6,1,9100,8557 (Leaping Alteration),Heal,C:\Users\Admin\Downloads\myps\data\bin\abilitycomponentexport.bin,byte 696900,Inferred requirement reference because ExtData[*].Val6 matches a known RequirementId row in abilityrequirementexport.bin.
9100,Inbound,Component,9486,Component 9486 (HEAL),ExtData[2].Val6,2,9100,3999 (Tzeentch's Grip),Heal,C:\Users\Admin\Downloads\myps\data\bin\abilitycomponentexport.bin,byte 697597,Inferred requirement reference because ExtData[*].Val6 matches a known RequirementId row in abilityrequirementexport.bin.
9100,Inbound,Component,9619,Component 9619 (HEAL),ExtData[3].Val6,3,9100,,,C:\Users\Admin\Downloads\myps\data\bin\abilitycomponentexport.bin,byte 720070,Inferred requirement reference because ExtData[*].Val6 matches a known RequirementId row in abilityrequirementexport.bin.
9100,Inbound,Component,9634,Component 9634 (HEAL),ExtData[2].Val6,2,9100,,,C:\Users\Admin\Downloads\myps\data\bin\abilitycomponentexport.bin,byte 722659,Inferred requirement reference because ExtData[*].Val6 matches a known RequirementId row in abilityrequirementexport.bin.
9100,Inbound,Component,9682,Component 9682 (BONUS_TYPE_ADJUST),ExtData[2].Val6,2,9100,8068 (Guardian of Light),Damage,C:\Users\Admin\Downloads\myps\data\bin\abilitycomponentexport.bin,byte 732376,Inferred requirement reference because ExtData[*].Val6 matches a known RequirementId row in abilityrequirementexport.bin.
9100,Inbound,Component,9895,Component 9895 (HEAL),ExtData[2].Val6,2,9100,"1586 (Rune of Striking), 8548 (Scourge)",Damage,C:\Users\Admin\Downloads\myps\data\bin\abilitycomponentexport.bin,byte 768361,Inferred requirement reference because ExtData[*].Val6 matches a known RequirementId row in abilityrequirementexport.bin.
9100,Inbound,Component,10152,Component 10152 (HEAL),ExtData[2].Val6,2,9100,10392 (Caretaker),Heal,C:\Users\Admin\Downloads\myps\data\bin\abilitycomponentexport.bin,byte 1385848,Inferred requirement reference because ExtData[*].Val6 matches a known RequirementId row in abilityrequirementexport.bin.
9100,Inbound,Component,10153,Component 10153 (HEAL),ExtData[2].Val6,2,9100,10703 (Martyr),Heal,C:\Users\Admin\Downloads\myps\data\bin\abilitycomponentexport.bin,byte 1386080,Inferred requirement reference because ExtData[*].Val6 matches a known RequirementId row in abilityrequirementexport.bin.
9100,Inbound,Component,10642,Component 10642 (HEAL),ExtData[1].Val6,1,9100,10776 (Divine Favor),,C:\Users\Admin\Downloads\myps\data\bin\abilitycomponentexport.bin,byte 1475273,Inferred requirement reference because ExtData[*].Val6 matches a known RequirementId row in abilityrequirementexport.bin.
9100,Inbound,Component,11218,Component 11218 (HEAL),ExtData[2].Val6,2,9100,"3803 (Khaine's Embrace), 9557 (Khaine's Embrace)",Heal,C:\Users\Admin\Downloads\myps\data\bin\abilitycomponentexport.bin,byte 827646,Inferred requirement reference because ExtData[*].Val6 matches a known RequirementId row in abilityrequirementexport.bin.
9100,Inbound,Component,11219,Component 11219 (HEAL),ExtData[2].Val6,2,9100,,,C:\Users\Admin\Downloads\myps\data\bin\abilitycomponentexport.bin,byte 827878,Inferred requirement reference because ExtData[*].Val6 matches a known RequirementId row in abilityrequirementexport.bin.
9100,Inbound,Component,11245,Component 11245 (HEAL),ExtData[2].Val6,2,9100,3802 (Khaine's Vigor),Heal,C:\Users\Admin\Downloads\myps\data\bin\abilitycomponentexport.bin,byte 832293,Inferred requirement reference because ExtData[*].Val6 matches a known RequirementId row in abilityrequirementexport.bin.
9100,Inbound,Component,11246,Component 11246 (HEAL),ExtData[2].Val6,2,9100,3672 (Oath Rune Of Healing),Heal,C:\Users\Admin\Downloads\myps\data\bin\abilitycomponentexport.bin,byte 832525,Inferred requirement reference because ExtData[*].Val6 matches a known RequirementId row in abilityrequirementexport.bin.
9100,Inbound,Component,11247,Component 11247 (HEAL),ExtData[2].Val6,2,9100,,,C:\Users\Admin\Downloads\myps\data\bin\abilitycomponentexport.bin,byte 832724,Inferred requirement reference because ExtData[*].Val6 matches a known RequirementId row in abilityrequirementexport.bin.
9100,Inbound,Component,11251,Component 11251 (HEAL),ExtData[2].Val6,2,9100,,,C:\Users\Admin\Downloads\myps\data\bin\abilitycomponentexport.bin,byte 833454,Inferred requirement reference because ExtData[*].Val6 matches a known RequirementId row in abilityrequirementexport.bin.
9100,Inbound,Component,11360,Component 11360 (HEAL),ExtData[2].Val6,2,9100,"3365 (Healing Hand), 3366 (Soul Infusion)",Heal,C:\Users\Admin\Downloads\myps\data\bin\abilitycomponentexport.bin,byte 853693,Inferred requirement reference because ExtData[*].Val6 matches a known RequirementId row in abilityrequirementexport.bin.
9100,Inbound,Component,11364,Component 11364 (HEAL),ExtData[2].Val6,2,9100,,,C:\Users\Admin\Downloads\myps\data\bin\abilitycomponentexport.bin,byte 854423,Inferred requirement reference because ExtData[*].Val6 matches a known RequirementId row in abilityrequirementexport.bin.
9100,Inbound,Component,11367,Component 11367 (HEAL),ExtData[2].Val6,2,9100,9245 (Blessing of Isha),Heal,C:\Users\Admin\Downloads\myps\data\bin\abilitycomponentexport.bin,byte 854987,Inferred requirement reference because ExtData[*].Val6 matches a known RequirementId row in abilityrequirementexport.bin.
9100,Inbound,Component,11389,Component 11389 (BONUS_TYPE_ADJUST),ExtData[1].Val6,1,9100,,,C:\Users\Admin\Downloads\myps\data\bin\abilitycomponentexport.bin,byte 858705,Inferred requirement reference because ExtData[*].Val6 matches a known RequirementId row in abilityrequirementexport.bin.
9100,Inbound,Component,11420,Component 11420 (HEAL),ExtData[2].Val6,2,9100,9308 (Winds' Protection),"Damage, Heal",C:\Users\Admin\Downloads\myps\data\bin\abilitycomponentexport.bin,byte 864280,Inferred requirement reference because ExtData[*].Val6 matches a known RequirementId row in abilityrequirementexport.bin.
9100,Inbound,Component,11683,Component 11683 (HEAL),ExtData[2].Val6,2,9100,,,C:\Users\Admin\Downloads\myps\data\bin\abilitycomponentexport.bin,byte 908329,Inferred requirement reference because ExtData[*].Val6 matches a known RequirementId row in abilityrequirementexport.bin.
9100,Inbound,Component,11949,Component 11949 (HEAL),ExtData[3].Val6,3,9100,,,C:\Users\Admin\Downloads\myps\data\bin\abilitycomponentexport.bin,byte 953897,Inferred requirement reference because ExtData[*].Val6 matches a known RequirementId row in abilityrequirementexport.bin.
9100,Inbound,Component,11958,Component 11958 (HEAL),ExtData[1].Val6,1,9100,9579 (Khaine's Refreshment),Heal,C:\Users\Admin\Downloads\myps\data\bin\abilitycomponentexport.bin,byte 955424,Inferred requirement reference because ExtData[*].Val6 matches a known RequirementId row in abilityrequirementexport.bin.
9100,Inbound,Component,11969,Component 11969 (HEAL),ExtData[0].Val6,0,9100,9257 (Balance Essence),"Damage, Heal",C:\Users\Admin\Downloads\myps\data\bin\abilitycomponentexport.bin,byte 957117,Inferred requirement reference because ExtData[*].Val6 matches a known RequirementId row in abilityrequirementexport.bin.
9100,Inbound,Component,12006,Component 12006 (HEAL),ExtData[1].Val6,1,9100,3367 (Devour Essence),,C:\Users\Admin\Downloads\myps\data\bin\abilitycomponentexport.bin,byte 963556,Inferred requirement reference because ExtData[*].Val6 matches a known RequirementId row in abilityrequirementexport.bin.
9100,Inbound,Component,12096,Component 12096 (APPLY_ABILITY),ExtData[1].Val6,1,9100,9238 (Lambent Aura),Heal,C:\Users\Admin\Downloads\myps\data\bin\abilitycomponentexport.bin,byte 980637,Inferred requirement reference because ExtData[*].Val6 matches a known RequirementId row in abilityrequirementexport.bin.
9100,Inbound,Component,12097,Component 12097 (HEAL),ExtData[6].Val6,6,9100,3914 (Lambent Aura),Heal,C:\Users\Admin\Downloads\myps\data\bin\abilitycomponentexport.bin,byte 980836,Inferred requirement reference because ExtData[*].Val6 matches a known RequirementId row in abilityrequirementexport.bin.
9100,Inbound,Component,12098,Component 12098 (HEAL),ExtData[2].Val6,2,9100,3914 (Lambent Aura),Heal,C:\Users\Admin\Downloads\myps\data\bin\abilitycomponentexport.bin,byte 981200,Inferred requirement reference because ExtData[*].Val6 matches a known RequirementId row in abilityrequirementexport.bin.
9100,Inbound,Component,12099,Component 12099 (HEAL),ExtData[2].Val6,2,9100,3914 (Lambent Aura),Heal,C:\Users\Admin\Downloads\myps\data\bin\abilitycomponentexport.bin,byte 981432,Inferred requirement reference because ExtData[*].Val6 matches a known RequirementId row in abilityrequirementexport.bin.
9100,Inbound,Component,12100,Component 12100 (HEAL),ExtData[2].Val6,2,9100,3914 (Lambent Aura),Heal,C:\Users\Admin\Downloads\myps\data\bin\abilitycomponentexport.bin,byte 981664,Inferred requirement reference because ExtData[*].Val6 matches a known RequirementId row in abilityrequirementexport.bin.
9100,Inbound,Component,12101,Component 12101 (HEAL),ExtData[2].Val6,2,9100,3914 (Lambent Aura),Heal,C:\Users\Admin\Downloads\myps\data\bin\abilitycomponentexport.bin,byte 981896,Inferred requirement reference because ExtData[*].Val6 matches a known RequirementId row in abilityrequirementexport.bin.
9100,Inbound,Component,12102,Component 12102 (HEAL),ExtData[2].Val6,2,9100,3914 (Lambent Aura),Heal,C:\Users\Admin\Downloads\myps\data\bin\abilitycomponentexport.bin,byte 982128,Inferred requirement reference because ExtData[*].Val6 matches a known RequirementId row in abilityrequirementexport.bin.
9100,Inbound,Component,12118,Component 12118 (HEAL),ExtData[6].Val6,6,9100,"3917 (Funnel Essence), 9258 (Funnel Essence)",Heal,C:\Users\Admin\Downloads\myps\data\bin\abilitycomponentexport.bin,byte 985708,Inferred requirement reference because ExtData[*].Val6 matches a known RequirementId row in abilityrequirementexport.bin.
9100,Inbound,Component,12119,Component 12119 (HEAL),ExtData[2].Val6,2,9100,"3917 (Funnel Essence), 9258 (Funnel Essence)",Heal,C:\Users\Admin\Downloads\myps\data\bin\abilitycomponentexport.bin,byte 986072,Inferred requirement reference because ExtData[*].Val6 matches a known RequirementId row in abilityrequirementexport.bin.
9100,Inbound,Component,12120,Component 12120 (HEAL),ExtData[2].Val6,2,9100,"3917 (Funnel Essence), 9258 (Funnel Essence)",Heal,C:\Users\Admin\Downloads\myps\data\bin\abilitycomponentexport.bin,byte 986304,Inferred requirement reference because ExtData[*].Val6 matches a known RequirementId row in abilityrequirementexport.bin.
9100,Inbound,Component,12121,Component 12121 (HEAL),ExtData[2].Val6,2,9100,"3917 (Funnel Essence), 9258 (Funnel Essence)",Heal,C:\Users\Admin\Downloads\myps\data\bin\abilitycomponentexport.bin,byte 986536,Inferred requirement reference because ExtData[*].Val6 matches a known RequirementId row in abilityrequirementexport.bin.
9100,Inbound,Component,12122,Component 12122 (HEAL),ExtData[2].Val6,2,9100,"3917 (Funnel Essence), 9258 (Funnel Essence)",Heal,C:\Users\Admin\Downloads\myps\data\bin\abilitycomponentexport.bin,byte 986768,Inferred requirement reference because ExtData[*].Val6 matches a known RequirementId row in abilityrequirementexport.bin.
9100,Inbound,Component,12123,Component 12123 (HEAL),ExtData[2].Val6,2,9100,"3917 (Funnel Essence), 9258 (Funnel Essence)",Heal,C:\Users\Admin\Downloads\myps\data\bin\abilitycomponentexport.bin,byte 987000,Inferred requirement reference because ExtData[*].Val6 matches a known RequirementId row in abilityrequirementexport.bin.
9100,Inbound,Component,12124,Component 12124 (APPLY_ABILITY),ExtData[2].Val6,2,9100,,,C:\Users\Admin\Downloads\myps\data\bin\abilitycomponentexport.bin,byte 987232,Inferred requirement reference because ExtData[*].Val6 matches a known RequirementId row in abilityrequirementexport.bin.
9100,Inbound,Component,12132,Component 12132 (BONUS_TYPE_ADJUST),ExtData[1].Val6,1,9100,3919 (Shield of Saphery),Damage,C:\Users\Admin\Downloads\myps\data\bin\abilitycomponentexport.bin,byte 989121,Inferred requirement reference because ExtData[*].Val6 matches a known RequirementId row in abilityrequirementexport.bin.
9100,Inbound,Component,12133,Component 12133 (BONUS_TYPE_ADJUST),ExtData[1].Val6,1,9100,3919 (Shield of Saphery),Damage,C:\Users\Admin\Downloads\myps\data\bin\abilitycomponentexport.bin,byte 989518,Inferred requirement reference because ExtData[*].Val6 matches a known RequirementId row in abilityrequirementexport.bin.
9100,Inbound,Component,12134,Component 12134 (BONUS_TYPE_ADJUST),ExtData[1].Val6,1,9100,3919 (Shield of Saphery),Damage,C:\Users\Admin\Downloads\myps\data\bin\abilitycomponentexport.bin,byte 989783,Inferred requirement reference because ExtData[*].Val6 matches a known RequirementId row in abilityrequirementexport.bin.
9100,Inbound,Component,12135,Component 12135 (BONUS_TYPE_ADJUST),ExtData[1].Val6,1,9100,3919 (Shield of Saphery),Damage,C:\Users\Admin\Downloads\myps\data\bin\abilitycomponentexport.bin,byte 990048,Inferred requirement reference because ExtData[*].Val6 matches a known RequirementId row in abilityrequirementexport.bin.
9100,Inbound,Component,12136,Component 12136 (BONUS_TYPE_ADJUST),ExtData[1].Val6,1,9100,3919 (Shield of Saphery),Damage,C:\Users\Admin\Downloads\myps\data\bin\abilitycomponentexport.bin,byte 990313,Inferred requirement reference because ExtData[*].Val6 matches a known RequirementId row in abilityrequirementexport.bin.
9100,Inbound,Component,12137,Component 12137 (BONUS_TYPE_ADJUST),ExtData[1].Val6,1,9100,3919 (Shield of Saphery),Damage,C:\Users\Admin\Downloads\myps\data\bin\abilitycomponentexport.bin,byte 990578,Inferred requirement reference because ExtData[*].Val6 matches a known RequirementId row in abilityrequirementexport.bin.
9100,Inbound,Component,12290,Component 12290 (HEAL),ExtData[0].Val6,0,9100,"3909 (Bleed Fer' Me), 3910 (Bleed Fer' Me), 3968 (Transfer Force), 3969 (Transfer Force)",,C:\Users\Admin\Downloads\myps\data\bin\abilitycomponentexport.bin,byte 1016141,Inferred requirement reference because ExtData[*].Val6 matches a known RequirementId row in abilityrequirementexport.bin.
9100,Inbound,Component,12710,Component 12710 (HEAL),ExtData[3].Val6,3,9100,9316 (Feeding On Weakness),"Damage, Heal",C:\Users\Admin\Downloads\myps\data\bin\abilitycomponentexport.bin,byte 1088194,Inferred requirement reference because ExtData[*].Val6 matches a known RequirementId row in abilityrequirementexport.bin.
9100,Inbound,Component,12711,Component 12711 (HEAL),ExtData[3].Val6,3,9100,9316 (Feeding On Weakness),"Damage, Heal",C:\Users\Admin\Downloads\myps\data\bin\abilitycomponentexport.bin,byte 1088459,Inferred requirement reference because ExtData[*].Val6 matches a known RequirementId row in abilityrequirementexport.bin.
9100,Inbound,Component,12712,Component 12712 (HEAL),ExtData[3].Val6,3,9100,9316 (Feeding On Weakness),"Damage, Heal",C:\Users\Admin\Downloads\myps\data\bin\abilitycomponentexport.bin,byte 1088724,Inferred requirement reference because ExtData[*].Val6 matches a known RequirementId row in abilityrequirementexport.bin.
9100,Inbound,Component,12779,Component 12779 (APPLY_ABILITY),ExtData[2].Val6,2,9100,8241 (Healing Hand),Heal,C:\Users\Admin\Downloads\myps\data\bin\abilitycomponentexport.bin,byte 1100009,Inferred requirement reference because ExtData[*].Val6 matches a known RequirementId row in abilityrequirementexport.bin.
9100,Inbound,Component,12780,Component 12780 (APPLY_ABILITY),ExtData[2].Val6,2,9100,9550 (Soul Infusion),Heal,C:\Users\Admin\Downloads\myps\data\bin\abilitycomponentexport.bin,byte 1100208,Inferred requirement reference because ExtData[*].Val6 matches a known RequirementId row in abilityrequirementexport.bin.
9100,Inbound,Component,12781,Component 12781 (APPLY_ABILITY),ExtData[2].Val6,2,9100,9443 (Sharpened Edge),Damage,C:\Users\Admin\Downloads\myps\data\bin\abilitycomponentexport.bin,byte 1100407,Inferred requirement reference because ExtData[*].Val6 matches a known RequirementId row in abilityrequirementexport.bin.
9100,Inbound,Component,12782,Component 12782 (EFFECT_BUFF),ExtData[2].Val6,2,9100,3356 (Sharpened Edge BLOCKER),,C:\Users\Admin\Downloads\myps\data\bin\abilitycomponentexport.bin,byte 1100573,Inferred requirement reference because ExtData[*].Val6 matches a known RequirementId row in abilityrequirementexport.bin.
9100,Inbound,Component,12865,Component 12865 (HEAL),ExtData[1].Val6,1,9100,"3172 (Fury of Da Green), 3175 (Energy of Vaul)",,C:\Users\Admin\Downloads\myps\data\bin\abilitycomponentexport.bin,byte 1113620,Inferred requirement reference because ExtData[*].Val6 matches a known RequirementId row in abilityrequirementexport.bin.
9100,Inbound,Component,12874,Component 12874 (HEAL),ExtData[0].Val6,0,9100,"3909 (Bleed Fer' Me), 3968 (Transfer Force)",,C:\Users\Admin\Downloads\myps\data\bin\abilitycomponentexport.bin,byte 1115015,Inferred requirement reference because ExtData[*].Val6 matches a known RequirementId row in abilityrequirementexport.bin.
9100,Inbound,Component,12875,Component 12875 (HEAL),ExtData[0].Val6,0,9100,"3909 (Bleed Fer' Me), 3968 (Transfer Force)",,C:\Users\Admin\Downloads\myps\data\bin\abilitycomponentexport.bin,byte 1115181,Inferred requirement reference because ExtData[*].Val6 matches a known RequirementId row in abilityrequirementexport.bin.
9100,Inbound,Component,12876,Component 12876 (HEAL),ExtData[0].Val6,0,9100,"3909 (Bleed Fer' Me), 3968 (Transfer Force)",,C:\Users\Admin\Downloads\myps\data\bin\abilitycomponentexport.bin,byte 1115347,Inferred requirement reference because ExtData[*].Val6 matches a known RequirementId row in abilityrequirementexport.bin.
9100,Inbound,Component,12877,Component 12877 (HEAL),ExtData[0].Val6,0,9100,"3909 (Bleed Fer' Me), 3968 (Transfer Force)",,C:\Users\Admin\Downloads\myps\data\bin\abilitycomponentexport.bin,byte 1115513,Inferred requirement reference because ExtData[*].Val6 matches a known RequirementId row in abilityrequirementexport.bin.
9100,Inbound,Component,12968,Component 12968 (HEAL),ExtData[2].Val6,2,9100,"8239 (Divine Mend), 9553 (Khaine's Invigoration)",Heal,C:\Users\Admin\Downloads\myps\data\bin\abilitycomponentexport.bin,byte 1129954,Inferred requirement reference because ExtData[*].Val6 matches a known RequirementId row in abilityrequirementexport.bin.
9100,Inbound,Component,14556,Component 14556 (SERVER_OP_29),ExtData[1].Val6,1,9100,14220 (Skull Tossing),,C:\Users\Admin\Downloads\myps\data\bin\abilitycomponentexport.bin,byte 1582446,Inferred requirement reference because ExtData[*].Val6 matches a known RequirementId row in abilityrequirementexport.bin.
9100,Inbound,Component,15274,Component 15274 (HEAL),ExtData[2].Val6,2,9100,15157 (Portable Camp),Heal,C:\Users\Admin\Downloads\myps\data\bin\abilitycomponentexport.bin,byte 1686291,Inferred requirement reference because ExtData[*].Val6 matches a known RequirementId row in abilityrequirementexport.bin.
9100,Inbound,Component,15506,Component 15506 (HEAL),ExtData[2].Val6,2,9100,"15537 (Transference TEST), 15538 (TEST - Attach Points)",,C:\Users\Admin\Downloads\myps\data\bin\abilitycomponentexport.bin,byte 1695888,Inferred requirement reference because ExtData[*].Val6 matches a known RequirementId row in abilityrequirementexport.bin.
9100,Inbound,Component,15541,Component 15541 (HEAL),ExtData[2].Val6,2,9100,15538 (TEST - Attach Points),,C:\Users\Admin\Downloads\myps\data\bin\abilitycomponentexport.bin,byte 1701235,Inferred requirement reference because ExtData[*].Val6 matches a known RequirementId row in abilityrequirementexport.bin.
9100,Inbound,Component,15543,Component 15543 (HEAL),ExtData[2].Val6,2,9100,15521 (TEST EVENT),,C:\Users\Admin\Downloads\myps\data\bin\abilitycomponentexport.bin,byte 1701534,Inferred requirement reference because ExtData[*].Val6 matches a known RequirementId row in abilityrequirementexport.bin.
9100,Inbound,Component,15901,Component 15901 (APPLY_ABILITY),ExtData[1].Val6,1,9100,15728 (Aid I),Heal,C:\Users\Admin\Downloads\myps\data\bin\abilitycomponentexport.bin,byte 1745048,Inferred requirement reference because ExtData[*].Val6 matches a known RequirementId row in abilityrequirementexport.bin.
9100,Inbound,Component,15902,Component 15902 (APPLY_ABILITY),ExtData[1].Val6,1,9100,15729 (Aid II),Heal,C:\Users\Admin\Downloads\myps\data\bin\abilitycomponentexport.bin,byte 1745247,Inferred requirement reference because ExtData[*].Val6 matches a known RequirementId row in abilityrequirementexport.bin.
9100,Inbound,Component,15903,Component 15903 (APPLY_ABILITY),ExtData[1].Val6,1,9100,15730 (Aid III),Heal,C:\Users\Admin\Downloads\myps\data\bin\abilitycomponentexport.bin,byte 1745446,Inferred requirement reference because ExtData[*].Val6 matches a known RequirementId row in abilityrequirementexport.bin.
9100,Inbound,Component,15904,Component 15904 (APPLY_ABILITY),ExtData[1].Val6,1,9100,15731 (Aid IV),Heal,C:\Users\Admin\Downloads\myps\data\bin\abilitycomponentexport.bin,byte 1745645,Inferred requirement reference because ExtData[*].Val6 matches a known RequirementId row in abilityrequirementexport.bin.
9100,Inbound,Component,15905,Component 15905 (APPLY_ABILITY),ExtData[1].Val6,1,9100,15732 (Aid V),Heal,C:\Users\Admin\Downloads\myps\data\bin\abilitycomponentexport.bin,byte 1745844,Inferred requirement reference because ExtData[*].Val6 matches a known RequirementId row in abilityrequirementexport.bin.
9100,Inbound,Component,15906,Component 15906 (APPLY_ABILITY),ExtData[1].Val6,1,9100,15733 (Aid VI),Heal,C:\Users\Admin\Downloads\myps\data\bin\abilitycomponentexport.bin,byte 1746043,Inferred requirement reference because ExtData[*].Val6 matches a known RequirementId row in abilityrequirementexport.bin.
9100,Inbound,Component,15907,Component 15907 (APPLY_ABILITY),ExtData[1].Val6,1,9100,15734 (Aid VII),Heal,C:\Users\Admin\Downloads\myps\data\bin\abilitycomponentexport.bin,byte 1746242,Inferred requirement reference because ExtData[*].Val6 matches a known RequirementId row in abilityrequirementexport.bin.
9100,Inbound,Component,15908,Component 15908 (APPLY_ABILITY),ExtData[1].Val6,1,9100,15735 (Aid VIII),Heal,C:\Users\Admin\Downloads\myps\data\bin\abilitycomponentexport.bin,byte 1746441,Inferred requirement reference because ExtData[*].Val6 matches a known RequirementId row in abilityrequirementexport.bin.
9100,Inbound,Component,15909,Component 15909 (APPLY_ABILITY),ExtData[1].Val6,1,9100,15736 (Aid IX),Heal,C:\Users\Admin\Downloads\myps\data\bin\abilitycomponentexport.bin,byte 1746640,Inferred requirement reference because ExtData[*].Val6 matches a known RequirementId row in abilityrequirementexport.bin.
9100,Inbound,Component,15910,Component 15910 (APPLY_ABILITY),ExtData[1].Val6,1,9100,15737 (Aid X),Heal,C:\Users\Admin\Downloads\myps\data\bin\abilitycomponentexport.bin,byte 1746839,Inferred requirement reference because ExtData[*].Val6 matches a known RequirementId row in abilityrequirementexport.bin.
9100,Inbound,Component,15911,Component 15911 (APPLY_ABILITY),ExtData[1].Val6,1,9100,15738 (Aid XI),Heal,C:\Users\Admin\Downloads\myps\data\bin\abilitycomponentexport.bin,byte 1747038,Inferred requirement reference because ExtData[*].Val6 matches a known RequirementId row in abilityrequirementexport.bin.
9100,Inbound,Component,15965,Component 15965 (HEAL),ExtData[7].Val6,7,9100,"15792 (Restoration I), 15946 (Aid I)",Heal,C:\Users\Admin\Downloads\myps\data\bin\abilitycomponentexport.bin,byte 1756035,Inferred requirement reference because ExtData[*].Val6 matches a known RequirementId row in abilityrequirementexport.bin.
9100,Inbound,Component,15966,Component 15966 (HEAL),ExtData[7].Val6,7,9100,"15793 (Restoration II), 15947 (Aid II)",Heal,C:\Users\Admin\Downloads\myps\data\bin\abilitycomponentexport.bin,byte 1756234,Inferred requirement reference because ExtData[*].Val6 matches a known RequirementId row in abilityrequirementexport.bin.
9100,Inbound,Component,15967,Component 15967 (HEAL),ExtData[7].Val6,7,9100,"15794 (Restoration III), 15948 (Aid III)",Heal,C:\Users\Admin\Downloads\myps\data\bin\abilitycomponentexport.bin,byte 1756433,Inferred requirement reference because ExtData[*].Val6 matches a known RequirementId row in abilityrequirementexport.bin.
9100,Inbound,Component,15968,Component 15968 (HEAL),ExtData[7].Val6,7,9100,"15795 (Restoration IV), 15949 (Aid IV)",Heal,C:\Users\Admin\Downloads\myps\data\bin\abilitycomponentexport.bin,byte 1756632,Inferred requirement reference because ExtData[*].Val6 matches a known RequirementId row in abilityrequirementexport.bin.
9100,Inbound,Component,15969,Component 15969 (HEAL),ExtData[7].Val6,7,9100,"15796 (Restoration V), 15950 (Aid V)",Heal,C:\Users\Admin\Downloads\myps\data\bin\abilitycomponentexport.bin,byte 1756831,Inferred requirement reference because ExtData[*].Val6 matches a known RequirementId row in abilityrequirementexport.bin.
9100,Inbound,Component,15970,Component 15970 (HEAL),ExtData[7].Val6,7,9100,"15797 (Restoration VI), 15951 (Aid VI)",Heal,C:\Users\Admin\Downloads\myps\data\bin\abilitycomponentexport.bin,byte 1757030,Inferred requirement reference because ExtData[*].Val6 matches a known RequirementId row in abilityrequirementexport.bin.
9100,Inbound,Component,15971,Component 15971 (HEAL),ExtData[7].Val6,7,9100,"15798 (Restoration VII), 15952 (Aid VII)",Heal,C:\Users\Admin\Downloads\myps\data\bin\abilitycomponentexport.bin,byte 1757229,Inferred requirement reference because ExtData[*].Val6 matches a known RequirementId row in abilityrequirementexport.bin.
9100,Inbound,Component,15972,Component 15972 (HEAL),ExtData[7].Val6,7,9100,"15799 (Restoration VIII), 15953 (Aid VIII)",Heal,C:\Users\Admin\Downloads\myps\data\bin\abilitycomponentexport.bin,byte 1757428,Inferred requirement reference because ExtData[*].Val6 matches a known RequirementId row in abilityrequirementexport.bin.
9100,Inbound,Component,15973,Component 15973 (HEAL),ExtData[7].Val6,7,9100,"15800 (Restoration IX), 15954 (Aid IX)",Heal,C:\Users\Admin\Downloads\myps\data\bin\abilitycomponentexport.bin,byte 1757627,Inferred requirement reference because ExtData[*].Val6 matches a known RequirementId row in abilityrequirementexport.bin.
9100,Inbound,Component,15974,Component 15974 (HEAL),ExtData[7].Val6,7,9100,"15901 (Restoration X), 15955 (Aid X)",Heal,C:\Users\Admin\Downloads\myps\data\bin\abilitycomponentexport.bin,byte 1757826,Inferred requirement reference because ExtData[*].Val6 matches a known RequirementId row in abilityrequirementexport.bin.
9100,Inbound,Component,15975,Component 15975 (HEAL),ExtData[7].Val6,7,9100,"15902 (Restoration XI), 15956 (Aid XI)",Heal,C:\Users\Admin\Downloads\myps\data\bin\abilitycomponentexport.bin,byte 1758025,Inferred requirement reference because ExtData[*].Val6 matches a known RequirementId row in abilityrequirementexport.bin.
9100,Inbound,Component,18230,Component 18230 (HEAL),ExtData[7].Val6,7,9100,18070 (Restoration XII),Heal,C:\Users\Admin\Downloads\myps\data\bin\abilitycomponentexport.bin,byte 1800424,Inferred requirement reference because ExtData[*].Val6 matches a known RequirementId row in abilityrequirementexport.bin.
9100,Inbound,Component,18260,Component 18260 (HEAL),ExtData[1].Val6,1,9100,,,C:\Users\Admin\Downloads\myps\data\bin\abilitycomponentexport.bin,byte 421006,Inferred requirement reference because ExtData[*].Val6 matches a known RequirementId row in abilityrequirementexport.bin.
9100,Inbound,Component,18285,Component 18285 (HEAL),ExtData[7].Val6,7,9100,3274 (Do Sumfin Useful),Heal,C:\Users\Admin\Downloads\myps\data\bin\abilitycomponentexport.bin,byte 424560,Inferred requirement reference because ExtData[*].Val6 matches a known RequirementId row in abilityrequirementexport.bin.
9100,Inbound,Component,18286,Component 18286 (HEAL),ExtData[7].Val6,7,9100,3274 (Do Sumfin Useful),Heal,C:\Users\Admin\Downloads\myps\data\bin\abilitycomponentexport.bin,byte 424924,Inferred requirement reference because ExtData[*].Val6 matches a known RequirementId row in abilityrequirementexport.bin.
9100,Inbound,Component,18287,Component 18287 (HEAL),ExtData[7].Val6,7,9100,3274 (Do Sumfin Useful),Heal,C:\Users\Admin\Downloads\myps\data\bin\abilitycomponentexport.bin,byte 425156,Inferred requirement reference because ExtData[*].Val6 matches a known RequirementId row in abilityrequirementexport.bin.
9100,Inbound,Component,18288,Component 18288 (HEAL),ExtData[7].Val6,7,9100,3274 (Do Sumfin Useful),Heal,C:\Users\Admin\Downloads\myps\data\bin\abilitycomponentexport.bin,byte 425388,Inferred requirement reference because ExtData[*].Val6 matches a known RequirementId row in abilityrequirementexport.bin.
9100,Inbound,Component,18289,Component 18289 (HEAL),ExtData[7].Val6,7,9100,3274 (Do Sumfin Useful),Heal,C:\Users\Admin\Downloads\myps\data\bin\abilitycomponentexport.bin,byte 425620,Inferred requirement reference because ExtData[*].Val6 matches a known RequirementId row in abilityrequirementexport.bin.
9100,Inbound,Component,18290,Component 18290 (HEAL),ExtData[7].Val6,7,9100,3274 (Do Sumfin Useful),Heal,C:\Users\Admin\Downloads\myps\data\bin\abilitycomponentexport.bin,byte 425852,Inferred requirement reference because ExtData[*].Val6 matches a known RequirementId row in abilityrequirementexport.bin.
9100,Inbound,Component,18324,Component 18324 (APPLY_ABILITY),ExtData[1].Val6,1,9100,1601 (Rune of Serenity),Heal,C:\Users\Admin\Downloads\myps\data\bin\abilitycomponentexport.bin,byte 432057,Inferred requirement reference because ExtData[*].Val6 matches a known RequirementId row in abilityrequirementexport.bin.
9100,Inbound,Component,18325,Component 18325 (APPLY_ABILITY),ExtData[2].Val6,2,9100,1601 (Rune of Serenity),Heal,C:\Users\Admin\Downloads\myps\data\bin\abilitycomponentexport.bin,byte 432256,Inferred requirement reference because ExtData[*].Val6 matches a known RequirementId row in abilityrequirementexport.bin.
9100,Inbound,Component,18349,Component 18349 (HEAL),ExtData[2].Val6,2,9100,"1587 (Grungni's Gift), 8569 (Flash of Chaos)",Heal,C:\Users\Admin\Downloads\myps\data\bin\abilitycomponentexport.bin,byte 436141,Inferred requirement reference because ExtData[*].Val6 matches a known RequirementId row in abilityrequirementexport.bin.
9100,Inbound,Component,18572,Component 18572 (HEAL),ExtData[0].Val6,0,9100,18815 (Pain and Pleasure),"Damage, Heal",C:\Users\Admin\Downloads\myps\data\bin\abilitycomponentexport.bin,byte 1833609,Inferred requirement reference because ExtData[*].Val6 matches a known RequirementId row in abilityrequirementexport.bin.
9100,Inbound,Component,18572,Component 18572 (HEAL),ExtData[2].Val6,2,9100,18815 (Pain and Pleasure),"Damage, Heal",C:\Users\Admin\Downloads\myps\data\bin\abilitycomponentexport.bin,byte 1833609,Inferred requirement reference because ExtData[*].Val6 matches a known RequirementId row in abilityrequirementexport.bin.
9100,Inbound,Component,18697,Component 18697 (HEAL),ExtData[2].Val6,2,9100,3045 (Gift of Monstrosity),Heal,C:\Users\Admin\Downloads\myps\data\bin\abilitycomponentexport.bin,byte 775237,Inferred requirement reference because ExtData[*].Val6 matches a known RequirementId row in abilityrequirementexport.bin.
9100,Inbound,Component,19208,Component 19208 (APPLY_ABILITY),ExtData[0].Val6,0,9100,1544 (Bugman's Best),Heal,C:\Users\Admin\Downloads\myps\data\bin\abilitycomponentexport.bin,byte 437668,Inferred requirement reference because ExtData[*].Val6 matches a known RequirementId row in abilityrequirementexport.bin.
9100,Inbound,Component,19215,Component 19215 (HEAL),ExtData[2].Val6,2,9100,"3077 (Efficient Runecarving), 3078 (Transference)",,C:\Users\Admin\Downloads\myps\data\bin\abilitycomponentexport.bin,byte 438896,Inferred requirement reference because ExtData[*].Val6 matches a known RequirementId row in abilityrequirementexport.bin.
9100,Inbound,Component,27622,Component 27622 (HEAL),ExtData[2].Val6,2,9100,"27626 (Restore Ally), 27658 (Repair Ally), 27690 (Repair Ally), 27722 (Repair Ally), 27754 (Repair Ally), 27786 (Repair Ally)",Heal,C:\Users\Admin\Downloads\myps\data\bin\abilitycomponentexport.bin,byte 1859416,Inferred requirement reference because ExtData[*].Val6 matches a known RequirementId row in abilityrequirementexport.bin.
9100,Inbound,Component,27648,Component 27648 (HEAL),ExtData[0].Val6,0,9100,"27695 (Pool of Health), 27727 (Pool of Health)",Heal,C:\Users\Admin\Downloads\myps\data\bin\abilitycomponentexport.bin,byte 1863666,Inferred requirement reference because ExtData[*].Val6 matches a known RequirementId row in abilityrequirementexport.bin.
9100,Inbound,Component,27654,Component 27654 (HEAL),ExtData[0].Val6,0,9100,"27758 (Repair and Repeat), 27790 (Repair and Repeat)","Damage, Heal",C:\Users\Admin\Downloads\myps\data\bin\abilitycomponentexport.bin,byte 1864761,Inferred requirement reference because ExtData[*].Val6 matches a known RequirementId row in abilityrequirementexport.bin.
9100,Inbound,Component,28537,Component 28537 (HEAL),ExtData[1].Val6,1,9100,28524 (Volatile Blessing),Heal,C:\Users\Admin\Downloads\myps\data\bin\abilitycomponentexport.bin,byte 1911619,Inferred requirement reference because ExtData[*].Val6 matches a known RequirementId row in abilityrequirementexport.bin.
9101,Inbound,Component,10,Component 10 (RESSURRECT),ExtData[2].Val6,2,9101,"1598 (Rune of Life), 1908 (Gedup!), 8248 (Breath of Sigmar), 8555 (Tzeentch Shall Remake You), 9246 (Gift of Life), 9558 (Stand, Coward!), 14526 (Rally), 15981 (Nepenthean Tonic)",Heal,C:\Users\Admin\Downloads\myps\data\bin\abilitycomponentexport.bin,byte 1136725,Inferred requirement reference because ExtData[*].Val6 matches a known RequirementId row in abilityrequirementexport.bin.
9101,Inbound,Component,1111,Component 1111 (RESSURRECT),ExtData[1].Val6,1,9101,,,C:\Users\Admin\Downloads\myps\data\bin\abilitycomponentexport.bin,byte 102423,Inferred requirement reference because ExtData[*].Val6 matches a known RequirementId row in abilityrequirementexport.bin.
9101,Inbound,Component,1734,Component 1734 (RESSURRECT),ExtData[1].Val6,1,9101,"697 (Alter Fate), 1619 (Grimnir's Fury)","Damage, Heal",C:\Users\Admin\Downloads\myps\data\bin\abilitycomponentexport.bin,byte 206564,Inferred requirement reference because ExtData[*].Val6 matches a known RequirementId row in abilityrequirementexport.bin.
9101,Inbound,Component,1792,Component 1792 (EVENT_LISTENER),ExtData[1].Val6,1,9101,697 (Alter Fate),"Damage, Heal",C:\Users\Admin\Downloads\myps\data\bin\abilitycomponentexport.bin,byte 216786,Inferred requirement reference because ExtData[*].Val6 matches a known RequirementId row in abilityrequirementexport.bin.
9101,Inbound,Component,8153,Component 8153 (RESSURRECT),ExtData[1].Val6,1,9101,,,C:\Users\Admin\Downloads\myps\data\bin\abilitycomponentexport.bin,byte 466758,Inferred requirement reference because ExtData[*].Val6 matches a known RequirementId row in abilityrequirementexport.bin.
9101,Inbound,Component,18055,Component 18055 (RESSURRECT),ExtData[2].Val6,2,9101,,,C:\Users\Admin\Downloads\myps\data\bin\abilitycomponentexport.bin,byte 1789497,Inferred requirement reference because ExtData[*].Val6 matches a known RequirementId row in abilityrequirementexport.bin.
9101,Inbound,Component,18319,Component 18319 (EVENT_LISTENER),ExtData[1].Val6,1,9101,1619 (Grimnir's Fury),,C:\Users\Admin\Downloads\myps\data\bin\abilitycomponentexport.bin,byte 431161,Inferred requirement reference because ExtData[*].Val6 matches a known RequirementId row in abilityrequirementexport.bin.
9101,Inbound,Component,26386,Component 26386 (EVENT_LISTENER),ExtData[1].Val6,1,9101,23987 (Grace of Aqshy),Heal,C:\Users\Admin\Downloads\myps\data\bin\abilitycomponentexport.bin,byte 2804604,Inferred requirement reference because ExtData[*].Val6 matches a known RequirementId row in abilityrequirementexport.bin.
9101,Inbound,Component,26387,Component 26387 (RESSURRECT),ExtData[0].Val6,0,9101,23987 (Grace of Aqshy),Heal,C:\Users\Admin\Downloads\myps\data\bin\abilitycomponentexport.bin,byte 2804836,Inferred requirement reference because ExtData[*].Val6 matches a known RequirementId row in abilityrequirementexport.bin.
9103,Inbound,Component,1188,Component 1188 (BONUS_TYPE_ADJUST),ExtData[0].Val6,0,9103,,,C:\Users\Admin\Downloads\myps\data\bin\abilitycomponentexport.bin,byte 114446,Inferred requirement reference because ExtData[*].Val6 matches a known RequirementId row in abilityrequirementexport.bin.
9104,Inbound,Component,1188,Component 1188 (BONUS_TYPE_ADJUST),ExtData[1].Val6,1,9104,,,C:\Users\Admin\Downloads\myps\data\bin\abilitycomponentexport.bin,byte 114446,Inferred requirement reference because ExtData[*].Val6 matches a known RequirementId row in abilityrequirementexport.bin.
9105,Inbound,Requirement,9107,Requirement 9107,ExtData[0].Val6,0,9105,,,C:\Users\Admin\Downloads\myps\data\bin\abilityrequirementexport.bin,byte 9833,Inferred requirement reference because ExtData[*].Val6 matches a known RequirementId row in abilityrequirementexport.bin.
9106,Inbound,Requirement,9107,Requirement 9107,ExtData[1].Val6,1,9106,,,C:\Users\Admin\Downloads\myps\data\bin\abilityrequirementexport.bin,byte 9833,Inferred requirement reference because ExtData[*].Val6 matches a known RequirementId row in abilityrequirementexport.bin.
9107,Outbound,Requirement,9107,Requirement 9107,ExtData[0].Val6,0,9105,,,C:\Users\Admin\Downloads\myps\data\bin\abilityrequirementexport.bin,byte 9833,Inferred requirement reference because ExtData[*].Val6 matches a known RequirementId row in abilityrequirementexport.bin.
9107,Outbound,Requirement,9107,Requirement 9107,ExtData[1].Val6,1,9106,,,C:\Users\Admin\Downloads\myps\data\bin\abilityrequirementexport.bin,byte 9833,Inferred requirement reference because ExtData[*].Val6 matches a known RequirementId row in abilityrequirementexport.bin.
9108,Inbound,Requirement,9110,Requirement 9110,ExtData[0].Val6,0,9108,,,C:\Users\Admin\Downloads\myps\data\bin\abilityrequirementexport.bin,byte 10109,Inferred requirement reference because ExtData[*].Val6 matches a known RequirementId row in abilityrequirementexport.bin.
9109,Inbound,Requirement,9110,Requirement 9110,ExtData[1].Val6,1,9109,,,C:\Users\Admin\Downloads\myps\data\bin\abilityrequirementexport.bin,byte 10109,Inferred requirement reference because ExtData[*].Val6 matches a known RequirementId row in abilityrequirementexport.bin.
9110,Outbound,Requirement,9110,Requirement 9110,ExtData[0].Val6,0,9108,,,C:\Users\Admin\Downloads\myps\data\bin\abilityrequirementexport.bin,byte 10109,Inferred requirement reference because ExtData[*].Val6 matches a known RequirementId row in abilityrequirementexport.bin.
9110,Outbound,Requirement,9110,Requirement 9110,ExtData[1].Val6,1,9109,,,C:\Users\Admin\Downloads\myps\data\bin\abilityrequirementexport.bin,byte 10109,Inferred requirement reference because ExtData[*].Val6 matches a known RequirementId row in abilityrequirementexport.bin.
9111,Inbound,Requirement,9113,Requirement 9113,ExtData[0].Val6,0,9111,,,C:\Users\Admin\Downloads\myps\data\bin\abilityrequirementexport.bin,byte 10385,Inferred requirement reference because ExtData[*].Val6 matches a known RequirementId row in abilityrequirementexport.bin.
9112,Inbound,Requirement,9113,Requirement 9113,ExtData[1].Val6,1,9112,,,C:\Users\Admin\Downloads\myps\data\bin\abilityrequirementexport.bin,byte 10385,Inferred requirement reference because ExtData[*].Val6 matches a known RequirementId row in abilityrequirementexport.bin.
9113,Outbound,Requirement,9113,Requirement 9113,ExtData[0].Val6,0,9111,,,C:\Users\Admin\Downloads\myps\data\bin\abilityrequirementexport.bin,byte 10385,Inferred requirement reference because ExtData[*].Val6 matches a known RequirementId row in abilityrequirementexport.bin.
9113,Outbound,Requirement,9113,Requirement 9113,ExtData[1].Val6,1,9112,,,C:\Users\Admin\Downloads\myps\data\bin\abilityrequirementexport.bin,byte 10385,Inferred requirement reference because ExtData[*].Val6 matches a known RequirementId row in abilityrequirementexport.bin.
9114,Inbound,Ability,8116,Ability 8116 (Burn Away Lies),ExtData[1].Val6,1,9114,8116 (Burn Away Lies),Damage,C:\Users\Admin\Downloads\myps\data\bin\abilityexport.bin,byte 1192795,Inferred requirement reference because ExtData[*].Val6 matches a known RequirementId row in abilityrequirementexport.bin.
9116,Inbound,Requirement,9118,Requirement 9118,ExtData[0].Val6,0,9116,,,C:\Users\Admin\Downloads\myps\data\bin\abilityrequirementexport.bin,byte 10878,Inferred requirement reference because ExtData[*].Val6 matches a known RequirementId row in abilityrequirementexport.bin.
9117,Inbound,Requirement,9118,Requirement 9118,ExtData[1].Val6,1,9117,,,C:\Users\Admin\Downloads\myps\data\bin\abilityrequirementexport.bin,byte 10878,Inferred requirement reference because ExtData[*].Val6 matches a known RequirementId row in abilityrequirementexport.bin.
9118,Inbound,Component,11010,Component 11010 (DAMAGE_CHANGE),ExtData[2].Val6,2,9118,,,C:\Users\Admin\Downloads\myps\data\bin\abilitycomponentexport.bin,byte 791138,Inferred requirement reference because ExtData[*].Val6 matches a known RequirementId row in abilityrequirementexport.bin.
9118,Inbound,Component,11014,Component 11014 (DAMAGE),ExtData[1].Val6,1,9118,,,C:\Users\Admin\Downloads\myps\data\bin\abilitycomponentexport.bin,byte 791802,Inferred requirement reference because ExtData[*].Val6 matches a known RequirementId row in abilityrequirementexport.bin.
9118,Inbound,Component,11019,Component 11019 (VELOCITY),ExtData[1].Val6,1,9118,,,C:\Users\Admin\Downloads\myps\data\bin\abilitycomponentexport.bin,byte 792599,Inferred requirement reference because ExtData[*].Val6 matches a known RequirementId row in abilityrequirementexport.bin.
9118,Inbound,Component,11024,Component 11024 (BONUS_TYPE_ADJUST),ExtData[2].Val6,2,9118,,,C:\Users\Admin\Downloads\myps\data\bin\abilitycomponentexport.bin,byte 793462,Inferred requirement reference because ExtData[*].Val6 matches a known RequirementId row in abilityrequirementexport.bin.
9118,Outbound,Requirement,9118,Requirement 9118,ExtData[0].Val6,0,9116,,,C:\Users\Admin\Downloads\myps\data\bin\abilityrequirementexport.bin,byte 10878,Inferred requirement reference because ExtData[*].Val6 matches a known RequirementId row in abilityrequirementexport.bin.
9118,Outbound,Requirement,9118,Requirement 9118,ExtData[1].Val6,1,9117,,,C:\Users\Admin\Downloads\myps\data\bin\abilityrequirementexport.bin,byte 10878,Inferred requirement reference because ExtData[*].Val6 matches a known RequirementId row in abilityrequirementexport.bin.
9119,Inbound,Ability,8401,Ability 8401 (Tainted Claw),ExtData[0].Val6,0,9119,8401 (Tainted Claw),"Heal, Damage",C:\Users\Admin\Downloads\myps\data\bin\abilityexport.bin,byte 1232527,Inferred requirement reference because ExtData[*].Val6 matches a known RequirementId row in abilityrequirementexport.bin.
9119,Inbound,Ability,8414,Ability 8414 (Gut Ripper),ExtData[1].Val6,1,9119,8414 (Gut Ripper),Damage,C:\Users\Admin\Downloads\myps\data\bin\abilityexport.bin,byte 1235511,Inferred requirement reference because ExtData[*].Val6 matches a known RequirementId row in abilityrequirementexport.bin.
9119,Inbound,Ability,8418,Ability 8418 (Cutting Claw),ExtData[0].Val6,0,9119,8418 (Cutting Claw),Damage,C:\Users\Admin\Downloads\myps\data\bin\abilityexport.bin,byte 1236192,Inferred requirement reference because ExtData[*].Val6 matches a known RequirementId row in abilityrequirementexport.bin.
9119,Inbound,Ability,8419,Ability 8419 (Draining Swipe),ExtData[0].Val6,0,9119,8419 (Draining Swipe),Damage,C:\Users\Admin\Downloads\myps\data\bin\abilityexport.bin,byte 1236419,Inferred requirement reference because ExtData[*].Val6 matches a known RequirementId row in abilityrequirementexport.bin.
9119,Inbound,Component,18693,Component 18693 (EVENT_LISTENER),ExtData[1].Val6,1,9119,3041 (Gift of Savagery),,C:\Users\Admin\Downloads\myps\data\bin\abilitycomponentexport.bin,byte 774639,Inferred requirement reference because ExtData[*].Val6 matches a known RequirementId row in abilityrequirementexport.bin.
9119,Inbound,Requirement,9122,Requirement 9122,ExtData[0].Val6,0,9119,,,C:\Users\Admin\Downloads\myps\data\bin\abilityrequirementexport.bin,byte 11246,Inferred requirement reference because ExtData[*].Val6 matches a known RequirementId row in abilityrequirementexport.bin.
9119,Inbound,Requirement,9162,Requirement 9162,ExtData[1].Val6,1,9119,,,C:\Users\Admin\Downloads\myps\data\bin\abilityrequirementexport.bin,byte 15256,Inferred requirement reference because ExtData[*].Val6 matches a known RequirementId row in abilityrequirementexport.bin.
9119,Inbound,Requirement,9164,Requirement 9164,ExtData[0].Val6,0,9119,,,C:\Users\Admin\Downloads\myps\data\bin\abilityrequirementexport.bin,byte 15440,Inferred requirement reference because ExtData[*].Val6 matches a known RequirementId row in abilityrequirementexport.bin.
9120,Inbound,Ability,8399,Ability 8399 (Impale),ExtData[0].Val6,0,9120,8399 (Impale),Damage,C:\Users\Admin\Downloads\myps\data\bin\abilityexport.bin,byte 1232106,Inferred requirement reference because ExtData[*].Val6 matches a known RequirementId row in abilityrequirementexport.bin.
9120,Inbound,Ability,8406,Ability 8406 (Convulsive Slashing),ExtData[0].Val6,0,9120,8406 (Convulsive Slashing),Damage,C:\Users\Admin\Downloads\myps\data\bin\abilityexport.bin,byte 1233695,Inferred requirement reference because ExtData[*].Val6 matches a known RequirementId row in abilityrequirementexport.bin.
9120,Inbound,Ability,8420,Ability 8420 (Guillotine),ExtData[0].Val6,0,9120,8420 (Guillotine),"Heal, Damage",C:\Users\Admin\Downloads\myps\data\bin\abilityexport.bin,byte 1236646,Inferred requirement reference because ExtData[*].Val6 matches a known RequirementId row in abilityrequirementexport.bin.
9120,Inbound,Ability,8422,Ability 8422 (Wave of Terror),ExtData[0].Val6,0,9120,8422 (Wave of Terror),Damage,C:\Users\Admin\Downloads\myps\data\bin\abilityexport.bin,byte 1237100,Inferred requirement reference because ExtData[*].Val6 matches a known RequirementId row in abilityrequirementexport.bin.
9120,Inbound,Component,18704,Component 18704 (EVENT_LISTENER),ExtData[1].Val6,1,9120,3042 (Gift of Brutality),,C:\Users\Admin\Downloads\myps\data\bin\abilitycomponentexport.bin,byte 776300,Inferred requirement reference because ExtData[*].Val6 matches a known RequirementId row in abilityrequirementexport.bin.
9120,Inbound,Requirement,9122,Requirement 9122,ExtData[1].Val6,1,9120,,,C:\Users\Admin\Downloads\myps\data\bin\abilityrequirementexport.bin,byte 11246,Inferred requirement reference because ExtData[*].Val6 matches a known RequirementId row in abilityrequirementexport.bin.
9120,Inbound,Requirement,9163,Requirement 9163,ExtData[0].Val6,0,9120,,,C:\Users\Admin\Downloads\myps\data\bin\abilityrequirementexport.bin,byte 15348,Inferred requirement reference because ExtData[*].Val6 matches a known RequirementId row in abilityrequirementexport.bin.
9120,Inbound,Requirement,9164,Requirement 9164,ExtData[1].Val6,1,9120,,,C:\Users\Admin\Downloads\myps\data\bin\abilityrequirementexport.bin,byte 15440,Inferred requirement reference because ExtData[*].Val6 matches a known RequirementId row in abilityrequirementexport.bin.
9121,Inbound,Ability,8409,Ability 8409 (Demolition),ExtData[0].Val6,0,9121,8409 (Demolition),Damage,C:\Users\Admin\Downloads\myps\data\bin\abilityexport.bin,byte 1234343,Inferred requirement reference because ExtData[*].Val6 matches a known RequirementId row in abilityrequirementexport.bin.
9121,Inbound,Ability,8425,Ability 8425 (Wrecking Ball),ExtData[0].Val6,0,9121,8425 (Wrecking Ball),Damage,C:\Users\Admin\Downloads\myps\data\bin\abilityexport.bin,byte 1237715,Inferred requirement reference because ExtData[*].Val6 matches a known RequirementId row in abilityrequirementexport.bin.
9121,Inbound,Component,18692,Component 18692 (EVENT_LISTENER),ExtData[1].Val6,1,9121,3043 (Gift of Monstrosity),,C:\Users\Admin\Downloads\myps\data\bin\abilitycomponentexport.bin,byte 774440,Inferred requirement reference because ExtData[*].Val6 matches a known RequirementId row in abilityrequirementexport.bin.
9121,Inbound,Requirement,9122,Requirement 9122,ExtData[2].Val6,2,9121,,,C:\Users\Admin\Downloads\myps\data\bin\abilityrequirementexport.bin,byte 11246,Inferred requirement reference because ExtData[*].Val6 matches a known RequirementId row in abilityrequirementexport.bin.
9121,Inbound,Requirement,9162,Requirement 9162,ExtData[0].Val6,0,9121,,,C:\Users\Admin\Downloads\myps\data\bin\abilityrequirementexport.bin,byte 15256,Inferred requirement reference because ExtData[*].Val6 matches a known RequirementId row in abilityrequirementexport.bin.
9121,Inbound,Requirement,9163,Requirement 9163,ExtData[1].Val6,1,9121,,,C:\Users\Admin\Downloads\myps\data\bin\abilityrequirementexport.bin,byte 15348,Inferred requirement reference because ExtData[*].Val6 matches a known RequirementId row in abilityrequirementexport.bin.
9122,Inbound,Ability,8415,Ability 8415 (Gift of Release),ExtData[0].Val6,0,9122,8415 (Gift of Release),,C:\Users\Admin\Downloads\myps\data\bin\abilityexport.bin,byte 1235771,Inferred requirement reference because ExtData[*].Val6 matches a known RequirementId row in abilityrequirementexport.bin.
9122,Inbound,Component,8435,Component 8435 (DAMAGE),ExtData[1].Val6,1,9122,8392 (Flail),Damage,C:\Users\Admin\Downloads\myps\data\bin\abilitycomponentexport.bin,byte 514263,Inferred requirement reference because ExtData[*].Val6 matches a known RequirementId row in abilityrequirementexport.bin.
9122,Inbound,Component,8564,Component 8564 (EVENT_LISTENER),ExtData[0].Val6,0,9122,"3615 (Chaotic Disruption), 8439 (Exhaustive Strikes)",,C:\Users\Admin\Downloads\myps\data\bin\abilitycomponentexport.bin,byte 537063,Inferred requirement reference because ExtData[*].Val6 matches a known RequirementId row in abilityrequirementexport.bin.
9122,Outbound,Requirement,9122,Requirement 9122,ExtData[0].Val6,0,9119,,,C:\Users\Admin\Downloads\myps\data\bin\abilityrequirementexport.bin,byte 11246,Inferred requirement reference because ExtData[*].Val6 matches a known RequirementId row in abilityrequirementexport.bin.
9122,Outbound,Requirement,9122,Requirement 9122,ExtData[1].Val6,1,9120,,,C:\Users\Admin\Downloads\myps\data\bin\abilityrequirementexport.bin,byte 11246,Inferred requirement reference because ExtData[*].Val6 matches a known RequirementId row in abilityrequirementexport.bin.
9122,Outbound,Requirement,9122,Requirement 9122,ExtData[2].Val6,2,9121,,,C:\Users\Admin\Downloads\myps\data\bin\abilityrequirementexport.bin,byte 11246,Inferred requirement reference because ExtData[*].Val6 matches a known RequirementId row in abilityrequirementexport.bin.
9123,Inbound,Component,11091,Component 11091 (DAMAGE),ExtData[1].Val6,1,9123,,,C:\Users\Admin\Downloads\myps\data\bin\abilitycomponentexport.bin,byte 804815,Inferred requirement reference because ExtData[*].Val6 matches a known RequirementId row in abilityrequirementexport.bin.
9123,Inbound,Component,11172,Component 11172 (STAT_CHANGE),ExtData[1].Val6,1,9123,,,C:\Users\Admin\Downloads\myps\data\bin\abilitycomponentexport.bin,byte 819713,Inferred requirement reference because ExtData[*].Val6 matches a known RequirementId row in abilityrequirementexport.bin.
9123,Inbound,Component,11202,Component 11202 (DAMAGE),ExtData[1].Val6,1,9123,,,C:\Users\Admin\Downloads\myps\data\bin\abilitycomponentexport.bin,byte 824858,Inferred requirement reference because ExtData[*].Val6 matches a known RequirementId row in abilityrequirementexport.bin.
9124,Inbound,Component,11092,Component 11092 (DAMAGE),ExtData[1].Val6,1,9124,,,C:\Users\Admin\Downloads\myps\data\bin\abilitycomponentexport.bin,byte 805080,Inferred requirement reference because ExtData[*].Val6 matches a known RequirementId row in abilityrequirementexport.bin.
9124,Inbound,Component,11103,Component 11103 (DAMAGE),ExtData[1].Val6,1,9124,,,C:\Users\Admin\Downloads\myps\data\bin\abilitycomponentexport.bin,byte 807566,Inferred requirement reference because ExtData[*].Val6 matches a known RequirementId row in abilityrequirementexport.bin.
9124,Inbound,Component,11171,Component 11171 (STAT_CHANGE),ExtData[1].Val6,1,9124,,,C:\Users\Admin\Downloads\myps\data\bin\abilitycomponentexport.bin,byte 819514,Inferred requirement reference because ExtData[*].Val6 matches a known RequirementId row in abilityrequirementexport.bin.
9124,Inbound,Component,11203,Component 11203 (DAMAGE),ExtData[1].Val6,1,9124,,,C:\Users\Admin\Downloads\myps\data\bin\abilitycomponentexport.bin,byte 825123,Inferred requirement reference because ExtData[*].Val6 matches a known RequirementId row in abilityrequirementexport.bin.
9125,Inbound,Component,11201,Component 11201 (DAMAGE),ExtData[1].Val6,1,9125,,,C:\Users\Admin\Downloads\myps\data\bin\abilitycomponentexport.bin,byte 824593,Inferred requirement reference because ExtData[*].Val6 matches a known RequirementId row in abilityrequirementexport.bin.
9125,Inbound,Component,11915,Component 11915 (DAMAGE),ExtData[1].Val6,1,9125,,,C:\Users\Admin\Downloads\myps\data\bin\abilitycomponentexport.bin,byte 948453,Inferred requirement reference because ExtData[*].Val6 matches a known RequirementId row in abilityrequirementexport.bin.
9126,Inbound,Requirement,9127,Requirement 9127,ExtData[1].Val6,1,9126,,,C:\Users\Admin\Downloads\myps\data\bin\abilityrequirementexport.bin,byte 11673,Inferred requirement reference because ExtData[*].Val6 matches a known RequirementId row in abilityrequirementexport.bin.
9127,Outbound,Requirement,9127,Requirement 9127,ExtData[1].Val6,1,9126,,,C:\Users\Admin\Downloads\myps\data\bin\abilityrequirementexport.bin,byte 11673,Inferred requirement reference because ExtData[*].Val6 matches a known RequirementId row in abilityrequirementexport.bin.
9128,Inbound,Requirement,9129,Requirement 9129,ExtData[1].Val6,1,9128,,,C:\Users\Admin\Downloads\myps\data\bin\abilityrequirementexport.bin,byte 11857,Inferred requirement reference because ExtData[*].Val6 matches a known RequirementId row in abilityrequirementexport.bin.
9129,Inbound,Component,11114,Component 11114 (CC),ExtData[2].Val6,2,9129,,,C:\Users\Admin\Downloads\myps\data\bin\abilitycomponentexport.bin,byte 809425,Inferred requirement reference because ExtData[*].Val6 matches a known RequirementId row in abilityrequirementexport.bin.
9129,Outbound,Requirement,9129,Requirement 9129,ExtData[1].Val6,1,9128,,,C:\Users\Admin\Downloads\myps\data\bin\abilityrequirementexport.bin,byte 11857,Inferred requirement reference because ExtData[*].Val6 matches a known RequirementId row in abilityrequirementexport.bin.
9130,Inbound,Requirement,9131,Requirement 9131,ExtData[1].Val6,1,9130,,,C:\Users\Admin\Downloads\myps\data\bin\abilityrequirementexport.bin,byte 12041,Inferred requirement reference because ExtData[*].Val6 matches a known RequirementId row in abilityrequirementexport.bin.
9131,Outbound,Requirement,9131,Requirement 9131,ExtData[1].Val6,1,9130,,,C:\Users\Admin\Downloads\myps\data\bin\abilityrequirementexport.bin,byte 12041,Inferred requirement reference because ExtData[*].Val6 matches a known RequirementId row in abilityrequirementexport.bin.
9135,Inbound,Component,1196,Component 1196 (CC),ExtData[1].Val6,1,9135,124 (Raven’s Bite),"Disarm, Silence",C:\Users\Admin\Downloads\myps\data\bin\abilitycomponentexport.bin,byte 115741,Inferred requirement reference because ExtData[*].Val6 matches a known RequirementId row in abilityrequirementexport.bin.
9135,Inbound,Component,4802,Component 4802 (CC),ExtData[1].Val6,1,9135,4802 (Ravens Bite),,C:\Users\Admin\Downloads\myps\data\bin\abilitycomponentexport.bin,byte 2063754,Inferred requirement reference because ExtData[*].Val6 matches a known RequirementId row in abilityrequirementexport.bin.
9135,Outbound,Requirement,9135,Requirement 9135,ExtData[0].Val6,0,9094,,,C:\Users\Admin\Downloads\myps\data\bin\abilityrequirementexport.bin,byte 12475,Inferred requirement reference because ExtData[*].Val6 matches a known RequirementId row in abilityrequirementexport.bin.
9135,Outbound,Requirement,9135,Requirement 9135,ExtData[1].Val6,1,9095,,,C:\Users\Admin\Downloads\myps\data\bin\abilityrequirementexport.bin,byte 12475,Inferred requirement reference because ExtData[*].Val6 matches a known RequirementId row in abilityrequirementexport.bin.
9136,Inbound,Component,1311,Component 1311 (DAMAGE),ExtData[1].Val6,1,9136,994 (Shared Fate),Damage,C:\Users\Admin\Downloads\myps\data\bin\abilitycomponentexport.bin,byte 135491,Inferred requirement reference because ExtData[*].Val6 matches a known RequirementId row in abilityrequirementexport.bin.
9137,Inbound,Component,1325,Component 1325 (HEAL),ExtData[1].Val6,1,9137,973 (Bond Of Desperation),"Damage, Heal",C:\Users\Admin\Downloads\myps\data\bin\abilitycomponentexport.bin,byte 137749,Inferred requirement reference because ExtData[*].Val6 matches a known RequirementId row in abilityrequirementexport.bin.
9139,Outbound,Requirement,9139,Requirement 9139,ExtData[2].Val6,2,9140,,,C:\Users\Admin\Downloads\myps\data\bin\abilityrequirementexport.bin,byte 12843,Inferred requirement reference because ExtData[*].Val6 matches a known RequirementId row in abilityrequirementexport.bin.
9140,Inbound,Requirement,9139,Requirement 9139,ExtData[2].Val6,2,9140,,,C:\Users\Admin\Downloads\myps\data\bin\abilityrequirementexport.bin,byte 12843,Inferred requirement reference because ExtData[*].Val6 matches a known RequirementId row in abilityrequirementexport.bin.
9141,Inbound,Component,1337,Component 1337 (DISPEL_BUFF),ExtData[1].Val6,1,9141,490 (Shared Badge Components),,C:\Users\Admin\Downloads\myps\data\bin\abilitycomponentexport.bin,byte 139609,Inferred requirement reference because ExtData[*].Val6 matches a known RequirementId row in abilityrequirementexport.bin.
9143,Inbound,Component,916,Component 916 (EVENT_LISTENER),ExtData[1].Val6,1,9143,,,C:\Users\Admin\Downloads\myps\data\bin\abilitycomponentexport.bin,byte 70119,Inferred requirement reference because ExtData[*].Val6 matches a known RequirementId row in abilityrequirementexport.bin.
9143,Inbound,Component,11337,Component 11337 (BONUS_TYPE_ADJUST),ExtData[0].Val6,0,9143,,,C:\Users\Admin\Downloads\myps\data\bin\abilitycomponentexport.bin,byte 849776,Inferred requirement reference because ExtData[*].Val6 matches a known RequirementId row in abilityrequirementexport.bin.
9143,Inbound,Component,11430,Component 11430 (EVENT_LISTENER),ExtData[0].Val6,0,9143,,,C:\Users\Admin\Downloads\myps\data\bin\abilitycomponentexport.bin,byte 866039,Inferred requirement reference because ExtData[*].Val6 matches a known RequirementId row in abilityrequirementexport.bin.
9143,Inbound,Component,11825,Component 11825 (EVENT_LISTENER),ExtData[0].Val6,0,9143,,,C:\Users\Admin\Downloads\myps\data\bin\abilitycomponentexport.bin,byte 933879,Inferred requirement reference because ExtData[*].Val6 matches a known RequirementId row in abilityrequirementexport.bin.
9143,Inbound,Component,12894,Component 12894 (EVENT_LISTENER),ExtData[0].Val6,0,9143,9128 (Leading Shots),,C:\Users\Admin\Downloads\myps\data\bin\abilitycomponentexport.bin,byte 1118104,Inferred requirement reference because ExtData[*].Val6 matches a known RequirementId row in abilityrequirementexport.bin.
9143,Outbound,Requirement,9143,Requirement 9143,ExtData[1].Val6,1,9153,,,C:\Users\Admin\Downloads\myps\data\bin\abilityrequirementexport.bin,byte 13244,Inferred requirement reference because ExtData[*].Val6 matches a known RequirementId row in abilityrequirementexport.bin.
9147,Inbound,Component,8592,Component 8592 (EVENT_LISTENER),ExtData[1].Val6,1,9147,8161 (Flame Shield),Damage,C:\Users\Admin\Downloads\myps\data\bin\abilitycomponentexport.bin,byte 542008,Inferred requirement reference because ExtData[*].Val6 matches a known RequirementId row in abilityrequirementexport.bin.
9147,Inbound,Component,8635,Component 8635 (EVENT_LISTENER),ExtData[1].Val6,1,9147,,,C:\Users\Admin\Downloads\myps\data\bin\abilitycomponentexport.bin,byte 549344,Inferred requirement reference because ExtData[*].Val6 matches a known RequirementId row in abilityrequirementexport.bin.
9147,Inbound,Component,8840,Component 8840 (EVENT_LISTENER),ExtData[1].Val6,1,9147,8303 (Divine Replenishment),,C:\Users\Admin\Downloads\myps\data\bin\abilitycomponentexport.bin,byte 586146,Inferred requirement reference because ExtData[*].Val6 matches a known RequirementId row in abilityrequirementexport.bin.
9147,Inbound,Component,9783,Component 9783 (EVENT_LISTENER),ExtData[0].Val6,0,9147,"8114 (Van Horstmann's Speculum), 9423 (Elixir of Blades)",Damage,C:\Users\Admin\Downloads\myps\data\bin\abilitycomponentexport.bin,byte 748680,Inferred requirement reference because ExtData[*].Val6 matches a known RequirementId row in abilityrequirementexport.bin.
9147,Inbound,Component,11472,Component 11472 (EVENT_LISTENER),ExtData[1].Val6,1,9147,9473 (Daemonic Chill),Damage,C:\Users\Admin\Downloads\myps\data\bin\abilitycomponentexport.bin,byte 873275,Inferred requirement reference because ExtData[*].Val6 matches a known RequirementId row in abilityrequirementexport.bin.
9147,Inbound,Component,11526,Component 11526 (EVENT_LISTENER),ExtData[1].Val6,1,9147,,,C:\Users\Admin\Downloads\myps\data\bin\abilitycomponentexport.bin,byte 882239,Inferred requirement reference because ExtData[*].Val6 matches a known RequirementId row in abilityrequirementexport.bin.
9147,Inbound,Requirement,9219,Requirement 9219,ExtData[1].Val6,1,9147,,,C:\Users\Admin\Downloads\myps\data\bin\abilityrequirementexport.bin,byte 21655,Inferred requirement reference because ExtData[*].Val6 matches a known RequirementId row in abilityrequirementexport.bin.
9147,Inbound,Requirement,9440,Requirement 9440,ExtData[1].Val6,1,9147,,,C:\Users\Admin\Downloads\myps\data\bin\abilityrequirementexport.bin,byte 43571,Inferred requirement reference because ExtData[*].Val6 matches a known RequirementId row in abilityrequirementexport.bin.
9147,Outbound,Requirement,9147,Requirement 9147,ExtData[1].Val6,1,9159,,,C:\Users\Admin\Downloads\myps\data\bin\abilityrequirementexport.bin,byte 13612,Inferred requirement reference because ExtData[*].Val6 matches a known RequirementId row in abilityrequirementexport.bin.
9148,Inbound,Ability,9087,Ability 9087 (Takedown),ExtData[0].Val6,0,9148,9087 (Takedown),"Snare, Damage",C:\Users\Admin\Downloads\myps\data\bin\abilityexport.bin,byte 1278970,Inferred requirement reference because ExtData[*].Val6 matches a known RequirementId row in abilityrequirementexport.bin.
9148,Inbound,Ability,9101,Ability 9101 (Rapid Fire),ExtData[0].Val6,0,9148,9101 (Rapid Fire),Damage,C:\Users\Admin\Downloads\myps\data\bin\abilityexport.bin,byte 1282049,Inferred requirement reference because ExtData[*].Val6 matches a known RequirementId row in abilityrequirementexport.bin.
9149,Inbound,Ability,9086,Ability 9086 (Brutal Assault),ExtData[1].Val6,1,9149,9086 (Brutal Assault),Damage,C:\Users\Admin\Downloads\myps\data\bin\abilityexport.bin,byte 1278710,Inferred requirement reference because ExtData[*].Val6 matches a known RequirementId row in abilityrequirementexport.bin.
9149,Inbound,Ability,9104,Ability 9104 (Acid Arrow),ExtData[0].Val6,0,9149,9104 (Acid Arrow),Damage,C:\Users\Admin\Downloads\myps\data\bin\abilityexport.bin,byte 1282470,Inferred requirement reference because ExtData[*].Val6 matches a known RequirementId row in abilityrequirementexport.bin.
9150,Inbound,Ability,9091,Ability 9091 (Draw Blood),ExtData[0].Val6,0,9150,9091 (Draw Blood),Damage,C:\Users\Admin\Downloads\myps\data\bin\abilityexport.bin,byte 1279845,Inferred requirement reference because ExtData[*].Val6 matches a known RequirementId row in abilityrequirementexport.bin.
9150,Inbound,Ability,9093,Ability 9093 (Spiral-Fletched Arrow),ExtData[0].Val6,0,9150,9093 (Spiral-Fletched Arrow),Damage,C:\Users\Admin\Downloads\myps\data\bin\abilityexport.bin,byte 1280266,Inferred requirement reference because ExtData[*].Val6 matches a known RequirementId row in abilityrequirementexport.bin.
9151,Inbound,Component,10138,Component 10138 (DAMAGE_CHANGE),ExtData[0].Val6,0,9151,9481 (Obsessive Focus),Damage,C:\Users\Admin\Downloads\myps\data\bin\abilitycomponentexport.bin,byte 1383590,Inferred requirement reference because ExtData[*].Val6 matches a known RequirementId row in abilityrequirementexport.bin.
9151,Inbound,Component,10139,Component 10139 (DAMAGE_CHANGE),ExtData[0].Val6,0,9151,9481 (Obsessive Focus),Damage,C:\Users\Admin\Downloads\myps\data\bin\abilitycomponentexport.bin,byte 1383789,Inferred requirement reference because ExtData[*].Val6 matches a known RequirementId row in abilityrequirementexport.bin.
9151,Inbound,Component,11486,Component 11486 (DAMAGE_CHANGE),ExtData[0].Val6,0,9151,9481 (Obsessive Focus),Damage,C:\Users\Admin\Downloads\myps\data\bin\abilitycomponentexport.bin,byte 875896,Inferred requirement reference because ExtData[*].Val6 matches a known RequirementId row in abilityrequirementexport.bin.
9151,Inbound,Component,11487,Component 11487 (DAMAGE_CHANGE),ExtData[0].Val6,0,9151,9481 (Obsessive Focus),Damage,C:\Users\Admin\Downloads\myps\data\bin\abilitycomponentexport.bin,byte 876095,Inferred requirement reference because ExtData[*].Val6 matches a known RequirementId row in abilityrequirementexport.bin.
9152,Inbound,Requirement,9166,Requirement 9166,ExtData[1].Val6,1,9152,,,C:\Users\Admin\Downloads\myps\data\bin\abilityrequirementexport.bin,byte 15624,Inferred requirement reference because ExtData[*].Val6 matches a known RequirementId row in abilityrequirementexport.bin.
9153,Inbound,Component,1490,Component 1490 (EVENT_LISTENER),ExtData[1].Val6,1,9153,,,C:\Users\Admin\Downloads\myps\data\bin\abilitycomponentexport.bin,byte 166162,Inferred requirement reference because ExtData[*].Val6 matches a known RequirementId row in abilityrequirementexport.bin.
9153,Inbound,Component,1586,Component 1586 (BONUS_TYPE_ADJUST),ExtData[0].Val6,0,9153,1550 (Hand-Crafted Scope),,C:\Users\Admin\Downloads\myps\data\bin\abilitycomponentexport.bin,byte 182263,Inferred requirement reference because ExtData[*].Val6 matches a known RequirementId row in abilityrequirementexport.bin.
9153,Inbound,Component,11347,Component 11347 (EVENT_LISTENER),ExtData[1].Val6,1,9153,,,C:\Users\Admin\Downloads\myps\data\bin\abilitycomponentexport.bin,byte 851568,Inferred requirement reference because ExtData[*].Val6 matches a known RequirementId row in abilityrequirementexport.bin.
9153,Inbound,Requirement,9143,Requirement 9143,ExtData[1].Val6,1,9153,,,C:\Users\Admin\Downloads\myps\data\bin\abilityrequirementexport.bin,byte 13244,Inferred requirement reference because ExtData[*].Val6 matches a known RequirementId row in abilityrequirementexport.bin.
9153,Outbound,Requirement,9153,Requirement 9153,ExtData[1].Val6,1,9159,,,C:\Users\Admin\Downloads\myps\data\bin\abilityrequirementexport.bin,byte 14131,Inferred requirement reference because ExtData[*].Val6 matches a known RequirementId row in abilityrequirementexport.bin.
9154,Inbound,Requirement,9160,Requirement 9160,ExtData[1].Val6,1,9154,,,C:\Users\Admin\Downloads\myps\data\bin\abilityrequirementexport.bin,byte 15039,Inferred requirement reference because ExtData[*].Val6 matches a known RequirementId row in abilityrequirementexport.bin.
9156,Inbound,Component,1340,Component 1340 (DISPEL_BUFF),ExtData[1].Val6,1,9156,490 (Shared Badge Components),,C:\Users\Admin\Downloads\myps\data\bin\abilitycomponentexport.bin,byte 140173,Inferred requirement reference because ExtData[*].Val6 matches a known RequirementId row in abilityrequirementexport.bin.
9157,Outbound,Requirement,9157,Requirement 9157,ExtData[2].Val6,2,9158,,,C:\Users\Admin\Downloads\myps\data\bin\abilityrequirementexport.bin,byte 14631,Inferred requirement reference because ExtData[*].Val6 matches a known RequirementId row in abilityrequirementexport.bin.
9158,Inbound,Requirement,9157,Requirement 9157,ExtData[2].Val6,2,9158,,,C:\Users\Admin\Downloads\myps\data\bin\abilityrequirementexport.bin,byte 14631,Inferred requirement reference because ExtData[*].Val6 matches a known RequirementId row in abilityrequirementexport.bin.
9159,Inbound,Component,12141,Component 12141 (SERVER_COMMAND),ExtData[1].Val6,1,9159,482 (White Lion's Badge),,C:\Users\Admin\Downloads\myps\data\bin\abilitycomponentexport.bin,byte 991308,Inferred requirement reference because ExtData[*].Val6 matches a known RequirementId row in abilityrequirementexport.bin.
9159,Inbound,Requirement,9147,Requirement 9147,ExtData[1].Val6,1,9159,,,C:\Users\Admin\Downloads\myps\data\bin\abilityrequirementexport.bin,byte 13612,Inferred requirement reference because ExtData[*].Val6 matches a known RequirementId row in abilityrequirementexport.bin.
9159,Inbound,Requirement,9153,Requirement 9153,ExtData[1].Val6,1,9159,,,C:\Users\Admin\Downloads\myps\data\bin\abilityrequirementexport.bin,byte 14131,Inferred requirement reference because ExtData[*].Val6 matches a known RequirementId row in abilityrequirementexport.bin.
9159,Inbound,Requirement,9160,Requirement 9160,ExtData[0].Val6,0,9159,,,C:\Users\Admin\Downloads\myps\data\bin\abilityrequirementexport.bin,byte 15039,Inferred requirement reference because ExtData[*].Val6 matches a known RequirementId row in abilityrequirementexport.bin.
9160,Inbound,Component,925,Component 925 (DAMAGE_CHANGE),ExtData[1].Val6,1,9160,,,C:\Users\Admin\Downloads\myps\data\bin\abilitycomponentexport.bin,byte 71712,Inferred requirement reference because ExtData[*].Val6 matches a known RequirementId row in abilityrequirementexport.bin.
9160,Outbound,Requirement,9160,Requirement 9160,ExtData[1].Val6,1,9154,,,C:\Users\Admin\Downloads\myps\data\bin\abilityrequirementexport.bin,byte 15039,Inferred requirement reference because ExtData[*].Val6 matches a known RequirementId row in abilityrequirementexport.bin.
9160,Outbound,Requirement,9160,Requirement 9160,ExtData[0].Val6,0,9159,,,C:\Users\Admin\Downloads\myps\data\bin\abilityrequirementexport.bin,byte 15039,Inferred requirement reference because ExtData[*].Val6 matches a known RequirementId row in abilityrequirementexport.bin.
9161,Inbound,Ability,1854,Ability 1854 (Behind Ya!),ExtData[0].Val6,0,9161,1854 (Behind Ya!),Damage,C:\Users\Admin\Downloads\myps\data\bin\abilityexport.bin,byte 1158817,Inferred requirement reference because ExtData[*].Val6 matches a known RequirementId row in abilityrequirementexport.bin.
9161,Inbound,Ability,9086,Ability 9086 (Brutal Assault),ExtData[0].Val6,0,9161,9086 (Brutal Assault),Damage,C:\Users\Admin\Downloads\myps\data\bin\abilityexport.bin,byte 1278710,Inferred requirement reference because ExtData[*].Val6 matches a known RequirementId row in abilityrequirementexport.bin.
9162,Inbound,Ability,8397,Ability 8397 (Mouth of Tzeentch),ExtData[0].Val6,0,9162,8397 (Mouth of Tzeentch),Damage,C:\Users\Admin\Downloads\myps\data\bin\abilityexport.bin,byte 1231619,Inferred requirement reference because ExtData[*].Val6 matches a known RequirementId row in abilityrequirementexport.bin.
9162,Inbound,Ability,8404,Ability 8404 (Touch of Rot),ExtData[0].Val6,0,9162,8404 (Touch of Rot),Damage,C:\Users\Admin\Downloads\myps\data\bin\abilityexport.bin,byte 1233208,Inferred requirement reference because ExtData[*].Val6 matches a known RequirementId row in abilityrequirementexport.bin.
9162,Outbound,Requirement,9162,Requirement 9162,ExtData[1].Val6,1,9119,,,C:\Users\Admin\Downloads\myps\data\bin\abilityrequirementexport.bin,byte 15256,Inferred requirement reference because ExtData[*].Val6 matches a known RequirementId row in abilityrequirementexport.bin.
9162,Outbound,Requirement,9162,Requirement 9162,ExtData[0].Val6,0,9121,,,C:\Users\Admin\Downloads\myps\data\bin\abilityrequirementexport.bin,byte 15256,Inferred requirement reference because ExtData[*].Val6 matches a known RequirementId row in abilityrequirementexport.bin.
9163,Inbound,Ability,8411,Ability 8411 (Ferocious Assault),ExtData[0].Val6,0,9163,8411 (Ferocious Assault),,C:\Users\Admin\Downloads\myps\data\bin\abilityexport.bin,byte 1234797,Inferred requirement reference because ExtData[*].Val6 matches a known RequirementId row in abilityrequirementexport.bin.
9163,Inbound,Ability,8413,Ability 8413 (Pulverize),ExtData[0].Val6,0,9163,8413 (Pulverize),Damage,C:\Users\Admin\Downloads\myps\data\bin\abilityexport.bin,byte 1235284,Inferred requirement reference because ExtData[*].Val6 matches a known RequirementId row in abilityrequirementexport.bin.
9163,Outbound,Requirement,9163,Requirement 9163,ExtData[0].Val6,0,9120,,,C:\Users\Admin\Downloads\myps\data\bin\abilityrequirementexport.bin,byte 15348,Inferred requirement reference because ExtData[*].Val6 matches a known RequirementId row in abilityrequirementexport.bin.
9163,Outbound,Requirement,9163,Requirement 9163,ExtData[1].Val6,1,9121,,,C:\Users\Admin\Downloads\myps\data\bin\abilityrequirementexport.bin,byte 15348,Inferred requirement reference because ExtData[*].Val6 matches a known RequirementId row in abilityrequirementexport.bin.
9164,Inbound,Ability,8395,Ability 8395 (Rend),ExtData[0].Val6,0,9164,8395 (Rend),Damage,C:\Users\Admin\Downloads\myps\data\bin\abilityexport.bin,byte 1231198,Inferred requirement reference because ExtData[*].Val6 matches a known RequirementId row in abilityrequirementexport.bin.
9164,Inbound,Ability,8407,Ability 8407 (Touch of Instability),ExtData[0].Val6,0,9164,8407 (Touch of Instability),Damage,C:\Users\Admin\Downloads\myps\data\bin\abilityexport.bin,byte 1233922,Inferred requirement reference because ExtData[*].Val6 matches a known RequirementId row in abilityrequirementexport.bin.
9164,Outbound,Requirement,9164,Requirement 9164,ExtData[0].Val6,0,9119,,,C:\Users\Admin\Downloads\myps\data\bin\abilityrequirementexport.bin,byte 15440,Inferred requirement reference because ExtData[*].Val6 matches a known RequirementId row in abilityrequirementexport.bin.
9164,Outbound,Requirement,9164,Requirement 9164,ExtData[1].Val6,1,9120,,,C:\Users\Admin\Downloads\myps\data\bin\abilityrequirementexport.bin,byte 15440,Inferred requirement reference because ExtData[*].Val6 matches a known RequirementId row in abilityrequirementexport.bin.
9165,Inbound,Component,8523,Component 8523 (BONUS_TYPE_ADJUST),ExtData[1].Val6,1,9165,3744 (Gut Ripper),,C:\Users\Admin\Downloads\myps\data\bin\abilitycomponentexport.bin,byte 529696,Inferred requirement reference because ExtData[*].Val6 matches a known RequirementId row in abilityrequirementexport.bin.
9165,Inbound,Requirement,9460,Requirement 9460,ExtData[1].Val6,1,9165,,,C:\Users\Admin\Downloads\myps\data\bin\abilityrequirementexport.bin,byte 45477,Inferred requirement reference because ExtData[*].Val6 matches a known RequirementId row in abilityrequirementexport.bin.
9166,Inbound,Ability,1444,Ability 1444 (Numbing Strike),ExtData[0].Val6,0,9166,1444 (Numbing Strike),,C:\Users\Admin\Downloads\myps\data\bin\abilityexport.bin,byte 1097511,Inferred requirement reference because ExtData[*].Val6 matches a known RequirementId row in abilityrequirementexport.bin.
9166,Inbound,Ability,1756,Ability 1756 (Drop Da Basha),ExtData[0].Val6,0,9166,1756 (Drop Da Basha),,C:\Users\Admin\Downloads\myps\data\bin\abilityexport.bin,byte 1143463,Inferred requirement reference because ExtData[*].Val6 matches a known RequirementId row in abilityrequirementexport.bin.
9166,Outbound,Requirement,9166,Requirement 9166,ExtData[1].Val6,1,9152,,,C:\Users\Admin\Downloads\myps\data\bin\abilityrequirementexport.bin,byte 15624,Inferred requirement reference because ExtData[*].Val6 matches a known RequirementId row in abilityrequirementexport.bin.
9167,Inbound,Component,8903,Component 8903 (EVENT_LISTENER),ExtData[1].Val6,1,9167,,,C:\Users\Admin\Downloads\myps\data\bin\abilitycomponentexport.bin,byte 596801,Inferred requirement reference because ExtData[*].Val6 matches a known RequirementId row in abilityrequirementexport.bin.
9167,Inbound,Component,8936,Component 8936 (EVENT_LISTENER),ExtData[1].Val6,1,9167,,,C:\Users\Admin\Downloads\myps\data\bin\abilitycomponentexport.bin,byte 602675,Inferred requirement reference because ExtData[*].Val6 matches a known RequirementId row in abilityrequirementexport.bin.
9167,Inbound,Component,9040,Component 9040 (DAMAGE),ExtData[0].Val6,0,9167,3789 (Dreadful Fear),,C:\Users\Admin\Downloads\myps\data\bin\abilitycomponentexport.bin,byte 620499,Inferred requirement reference because ExtData[*].Val6 matches a known RequirementId row in abilityrequirementexport.bin.
9168,Inbound,Component,11090,Component 11090 (DAMAGE),ExtData[1].Val6,1,9168,,,C:\Users\Admin\Downloads\myps\data\bin\abilitycomponentexport.bin,byte 804550,Inferred requirement reference because ExtData[*].Val6 matches a known RequirementId row in abilityrequirementexport.bin.
9168,Inbound,Component,11097,Component 11097 (DAMAGE),ExtData[1].Val6,1,9168,,,C:\Users\Admin\Downloads\myps\data\bin\abilitycomponentexport.bin,byte 806108,Inferred requirement reference because ExtData[*].Val6 matches a known RequirementId row in abilityrequirementexport.bin.
9168,Inbound,Component,11098,Component 11098 (DAMAGE),ExtData[1].Val6,1,9168,,,C:\Users\Admin\Downloads\myps\data\bin\abilitycomponentexport.bin,byte 806373,Inferred requirement reference because ExtData[*].Val6 matches a known RequirementId row in abilityrequirementexport.bin.
9168,Inbound,Component,11099,Component 11099 (DAMAGE),ExtData[1].Val6,1,9168,3536 (Ensorcelled Blow),,C:\Users\Admin\Downloads\myps\data\bin\abilitycomponentexport.bin,byte 806638,Inferred requirement reference because ExtData[*].Val6 matches a known RequirementId row in abilityrequirementexport.bin.
9168,Inbound,Component,11102,Component 11102 (DAMAGE),ExtData[1].Val6,1,9168,3537 (Ether Dance),Damage,C:\Users\Admin\Downloads\myps\data\bin\abilitycomponentexport.bin,byte 807301,Inferred requirement reference because ExtData[*].Val6 matches a known RequirementId row in abilityrequirementexport.bin.
9168,Inbound,Component,11123,Component 11123 (DAMAGE),ExtData[1].Val6,1,9168,3540 (Dazzling Strike),,C:\Users\Admin\Downloads\myps\data\bin\abilitycomponentexport.bin,byte 811018,Inferred requirement reference because ExtData[*].Val6 matches a known RequirementId row in abilityrequirementexport.bin.
9168,Inbound,Component,11124,Component 11124 (DAMAGE),ExtData[1].Val6,1,9168,3540 (Dazzling Strike),,C:\Users\Admin\Downloads\myps\data\bin\abilitycomponentexport.bin,byte 811283,Inferred requirement reference because ExtData[*].Val6 matches a known RequirementId row in abilityrequirementexport.bin.
9168,Inbound,Component,11200,Component 11200 (APPLY_ABILITY),ExtData[1].Val6,1,9168,,,C:\Users\Admin\Downloads\myps\data\bin\abilitycomponentexport.bin,byte 824394,Inferred requirement reference because ExtData[*].Val6 matches a known RequirementId row in abilityrequirementexport.bin.
9168,Inbound,Component,11700,Component 11700 (DAMAGE),ExtData[1].Val6,1,9168,3735 (Gusting Wind),,C:\Users\Admin\Downloads\myps\data\bin\abilitycomponentexport.bin,byte 911151,Inferred requirement reference because ExtData[*].Val6 matches a known RequirementId row in abilityrequirementexport.bin.
9168,Inbound,Component,11701,Component 11701 (DAMAGE),ExtData[1].Val6,1,9168,3579 (Intimidating Blow),,C:\Users\Admin\Downloads\myps\data\bin\abilitycomponentexport.bin,byte 911416,Inferred requirement reference because ExtData[*].Val6 matches a known RequirementId row in abilityrequirementexport.bin.
9168,Inbound,Component,11702,Component 11702 (DAMAGE),ExtData[1].Val6,1,9168,3579 (Intimidating Blow),,C:\Users\Admin\Downloads\myps\data\bin\abilitycomponentexport.bin,byte 911681,Inferred requirement reference because ExtData[*].Val6 matches a known RequirementId row in abilityrequirementexport.bin.
9168,Inbound,Component,11921,Component 11921 (DAMAGE),ExtData[1].Val6,1,9168,3536 (Ensorcelled Blow),,C:\Users\Admin\Downloads\myps\data\bin\abilitycomponentexport.bin,byte 949383,Inferred requirement reference because ExtData[*].Val6 matches a known RequirementId row in abilityrequirementexport.bin.
9168,Inbound,Component,11922,Component 11922 (DAMAGE),ExtData[1].Val6,1,9168,3735 (Gusting Wind),,C:\Users\Admin\Downloads\myps\data\bin\abilitycomponentexport.bin,byte 949648,Inferred requirement reference because ExtData[*].Val6 matches a known RequirementId row in abilityrequirementexport.bin.
9168,Inbound,Component,11926,Component 11926 (DAMAGE),ExtData[1].Val6,1,9168,,,C:\Users\Admin\Downloads\myps\data\bin\abilitycomponentexport.bin,byte 950444,Inferred requirement reference because ExtData[*].Val6 matches a known RequirementId row in abilityrequirementexport.bin.
9169,Inbound,Component,1610,Component 1610 (DISPEL_BUFF),ExtData[0].Val6,0,9169,,,C:\Users\Admin\Downloads\myps\data\bin\abilitycomponentexport.bin,byte 185949,Inferred requirement reference because ExtData[*].Val6 matches a known RequirementId row in abilityrequirementexport.bin.
9169,Inbound,Requirement,9265,Requirement 9265,ExtData[0].Val6,0,9169,,,C:\Users\Admin\Downloads\myps\data\bin\abilityrequirementexport.bin,byte 26547,Inferred requirement reference because ExtData[*].Val6 matches a known RequirementId row in abilityrequirementexport.bin.
9170,Inbound,Component,1664,Component 1664 (BONUS_TYPE_ADJUST),ExtData[0].Val6,0,9170,1942 (Mork Is Watchin'),,C:\Users\Admin\Downloads\myps\data\bin\abilitycomponentexport.bin,byte 195110,Inferred requirement reference because ExtData[*].Val6 matches a known RequirementId row in abilityrequirementexport.bin.
9172,Inbound,Ability,8186,"Ability 8186 (Stop, Drop, And Roll)",ExtData[0].Val6,0,9172,"8186 (Stop, Drop, And Roll)",Damage,C:\Users\Admin\Downloads\myps\data\bin\abilityexport.bin,byte 1202726,Inferred requirement reference because ExtData[*].Val6 matches a known RequirementId row in abilityrequirementexport.bin.
9173,Inbound,Component,8920,Component 8920 (BONUS_TYPE_ADJUST),ExtData[0].Val6,0,9173,299 (Combustion),,C:\Users\Admin\Downloads\myps\data\bin\abilitycomponentexport.bin,byte 599986,Inferred requirement reference because ExtData[*].Val6 matches a known RequirementId row in abilityrequirementexport.bin.
9173,Inbound,Component,9551,Component 9551 (BONUS_TYPE_ADJUST),ExtData[0].Val6,0,9173,299 (Combustion),,C:\Users\Admin\Downloads\myps\data\bin\abilitycomponentexport.bin,byte 708188,Inferred requirement reference because ExtData[*].Val6 matches a known RequirementId row in abilityrequirementexport.bin.
9173,Inbound,Component,9556,Component 9556 (DAMAGE),ExtData[0].Val6,0,9173,301 (Explosion),,C:\Users\Admin\Downloads\myps\data\bin\abilitycomponentexport.bin,byte 709018,Inferred requirement reference because ExtData[*].Val6 matches a known RequirementId row in abilityrequirementexport.bin.
9173,Inbound,Component,9565,Component 9565 (DAMAGE),ExtData[1].Val6,1,9173,8179 (Meltdown),Damage,C:\Users\Admin\Downloads\myps\data\bin\abilitycomponentexport.bin,byte 710380,Inferred requirement reference because ExtData[*].Val6 matches a known RequirementId row in abilityrequirementexport.bin.
9173,Inbound,Component,9584,Component 9584 (DAMAGE),ExtData[1].Val6,1,9173,301 (Explosion),,C:\Users\Admin\Downloads\myps\data\bin\abilitycomponentexport.bin,byte 713864,Inferred requirement reference because ExtData[*].Val6 matches a known RequirementId row in abilityrequirementexport.bin.
9173,Inbound,Requirement,9178,Requirement 9178,ExtData[0].Val6,0,9173,,,C:\Users\Admin\Downloads\myps\data\bin\abilityrequirementexport.bin,byte 16761,Inferred requirement reference because ExtData[*].Val6 matches a known RequirementId row in abilityrequirementexport.bin.
9174,Inbound,Component,8921,Component 8921 (BONUS_TYPE_ADJUST),ExtData[0].Val6,0,9174,299 (Combustion),,C:\Users\Admin\Downloads\myps\data\bin\abilitycomponentexport.bin,byte 600152,Inferred requirement reference because ExtData[*].Val6 matches a known RequirementId row in abilityrequirementexport.bin.
9174,Inbound,Component,9552,Component 9552 (BONUS_TYPE_ADJUST),ExtData[0].Val6,0,9174,299 (Combustion),,C:\Users\Admin\Downloads\myps\data\bin\abilitycomponentexport.bin,byte 708354,Inferred requirement reference because ExtData[*].Val6 matches a known RequirementId row in abilityrequirementexport.bin.
9174,Inbound,Component,9557,Component 9557 (DAMAGE),ExtData[0].Val6,0,9174,301 (Explosion),,C:\Users\Admin\Downloads\myps\data\bin\abilitycomponentexport.bin,byte 709184,Inferred requirement reference because ExtData[*].Val6 matches a known RequirementId row in abilityrequirementexport.bin.
9174,Inbound,Component,9566,Component 9566 (DAMAGE),ExtData[1].Val6,1,9174,8179 (Meltdown),Damage,C:\Users\Admin\Downloads\myps\data\bin\abilitycomponentexport.bin,byte 710579,Inferred requirement reference because ExtData[*].Val6 matches a known RequirementId row in abilityrequirementexport.bin.
9174,Inbound,Component,9585,Component 9585 (DAMAGE),ExtData[1].Val6,1,9174,301 (Explosion),,C:\Users\Admin\Downloads\myps\data\bin\abilitycomponentexport.bin,byte 714096,Inferred requirement reference because ExtData[*].Val6 matches a known RequirementId row in abilityrequirementexport.bin.
9174,Inbound,Requirement,9179,Requirement 9179,ExtData[0].Val6,0,9174,,,C:\Users\Admin\Downloads\myps\data\bin\abilityrequirementexport.bin,byte 16853,Inferred requirement reference because ExtData[*].Val6 matches a known RequirementId row in abilityrequirementexport.bin.
9175,Inbound,Component,8922,Component 8922 (BONUS_TYPE_ADJUST),ExtData[0].Val6,0,9175,299 (Combustion),,C:\Users\Admin\Downloads\myps\data\bin\abilitycomponentexport.bin,byte 600318,Inferred requirement reference because ExtData[*].Val6 matches a known RequirementId row in abilityrequirementexport.bin.
9175,Inbound,Component,9553,Component 9553 (BONUS_TYPE_ADJUST),ExtData[0].Val6,0,9175,299 (Combustion),,C:\Users\Admin\Downloads\myps\data\bin\abilitycomponentexport.bin,byte 708520,Inferred requirement reference because ExtData[*].Val6 matches a known RequirementId row in abilityrequirementexport.bin.
9175,Inbound,Component,9558,Component 9558 (DAMAGE),ExtData[0].Val6,0,9175,301 (Explosion),,C:\Users\Admin\Downloads\myps\data\bin\abilitycomponentexport.bin,byte 709350,Inferred requirement reference because ExtData[*].Val6 matches a known RequirementId row in abilityrequirementexport.bin.
9175,Inbound,Component,9567,Component 9567 (DAMAGE),ExtData[1].Val6,1,9175,8179 (Meltdown),Damage,C:\Users\Admin\Downloads\myps\data\bin\abilitycomponentexport.bin,byte 710778,Inferred requirement reference because ExtData[*].Val6 matches a known RequirementId row in abilityrequirementexport.bin.
9175,Inbound,Component,9586,Component 9586 (DAMAGE),ExtData[1].Val6,1,9175,301 (Explosion),,C:\Users\Admin\Downloads\myps\data\bin\abilitycomponentexport.bin,byte 714328,Inferred requirement reference because ExtData[*].Val6 matches a known RequirementId row in abilityrequirementexport.bin.
9175,Inbound,Requirement,9180,Requirement 9180,ExtData[0].Val6,0,9175,,,C:\Users\Admin\Downloads\myps\data\bin\abilityrequirementexport.bin,byte 16945,Inferred requirement reference because ExtData[*].Val6 matches a known RequirementId row in abilityrequirementexport.bin.
9176,Inbound,Component,8923,Component 8923 (BONUS_TYPE_ADJUST),ExtData[0].Val6,0,9176,299 (Combustion),,C:\Users\Admin\Downloads\myps\data\bin\abilitycomponentexport.bin,byte 600484,Inferred requirement reference because ExtData[*].Val6 matches a known RequirementId row in abilityrequirementexport.bin.
9176,Inbound,Component,9554,Component 9554 (BONUS_TYPE_ADJUST),ExtData[0].Val6,0,9176,299 (Combustion),,C:\Users\Admin\Downloads\myps\data\bin\abilitycomponentexport.bin,byte 708686,Inferred requirement reference because ExtData[*].Val6 matches a known RequirementId row in abilityrequirementexport.bin.
9176,Inbound,Component,9559,Component 9559 (DAMAGE),ExtData[0].Val6,0,9176,301 (Explosion),,C:\Users\Admin\Downloads\myps\data\bin\abilitycomponentexport.bin,byte 709516,Inferred requirement reference because ExtData[*].Val6 matches a known RequirementId row in abilityrequirementexport.bin.
9176,Inbound,Component,9568,Component 9568 (DAMAGE),ExtData[1].Val6,1,9176,8179 (Meltdown),Damage,C:\Users\Admin\Downloads\myps\data\bin\abilitycomponentexport.bin,byte 710977,Inferred requirement reference because ExtData[*].Val6 matches a known RequirementId row in abilityrequirementexport.bin.
9176,Inbound,Component,9587,Component 9587 (DAMAGE),ExtData[1].Val6,1,9176,301 (Explosion),,C:\Users\Admin\Downloads\myps\data\bin\abilitycomponentexport.bin,byte 714560,Inferred requirement reference because ExtData[*].Val6 matches a known RequirementId row in abilityrequirementexport.bin.
9176,Inbound,Requirement,9181,Requirement 9181,ExtData[0].Val6,0,9176,,,C:\Users\Admin\Downloads\myps\data\bin\abilityrequirementexport.bin,byte 17037,Inferred requirement reference because ExtData[*].Val6 matches a known RequirementId row in abilityrequirementexport.bin.
9177,Inbound,Component,8924,Component 8924 (BONUS_TYPE_ADJUST),ExtData[0].Val6,0,9177,299 (Combustion),,C:\Users\Admin\Downloads\myps\data\bin\abilitycomponentexport.bin,byte 600650,Inferred requirement reference because ExtData[*].Val6 matches a known RequirementId row in abilityrequirementexport.bin.
9177,Inbound,Component,9555,Component 9555 (BONUS_TYPE_ADJUST),ExtData[0].Val6,0,9177,299 (Combustion),,C:\Users\Admin\Downloads\myps\data\bin\abilitycomponentexport.bin,byte 708852,Inferred requirement reference because ExtData[*].Val6 matches a known RequirementId row in abilityrequirementexport.bin.
9177,Inbound,Component,9560,Component 9560 (DAMAGE),ExtData[0].Val6,0,9177,301 (Explosion),,C:\Users\Admin\Downloads\myps\data\bin\abilitycomponentexport.bin,byte 709682,Inferred requirement reference because ExtData[*].Val6 matches a known RequirementId row in abilityrequirementexport.bin.
9177,Inbound,Component,9569,Component 9569 (DAMAGE),ExtData[1].Val6,1,9177,8179 (Meltdown),Damage,C:\Users\Admin\Downloads\myps\data\bin\abilitycomponentexport.bin,byte 711176,Inferred requirement reference because ExtData[*].Val6 matches a known RequirementId row in abilityrequirementexport.bin.
9177,Inbound,Component,9588,Component 9588 (DAMAGE),ExtData[1].Val6,1,9177,301 (Explosion),,C:\Users\Admin\Downloads\myps\data\bin\abilitycomponentexport.bin,byte 714792,Inferred requirement reference because ExtData[*].Val6 matches a known RequirementId row in abilityrequirementexport.bin.
9177,Inbound,Requirement,9182,Requirement 9182,ExtData[0].Val6,0,9177,,,C:\Users\Admin\Downloads\myps\data\bin\abilityrequirementexport.bin,byte 17129,Inferred requirement reference because ExtData[*].Val6 matches a known RequirementId row in abilityrequirementexport.bin.
9178,Inbound,Component,8588,Component 8588 (APPLY_ABILITY),ExtData[0].Val6,0,9178,"8158 (Ignite), 8159 (Fireball), 8160 (Sear), 8163 (Scorched Earth), 8165 (Boiling Blood), 8166 (Fiery Blast), 8169 (Pyroclastic Surge), 8170 (Detonate)","Damage, Silence",C:\Users\Admin\Downloads\myps\data\bin\abilitycomponentexport.bin,byte 541278,Inferred requirement reference because ExtData[*].Val6 matches a known RequirementId row in abilityrequirementexport.bin.
9178,Outbound,Requirement,9178,Requirement 9178,ExtData[0].Val6,0,9173,,,C:\Users\Admin\Downloads\myps\data\bin\abilityrequirementexport.bin,byte 16761,Inferred requirement reference because ExtData[*].Val6 matches a known RequirementId row in abilityrequirementexport.bin.
9179,Inbound,Component,8588,Component 8588 (APPLY_ABILITY),ExtData[1].Val6,1,9179,"8158 (Ignite), 8159 (Fireball), 8160 (Sear), 8163 (Scorched Earth), 8165 (Boiling Blood), 8166 (Fiery Blast), 8169 (Pyroclastic Surge), 8170 (Detonate)","Damage, Silence",C:\Users\Admin\Downloads\myps\data\bin\abilitycomponentexport.bin,byte 541278,Inferred requirement reference because ExtData[*].Val6 matches a known RequirementId row in abilityrequirementexport.bin.
9179,Outbound,Requirement,9179,Requirement 9179,ExtData[0].Val6,0,9174,,,C:\Users\Admin\Downloads\myps\data\bin\abilityrequirementexport.bin,byte 16853,Inferred requirement reference because ExtData[*].Val6 matches a known RequirementId row in abilityrequirementexport.bin.
9180,Inbound,Component,8588,Component 8588 (APPLY_ABILITY),ExtData[2].Val6,2,9180,"8158 (Ignite), 8159 (Fireball), 8160 (Sear), 8163 (Scorched Earth), 8165 (Boiling Blood), 8166 (Fiery Blast), 8169 (Pyroclastic Surge), 8170 (Detonate)","Damage, Silence",C:\Users\Admin\Downloads\myps\data\bin\abilitycomponentexport.bin,byte 541278,Inferred requirement reference because ExtData[*].Val6 matches a known RequirementId row in abilityrequirementexport.bin.
9180,Outbound,Requirement,9180,Requirement 9180,ExtData[0].Val6,0,9175,,,C:\Users\Admin\Downloads\myps\data\bin\abilityrequirementexport.bin,byte 16945,Inferred requirement reference because ExtData[*].Val6 matches a known RequirementId row in abilityrequirementexport.bin.
9181,Inbound,Component,8588,Component 8588 (APPLY_ABILITY),ExtData[3].Val6,3,9181,"8158 (Ignite), 8159 (Fireball), 8160 (Sear), 8163 (Scorched Earth), 8165 (Boiling Blood), 8166 (Fiery Blast), 8169 (Pyroclastic Surge), 8170 (Detonate)","Damage, Silence",C:\Users\Admin\Downloads\myps\data\bin\abilitycomponentexport.bin,byte 541278,Inferred requirement reference because ExtData[*].Val6 matches a known RequirementId row in abilityrequirementexport.bin.
9181,Outbound,Requirement,9181,Requirement 9181,ExtData[0].Val6,0,9176,,,C:\Users\Admin\Downloads\myps\data\bin\abilityrequirementexport.bin,byte 17037,Inferred requirement reference because ExtData[*].Val6 matches a known RequirementId row in abilityrequirementexport.bin.
9182,Inbound,Component,8588,Component 8588 (APPLY_ABILITY),ExtData[4].Val6,4,9182,"8158 (Ignite), 8159 (Fireball), 8160 (Sear), 8163 (Scorched Earth), 8165 (Boiling Blood), 8166 (Fiery Blast), 8169 (Pyroclastic Surge), 8170 (Detonate)","Damage, Silence",C:\Users\Admin\Downloads\myps\data\bin\abilitycomponentexport.bin,byte 541278,Inferred requirement reference because ExtData[*].Val6 matches a known RequirementId row in abilityrequirementexport.bin.
9182,Outbound,Requirement,9182,Requirement 9182,ExtData[0].Val6,0,9177,,,C:\Users\Admin\Downloads\myps\data\bin\abilityrequirementexport.bin,byte 17129,Inferred requirement reference because ExtData[*].Val6 matches a known RequirementId row in abilityrequirementexport.bin.
9183,Inbound,Component,11842,Component 11842 (BONUS_TYPE_ADJUST),ExtData[0].Val6,0,9183,287 (Dark Magic),,C:\Users\Admin\Downloads\myps\data\bin\abilitycomponentexport.bin,byte 936800,Inferred requirement reference because ExtData[*].Val6 matches a known RequirementId row in abilityrequirementexport.bin.
9183,Inbound,Component,12490,Component 12490 (BONUS_TYPE_ADJUST),ExtData[0].Val6,0,9183,287 (Dark Magic),,C:\Users\Admin\Downloads\myps\data\bin\abilitycomponentexport.bin,byte 1050459,Inferred requirement reference because ExtData[*].Val6 matches a known RequirementId row in abilityrequirementexport.bin.
9183,Inbound,Component,12495,Component 12495 (DAMAGE),ExtData[0].Val6,0,9183,"291 (Backlash), 292 (Miscast!)",,C:\Users\Admin\Downloads\myps\data\bin\abilitycomponentexport.bin,byte 1051289,Inferred requirement reference because ExtData[*].Val6 matches a known RequirementId row in abilityrequirementexport.bin.
9183,Inbound,Component,12504,Component 12504 (DAMAGE),ExtData[1].Val6,1,9183,9490 (Dhar Wind),Damage,C:\Users\Admin\Downloads\myps\data\bin\abilitycomponentexport.bin,byte 1052651,Inferred requirement reference because ExtData[*].Val6 matches a known RequirementId row in abilityrequirementexport.bin.
9183,Inbound,Component,12525,Component 12525 (DAMAGE),ExtData[1].Val6,1,9183,"291 (Backlash), 3436 (Backlash)",,C:\Users\Admin\Downloads\myps\data\bin\abilitycomponentexport.bin,byte 1056467,Inferred requirement reference because ExtData[*].Val6 matches a known RequirementId row in abilityrequirementexport.bin.
9183,Inbound,Component,12583,Component 12583 (DAMAGE),ExtData[0].Val6,0,9183,3436 (Backlash),,C:\Users\Admin\Downloads\myps\data\bin\abilitycomponentexport.bin,byte 1066820,Inferred requirement reference because ExtData[*].Val6 matches a known RequirementId row in abilityrequirementexport.bin.
9183,Inbound,Requirement,9188,Requirement 9188,ExtData[0].Val6,0,9183,,,C:\Users\Admin\Downloads\myps\data\bin\abilityrequirementexport.bin,byte 17681,Inferred requirement reference because ExtData[*].Val6 matches a known RequirementId row in abilityrequirementexport.bin.
9183,Inbound,Requirement,9189,Requirement 9189,ExtData[0].Val6,0,9183,,,C:\Users\Admin\Downloads\myps\data\bin\abilityrequirementexport.bin,byte 17806,Inferred requirement reference because ExtData[*].Val6 matches a known RequirementId row in abilityrequirementexport.bin.
9184,Inbound,Component,11843,Component 11843 (BONUS_TYPE_ADJUST),ExtData[0].Val6,0,9184,287 (Dark Magic),,C:\Users\Admin\Downloads\myps\data\bin\abilitycomponentexport.bin,byte 936966,Inferred requirement reference because ExtData[*].Val6 matches a known RequirementId row in abilityrequirementexport.bin.
9184,Inbound,Component,12491,Component 12491 (BONUS_TYPE_ADJUST),ExtData[0].Val6,0,9184,287 (Dark Magic),,C:\Users\Admin\Downloads\myps\data\bin\abilitycomponentexport.bin,byte 1050625,Inferred requirement reference because ExtData[*].Val6 matches a known RequirementId row in abilityrequirementexport.bin.
9184,Inbound,Component,12496,Component 12496 (DAMAGE),ExtData[0].Val6,0,9184,"291 (Backlash), 292 (Miscast!)",,C:\Users\Admin\Downloads\myps\data\bin\abilitycomponentexport.bin,byte 1051455,Inferred requirement reference because ExtData[*].Val6 matches a known RequirementId row in abilityrequirementexport.bin.
9184,Inbound,Component,12505,Component 12505 (DAMAGE),ExtData[1].Val6,1,9184,9490 (Dhar Wind),Damage,C:\Users\Admin\Downloads\myps\data\bin\abilitycomponentexport.bin,byte 1052850,Inferred requirement reference because ExtData[*].Val6 matches a known RequirementId row in abilityrequirementexport.bin.
9184,Inbound,Component,12526,Component 12526 (DAMAGE),ExtData[1].Val6,1,9184,"291 (Backlash), 3436 (Backlash)",,C:\Users\Admin\Downloads\myps\data\bin\abilitycomponentexport.bin,byte 1056699,Inferred requirement reference because ExtData[*].Val6 matches a known RequirementId row in abilityrequirementexport.bin.
9184,Inbound,Component,12584,Component 12584 (DAMAGE),ExtData[0].Val6,0,9184,3436 (Backlash),,C:\Users\Admin\Downloads\myps\data\bin\abilitycomponentexport.bin,byte 1066986,Inferred requirement reference because ExtData[*].Val6 matches a known RequirementId row in abilityrequirementexport.bin.
9185,Inbound,Component,11844,Component 11844 (BONUS_TYPE_ADJUST),ExtData[0].Val6,0,9185,287 (Dark Magic),,C:\Users\Admin\Downloads\myps\data\bin\abilitycomponentexport.bin,byte 937132,Inferred requirement reference because ExtData[*].Val6 matches a known RequirementId row in abilityrequirementexport.bin.
9185,Inbound,Component,12492,Component 12492 (BONUS_TYPE_ADJUST),ExtData[0].Val6,0,9185,287 (Dark Magic),,C:\Users\Admin\Downloads\myps\data\bin\abilitycomponentexport.bin,byte 1050791,Inferred requirement reference because ExtData[*].Val6 matches a known RequirementId row in abilityrequirementexport.bin.
9185,Inbound,Component,12497,Component 12497 (DAMAGE),ExtData[0].Val6,0,9185,"291 (Backlash), 292 (Miscast!)",,C:\Users\Admin\Downloads\myps\data\bin\abilitycomponentexport.bin,byte 1051621,Inferred requirement reference because ExtData[*].Val6 matches a known RequirementId row in abilityrequirementexport.bin.
9185,Inbound,Component,12506,Component 12506 (DAMAGE),ExtData[1].Val6,1,9185,9490 (Dhar Wind),Damage,C:\Users\Admin\Downloads\myps\data\bin\abilitycomponentexport.bin,byte 1053049,Inferred requirement reference because ExtData[*].Val6 matches a known RequirementId row in abilityrequirementexport.bin.
9185,Inbound,Component,12527,Component 12527 (DAMAGE),ExtData[1].Val6,1,9185,"291 (Backlash), 3436 (Backlash)",,C:\Users\Admin\Downloads\myps\data\bin\abilitycomponentexport.bin,byte 1056931,Inferred requirement reference because ExtData[*].Val6 matches a known RequirementId row in abilityrequirementexport.bin.
9185,Inbound,Component,12585,Component 12585 (DAMAGE),ExtData[0].Val6,0,9185,3436 (Backlash),,C:\Users\Admin\Downloads\myps\data\bin\abilitycomponentexport.bin,byte 1067152,Inferred requirement reference because ExtData[*].Val6 matches a known RequirementId row in abilityrequirementexport.bin.
9185,Inbound,Requirement,9190,Requirement 9190,ExtData[0].Val6,0,9185,,,C:\Users\Admin\Downloads\myps\data\bin\abilityrequirementexport.bin,byte 17931,Inferred requirement reference because ExtData[*].Val6 matches a known RequirementId row in abilityrequirementexport.bin.
9186,Inbound,Component,11845,Component 11845 (BONUS_TYPE_ADJUST),ExtData[0].Val6,0,9186,287 (Dark Magic),,C:\Users\Admin\Downloads\myps\data\bin\abilitycomponentexport.bin,byte 937298,Inferred requirement reference because ExtData[*].Val6 matches a known RequirementId row in abilityrequirementexport.bin.
9186,Inbound,Component,12493,Component 12493 (BONUS_TYPE_ADJUST),ExtData[0].Val6,0,9186,287 (Dark Magic),,C:\Users\Admin\Downloads\myps\data\bin\abilitycomponentexport.bin,byte 1050957,Inferred requirement reference because ExtData[*].Val6 matches a known RequirementId row in abilityrequirementexport.bin.
9186,Inbound,Component,12498,Component 12498 (DAMAGE),ExtData[0].Val6,0,9186,"291 (Backlash), 292 (Miscast!)",,C:\Users\Admin\Downloads\myps\data\bin\abilitycomponentexport.bin,byte 1051787,Inferred requirement reference because ExtData[*].Val6 matches a known RequirementId row in abilityrequirementexport.bin.
9186,Inbound,Component,12507,Component 12507 (DAMAGE),ExtData[1].Val6,1,9186,9490 (Dhar Wind),Damage,C:\Users\Admin\Downloads\myps\data\bin\abilitycomponentexport.bin,byte 1053248,Inferred requirement reference because ExtData[*].Val6 matches a known RequirementId row in abilityrequirementexport.bin.
9186,Inbound,Component,12528,Component 12528 (DAMAGE),ExtData[1].Val6,1,9186,"291 (Backlash), 3436 (Backlash)",,C:\Users\Admin\Downloads\myps\data\bin\abilitycomponentexport.bin,byte 1057163,Inferred requirement reference because ExtData[*].Val6 matches a known RequirementId row in abilityrequirementexport.bin.
9186,Inbound,Component,12586,Component 12586 (DAMAGE),ExtData[0].Val6,0,9186,3436 (Backlash),,C:\Users\Admin\Downloads\myps\data\bin\abilitycomponentexport.bin,byte 1067318,Inferred requirement reference because ExtData[*].Val6 matches a known RequirementId row in abilityrequirementexport.bin.
9186,Inbound,Requirement,9191,Requirement 9191,ExtData[0].Val6,0,9186,,,C:\Users\Admin\Downloads\myps\data\bin\abilityrequirementexport.bin,byte 18056,Inferred requirement reference because ExtData[*].Val6 matches a known RequirementId row in abilityrequirementexport.bin.
9187,Inbound,Component,11846,Component 11846 (BONUS_TYPE_ADJUST),ExtData[0].Val6,0,9187,287 (Dark Magic),,C:\Users\Admin\Downloads\myps\data\bin\abilitycomponentexport.bin,byte 937464,Inferred requirement reference because ExtData[*].Val6 matches a known RequirementId row in abilityrequirementexport.bin.
9187,Inbound,Component,12494,Component 12494 (BONUS_TYPE_ADJUST),ExtData[0].Val6,0,9187,287 (Dark Magic),,C:\Users\Admin\Downloads\myps\data\bin\abilitycomponentexport.bin,byte 1051123,Inferred requirement reference because ExtData[*].Val6 matches a known RequirementId row in abilityrequirementexport.bin.
9187,Inbound,Component,12499,Component 12499 (DAMAGE),ExtData[0].Val6,0,9187,"291 (Backlash), 292 (Miscast!)",,C:\Users\Admin\Downloads\myps\data\bin\abilitycomponentexport.bin,byte 1051953,Inferred requirement reference because ExtData[*].Val6 matches a known RequirementId row in abilityrequirementexport.bin.
9187,Inbound,Component,12508,Component 12508 (DAMAGE),ExtData[1].Val6,1,9187,9490 (Dhar Wind),Damage,C:\Users\Admin\Downloads\myps\data\bin\abilitycomponentexport.bin,byte 1053447,Inferred requirement reference because ExtData[*].Val6 matches a known RequirementId row in abilityrequirementexport.bin.
9187,Inbound,Component,12529,Component 12529 (DAMAGE),ExtData[1].Val6,1,9187,"291 (Backlash), 3436 (Backlash)",,C:\Users\Admin\Downloads\myps\data\bin\abilitycomponentexport.bin,byte 1057395,Inferred requirement reference because ExtData[*].Val6 matches a known RequirementId row in abilityrequirementexport.bin.
9187,Inbound,Component,12587,Component 12587 (DAMAGE),ExtData[0].Val6,0,9187,3436 (Backlash),,C:\Users\Admin\Downloads\myps\data\bin\abilitycomponentexport.bin,byte 1067484,Inferred requirement reference because ExtData[*].Val6 matches a known RequirementId row in abilityrequirementexport.bin.
9187,Inbound,Requirement,9192,Requirement 9192,ExtData[0].Val6,0,9187,,,C:\Users\Admin\Downloads\myps\data\bin\abilityrequirementexport.bin,byte 18181,Inferred requirement reference because ExtData[*].Val6 matches a known RequirementId row in abilityrequirementexport.bin.
9188,Inbound,Component,11470,Component 11470 (APPLY_ABILITY),ExtData[0].Val6,0,9188,"9470 (Doombolt), 9471 (Chillwind), 9472 (Gloomburst), 9475 (Word of Pain), 9478 (Vision of Torment), 9479 (Arctic Blast), 9480 (Shattered Shadows), 9482 (Frostbite)","Damage, Disarm, Heal, Snare",C:\Users\Admin\Downloads\myps\data\bin\abilitycomponentexport.bin,byte 872811,Inferred requirement reference because ExtData[*].Val6 matches a known RequirementId row in abilityrequirementexport.bin.
9188,Outbound,Requirement,9188,Requirement 9188,ExtData[0].Val6,0,9183,,,C:\Users\Admin\Downloads\myps\data\bin\abilityrequirementexport.bin,byte 17681,Inferred requirement reference because ExtData[*].Val6 matches a known RequirementId row in abilityrequirementexport.bin.
9188,Outbound,Requirement,9188,Requirement 9188,ExtData[2].Val6,2,9586,,,C:\Users\Admin\Downloads\myps\data\bin\abilityrequirementexport.bin,byte 17681,Inferred requirement reference because ExtData[*].Val6 matches a known RequirementId row in abilityrequirementexport.bin.
9189,Inbound,Component,11470,Component 11470 (APPLY_ABILITY),ExtData[1].Val6,1,9189,"9470 (Doombolt), 9471 (Chillwind), 9472 (Gloomburst), 9475 (Word of Pain), 9478 (Vision of Torment), 9479 (Arctic Blast), 9480 (Shattered Shadows), 9482 (Frostbite)","Damage, Disarm, Heal, Snare",C:\Users\Admin\Downloads\myps\data\bin\abilitycomponentexport.bin,byte 872811,Inferred requirement reference because ExtData[*].Val6 matches a known RequirementId row in abilityrequirementexport.bin.
9189,Outbound,Requirement,9189,Requirement 9189,ExtData[0].Val6,0,9183,,,C:\Users\Admin\Downloads\myps\data\bin\abilityrequirementexport.bin,byte 17806,Inferred requirement reference because ExtData[*].Val6 matches a known RequirementId row in abilityrequirementexport.bin.
9189,Outbound,Requirement,9189,Requirement 9189,ExtData[2].Val6,2,9586,,,C:\Users\Admin\Downloads\myps\data\bin\abilityrequirementexport.bin,byte 17806,Inferred requirement reference because ExtData[*].Val6 matches a known RequirementId row in abilityrequirementexport.bin.
9190,Inbound,Component,11470,Component 11470 (APPLY_ABILITY),ExtData[2].Val6,2,9190,"9470 (Doombolt), 9471 (Chillwind), 9472 (Gloomburst), 9475 (Word of Pain), 9478 (Vision of Torment), 9479 (Arctic Blast), 9480 (Shattered Shadows), 9482 (Frostbite)","Damage, Disarm, Heal, Snare",C:\Users\Admin\Downloads\myps\data\bin\abilitycomponentexport.bin,byte 872811,Inferred requirement reference because ExtData[*].Val6 matches a known RequirementId row in abilityrequirementexport.bin.
9190,Outbound,Requirement,9190,Requirement 9190,ExtData[0].Val6,0,9185,,,C:\Users\Admin\Downloads\myps\data\bin\abilityrequirementexport.bin,byte 17931,Inferred requirement reference because ExtData[*].Val6 matches a known RequirementId row in abilityrequirementexport.bin.
9190,Outbound,Requirement,9190,Requirement 9190,ExtData[2].Val6,2,9586,,,C:\Users\Admin\Downloads\myps\data\bin\abilityrequirementexport.bin,byte 17931,Inferred requirement reference because ExtData[*].Val6 matches a known RequirementId row in abilityrequirementexport.bin.
9191,Inbound,Component,11470,Component 11470 (APPLY_ABILITY),ExtData[3].Val6,3,9191,"9470 (Doombolt), 9471 (Chillwind), 9472 (Gloomburst), 9475 (Word of Pain), 9478 (Vision of Torment), 9479 (Arctic Blast), 9480 (Shattered Shadows), 9482 (Frostbite)","Damage, Disarm, Heal, Snare",C:\Users\Admin\Downloads\myps\data\bin\abilitycomponentexport.bin,byte 872811,Inferred requirement reference because ExtData[*].Val6 matches a known RequirementId row in abilityrequirementexport.bin.
9191,Outbound,Requirement,9191,Requirement 9191,ExtData[0].Val6,0,9186,,,C:\Users\Admin\Downloads\myps\data\bin\abilityrequirementexport.bin,byte 18056,Inferred requirement reference because ExtData[*].Val6 matches a known RequirementId row in abilityrequirementexport.bin.
9191,Outbound,Requirement,9191,Requirement 9191,ExtData[2].Val6,2,9586,,,C:\Users\Admin\Downloads\myps\data\bin\abilityrequirementexport.bin,byte 18056,Inferred requirement reference because ExtData[*].Val6 matches a known RequirementId row in abilityrequirementexport.bin.
9192,Inbound,Component,11470,Component 11470 (APPLY_ABILITY),ExtData[4].Val6,4,9192,"9470 (Doombolt), 9471 (Chillwind), 9472 (Gloomburst), 9475 (Word of Pain), 9478 (Vision of Torment), 9479 (Arctic Blast), 9480 (Shattered Shadows), 9482 (Frostbite)","Damage, Disarm, Heal, Snare",C:\Users\Admin\Downloads\myps\data\bin\abilitycomponentexport.bin,byte 872811,Inferred requirement reference because ExtData[*].Val6 matches a known RequirementId row in abilityrequirementexport.bin.
9192,Outbound,Requirement,9192,Requirement 9192,ExtData[0].Val6,0,9187,,,C:\Users\Admin\Downloads\myps\data\bin\abilityrequirementexport.bin,byte 18181,Inferred requirement reference because ExtData[*].Val6 matches a known RequirementId row in abilityrequirementexport.bin.
9192,Outbound,Requirement,9192,Requirement 9192,ExtData[2].Val6,2,9586,,,C:\Users\Admin\Downloads\myps\data\bin\abilityrequirementexport.bin,byte 18181,Inferred requirement reference because ExtData[*].Val6 matches a known RequirementId row in abilityrequirementexport.bin.
9193,Inbound,Component,9036,Component 9036 (DAMAGE),ExtData[0].Val6,0,9193,,,C:\Users\Admin\Downloads\myps\data\bin\abilitycomponentexport.bin,byte 619868,Inferred requirement reference because ExtData[*].Val6 matches a known RequirementId row in abilityrequirementexport.bin.
9194,Inbound,Requirement,9196,Requirement 9196,ExtData[0].Val6,0,9194,,,C:\Users\Admin\Downloads\myps\data\bin\abilityrequirementexport.bin,byte 18582,Inferred requirement reference because ExtData[*].Val6 matches a known RequirementId row in abilityrequirementexport.bin.
9195,Inbound,Requirement,9196,Requirement 9196,ExtData[1].Val6,1,9195,,,C:\Users\Admin\Downloads\myps\data\bin\abilityrequirementexport.bin,byte 18582,Inferred requirement reference because ExtData[*].Val6 matches a known RequirementId row in abilityrequirementexport.bin.
9196,Inbound,Component,9034,Component 9034 (DAMAGE),ExtData[0].Val6,0,9196,,,C:\Users\Admin\Downloads\myps\data\bin\abilitycomponentexport.bin,byte 619503,Inferred requirement reference because ExtData[*].Val6 matches a known RequirementId row in abilityrequirementexport.bin.
9196,Inbound,Component,9040,Component 9040 (DAMAGE),ExtData[1].Val6,1,9196,3789 (Dreadful Fear),,C:\Users\Admin\Downloads\myps\data\bin\abilitycomponentexport.bin,byte 620499,Inferred requirement reference because ExtData[*].Val6 matches a known RequirementId row in abilityrequirementexport.bin.
9196,Outbound,Requirement,9196,Requirement 9196,ExtData[0].Val6,0,9194,,,C:\Users\Admin\Downloads\myps\data\bin\abilityrequirementexport.bin,byte 18582,Inferred requirement reference because ExtData[*].Val6 matches a known RequirementId row in abilityrequirementexport.bin.
9196,Outbound,Requirement,9196,Requirement 9196,ExtData[1].Val6,1,9195,,,C:\Users\Admin\Downloads\myps\data\bin\abilityrequirementexport.bin,byte 18582,Inferred requirement reference because ExtData[*].Val6 matches a known RequirementId row in abilityrequirementexport.bin.
9197,Inbound,Component,7869,Component 7869 (DAMAGE_CHANGE),ExtData[0].Val6,0,9197,14127 (King Slayer),Damage,C:\Users\Admin\Downloads\myps\data\bin\abilitycomponentexport.bin,byte 1345255,Inferred requirement reference because ExtData[*].Val6 matches a known RequirementId row in abilityrequirementexport.bin.
9197,Inbound,Component,7870,Component 7870 (BONUS_TYPE_ADJUST),ExtData[0].Val6,0,9197,14128 (Nemesis),Damage,C:\Users\Admin\Downloads\myps\data\bin\abilitycomponentexport.bin,byte 1345421,Inferred requirement reference because ExtData[*].Val6 matches a known RequirementId row in abilityrequirementexport.bin.
9199,Inbound,Component,14180,Component 14180 (MORALE_CHANGE),ExtData[0].Val6,0,9199,14111 (Orcs Fear Me),,C:\Users\Admin\Downloads\myps\data\bin\abilitycomponentexport.bin,byte 1520360,Inferred requirement reference because ExtData[*].Val6 matches a known RequirementId row in abilityrequirementexport.bin.
9199,Inbound,Component,14186,Component 14186 (APPLY_ABILITY),ExtData[0].Val6,0,9199,14115 (Invigorating Victory - Orc),,C:\Users\Admin\Downloads\myps\data\bin\abilitycomponentexport.bin,byte 1521554,Inferred requirement reference because ExtData[*].Val6 matches a known RequirementId row in abilityrequirementexport.bin.
9204,Inbound,Component,9881,Component 9881 (AP_CHANGE),ExtData[0].Val6,0,9204,,,C:\Users\Admin\Downloads\myps\data\bin\abilitycomponentexport.bin,byte 765608,Inferred requirement reference because ExtData[*].Val6 matches a known RequirementId row in abilityrequirementexport.bin.
9204,Inbound,Requirement,9442,Requirement 9442,ExtData[1].Val6,1,9204,,,C:\Users\Admin\Downloads\myps\data\bin\abilityrequirementexport.bin,byte 43755,Inferred requirement reference because ExtData[*].Val6 matches a known RequirementId row in abilityrequirementexport.bin.
9204,Inbound,Requirement,9459,Requirement 9459,ExtData[0].Val6,0,9204,,,C:\Users\Admin\Downloads\myps\data\bin\abilityrequirementexport.bin,byte 45385,Inferred requirement reference because ExtData[*].Val6 matches a known RequirementId row in abilityrequirementexport.bin.
9204,Inbound,Requirement,9460,Requirement 9460,ExtData[0].Val6,0,9204,,,C:\Users\Admin\Downloads\myps\data\bin\abilityrequirementexport.bin,byte 45477,Inferred requirement reference because ExtData[*].Val6 matches a known RequirementId row in abilityrequirementexport.bin.
9205,Inbound,Component,7845,Component 7845 (MORALE_REGEN_CHANGE),ExtData[0].Val6,0,9205,14159 (Dwarven Camaraderie),,C:\Users\Admin\Downloads\myps\data\bin\abilitycomponentexport.bin,byte 1341735,Inferred requirement reference because ExtData[*].Val6 matches a known RequirementId row in abilityrequirementexport.bin.
9206,Inbound,Component,7846,Component 7846 (MORALE_REGEN_CHANGE),ExtData[0].Val6,0,9206,14160 (Orcish Camaraderie),,C:\Users\Admin\Downloads\myps\data\bin\abilitycomponentexport.bin,byte 1341901,Inferred requirement reference because ExtData[*].Val6 matches a known RequirementId row in abilityrequirementexport.bin.
9207,Inbound,Component,7847,Component 7847 (MORALE_REGEN_CHANGE),ExtData[0].Val6,0,9207,14161 (Empire Allegiance),,C:\Users\Admin\Downloads\myps\data\bin\abilitycomponentexport.bin,byte 1342067,Inferred requirement reference because ExtData[*].Val6 matches a known RequirementId row in abilityrequirementexport.bin.
9208,Inbound,Component,7848,Component 7848 (MORALE_REGEN_CHANGE),ExtData[0].Val6,0,9208,14162 (Chaotic Allegiance),,C:\Users\Admin\Downloads\myps\data\bin\abilitycomponentexport.bin,byte 1342233,Inferred requirement reference because ExtData[*].Val6 matches a known RequirementId row in abilityrequirementexport.bin.
9209,Inbound,Component,7849,Component 7849 (MORALE_REGEN_CHANGE),ExtData[0].Val6,0,9209,14163 (High Elf Lineage),,C:\Users\Admin\Downloads\myps\data\bin\abilitycomponentexport.bin,byte 1342399,Inferred requirement reference because ExtData[*].Val6 matches a known RequirementId row in abilityrequirementexport.bin.
9210,Inbound,Component,7850,Component 7850 (MORALE_REGEN_CHANGE),ExtData[0].Val6,0,9210,14164 (Dark Elf Lineage),,C:\Users\Admin\Downloads\myps\data\bin\abilitycomponentexport.bin,byte 1342565,Inferred requirement reference because ExtData[*].Val6 matches a known RequirementId row in abilityrequirementexport.bin.
9211,Inbound,Component,7851,Component 7851 (MORALE_REGEN_CHANGE),ExtData[0].Val6,0,9211,14160 (Orcish Camaraderie),,C:\Users\Admin\Downloads\myps\data\bin\abilitycomponentexport.bin,byte 1342731,Inferred requirement reference because ExtData[*].Val6 matches a known RequirementId row in abilityrequirementexport.bin.
9212,Inbound,Ability,1369,Ability 1369 (Shield of Reprisal),ExtData[1].Val6,1,9212,1369 (Shield of Reprisal),Damage,C:\Users\Admin\Downloads\myps\data\bin\abilityexport.bin,byte 1086408,Inferred requirement reference because ExtData[*].Val6 matches a known RequirementId row in abilityrequirementexport.bin.
9212,Inbound,Ability,8347,Ability 8347 (Oppression),ExtData[0].Val6,0,9212,8347 (Oppression),Damage,C:\Users\Admin\Downloads\myps\data\bin\abilityexport.bin,byte 1225279,Inferred requirement reference because ExtData[*].Val6 matches a known RequirementId row in abilityrequirementexport.bin.
9212,Inbound,Ability,9342,Ability 9342 (Blade of Ruin),ExtData[1].Val6,1,9212,9342 (Blade of Ruin),Damage,C:\Users\Admin\Downloads\myps\data\bin\abilityexport.bin,byte 1315998,Inferred requirement reference because ExtData[*].Val6 matches a known RequirementId row in abilityrequirementexport.bin.
9212,Outbound,Requirement,9212,Requirement 9212,ExtData[1].Val6,1,9066,,,C:\Users\Admin\Downloads\myps\data\bin\abilityrequirementexport.bin,byte 21077,Inferred requirement reference because ExtData[*].Val6 matches a known RequirementId row in abilityrequirementexport.bin.
9212,Outbound,Requirement,9212,Requirement 9212,ExtData[0].Val6,0,9076,,,C:\Users\Admin\Downloads\myps\data\bin\abilityrequirementexport.bin,byte 21077,Inferred requirement reference because ExtData[*].Val6 matches a known RequirementId row in abilityrequirementexport.bin.
9219,Outbound,Requirement,9219,Requirement 9219,ExtData[1].Val6,1,9147,,,C:\Users\Admin\Downloads\myps\data\bin\abilityrequirementexport.bin,byte 21655,Inferred requirement reference because ExtData[*].Val6 matches a known RequirementId row in abilityrequirementexport.bin.
9220,Inbound,Requirement,9221,Requirement 9221,ExtData[1].Val6,1,9220,,,C:\Users\Admin\Downloads\myps\data\bin\abilityrequirementexport.bin,byte 21839,Inferred requirement reference because ExtData[*].Val6 matches a known RequirementId row in abilityrequirementexport.bin.
9221,Outbound,Requirement,9221,Requirement 9221,ExtData[1].Val6,1,9220,,,C:\Users\Admin\Downloads\myps\data\bin\abilityrequirementexport.bin,byte 21839,Inferred requirement reference because ExtData[*].Val6 matches a known RequirementId row in abilityrequirementexport.bin.
9222,Inbound,Ability,14701,Ability 14701 (King's Tale),ExtData[0].Val6,0,9222,14701 (King's Tale),,C:\Users\Admin\Downloads\myps\data\bin\abilityexport.bin,byte 756677,Inferred requirement reference because ExtData[*].Val6 matches a known RequirementId row in abilityrequirementexport.bin.
9222,Inbound,Ability,14704,Ability 14704 (Greenskin Lord's Tale),ExtData[0].Val6,0,9222,14704 (Greenskin Lord's Tale),Damage,C:\Users\Admin\Downloads\myps\data\bin\abilityexport.bin,byte 757325,Inferred requirement reference because ExtData[*].Val6 matches a known RequirementId row in abilityrequirementexport.bin.
9222,Inbound,Ability,14707,Ability 14707 (Dwarf Lord's Tale),ExtData[0].Val6,0,9222,14707 (Dwarf Lord's Tale),Damage,C:\Users\Admin\Downloads\myps\data\bin\abilityexport.bin,byte 757973,Inferred requirement reference because ExtData[*].Val6 matches a known RequirementId row in abilityrequirementexport.bin.
9222,Inbound,Ability,14710,Ability 14710 (Empire Lord's Tale),ExtData[0].Val6,0,9222,14710 (Empire Lord's Tale),Damage,C:\Users\Admin\Downloads\myps\data\bin\abilityexport.bin,byte 758621,Inferred requirement reference because ExtData[*].Val6 matches a known RequirementId row in abilityrequirementexport.bin.
9222,Inbound,Ability,14713,Ability 14713 (Chaos Lord's Tale),ExtData[0].Val6,0,9222,14713 (Chaos Lord's Tale),Damage,C:\Users\Admin\Downloads\myps\data\bin\abilityexport.bin,byte 759269,Inferred requirement reference because ExtData[*].Val6 matches a known RequirementId row in abilityrequirementexport.bin.
9222,Inbound,Ability,14716,Ability 14716 (High Elf Lord's Tale),ExtData[0].Val6,0,9222,14716 (High Elf Lord's Tale),Damage,C:\Users\Admin\Downloads\myps\data\bin\abilityexport.bin,byte 759917,Inferred requirement reference because ExtData[*].Val6 matches a known RequirementId row in abilityrequirementexport.bin.
9222,Inbound,Ability,14719,Ability 14719 (Dark Elf Lord's Tale),ExtData[0].Val6,0,9222,14719 (Dark Elf Lord's Tale),Damage,C:\Users\Admin\Downloads\myps\data\bin\abilityexport.bin,byte 760565,Inferred requirement reference because ExtData[*].Val6 matches a known RequirementId row in abilityrequirementexport.bin.
9222,Inbound,Ability,15149,Ability 15149 (Halfling Pie),ExtData[0].Val6,0,9222,15149 (Halfling Pie),,C:\Users\Admin\Downloads\myps\data\bin\abilityexport.bin,byte 829228,Inferred requirement reference because ExtData[*].Val6 matches a known RequirementId row in abilityrequirementexport.bin.
9222,Inbound,Ability,15150,Ability 15150 (Halfling Pie),ExtData[0].Val6,0,9222,15150 (Halfling Pie),,C:\Users\Admin\Downloads\myps\data\bin\abilityexport.bin,byte 829455,Inferred requirement reference because ExtData[*].Val6 matches a known RequirementId row in abilityrequirementexport.bin.
9222,Inbound,Ability,15161,Ability 15161 (Custard Pie),ExtData[0].Val6,0,9222,15161 (Custard Pie),,C:\Users\Admin\Downloads\myps\data\bin\abilityexport.bin,byte 831622,Inferred requirement reference because ExtData[*].Val6 matches a known RequirementId row in abilityrequirementexport.bin.
9222,Inbound,Ability,15176,Ability 15176 (Custard Pie),ExtData[0].Val6,0,9222,15176 (Custard Pie),,C:\Users\Admin\Downloads\myps\data\bin\abilityexport.bin,byte 834631,Inferred requirement reference because ExtData[*].Val6 matches a known RequirementId row in abilityrequirementexport.bin.
9223,Inbound,Requirement,9224,Requirement 9224,ExtData[2].Val6,2,9223,,,C:\Users\Admin\Downloads\myps\data\bin\abilityrequirementexport.bin,byte 22115,Inferred requirement reference because ExtData[*].Val6 matches a known RequirementId row in abilityrequirementexport.bin.
9224,Outbound,Requirement,9224,Requirement 9224,ExtData[2].Val6,2,9223,,,C:\Users\Admin\Downloads\myps\data\bin\abilityrequirementexport.bin,byte 22115,Inferred requirement reference because ExtData[*].Val6 matches a known RequirementId row in abilityrequirementexport.bin.
9229,Inbound,Ability,8115,Ability 8115 (Pistol Whip),ExtData[2].Val6,2,9229,8115 (Pistol Whip),Damage,C:\Users\Admin\Downloads\myps\data\bin\abilityexport.bin,byte 1192535,Inferred requirement reference because ExtData[*].Val6 matches a known RequirementId row in abilityrequirementexport.bin.
9229,Inbound,Component,9181,Component 9181 (DAMAGE),ExtData[1].Val6,1,9229,8085 (Torment),Damage,C:\Users\Admin\Downloads\myps\data\bin\abilitycomponentexport.bin,byte 644432,Inferred requirement reference because ExtData[*].Val6 matches a known RequirementId row in abilityrequirementexport.bin.
9229,Inbound,Component,9182,Component 9182 (DAMAGE),ExtData[1].Val6,1,9229,8085 (Torment),Damage,C:\Users\Admin\Downloads\myps\data\bin\abilitycomponentexport.bin,byte 644697,Inferred requirement reference because ExtData[*].Val6 matches a known RequirementId row in abilityrequirementexport.bin.
9229,Inbound,Component,9329,Component 9329 (DAMAGE),ExtData[1].Val6,1,9229,8100 (Silence The Heretic),"Damage, Silence",C:\Users\Admin\Downloads\myps\data\bin\abilitycomponentexport.bin,byte 668998,Inferred requirement reference because ExtData[*].Val6 matches a known RequirementId row in abilityrequirementexport.bin.
9229,Inbound,Component,9550,Component 9550 (MORALE_CHANGE),ExtData[0].Val6,0,9229,8139 (Vitriolic Judgement),,C:\Users\Admin\Downloads\myps\data\bin\abilitycomponentexport.bin,byte 707989,Inferred requirement reference because ExtData[*].Val6 matches a known RequirementId row in abilityrequirementexport.bin.
9229,Inbound,Component,11649,Component 11649 (BONUS_TYPE_ADJUST),ExtData[0].Val6,0,9229,,,C:\Users\Admin\Downloads\myps\data\bin\abilitycomponentexport.bin,byte 902817,Inferred requirement reference because ExtData[*].Val6 matches a known RequirementId row in abilityrequirementexport.bin.
9229,Inbound,Component,12022,Component 12022 (DAMAGE),ExtData[1].Val6,1,9229,9408 (Agonizing Wound),Damage,C:\Users\Admin\Downloads\myps\data\bin\abilitycomponentexport.bin,byte 966409,Inferred requirement reference because ExtData[*].Val6 matches a known RequirementId row in abilityrequirementexport.bin.
9229,Inbound,Component,12023,Component 12023 (DAMAGE),ExtData[1].Val6,1,9229,9409 (Throat Slitter),"Damage, Silence",C:\Users\Admin\Downloads\myps\data\bin\abilitycomponentexport.bin,byte 966674,Inferred requirement reference because ExtData[*].Val6 matches a known RequirementId row in abilityrequirementexport.bin.
9231,Inbound,Component,1766,Component 1766 (BONUS_TYPE_ADJUST),ExtData[1].Val6,1,9231,3872 (Earth's Shielding),,C:\Users\Admin\Downloads\myps\data\bin\abilitycomponentexport.bin,byte 212404,Inferred requirement reference because ExtData[*].Val6 matches a known RequirementId row in abilityrequirementexport.bin.
9234,Inbound,Component,9130,Component 9130 (HEAL),ExtData[1].Val6,1,9234,3017 (Rune of Serenity),Heal,C:\Users\Admin\Downloads\myps\data\bin\abilitycomponentexport.bin,byte 635934,Inferred requirement reference because ExtData[*].Val6 matches a known RequirementId row in abilityrequirementexport.bin.
9235,Outbound,Requirement,9235,Requirement 9235,ExtData[0].Val6,0,9236,,,C:\Users\Admin\Downloads\myps\data\bin\abilityrequirementexport.bin,byte 23226,Inferred requirement reference because ExtData[*].Val6 matches a known RequirementId row in abilityrequirementexport.bin.
9235,Outbound,Requirement,9235,Requirement 9235,ExtData[1].Val6,1,9237,,,C:\Users\Admin\Downloads\myps\data\bin\abilityrequirementexport.bin,byte 23226,Inferred requirement reference because ExtData[*].Val6 matches a known RequirementId row in abilityrequirementexport.bin.
9235,Outbound,Requirement,9235,Requirement 9235,ExtData[2].Val6,2,9238,,,C:\Users\Admin\Downloads\myps\data\bin\abilityrequirementexport.bin,byte 23226,Inferred requirement reference because ExtData[*].Val6 matches a known RequirementId row in abilityrequirementexport.bin.
9236,Inbound,Requirement,9235,Requirement 9235,ExtData[0].Val6,0,9236,,,C:\Users\Admin\Downloads\myps\data\bin\abilityrequirementexport.bin,byte 23226,Inferred requirement reference because ExtData[*].Val6 matches a known RequirementId row in abilityrequirementexport.bin.
9237,Inbound,Requirement,9235,Requirement 9235,ExtData[1].Val6,1,9237,,,C:\Users\Admin\Downloads\myps\data\bin\abilityrequirementexport.bin,byte 23226,Inferred requirement reference because ExtData[*].Val6 matches a known RequirementId row in abilityrequirementexport.bin.
9238,Inbound,Requirement,9235,Requirement 9235,ExtData[2].Val6,2,9238,,,C:\Users\Admin\Downloads\myps\data\bin\abilityrequirementexport.bin,byte 23226,Inferred requirement reference because ExtData[*].Val6 matches a known RequirementId row in abilityrequirementexport.bin.
9239,Inbound,Component,10650,Component 10650 (DAMAGE),ExtData[0].Val6,0,9239,"10770 (Cannon), 10771 (Spear Chukka), 10772 (Cannon), 10773 (Hellcannon), 10774 (Ballista), 10775 (Ballista)",,C:\Users\Admin\Downloads\myps\data\bin\abilitycomponentexport.bin,byte 1476502,Inferred requirement reference because ExtData[*].Val6 matches a known RequirementId row in abilityrequirementexport.bin.
9239,Inbound,Component,14088,Component 14088 (DAMAGE),ExtData[0].Val6,0,9239,,,C:\Users\Admin\Downloads\myps\data\bin\abilitycomponentexport.bin,byte 1504197,Inferred requirement reference because ExtData[*].Val6 matches a known RequirementId row in abilityrequirementexport.bin.
9239,Inbound,Component,14089,Component 14089 (DAMAGE),ExtData[0].Val6,0,9239,,,C:\Users\Admin\Downloads\myps\data\bin\abilitycomponentexport.bin,byte 1504429,Inferred requirement reference because ExtData[*].Val6 matches a known RequirementId row in abilityrequirementexport.bin.
9239,Inbound,Component,14090,Component 14090 (DAMAGE),ExtData[0].Val6,0,9239,,,C:\Users\Admin\Downloads\myps\data\bin\abilitycomponentexport.bin,byte 1504661,Inferred requirement reference because ExtData[*].Val6 matches a known RequirementId row in abilityrequirementexport.bin.
9239,Inbound,Component,15190,Component 15190 (DAMAGE),ExtData[0].Val6,0,9239,"14437 (Spear Chukka), 14442 (Cannon), 14447 (Cannon), 14452 (Hellcannon), 14457 (Ballista), 14462 (Ballista)",,C:\Users\Admin\Downloads\myps\data\bin\abilitycomponentexport.bin,byte 1673205,Inferred requirement reference because ExtData[*].Val6 matches a known RequirementId row in abilityrequirementexport.bin.
9239,Inbound,Component,17009,Component 17009 (DAMAGE),ExtData[0].Val6,0,9239,"17007 (Spear Chukka), 17015 (Cannon), 17023 (Cannon), 17031 (Hellcannon), 17039 (Ballista), 17047 (Ballista)",,C:\Users\Admin\Downloads\myps\data\bin\abilitycomponentexport.bin,byte 1763765,Inferred requirement reference because ExtData[*].Val6 matches a known RequirementId row in abilityrequirementexport.bin.
9239,Inbound,Component,17012,Component 17012 (DAMAGE),ExtData[0].Val6,0,9239,"17008 (Spear Chukka), 17016 (Cannon), 17024 (Cannon), 17032 (Hellcannon), 17040 (Ballista), 17048 (Ballista)",,C:\Users\Admin\Downloads\myps\data\bin\abilitycomponentexport.bin,byte 1764395,Inferred requirement reference because ExtData[*].Val6 matches a known RequirementId row in abilityrequirementexport.bin.
9240,Inbound,Component,10650,Component 10650 (DAMAGE),ExtData[1].Val6,1,9240,"10770 (Cannon), 10771 (Spear Chukka), 10772 (Cannon), 10773 (Hellcannon), 10774 (Ballista), 10775 (Ballista)",,C:\Users\Admin\Downloads\myps\data\bin\abilitycomponentexport.bin,byte 1476502,Inferred requirement reference because ExtData[*].Val6 matches a known RequirementId row in abilityrequirementexport.bin.
9240,Inbound,Component,14088,Component 14088 (DAMAGE),ExtData[1].Val6,1,9240,,,C:\Users\Admin\Downloads\myps\data\bin\abilitycomponentexport.bin,byte 1504197,Inferred requirement reference because ExtData[*].Val6 matches a known RequirementId row in abilityrequirementexport.bin.
9240,Inbound,Component,14089,Component 14089 (DAMAGE),ExtData[1].Val6,1,9240,,,C:\Users\Admin\Downloads\myps\data\bin\abilitycomponentexport.bin,byte 1504429,Inferred requirement reference because ExtData[*].Val6 matches a known RequirementId row in abilityrequirementexport.bin.
9240,Inbound,Component,14090,Component 14090 (DAMAGE),ExtData[1].Val6,1,9240,,,C:\Users\Admin\Downloads\myps\data\bin\abilitycomponentexport.bin,byte 1504661,Inferred requirement reference because ExtData[*].Val6 matches a known RequirementId row in abilityrequirementexport.bin.
9240,Inbound,Component,15190,Component 15190 (DAMAGE),ExtData[1].Val6,1,9240,"14437 (Spear Chukka), 14442 (Cannon), 14447 (Cannon), 14452 (Hellcannon), 14457 (Ballista), 14462 (Ballista)",,C:\Users\Admin\Downloads\myps\data\bin\abilitycomponentexport.bin,byte 1673205,Inferred requirement reference because ExtData[*].Val6 matches a known RequirementId row in abilityrequirementexport.bin.
9240,Inbound,Component,17009,Component 17009 (DAMAGE),ExtData[1].Val6,1,9240,"17007 (Spear Chukka), 17015 (Cannon), 17023 (Cannon), 17031 (Hellcannon), 17039 (Ballista), 17047 (Ballista)",,C:\Users\Admin\Downloads\myps\data\bin\abilitycomponentexport.bin,byte 1763765,Inferred requirement reference because ExtData[*].Val6 matches a known RequirementId row in abilityrequirementexport.bin.
9240,Inbound,Component,17012,Component 17012 (DAMAGE),ExtData[1].Val6,1,9240,"17008 (Spear Chukka), 17016 (Cannon), 17024 (Cannon), 17032 (Hellcannon), 17040 (Ballista), 17048 (Ballista)",,C:\Users\Admin\Downloads\myps\data\bin\abilitycomponentexport.bin,byte 1764395,Inferred requirement reference because ExtData[*].Val6 matches a known RequirementId row in abilityrequirementexport.bin.
9240,Inbound,Requirement,9423,Requirement 9423,ExtData[0].Val6,0,9240,,,C:\Users\Admin\Downloads\myps\data\bin\abilityrequirementexport.bin,byte 41908,Inferred requirement reference because ExtData[*].Val6 matches a known RequirementId row in abilityrequirementexport.bin.
9241,Outbound,Requirement,9241,Requirement 9241,ExtData[1].Val6,1,9242,,,C:\Users\Admin\Downloads\myps\data\bin\abilityrequirementexport.bin,byte 23910,Inferred requirement reference because ExtData[*].Val6 matches a known RequirementId row in abilityrequirementexport.bin.
9242,Inbound,Requirement,9241,Requirement 9241,ExtData[1].Val6,1,9242,,,C:\Users\Admin\Downloads\myps\data\bin\abilityrequirementexport.bin,byte 23910,Inferred requirement reference because ExtData[*].Val6 matches a known RequirementId row in abilityrequirementexport.bin.
9245,Outbound,Requirement,9245,Requirement 9245,ExtData[0].Val6,0,9057,,,C:\Users\Admin\Downloads\myps\data\bin\abilityrequirementexport.bin,byte 24311,Inferred requirement reference because ExtData[*].Val6 matches a known RequirementId row in abilityrequirementexport.bin.
9246,Inbound,Ability,9167,Ability 9167 (Lion's Fury),ExtData[0].Val6,0,9246,9167 (Lion's Fury),Damage,C:\Users\Admin\Downloads\myps\data\bin\abilityexport.bin,byte 1290721,Inferred requirement reference because ExtData[*].Val6 matches a known RequirementId row in abilityrequirementexport.bin.
9247,Inbound,Ability,14500,Ability 14500 (Stow Standard),ExtData[1].Val6,1,9247,14500 (Stow Standard),,C:\Users\Admin\Downloads\myps\data\bin\abilityexport.bin,byte 721512,Inferred requirement reference because ExtData[*].Val6 matches a known RequirementId row in abilityrequirementexport.bin.
9247,Inbound,Ability,14503,Ability 14503 (Deploy Standard),ExtData[1].Val6,1,9247,14503 (Deploy Standard),,C:\Users\Admin\Downloads\myps\data\bin\abilityexport.bin,byte 722292,Inferred requirement reference because ExtData[*].Val6 matches a known RequirementId row in abilityrequirementexport.bin.
9247,Inbound,Requirement,9250,Requirement 9250,ExtData[1].Val6,1,9247,,,C:\Users\Admin\Downloads\myps\data\bin\abilityrequirementexport.bin,byte 24771,Inferred requirement reference because ExtData[*].Val6 matches a known RequirementId row in abilityrequirementexport.bin.
9247,Inbound,Requirement,9253,Requirement 9253,ExtData[1].Val6,1,9247,,,C:\Users\Admin\Downloads\myps\data\bin\abilityrequirementexport.bin,byte 25047,Inferred requirement reference because ExtData[*].Val6 matches a known RequirementId row in abilityrequirementexport.bin.
9248,Inbound,Ability,14501,Ability 14501 (Stow Standard),ExtData[1].Val6,1,9248,14501 (Stow Standard),,C:\Users\Admin\Downloads\myps\data\bin\abilityexport.bin,byte 721772,Inferred requirement reference because ExtData[*].Val6 matches a known RequirementId row in abilityrequirementexport.bin.
9248,Inbound,Ability,14504,Ability 14504 (Deploy Standard),ExtData[1].Val6,1,9248,14504 (Deploy Standard),,C:\Users\Admin\Downloads\myps\data\bin\abilityexport.bin,byte 722585,Inferred requirement reference because ExtData[*].Val6 matches a known RequirementId row in abilityrequirementexport.bin.
9248,Inbound,Requirement,9251,Requirement 9251,ExtData[1].Val6,1,9248,,,C:\Users\Admin\Downloads\myps\data\bin\abilityrequirementexport.bin,byte 24863,Inferred requirement reference because ExtData[*].Val6 matches a known RequirementId row in abilityrequirementexport.bin.
9248,Inbound,Requirement,9254,Requirement 9254,ExtData[1].Val6,1,9248,,,C:\Users\Admin\Downloads\myps\data\bin\abilityrequirementexport.bin,byte 25205,Inferred requirement reference because ExtData[*].Val6 matches a known RequirementId row in abilityrequirementexport.bin.
9249,Inbound,Ability,14502,Ability 14502 (Stow Standard),ExtData[1].Val6,1,9249,14502 (Stow Standard),,C:\Users\Admin\Downloads\myps\data\bin\abilityexport.bin,byte 722032,Inferred requirement reference because ExtData[*].Val6 matches a known RequirementId row in abilityrequirementexport.bin.
9249,Inbound,Ability,14505,Ability 14505 (Deploy Standard),ExtData[1].Val6,1,9249,14505 (Deploy Standard),,C:\Users\Admin\Downloads\myps\data\bin\abilityexport.bin,byte 722878,Inferred requirement reference because ExtData[*].Val6 matches a known RequirementId row in abilityrequirementexport.bin.
9249,Inbound,Requirement,9252,Requirement 9252,ExtData[1].Val6,1,9249,,,C:\Users\Admin\Downloads\myps\data\bin\abilityrequirementexport.bin,byte 24955,Inferred requirement reference because ExtData[*].Val6 matches a known RequirementId row in abilityrequirementexport.bin.
9249,Inbound,Requirement,9255,Requirement 9255,ExtData[1].Val6,1,9249,,,C:\Users\Admin\Downloads\myps\data\bin\abilityrequirementexport.bin,byte 25363,Inferred requirement reference because ExtData[*].Val6 matches a known RequirementId row in abilityrequirementexport.bin.
9250,Outbound,Requirement,9250,Requirement 9250,ExtData[1].Val6,1,9247,,,C:\Users\Admin\Downloads\myps\data\bin\abilityrequirementexport.bin,byte 24771,Inferred requirement reference because ExtData[*].Val6 matches a known RequirementId row in abilityrequirementexport.bin.
9251,Outbound,Requirement,9251,Requirement 9251,ExtData[1].Val6,1,9248,,,C:\Users\Admin\Downloads\myps\data\bin\abilityrequirementexport.bin,byte 24863,Inferred requirement reference because ExtData[*].Val6 matches a known RequirementId row in abilityrequirementexport.bin.
9252,Outbound,Requirement,9252,Requirement 9252,ExtData[1].Val6,1,9249,,,C:\Users\Admin\Downloads\myps\data\bin\abilityrequirementexport.bin,byte 24955,Inferred requirement reference because ExtData[*].Val6 matches a known RequirementId row in abilityrequirementexport.bin.
9253,Outbound,Requirement,9253,Requirement 9253,ExtData[1].Val6,1,9247,,,C:\Users\Admin\Downloads\myps\data\bin\abilityrequirementexport.bin,byte 25047,Inferred requirement reference because ExtData[*].Val6 matches a known RequirementId row in abilityrequirementexport.bin.
9254,Inbound,Requirement,9256,Requirement 9256,ExtData[0].Val6,0,9254,,,C:\Users\Admin\Downloads\myps\data\bin\abilityrequirementexport.bin,byte 25521,Inferred requirement reference because ExtData[*].Val6 matches a known RequirementId row in abilityrequirementexport.bin.
9254,Outbound,Requirement,9254,Requirement 9254,ExtData[1].Val6,1,9248,,,C:\Users\Admin\Downloads\myps\data\bin\abilityrequirementexport.bin,byte 25205,Inferred requirement reference because ExtData[*].Val6 matches a known RequirementId row in abilityrequirementexport.bin.
9255,Inbound,Requirement,9256,Requirement 9256,ExtData[1].Val6,1,9255,,,C:\Users\Admin\Downloads\myps\data\bin\abilityrequirementexport.bin,byte 25521,Inferred requirement reference because ExtData[*].Val6 matches a known RequirementId row in abilityrequirementexport.bin.
9255,Outbound,Requirement,9255,Requirement 9255,ExtData[1].Val6,1,9249,,,C:\Users\Admin\Downloads\myps\data\bin\abilityrequirementexport.bin,byte 25363,Inferred requirement reference because ExtData[*].Val6 matches a known RequirementId row in abilityrequirementexport.bin.
9256,Outbound,Requirement,9256,Requirement 9256,ExtData[0].Val6,0,9254,,,C:\Users\Admin\Downloads\myps\data\bin\abilityrequirementexport.bin,byte 25521,Inferred requirement reference because ExtData[*].Val6 matches a known RequirementId row in abilityrequirementexport.bin.
9256,Outbound,Requirement,9256,Requirement 9256,ExtData[1].Val6,1,9255,,,C:\Users\Admin\Downloads\myps\data\bin\abilityrequirementexport.bin,byte 25521,Inferred requirement reference because ExtData[*].Val6 matches a known RequirementId row in abilityrequirementexport.bin.
9257,Inbound,Ability,14508,Ability 14508 (Plant Standard),ExtData[2].Val6,2,9257,14508 (Plant Standard),,C:\Users\Admin\Downloads\myps\data\bin\abilityexport.bin,byte 723559,Inferred requirement reference because ExtData[*].Val6 matches a known RequirementId row in abilityrequirementexport.bin.
9257,Inbound,Requirement,9309,Requirement 9309,ExtData[0].Val6,0,9257,,,C:\Users\Admin\Downloads\myps\data\bin\abilityrequirementexport.bin,byte 30793,Inferred requirement reference because ExtData[*].Val6 matches a known RequirementId row in abilityrequirementexport.bin.
9258,Outbound,Requirement,9258,Requirement 9258,ExtData[2].Val6,2,9259,,,C:\Users\Admin\Downloads\myps\data\bin\abilityrequirementexport.bin,byte 25837,Inferred requirement reference because ExtData[*].Val6 matches a known RequirementId row in abilityrequirementexport.bin.
9259,Inbound,Requirement,9258,Requirement 9258,ExtData[2].Val6,2,9259,,,C:\Users\Admin\Downloads\myps\data\bin\abilityrequirementexport.bin,byte 25837,Inferred requirement reference because ExtData[*].Val6 matches a known RequirementId row in abilityrequirementexport.bin.
9260,Inbound,Component,14371,Component 14371 (STAT_CHANGE),ExtData[1].Val6,1,9260,14545 (Enhanced Brawn I),,C:\Users\Admin\Downloads\myps\data\bin\abilitycomponentexport.bin,byte 1549195,Inferred requirement reference because ExtData[*].Val6 matches a known RequirementId row in abilityrequirementexport.bin.
9260,Inbound,Component,14372,Component 14372 (STAT_CHANGE),ExtData[1].Val6,1,9260,14546 (Enhanced Brawn II),,C:\Users\Admin\Downloads\myps\data\bin\abilitycomponentexport.bin,byte 1549460,Inferred requirement reference because ExtData[*].Val6 matches a known RequirementId row in abilityrequirementexport.bin.
9260,Inbound,Component,14373,Component 14373 (STAT_CHANGE),ExtData[1].Val6,1,9260,14547 (Enhanced Brawn III),,C:\Users\Admin\Downloads\myps\data\bin\abilitycomponentexport.bin,byte 1549725,Inferred requirement reference because ExtData[*].Val6 matches a known RequirementId row in abilityrequirementexport.bin.
9260,Inbound,Component,14374,Component 14374 (STAT_CHANGE),ExtData[1].Val6,1,9260,14548 (Enhanced Knowledge I),,C:\Users\Admin\Downloads\myps\data\bin\abilitycomponentexport.bin,byte 1549990,Inferred requirement reference because ExtData[*].Val6 matches a known RequirementId row in abilityrequirementexport.bin.
9260,Inbound,Component,14375,Component 14375 (STAT_CHANGE),ExtData[1].Val6,1,9260,14549 (Enhanced Knowledge II),,C:\Users\Admin\Downloads\myps\data\bin\abilitycomponentexport.bin,byte 1550255,Inferred requirement reference because ExtData[*].Val6 matches a known RequirementId row in abilityrequirementexport.bin.
9260,Inbound,Component,14376,Component 14376 (STAT_CHANGE),ExtData[1].Val6,1,9260,14550 (Enhanced Knowledge III),,C:\Users\Admin\Downloads\myps\data\bin\abilitycomponentexport.bin,byte 1550520,Inferred requirement reference because ExtData[*].Val6 matches a known RequirementId row in abilityrequirementexport.bin.
9260,Inbound,Component,14377,Component 14377 (STAT_CHANGE),ExtData[1].Val6,1,9260,14551 (Enhanced Wisdom I),,C:\Users\Admin\Downloads\myps\data\bin\abilitycomponentexport.bin,byte 1550785,Inferred requirement reference because ExtData[*].Val6 matches a known RequirementId row in abilityrequirementexport.bin.
9260,Inbound,Component,14378,Component 14378 (STAT_CHANGE),ExtData[1].Val6,1,9260,14552 (Enhanced Wisdom II),,C:\Users\Admin\Downloads\myps\data\bin\abilitycomponentexport.bin,byte 1551050,Inferred requirement reference because ExtData[*].Val6 matches a known RequirementId row in abilityrequirementexport.bin.
9260,Inbound,Component,14379,Component 14379 (STAT_CHANGE),ExtData[1].Val6,1,9260,14553 (Enhanced Wisdom III),,C:\Users\Admin\Downloads\myps\data\bin\abilitycomponentexport.bin,byte 1551315,Inferred requirement reference because ExtData[*].Val6 matches a known RequirementId row in abilityrequirementexport.bin.
9260,Inbound,Component,14380,Component 14380 (STAT_CHANGE),ExtData[1].Val6,1,9260,14554 (Enhanced Aim I),,C:\Users\Admin\Downloads\myps\data\bin\abilitycomponentexport.bin,byte 1551580,Inferred requirement reference because ExtData[*].Val6 matches a known RequirementId row in abilityrequirementexport.bin.
9260,Inbound,Component,14381,Component 14381 (STAT_CHANGE),ExtData[1].Val6,1,9260,14555 (Enhanced Aim II),,C:\Users\Admin\Downloads\myps\data\bin\abilitycomponentexport.bin,byte 1551845,Inferred requirement reference because ExtData[*].Val6 matches a known RequirementId row in abilityrequirementexport.bin.
9260,Inbound,Component,14382,Component 14382 (STAT_CHANGE),ExtData[1].Val6,1,9260,14556 (Enhanced Aim III),,C:\Users\Admin\Downloads\myps\data\bin\abilitycomponentexport.bin,byte 1552110,Inferred requirement reference because ExtData[*].Val6 matches a known RequirementId row in abilityrequirementexport.bin.
9260,Inbound,Component,14383,Component 14383 (STAT_CHANGE),ExtData[1].Val6,1,9260,14557 (Enhanced Reflexes I),,C:\Users\Admin\Downloads\myps\data\bin\abilitycomponentexport.bin,byte 1552375,Inferred requirement reference because ExtData[*].Val6 matches a known RequirementId row in abilityrequirementexport.bin.
9260,Inbound,Component,14384,Component 14384 (STAT_CHANGE),ExtData[1].Val6,1,9260,14558 (Enhanced Reflexes II),,C:\Users\Admin\Downloads\myps\data\bin\abilitycomponentexport.bin,byte 1552640,Inferred requirement reference because ExtData[*].Val6 matches a known RequirementId row in abilityrequirementexport.bin.
9260,Inbound,Component,14385,Component 14385 (STAT_CHANGE),ExtData[1].Val6,1,9260,14559 (Enhanced Reflexes III),,C:\Users\Admin\Downloads\myps\data\bin\abilitycomponentexport.bin,byte 1552905,Inferred requirement reference because ExtData[*].Val6 matches a known RequirementId row in abilityrequirementexport.bin.
9260,Inbound,Component,14386,Component 14386 (STAT_CHANGE),ExtData[1].Val6,1,9260,14560 (Enhanced Endurance I),,C:\Users\Admin\Downloads\myps\data\bin\abilitycomponentexport.bin,byte 1553170,Inferred requirement reference because ExtData[*].Val6 matches a known RequirementId row in abilityrequirementexport.bin.
9260,Inbound,Component,14387,Component 14387 (STAT_CHANGE),ExtData[1].Val6,1,9260,14561 (Enhanced Endurance II),,C:\Users\Admin\Downloads\myps\data\bin\abilitycomponentexport.bin,byte 1553435,Inferred requirement reference because ExtData[*].Val6 matches a known RequirementId row in abilityrequirementexport.bin.
9260,Inbound,Component,14388,Component 14388 (STAT_CHANGE),ExtData[1].Val6,1,9260,14562 (Enhanced Endurance III),,C:\Users\Admin\Downloads\myps\data\bin\abilitycomponentexport.bin,byte 1553700,Inferred requirement reference because ExtData[*].Val6 matches a known RequirementId row in abilityrequirementexport.bin.
9260,Inbound,Component,14389,Component 14389 (STAT_CHANGE),ExtData[1].Val6,1,9260,14563 (Enhanced Readiness I),,C:\Users\Admin\Downloads\myps\data\bin\abilitycomponentexport.bin,byte 1553965,Inferred requirement reference because ExtData[*].Val6 matches a known RequirementId row in abilityrequirementexport.bin.
9260,Inbound,Component,14390,Component 14390 (STAT_CHANGE),ExtData[1].Val6,1,9260,14564 (Enhanced Readiness II),,C:\Users\Admin\Downloads\myps\data\bin\abilitycomponentexport.bin,byte 1554230,Inferred requirement reference because ExtData[*].Val6 matches a known RequirementId row in abilityrequirementexport.bin.
9260,Inbound,Component,14391,Component 14391 (STAT_CHANGE),ExtData[1].Val6,1,9260,14565 (Enhanced Readiness III),,C:\Users\Admin\Downloads\myps\data\bin\abilitycomponentexport.bin,byte 1554495,Inferred requirement reference because ExtData[*].Val6 matches a known RequirementId row in abilityrequirementexport.bin.
9260,Inbound,Component,14392,Component 14392 (BONUS_TYPE_ADJUST),ExtData[1].Val6,1,9260,14566 (Enhanced Training I),,C:\Users\Admin\Downloads\myps\data\bin\abilitycomponentexport.bin,byte 1554760,Inferred requirement reference because ExtData[*].Val6 matches a known RequirementId row in abilityrequirementexport.bin.
9260,Inbound,Component,14393,Component 14393 (BONUS_TYPE_ADJUST),ExtData[1].Val6,1,9260,14567 (Enhanced Training II),,C:\Users\Admin\Downloads\myps\data\bin\abilitycomponentexport.bin,byte 1555025,Inferred requirement reference because ExtData[*].Val6 matches a known RequirementId row in abilityrequirementexport.bin.
9260,Inbound,Component,14394,Component 14394 (BONUS_TYPE_ADJUST),ExtData[1].Val6,1,9260,14568 (Enhanced Training III),,C:\Users\Admin\Downloads\myps\data\bin\abilitycomponentexport.bin,byte 1555290,Inferred requirement reference because ExtData[*].Val6 matches a known RequirementId row in abilityrequirementexport.bin.
9260,Inbound,Component,14395,Component 14395 (STAT_CHANGE),ExtData[1].Val6,1,9260,14569 (Spirit Deflection I),,C:\Users\Admin\Downloads\myps\data\bin\abilitycomponentexport.bin,byte 1555555,Inferred requirement reference because ExtData[*].Val6 matches a known RequirementId row in abilityrequirementexport.bin.
9260,Inbound,Component,14396,Component 14396 (STAT_CHANGE),ExtData[1].Val6,1,9260,14570 (Spirit Deflection II),,C:\Users\Admin\Downloads\myps\data\bin\abilitycomponentexport.bin,byte 1555820,Inferred requirement reference because ExtData[*].Val6 matches a known RequirementId row in abilityrequirementexport.bin.
9260,Inbound,Component,14397,Component 14397 (STAT_CHANGE),ExtData[1].Val6,1,9260,14571 (Spirit Deflection III),,C:\Users\Admin\Downloads\myps\data\bin\abilitycomponentexport.bin,byte 1556085,Inferred requirement reference because ExtData[*].Val6 matches a known RequirementId row in abilityrequirementexport.bin.
9260,Inbound,Component,14398,Component 14398 (STAT_CHANGE),ExtData[1].Val6,1,9260,14572 (Corporeal Deflection I),,C:\Users\Admin\Downloads\myps\data\bin\abilitycomponentexport.bin,byte 1556350,Inferred requirement reference because ExtData[*].Val6 matches a known RequirementId row in abilityrequirementexport.bin.
9260,Inbound,Component,14399,Component 14399 (STAT_CHANGE),ExtData[1].Val6,1,9260,14573 (Corporeal Deflection II),,C:\Users\Admin\Downloads\myps\data\bin\abilitycomponentexport.bin,byte 1556615,Inferred requirement reference because ExtData[*].Val6 matches a known RequirementId row in abilityrequirementexport.bin.
9260,Inbound,Component,14400,Component 14400 (STAT_CHANGE),ExtData[1].Val6,1,9260,14574 (Corporeal Deflection III),,C:\Users\Admin\Downloads\myps\data\bin\abilitycomponentexport.bin,byte 1556880,Inferred requirement reference because ExtData[*].Val6 matches a known RequirementId row in abilityrequirementexport.bin.
9260,Inbound,Component,14401,Component 14401 (STAT_CHANGE),ExtData[1].Val6,1,9260,14575 (Elemental Deflection I),,C:\Users\Admin\Downloads\myps\data\bin\abilitycomponentexport.bin,byte 1557145,Inferred requirement reference because ExtData[*].Val6 matches a known RequirementId row in abilityrequirementexport.bin.
9260,Inbound,Component,14402,Component 14402 (STAT_CHANGE),ExtData[1].Val6,1,9260,14576 (Elemental Deflection II),,C:\Users\Admin\Downloads\myps\data\bin\abilitycomponentexport.bin,byte 1557410,Inferred requirement reference because ExtData[*].Val6 matches a known RequirementId row in abilityrequirementexport.bin.
9260,Inbound,Component,14403,Component 14403 (STAT_CHANGE),ExtData[1].Val6,1,9260,14577 (Elemental Deflection III),,C:\Users\Admin\Downloads\myps\data\bin\abilitycomponentexport.bin,byte 1557675,Inferred requirement reference because ExtData[*].Val6 matches a known RequirementId row in abilityrequirementexport.bin.
9260,Inbound,Component,14404,Component 14404 (ARMOR_CHANGE),ExtData[1].Val6,1,9260,14578 (Weapon Deflection I),,C:\Users\Admin\Downloads\myps\data\bin\abilitycomponentexport.bin,byte 1557940,Inferred requirement reference because ExtData[*].Val6 matches a known RequirementId row in abilityrequirementexport.bin.
9260,Inbound,Component,14405,Component 14405 (ARMOR_CHANGE),ExtData[1].Val6,1,9260,14579 (Weapon Deflection II),,C:\Users\Admin\Downloads\myps\data\bin\abilitycomponentexport.bin,byte 1558205,Inferred requirement reference because ExtData[*].Val6 matches a known RequirementId row in abilityrequirementexport.bin.
9260,Inbound,Component,14406,Component 14406 (ARMOR_CHANGE),ExtData[1].Val6,1,9260,14580 (Weapon Deflection III),,C:\Users\Admin\Downloads\myps\data\bin\abilitycomponentexport.bin,byte 1558470,Inferred requirement reference because ExtData[*].Val6 matches a known RequirementId row in abilityrequirementexport.bin.
9260,Inbound,Component,14407,Component 14407 (DEFENSIVE_STAT_CHANGE),ExtData[1].Val6,1,9260,14581 (Arrow Avoidance I),,C:\Users\Admin\Downloads\myps\data\bin\abilitycomponentexport.bin,byte 1558735,Inferred requirement reference because ExtData[*].Val6 matches a known RequirementId row in abilityrequirementexport.bin.
9260,Inbound,Component,14408,Component 14408 (DEFENSIVE_STAT_CHANGE),ExtData[1].Val6,1,9260,14582 (Arrow Avoidance II),,C:\Users\Admin\Downloads\myps\data\bin\abilitycomponentexport.bin,byte 1559000,Inferred requirement reference because ExtData[*].Val6 matches a known RequirementId row in abilityrequirementexport.bin.
9260,Inbound,Component,14409,Component 14409 (DEFENSIVE_STAT_CHANGE),ExtData[1].Val6,1,9260,14583 (Arrow Avoidance III),,C:\Users\Admin\Downloads\myps\data\bin\abilitycomponentexport.bin,byte 1559265,Inferred requirement reference because ExtData[*].Val6 matches a known RequirementId row in abilityrequirementexport.bin.
9260,Inbound,Component,14662,Component 14662 (DEFENSIVE_STAT_CHANGE),ExtData[1].Val6,1,9260,14584 (Blade Avoidance I),,C:\Users\Admin\Downloads\myps\data\bin\abilitycomponentexport.bin,byte 1597929,Inferred requirement reference because ExtData[*].Val6 matches a known RequirementId row in abilityrequirementexport.bin.
9260,Inbound,Component,14663,Component 14663 (DEFENSIVE_STAT_CHANGE),ExtData[1].Val6,1,9260,14585 (Blade Avoidance II),,C:\Users\Admin\Downloads\myps\data\bin\abilitycomponentexport.bin,byte 1598194,Inferred requirement reference because ExtData[*].Val6 matches a known RequirementId row in abilityrequirementexport.bin.
9260,Inbound,Component,14664,Component 14664 (DEFENSIVE_STAT_CHANGE),ExtData[1].Val6,1,9260,14586 (Blade Avoidance III),,C:\Users\Admin\Downloads\myps\data\bin\abilitycomponentexport.bin,byte 1598459,Inferred requirement reference because ExtData[*].Val6 matches a known RequirementId row in abilityrequirementexport.bin.
9260,Inbound,Component,14665,Component 14665 (DEFENSIVE_STAT_CHANGE),ExtData[1].Val6,1,9260,14587 (Magic Avoidance I),,C:\Users\Admin\Downloads\myps\data\bin\abilitycomponentexport.bin,byte 1598724,Inferred requirement reference because ExtData[*].Val6 matches a known RequirementId row in abilityrequirementexport.bin.
9260,Inbound,Component,14666,Component 14666 (DEFENSIVE_STAT_CHANGE),ExtData[1].Val6,1,9260,14588 (Magic Avoidance II),,C:\Users\Admin\Downloads\myps\data\bin\abilitycomponentexport.bin,byte 1598989,Inferred requirement reference because ExtData[*].Val6 matches a known RequirementId row in abilityrequirementexport.bin.
9260,Inbound,Component,14667,Component 14667 (DEFENSIVE_STAT_CHANGE),ExtData[1].Val6,1,9260,14589 (Magic Avoidance III),,C:\Users\Admin\Downloads\myps\data\bin\abilitycomponentexport.bin,byte 1599254,Inferred requirement reference because ExtData[*].Val6 matches a known RequirementId row in abilityrequirementexport.bin.
9260,Inbound,Component,14676,Component 14676 (BONUS_TYPE_ADJUST),ExtData[1].Val6,1,9260,14590 (Enhanced Fame I),,C:\Users\Admin\Downloads\myps\data\bin\abilitycomponentexport.bin,byte 1600748,Inferred requirement reference because ExtData[*].Val6 matches a known RequirementId row in abilityrequirementexport.bin.
9260,Inbound,Component,14677,Component 14677 (BONUS_TYPE_ADJUST),ExtData[1].Val6,1,9260,14591 (Enhanced Fame II),,C:\Users\Admin\Downloads\myps\data\bin\abilitycomponentexport.bin,byte 1601013,Inferred requirement reference because ExtData[*].Val6 matches a known RequirementId row in abilityrequirementexport.bin.
9260,Inbound,Component,14678,Component 14678 (BONUS_TYPE_ADJUST),ExtData[1].Val6,1,9260,14592 (Enhanced Fame III),,C:\Users\Admin\Downloads\myps\data\bin\abilitycomponentexport.bin,byte 1601278,Inferred requirement reference because ExtData[*].Val6 matches a known RequirementId row in abilityrequirementexport.bin.
9260,Inbound,Component,14679,Component 14679 (BONUS_TYPE_ADJUST),ExtData[1].Val6,1,9260,14643 (Forceful Magic I),,C:\Users\Admin\Downloads\myps\data\bin\abilitycomponentexport.bin,byte 1601543,Inferred requirement reference because ExtData[*].Val6 matches a known RequirementId row in abilityrequirementexport.bin.
9260,Inbound,Component,14680,Component 14680 (BONUS_TYPE_ADJUST),ExtData[1].Val6,1,9260,14644 (Forceful Magic II),,C:\Users\Admin\Downloads\myps\data\bin\abilitycomponentexport.bin,byte 1601808,Inferred requirement reference because ExtData[*].Val6 matches a known RequirementId row in abilityrequirementexport.bin.
9260,Inbound,Component,14681,Component 14681 (BONUS_TYPE_ADJUST),ExtData[1].Val6,1,9260,14645 (Forceful Magic III),,C:\Users\Admin\Downloads\myps\data\bin\abilitycomponentexport.bin,byte 1602073,Inferred requirement reference because ExtData[*].Val6 matches a known RequirementId row in abilityrequirementexport.bin.
9260,Inbound,Component,14682,Component 14682 (BONUS_TYPE_ADJUST),ExtData[1].Val6,1,9260,14646 (Forceful Weapons I),,C:\Users\Admin\Downloads\myps\data\bin\abilitycomponentexport.bin,byte 1602338,Inferred requirement reference because ExtData[*].Val6 matches a known RequirementId row in abilityrequirementexport.bin.
9260,Inbound,Component,14683,Component 14683 (BONUS_TYPE_ADJUST),ExtData[1].Val6,1,9260,14647 (Forceful Weapons II),,C:\Users\Admin\Downloads\myps\data\bin\abilitycomponentexport.bin,byte 1602603,Inferred requirement reference because ExtData[*].Val6 matches a known RequirementId row in abilityrequirementexport.bin.
9260,Inbound,Component,14684,Component 14684 (BONUS_TYPE_ADJUST),ExtData[1].Val6,1,9260,14648 (Forceful Weapons III),,C:\Users\Admin\Downloads\myps\data\bin\abilitycomponentexport.bin,byte 1602868,Inferred requirement reference because ExtData[*].Val6 matches a known RequirementId row in abilityrequirementexport.bin.
9260,Inbound,Component,14685,Component 14685 (BONUS_TYPE_ADJUST),ExtData[1].Val6,1,9260,14649 (Forceful Bolts I),,C:\Users\Admin\Downloads\myps\data\bin\abilitycomponentexport.bin,byte 1603133,Inferred requirement reference because ExtData[*].Val6 matches a known RequirementId row in abilityrequirementexport.bin.
9260,Inbound,Component,14686,Component 14686 (BONUS_TYPE_ADJUST),ExtData[1].Val6,1,9260,14650 (Forceful Bolts II),,C:\Users\Admin\Downloads\myps\data\bin\abilitycomponentexport.bin,byte 1603398,Inferred requirement reference because ExtData[*].Val6 matches a known RequirementId row in abilityrequirementexport.bin.
9260,Inbound,Component,14687,Component 14687 (BONUS_TYPE_ADJUST),ExtData[1].Val6,1,9260,14651 (Forceful Bolts III),,C:\Users\Admin\Downloads\myps\data\bin\abilitycomponentexport.bin,byte 1603663,Inferred requirement reference because ExtData[*].Val6 matches a known RequirementId row in abilityrequirementexport.bin.
9260,Inbound,Component,14688,Component 14688 (BONUS_TYPE_ADJUST),ExtData[1].Val6,1,9260,14652 (Forceful Mending I),Heal,C:\Users\Admin\Downloads\myps\data\bin\abilitycomponentexport.bin,byte 1603928,Inferred requirement reference because ExtData[*].Val6 matches a known RequirementId row in abilityrequirementexport.bin.
9260,Inbound,Component,14689,Component 14689 (BONUS_TYPE_ADJUST),ExtData[1].Val6,1,9260,14653 (Forceful Mending II),Heal,C:\Users\Admin\Downloads\myps\data\bin\abilitycomponentexport.bin,byte 1604193,Inferred requirement reference because ExtData[*].Val6 matches a known RequirementId row in abilityrequirementexport.bin.
9260,Inbound,Component,14690,Component 14690 (BONUS_TYPE_ADJUST),ExtData[1].Val6,1,9260,14654 (Forceful Mending III),Heal,C:\Users\Admin\Downloads\myps\data\bin\abilitycomponentexport.bin,byte 1604458,Inferred requirement reference because ExtData[*].Val6 matches a known RequirementId row in abilityrequirementexport.bin.
9260,Inbound,Component,14691,Component 14691 (AP_REGEN_CHANGE),ExtData[1].Val6,1,9260,14655 (Enhanced Vigor I),,C:\Users\Admin\Downloads\myps\data\bin\abilitycomponentexport.bin,byte 1604723,Inferred requirement reference because ExtData[*].Val6 matches a known RequirementId row in abilityrequirementexport.bin.
9260,Inbound,Component,14692,Component 14692 (AP_REGEN_CHANGE),ExtData[1].Val6,1,9260,14656 (Enhanced Vigor II),,C:\Users\Admin\Downloads\myps\data\bin\abilitycomponentexport.bin,byte 1604988,Inferred requirement reference because ExtData[*].Val6 matches a known RequirementId row in abilityrequirementexport.bin.
9260,Inbound,Component,14693,Component 14693 (AP_REGEN_CHANGE),ExtData[1].Val6,1,9260,14657 (Enhanced Vigor III),,C:\Users\Admin\Downloads\myps\data\bin\abilitycomponentexport.bin,byte 1605253,Inferred requirement reference because ExtData[*].Val6 matches a known RequirementId row in abilityrequirementexport.bin.
9260,Inbound,Component,14694,Component 14694 (BONUS_TYPE_ADJUST),ExtData[1].Val6,1,9260,14658 (Suppress Destruction I),,C:\Users\Admin\Downloads\myps\data\bin\abilitycomponentexport.bin,byte 1605518,Inferred requirement reference because ExtData[*].Val6 matches a known RequirementId row in abilityrequirementexport.bin.
9260,Inbound,Component,14695,Component 14695 (BONUS_TYPE_ADJUST),ExtData[1].Val6,1,9260,14659 (Suppress Destruction II),,C:\Users\Admin\Downloads\myps\data\bin\abilitycomponentexport.bin,byte 1605783,Inferred requirement reference because ExtData[*].Val6 matches a known RequirementId row in abilityrequirementexport.bin.
9260,Inbound,Component,14696,Component 14696 (BONUS_TYPE_ADJUST),ExtData[1].Val6,1,9260,14660 (Suppress Destruction III),,C:\Users\Admin\Downloads\myps\data\bin\abilitycomponentexport.bin,byte 1606048,Inferred requirement reference because ExtData[*].Val6 matches a known RequirementId row in abilityrequirementexport.bin.
9260,Inbound,Component,14697,Component 14697 (EVENT_LISTENER),ExtData[1].Val6,1,9260,"14661 (Thornshield I), 14662 (Thornshield II), 14663 (Thornshield III)",Damage,C:\Users\Admin\Downloads\myps\data\bin\abilitycomponentexport.bin,byte 1606313,Inferred requirement reference because ExtData[*].Val6 matches a known RequirementId row in abilityrequirementexport.bin.
9260,Inbound,Component,14701,Component 14701 (BONUS_TYPE_ADJUST),ExtData[1].Val6,1,9260,14664 (Enhanced Glory I),,C:\Users\Admin\Downloads\myps\data\bin\abilitycomponentexport.bin,byte 1607043,Inferred requirement reference because ExtData[*].Val6 matches a known RequirementId row in abilityrequirementexport.bin.
9260,Inbound,Component,14702,Component 14702 (BONUS_TYPE_ADJUST),ExtData[1].Val6,1,9260,14665 (Enhanced Glory II),,C:\Users\Admin\Downloads\myps\data\bin\abilitycomponentexport.bin,byte 1607308,Inferred requirement reference because ExtData[*].Val6 matches a known RequirementId row in abilityrequirementexport.bin.
9260,Inbound,Component,14703,Component 14703 (BONUS_TYPE_ADJUST),ExtData[1].Val6,1,9260,14666 (Enhanced Glory III),,C:\Users\Admin\Downloads\myps\data\bin\abilitycomponentexport.bin,byte 1607573,Inferred requirement reference because ExtData[*].Val6 matches a known RequirementId row in abilityrequirementexport.bin.
9261,Inbound,Ability,1008,Ability 1008 (Guard),ExtData[2].Val6,2,9261,1008 (Guard),,C:\Users\Admin\Downloads\myps\data\bin\abilityexport.bin,byte 297776,Inferred requirement reference because ExtData[*].Val6 matches a known RequirementId row in abilityrequirementexport.bin.
9261,Inbound,Ability,15518,Ability 15518 (Guard TEST),ExtData[2].Val6,2,9261,15518 (Guard TEST),,C:\Users\Admin\Downloads\myps\data\bin\abilityexport.bin,byte 845895,Inferred requirement reference because ExtData[*].Val6 matches a known RequirementId row in abilityrequirementexport.bin.
9262,Inbound,Requirement,9263,Requirement 9263,ExtData[1].Val6,1,9262,,,C:\Users\Admin\Downloads\myps\data\bin\abilityrequirementexport.bin,byte 26363,Inferred requirement reference because ExtData[*].Val6 matches a known RequirementId row in abilityrequirementexport.bin.
9263,Inbound,Component,9263,Component 9263 (KNOCKBACK),ExtData[1].Val6,1,9263,,,C:\Users\Admin\Downloads\myps\data\bin\abilitycomponentexport.bin,byte 658010,Inferred requirement reference because ExtData[*].Val6 matches a known RequirementId row in abilityrequirementexport.bin.
9263,Outbound,Requirement,9263,Requirement 9263,ExtData[1].Val6,1,9262,,,C:\Users\Admin\Downloads\myps\data\bin\abilityrequirementexport.bin,byte 26363,Inferred requirement reference because ExtData[*].Val6 matches a known RequirementId row in abilityrequirementexport.bin.
9265,Inbound,Component,1909,Component 1909 (DISPEL_BUFF),ExtData[2].Val6,2,9265,264 (Waaagh! Heal Counter),Heal,C:\Users\Admin\Downloads\myps\data\bin\abilitycomponentexport.bin,byte 237361,Inferred requirement reference because ExtData[*].Val6 matches a known RequirementId row in abilityrequirementexport.bin.
9265,Inbound,Component,1912,Component 1912 (DISPEL_BUFF),ExtData[2].Val6,2,9265,266 (Waaagh! Damage Counter),Damage,C:\Users\Admin\Downloads\myps\data\bin\abilitycomponentexport.bin,byte 237859,Inferred requirement reference because ExtData[*].Val6 matches a known RequirementId row in abilityrequirementexport.bin.
9265,Outbound,Requirement,9265,Requirement 9265,ExtData[0].Val6,0,9169,,,C:\Users\Admin\Downloads\myps\data\bin\abilityrequirementexport.bin,byte 26547,Inferred requirement reference because ExtData[*].Val6 matches a known RequirementId row in abilityrequirementexport.bin.
9266,Inbound,Requirement,9274,Requirement 9274,ExtData[1].Val6,1,9266,,,C:\Users\Admin\Downloads\myps\data\bin\abilityrequirementexport.bin,byte 27408,Inferred requirement reference because ExtData[*].Val6 matches a known RequirementId row in abilityrequirementexport.bin.
9267,Inbound,Requirement,9275,Requirement 9275,ExtData[1].Val6,1,9267,,,C:\Users\Admin\Downloads\myps\data\bin\abilityrequirementexport.bin,byte 27500,Inferred requirement reference because ExtData[*].Val6 matches a known RequirementId row in abilityrequirementexport.bin.
9268,Inbound,Requirement,9276,Requirement 9276,ExtData[1].Val6,1,9268,,,C:\Users\Admin\Downloads\myps\data\bin\abilityrequirementexport.bin,byte 27592,Inferred requirement reference because ExtData[*].Val6 matches a known RequirementId row in abilityrequirementexport.bin.
9269,Inbound,Component,14371,Component 14371 (STAT_CHANGE),ExtData[3].Val6,3,9269,14545 (Enhanced Brawn I),,C:\Users\Admin\Downloads\myps\data\bin\abilitycomponentexport.bin,byte 1549195,Inferred requirement reference because ExtData[*].Val6 matches a known RequirementId row in abilityrequirementexport.bin.
9269,Inbound,Component,14372,Component 14372 (STAT_CHANGE),ExtData[3].Val6,3,9269,14546 (Enhanced Brawn II),,C:\Users\Admin\Downloads\myps\data\bin\abilitycomponentexport.bin,byte 1549460,Inferred requirement reference because ExtData[*].Val6 matches a known RequirementId row in abilityrequirementexport.bin.
9269,Inbound,Component,14373,Component 14373 (STAT_CHANGE),ExtData[3].Val6,3,9269,14547 (Enhanced Brawn III),,C:\Users\Admin\Downloads\myps\data\bin\abilitycomponentexport.bin,byte 1549725,Inferred requirement reference because ExtData[*].Val6 matches a known RequirementId row in abilityrequirementexport.bin.
9269,Inbound,Component,14374,Component 14374 (STAT_CHANGE),ExtData[3].Val6,3,9269,14548 (Enhanced Knowledge I),,C:\Users\Admin\Downloads\myps\data\bin\abilitycomponentexport.bin,byte 1549990,Inferred requirement reference because ExtData[*].Val6 matches a known RequirementId row in abilityrequirementexport.bin.
9269,Inbound,Component,14375,Component 14375 (STAT_CHANGE),ExtData[3].Val6,3,9269,14549 (Enhanced Knowledge II),,C:\Users\Admin\Downloads\myps\data\bin\abilitycomponentexport.bin,byte 1550255,Inferred requirement reference because ExtData[*].Val6 matches a known RequirementId row in abilityrequirementexport.bin.
9269,Inbound,Component,14376,Component 14376 (STAT_CHANGE),ExtData[3].Val6,3,9269,14550 (Enhanced Knowledge III),,C:\Users\Admin\Downloads\myps\data\bin\abilitycomponentexport.bin,byte 1550520,Inferred requirement reference because ExtData[*].Val6 matches a known RequirementId row in abilityrequirementexport.bin.
9269,Inbound,Component,14377,Component 14377 (STAT_CHANGE),ExtData[3].Val6,3,9269,14551 (Enhanced Wisdom I),,C:\Users\Admin\Downloads\myps\data\bin\abilitycomponentexport.bin,byte 1550785,Inferred requirement reference because ExtData[*].Val6 matches a known RequirementId row in abilityrequirementexport.bin.
9269,Inbound,Component,14378,Component 14378 (STAT_CHANGE),ExtData[3].Val6,3,9269,14552 (Enhanced Wisdom II),,C:\Users\Admin\Downloads\myps\data\bin\abilitycomponentexport.bin,byte 1551050,Inferred requirement reference because ExtData[*].Val6 matches a known RequirementId row in abilityrequirementexport.bin.
9269,Inbound,Component,14379,Component 14379 (STAT_CHANGE),ExtData[3].Val6,3,9269,14553 (Enhanced Wisdom III),,C:\Users\Admin\Downloads\myps\data\bin\abilitycomponentexport.bin,byte 1551315,Inferred requirement reference because ExtData[*].Val6 matches a known RequirementId row in abilityrequirementexport.bin.
9269,Inbound,Component,14380,Component 14380 (STAT_CHANGE),ExtData[3].Val6,3,9269,14554 (Enhanced Aim I),,C:\Users\Admin\Downloads\myps\data\bin\abilitycomponentexport.bin,byte 1551580,Inferred requirement reference because ExtData[*].Val6 matches a known RequirementId row in abilityrequirementexport.bin.
9269,Inbound,Component,14381,Component 14381 (STAT_CHANGE),ExtData[3].Val6,3,9269,14555 (Enhanced Aim II),,C:\Users\Admin\Downloads\myps\data\bin\abilitycomponentexport.bin,byte 1551845,Inferred requirement reference because ExtData[*].Val6 matches a known RequirementId row in abilityrequirementexport.bin.
9269,Inbound,Component,14382,Component 14382 (STAT_CHANGE),ExtData[3].Val6,3,9269,14556 (Enhanced Aim III),,C:\Users\Admin\Downloads\myps\data\bin\abilitycomponentexport.bin,byte 1552110,Inferred requirement reference because ExtData[*].Val6 matches a known RequirementId row in abilityrequirementexport.bin.
9269,Inbound,Component,14383,Component 14383 (STAT_CHANGE),ExtData[3].Val6,3,9269,14557 (Enhanced Reflexes I),,C:\Users\Admin\Downloads\myps\data\bin\abilitycomponentexport.bin,byte 1552375,Inferred requirement reference because ExtData[*].Val6 matches a known RequirementId row in abilityrequirementexport.bin.
9269,Inbound,Component,14384,Component 14384 (STAT_CHANGE),ExtData[3].Val6,3,9269,14558 (Enhanced Reflexes II),,C:\Users\Admin\Downloads\myps\data\bin\abilitycomponentexport.bin,byte 1552640,Inferred requirement reference because ExtData[*].Val6 matches a known RequirementId row in abilityrequirementexport.bin.
9269,Inbound,Component,14385,Component 14385 (STAT_CHANGE),ExtData[3].Val6,3,9269,14559 (Enhanced Reflexes III),,C:\Users\Admin\Downloads\myps\data\bin\abilitycomponentexport.bin,byte 1552905,Inferred requirement reference because ExtData[*].Val6 matches a known RequirementId row in abilityrequirementexport.bin.
9269,Inbound,Component,14386,Component 14386 (STAT_CHANGE),ExtData[3].Val6,3,9269,14560 (Enhanced Endurance I),,C:\Users\Admin\Downloads\myps\data\bin\abilitycomponentexport.bin,byte 1553170,Inferred requirement reference because ExtData[*].Val6 matches a known RequirementId row in abilityrequirementexport.bin.
9269,Inbound,Component,14387,Component 14387 (STAT_CHANGE),ExtData[3].Val6,3,9269,14561 (Enhanced Endurance II),,C:\Users\Admin\Downloads\myps\data\bin\abilitycomponentexport.bin,byte 1553435,Inferred requirement reference because ExtData[*].Val6 matches a known RequirementId row in abilityrequirementexport.bin.
9269,Inbound,Component,14388,Component 14388 (STAT_CHANGE),ExtData[3].Val6,3,9269,14562 (Enhanced Endurance III),,C:\Users\Admin\Downloads\myps\data\bin\abilitycomponentexport.bin,byte 1553700,Inferred requirement reference because ExtData[*].Val6 matches a known RequirementId row in abilityrequirementexport.bin.
9269,Inbound,Component,14389,Component 14389 (STAT_CHANGE),ExtData[3].Val6,3,9269,14563 (Enhanced Readiness I),,C:\Users\Admin\Downloads\myps\data\bin\abilitycomponentexport.bin,byte 1553965,Inferred requirement reference because ExtData[*].Val6 matches a known RequirementId row in abilityrequirementexport.bin.
9269,Inbound,Component,14390,Component 14390 (STAT_CHANGE),ExtData[3].Val6,3,9269,14564 (Enhanced Readiness II),,C:\Users\Admin\Downloads\myps\data\bin\abilitycomponentexport.bin,byte 1554230,Inferred requirement reference because ExtData[*].Val6 matches a known RequirementId row in abilityrequirementexport.bin.
9269,Inbound,Component,14391,Component 14391 (STAT_CHANGE),ExtData[3].Val6,3,9269,14565 (Enhanced Readiness III),,C:\Users\Admin\Downloads\myps\data\bin\abilitycomponentexport.bin,byte 1554495,Inferred requirement reference because ExtData[*].Val6 matches a known RequirementId row in abilityrequirementexport.bin.
9269,Inbound,Component,14392,Component 14392 (BONUS_TYPE_ADJUST),ExtData[3].Val6,3,9269,14566 (Enhanced Training I),,C:\Users\Admin\Downloads\myps\data\bin\abilitycomponentexport.bin,byte 1554760,Inferred requirement reference because ExtData[*].Val6 matches a known RequirementId row in abilityrequirementexport.bin.
9269,Inbound,Component,14393,Component 14393 (BONUS_TYPE_ADJUST),ExtData[3].Val6,3,9269,14567 (Enhanced Training II),,C:\Users\Admin\Downloads\myps\data\bin\abilitycomponentexport.bin,byte 1555025,Inferred requirement reference because ExtData[*].Val6 matches a known RequirementId row in abilityrequirementexport.bin.
9269,Inbound,Component,14394,Component 14394 (BONUS_TYPE_ADJUST),ExtData[3].Val6,3,9269,14568 (Enhanced Training III),,C:\Users\Admin\Downloads\myps\data\bin\abilitycomponentexport.bin,byte 1555290,Inferred requirement reference because ExtData[*].Val6 matches a known RequirementId row in abilityrequirementexport.bin.
9269,Outbound,Requirement,9269,Requirement 9269,ExtData[1].Val6,1,9273,,,C:\Users\Admin\Downloads\myps\data\bin\abilityrequirementexport.bin,byte 26915,Inferred requirement reference because ExtData[*].Val6 matches a known RequirementId row in abilityrequirementexport.bin.
9269,Outbound,Requirement,9269,Requirement 9269,ExtData[0].Val6,0,9274,,,C:\Users\Admin\Downloads\myps\data\bin\abilityrequirementexport.bin,byte 26915,Inferred requirement reference because ExtData[*].Val6 matches a known RequirementId row in abilityrequirementexport.bin.
9270,Inbound,Component,14395,Component 14395 (STAT_CHANGE),ExtData[3].Val6,3,9270,14569 (Spirit Deflection I),,C:\Users\Admin\Downloads\myps\data\bin\abilitycomponentexport.bin,byte 1555555,Inferred requirement reference because ExtData[*].Val6 matches a known RequirementId row in abilityrequirementexport.bin.
9270,Inbound,Component,14396,Component 14396 (STAT_CHANGE),ExtData[3].Val6,3,9270,14570 (Spirit Deflection II),,C:\Users\Admin\Downloads\myps\data\bin\abilitycomponentexport.bin,byte 1555820,Inferred requirement reference because ExtData[*].Val6 matches a known RequirementId row in abilityrequirementexport.bin.
9270,Inbound,Component,14397,Component 14397 (STAT_CHANGE),ExtData[3].Val6,3,9270,14571 (Spirit Deflection III),,C:\Users\Admin\Downloads\myps\data\bin\abilitycomponentexport.bin,byte 1556085,Inferred requirement reference because ExtData[*].Val6 matches a known RequirementId row in abilityrequirementexport.bin.
9270,Inbound,Component,14398,Component 14398 (STAT_CHANGE),ExtData[3].Val6,3,9270,14572 (Corporeal Deflection I),,C:\Users\Admin\Downloads\myps\data\bin\abilitycomponentexport.bin,byte 1556350,Inferred requirement reference because ExtData[*].Val6 matches a known RequirementId row in abilityrequirementexport.bin.
9270,Inbound,Component,14399,Component 14399 (STAT_CHANGE),ExtData[3].Val6,3,9270,14573 (Corporeal Deflection II),,C:\Users\Admin\Downloads\myps\data\bin\abilitycomponentexport.bin,byte 1556615,Inferred requirement reference because ExtData[*].Val6 matches a known RequirementId row in abilityrequirementexport.bin.
9270,Inbound,Component,14400,Component 14400 (STAT_CHANGE),ExtData[3].Val6,3,9270,14574 (Corporeal Deflection III),,C:\Users\Admin\Downloads\myps\data\bin\abilitycomponentexport.bin,byte 1556880,Inferred requirement reference because ExtData[*].Val6 matches a known RequirementId row in abilityrequirementexport.bin.
9270,Inbound,Component,14401,Component 14401 (STAT_CHANGE),ExtData[3].Val6,3,9270,14575 (Elemental Deflection I),,C:\Users\Admin\Downloads\myps\data\bin\abilitycomponentexport.bin,byte 1557145,Inferred requirement reference because ExtData[*].Val6 matches a known RequirementId row in abilityrequirementexport.bin.
9270,Inbound,Component,14402,Component 14402 (STAT_CHANGE),ExtData[3].Val6,3,9270,14576 (Elemental Deflection II),,C:\Users\Admin\Downloads\myps\data\bin\abilitycomponentexport.bin,byte 1557410,Inferred requirement reference because ExtData[*].Val6 matches a known RequirementId row in abilityrequirementexport.bin.
9270,Inbound,Component,14403,Component 14403 (STAT_CHANGE),ExtData[3].Val6,3,9270,14577 (Elemental Deflection III),,C:\Users\Admin\Downloads\myps\data\bin\abilitycomponentexport.bin,byte 1557675,Inferred requirement reference because ExtData[*].Val6 matches a known RequirementId row in abilityrequirementexport.bin.
9270,Inbound,Component,14404,Component 14404 (ARMOR_CHANGE),ExtData[3].Val6,3,9270,14578 (Weapon Deflection I),,C:\Users\Admin\Downloads\myps\data\bin\abilitycomponentexport.bin,byte 1557940,Inferred requirement reference because ExtData[*].Val6 matches a known RequirementId row in abilityrequirementexport.bin.
9270,Inbound,Component,14405,Component 14405 (ARMOR_CHANGE),ExtData[3].Val6,3,9270,14579 (Weapon Deflection II),,C:\Users\Admin\Downloads\myps\data\bin\abilitycomponentexport.bin,byte 1558205,Inferred requirement reference because ExtData[*].Val6 matches a known RequirementId row in abilityrequirementexport.bin.
9270,Inbound,Component,14406,Component 14406 (ARMOR_CHANGE),ExtData[3].Val6,3,9270,14580 (Weapon Deflection III),,C:\Users\Admin\Downloads\myps\data\bin\abilitycomponentexport.bin,byte 1558470,Inferred requirement reference because ExtData[*].Val6 matches a known RequirementId row in abilityrequirementexport.bin.
9270,Inbound,Component,14407,Component 14407 (DEFENSIVE_STAT_CHANGE),ExtData[3].Val6,3,9270,14581 (Arrow Avoidance I),,C:\Users\Admin\Downloads\myps\data\bin\abilitycomponentexport.bin,byte 1558735,Inferred requirement reference because ExtData[*].Val6 matches a known RequirementId row in abilityrequirementexport.bin.
9270,Inbound,Component,14408,Component 14408 (DEFENSIVE_STAT_CHANGE),ExtData[3].Val6,3,9270,14582 (Arrow Avoidance II),,C:\Users\Admin\Downloads\myps\data\bin\abilitycomponentexport.bin,byte 1559000,Inferred requirement reference because ExtData[*].Val6 matches a known RequirementId row in abilityrequirementexport.bin.
9270,Inbound,Component,14409,Component 14409 (DEFENSIVE_STAT_CHANGE),ExtData[3].Val6,3,9270,14583 (Arrow Avoidance III),,C:\Users\Admin\Downloads\myps\data\bin\abilitycomponentexport.bin,byte 1559265,Inferred requirement reference because ExtData[*].Val6 matches a known RequirementId row in abilityrequirementexport.bin.
9270,Inbound,Component,14662,Component 14662 (DEFENSIVE_STAT_CHANGE),ExtData[3].Val6,3,9270,14584 (Blade Avoidance I),,C:\Users\Admin\Downloads\myps\data\bin\abilitycomponentexport.bin,byte 1597929,Inferred requirement reference because ExtData[*].Val6 matches a known RequirementId row in abilityrequirementexport.bin.
9270,Inbound,Component,14663,Component 14663 (DEFENSIVE_STAT_CHANGE),ExtData[3].Val6,3,9270,14585 (Blade Avoidance II),,C:\Users\Admin\Downloads\myps\data\bin\abilitycomponentexport.bin,byte 1598194,Inferred requirement reference because ExtData[*].Val6 matches a known RequirementId row in abilityrequirementexport.bin.
9270,Inbound,Component,14664,Component 14664 (DEFENSIVE_STAT_CHANGE),ExtData[3].Val6,3,9270,14586 (Blade Avoidance III),,C:\Users\Admin\Downloads\myps\data\bin\abilitycomponentexport.bin,byte 1598459,Inferred requirement reference because ExtData[*].Val6 matches a known RequirementId row in abilityrequirementexport.bin.
9270,Inbound,Component,14665,Component 14665 (DEFENSIVE_STAT_CHANGE),ExtData[3].Val6,3,9270,14587 (Magic Avoidance I),,C:\Users\Admin\Downloads\myps\data\bin\abilitycomponentexport.bin,byte 1598724,Inferred requirement reference because ExtData[*].Val6 matches a known RequirementId row in abilityrequirementexport.bin.
9270,Inbound,Component,14666,Component 14666 (DEFENSIVE_STAT_CHANGE),ExtData[3].Val6,3,9270,14588 (Magic Avoidance II),,C:\Users\Admin\Downloads\myps\data\bin\abilitycomponentexport.bin,byte 1598989,Inferred requirement reference because ExtData[*].Val6 matches a known RequirementId row in abilityrequirementexport.bin.
9270,Inbound,Component,14667,Component 14667 (DEFENSIVE_STAT_CHANGE),ExtData[3].Val6,3,9270,14589 (Magic Avoidance III),,C:\Users\Admin\Downloads\myps\data\bin\abilitycomponentexport.bin,byte 1599254,Inferred requirement reference because ExtData[*].Val6 matches a known RequirementId row in abilityrequirementexport.bin.
9270,Inbound,Component,14676,Component 14676 (BONUS_TYPE_ADJUST),ExtData[3].Val6,3,9270,14590 (Enhanced Fame I),,C:\Users\Admin\Downloads\myps\data\bin\abilitycomponentexport.bin,byte 1600748,Inferred requirement reference because ExtData[*].Val6 matches a known RequirementId row in abilityrequirementexport.bin.
9270,Inbound,Component,14677,Component 14677 (BONUS_TYPE_ADJUST),ExtData[3].Val6,3,9270,14591 (Enhanced Fame II),,C:\Users\Admin\Downloads\myps\data\bin\abilitycomponentexport.bin,byte 1601013,Inferred requirement reference because ExtData[*].Val6 matches a known RequirementId row in abilityrequirementexport.bin.
9270,Inbound,Component,14678,Component 14678 (BONUS_TYPE_ADJUST),ExtData[3].Val6,3,9270,14592 (Enhanced Fame III),,C:\Users\Admin\Downloads\myps\data\bin\abilitycomponentexport.bin,byte 1601278,Inferred requirement reference because ExtData[*].Val6 matches a known RequirementId row in abilityrequirementexport.bin.
9270,Outbound,Requirement,9270,Requirement 9270,ExtData[1].Val6,1,9273,,,C:\Users\Admin\Downloads\myps\data\bin\abilityrequirementexport.bin,byte 27007,Inferred requirement reference because ExtData[*].Val6 matches a known RequirementId row in abilityrequirementexport.bin.
9270,Outbound,Requirement,9270,Requirement 9270,ExtData[0].Val6,0,9275,,,C:\Users\Admin\Downloads\myps\data\bin\abilityrequirementexport.bin,byte 27007,Inferred requirement reference because ExtData[*].Val6 matches a known RequirementId row in abilityrequirementexport.bin.
9271,Inbound,Component,14679,Component 14679 (BONUS_TYPE_ADJUST),ExtData[3].Val6,3,9271,14643 (Forceful Magic I),,C:\Users\Admin\Downloads\myps\data\bin\abilitycomponentexport.bin,byte 1601543,Inferred requirement reference because ExtData[*].Val6 matches a known RequirementId row in abilityrequirementexport.bin.
9271,Inbound,Component,14680,Component 14680 (BONUS_TYPE_ADJUST),ExtData[3].Val6,3,9271,14644 (Forceful Magic II),,C:\Users\Admin\Downloads\myps\data\bin\abilitycomponentexport.bin,byte 1601808,Inferred requirement reference because ExtData[*].Val6 matches a known RequirementId row in abilityrequirementexport.bin.
9271,Inbound,Component,14681,Component 14681 (BONUS_TYPE_ADJUST),ExtData[3].Val6,3,9271,14645 (Forceful Magic III),,C:\Users\Admin\Downloads\myps\data\bin\abilitycomponentexport.bin,byte 1602073,Inferred requirement reference because ExtData[*].Val6 matches a known RequirementId row in abilityrequirementexport.bin.
9271,Inbound,Component,14682,Component 14682 (BONUS_TYPE_ADJUST),ExtData[3].Val6,3,9271,14646 (Forceful Weapons I),,C:\Users\Admin\Downloads\myps\data\bin\abilitycomponentexport.bin,byte 1602338,Inferred requirement reference because ExtData[*].Val6 matches a known RequirementId row in abilityrequirementexport.bin.
9271,Inbound,Component,14683,Component 14683 (BONUS_TYPE_ADJUST),ExtData[3].Val6,3,9271,14647 (Forceful Weapons II),,C:\Users\Admin\Downloads\myps\data\bin\abilitycomponentexport.bin,byte 1602603,Inferred requirement reference because ExtData[*].Val6 matches a known RequirementId row in abilityrequirementexport.bin.
9271,Inbound,Component,14684,Component 14684 (BONUS_TYPE_ADJUST),ExtData[3].Val6,3,9271,14648 (Forceful Weapons III),,C:\Users\Admin\Downloads\myps\data\bin\abilitycomponentexport.bin,byte 1602868,Inferred requirement reference because ExtData[*].Val6 matches a known RequirementId row in abilityrequirementexport.bin.
9271,Inbound,Component,14685,Component 14685 (BONUS_TYPE_ADJUST),ExtData[3].Val6,3,9271,14649 (Forceful Bolts I),,C:\Users\Admin\Downloads\myps\data\bin\abilitycomponentexport.bin,byte 1603133,Inferred requirement reference because ExtData[*].Val6 matches a known RequirementId row in abilityrequirementexport.bin.
9271,Inbound,Component,14686,Component 14686 (BONUS_TYPE_ADJUST),ExtData[3].Val6,3,9271,14650 (Forceful Bolts II),,C:\Users\Admin\Downloads\myps\data\bin\abilitycomponentexport.bin,byte 1603398,Inferred requirement reference because ExtData[*].Val6 matches a known RequirementId row in abilityrequirementexport.bin.
9271,Inbound,Component,14687,Component 14687 (BONUS_TYPE_ADJUST),ExtData[3].Val6,3,9271,14651 (Forceful Bolts III),,C:\Users\Admin\Downloads\myps\data\bin\abilitycomponentexport.bin,byte 1603663,Inferred requirement reference because ExtData[*].Val6 matches a known RequirementId row in abilityrequirementexport.bin.
9271,Inbound,Component,14688,Component 14688 (BONUS_TYPE_ADJUST),ExtData[3].Val6,3,9271,14652 (Forceful Mending I),Heal,C:\Users\Admin\Downloads\myps\data\bin\abilitycomponentexport.bin,byte 1603928,Inferred requirement reference because ExtData[*].Val6 matches a known RequirementId row in abilityrequirementexport.bin.
9271,Inbound,Component,14689,Component 14689 (BONUS_TYPE_ADJUST),ExtData[3].Val6,3,9271,14653 (Forceful Mending II),Heal,C:\Users\Admin\Downloads\myps\data\bin\abilitycomponentexport.bin,byte 1604193,Inferred requirement reference because ExtData[*].Val6 matches a known RequirementId row in abilityrequirementexport.bin.
9271,Inbound,Component,14690,Component 14690 (BONUS_TYPE_ADJUST),ExtData[3].Val6,3,9271,14654 (Forceful Mending III),Heal,C:\Users\Admin\Downloads\myps\data\bin\abilitycomponentexport.bin,byte 1604458,Inferred requirement reference because ExtData[*].Val6 matches a known RequirementId row in abilityrequirementexport.bin.
9271,Inbound,Component,14691,Component 14691 (AP_REGEN_CHANGE),ExtData[3].Val6,3,9271,14655 (Enhanced Vigor I),,C:\Users\Admin\Downloads\myps\data\bin\abilitycomponentexport.bin,byte 1604723,Inferred requirement reference because ExtData[*].Val6 matches a known RequirementId row in abilityrequirementexport.bin.
9271,Inbound,Component,14692,Component 14692 (AP_REGEN_CHANGE),ExtData[3].Val6,3,9271,14656 (Enhanced Vigor II),,C:\Users\Admin\Downloads\myps\data\bin\abilitycomponentexport.bin,byte 1604988,Inferred requirement reference because ExtData[*].Val6 matches a known RequirementId row in abilityrequirementexport.bin.
9271,Inbound,Component,14693,Component 14693 (AP_REGEN_CHANGE),ExtData[3].Val6,3,9271,14657 (Enhanced Vigor III),,C:\Users\Admin\Downloads\myps\data\bin\abilitycomponentexport.bin,byte 1605253,Inferred requirement reference because ExtData[*].Val6 matches a known RequirementId row in abilityrequirementexport.bin.
9271,Inbound,Component,14694,Component 14694 (BONUS_TYPE_ADJUST),ExtData[3].Val6,3,9271,14658 (Suppress Destruction I),,C:\Users\Admin\Downloads\myps\data\bin\abilitycomponentexport.bin,byte 1605518,Inferred requirement reference because ExtData[*].Val6 matches a known RequirementId row in abilityrequirementexport.bin.
9271,Inbound,Component,14695,Component 14695 (BONUS_TYPE_ADJUST),ExtData[3].Val6,3,9271,14659 (Suppress Destruction II),,C:\Users\Admin\Downloads\myps\data\bin\abilitycomponentexport.bin,byte 1605783,Inferred requirement reference because ExtData[*].Val6 matches a known RequirementId row in abilityrequirementexport.bin.
9271,Inbound,Component,14696,Component 14696 (BONUS_TYPE_ADJUST),ExtData[3].Val6,3,9271,14660 (Suppress Destruction III),,C:\Users\Admin\Downloads\myps\data\bin\abilitycomponentexport.bin,byte 1606048,Inferred requirement reference because ExtData[*].Val6 matches a known RequirementId row in abilityrequirementexport.bin.
9271,Inbound,Component,14697,Component 14697 (EVENT_LISTENER),ExtData[3].Val6,3,9271,"14661 (Thornshield I), 14662 (Thornshield II), 14663 (Thornshield III)",Damage,C:\Users\Admin\Downloads\myps\data\bin\abilitycomponentexport.bin,byte 1606313,Inferred requirement reference because ExtData[*].Val6 matches a known RequirementId row in abilityrequirementexport.bin.
9271,Inbound,Component,14701,Component 14701 (BONUS_TYPE_ADJUST),ExtData[3].Val6,3,9271,14664 (Enhanced Glory I),,C:\Users\Admin\Downloads\myps\data\bin\abilitycomponentexport.bin,byte 1607043,Inferred requirement reference because ExtData[*].Val6 matches a known RequirementId row in abilityrequirementexport.bin.
9271,Inbound,Component,14702,Component 14702 (BONUS_TYPE_ADJUST),ExtData[3].Val6,3,9271,14665 (Enhanced Glory II),,C:\Users\Admin\Downloads\myps\data\bin\abilitycomponentexport.bin,byte 1607308,Inferred requirement reference because ExtData[*].Val6 matches a known RequirementId row in abilityrequirementexport.bin.
9271,Inbound,Component,14703,Component 14703 (BONUS_TYPE_ADJUST),ExtData[3].Val6,3,9271,14666 (Enhanced Glory III),,C:\Users\Admin\Downloads\myps\data\bin\abilitycomponentexport.bin,byte 1607573,Inferred requirement reference because ExtData[*].Val6 matches a known RequirementId row in abilityrequirementexport.bin.
9271,Outbound,Requirement,9271,Requirement 9271,ExtData[1].Val6,1,9273,,,C:\Users\Admin\Downloads\myps\data\bin\abilityrequirementexport.bin,byte 27099,Inferred requirement reference because ExtData[*].Val6 matches a known RequirementId row in abilityrequirementexport.bin.
9271,Outbound,Requirement,9271,Requirement 9271,ExtData[0].Val6,0,9276,,,C:\Users\Admin\Downloads\myps\data\bin\abilityrequirementexport.bin,byte 27099,Inferred requirement reference because ExtData[*].Val6 matches a known RequirementId row in abilityrequirementexport.bin.
9273,Inbound,Requirement,9269,Requirement 9269,ExtData[1].Val6,1,9273,,,C:\Users\Admin\Downloads\myps\data\bin\abilityrequirementexport.bin,byte 26915,Inferred requirement reference because ExtData[*].Val6 matches a known RequirementId row in abilityrequirementexport.bin.
9273,Inbound,Requirement,9270,Requirement 9270,ExtData[1].Val6,1,9273,,,C:\Users\Admin\Downloads\myps\data\bin\abilityrequirementexport.bin,byte 27007,Inferred requirement reference because ExtData[*].Val6 matches a known RequirementId row in abilityrequirementexport.bin.
9273,Inbound,Requirement,9271,Requirement 9271,ExtData[1].Val6,1,9273,,,C:\Users\Admin\Downloads\myps\data\bin\abilityrequirementexport.bin,byte 27099,Inferred requirement reference because ExtData[*].Val6 matches a known RequirementId row in abilityrequirementexport.bin.
9273,Inbound,Requirement,9282,Requirement 9282,ExtData[1].Val6,1,9273,,,C:\Users\Admin\Downloads\myps\data\bin\abilityrequirementexport.bin,byte 28144,Inferred requirement reference because ExtData[*].Val6 matches a known RequirementId row in abilityrequirementexport.bin.
9273,Inbound,Requirement,9285,Requirement 9285,ExtData[1].Val6,1,9273,,,C:\Users\Admin\Downloads\myps\data\bin\abilityrequirementexport.bin,byte 28420,Inferred requirement reference because ExtData[*].Val6 matches a known RequirementId row in abilityrequirementexport.bin.
9274,Inbound,Requirement,9269,Requirement 9269,ExtData[0].Val6,0,9274,,,C:\Users\Admin\Downloads\myps\data\bin\abilityrequirementexport.bin,byte 26915,Inferred requirement reference because ExtData[*].Val6 matches a known RequirementId row in abilityrequirementexport.bin.
9274,Outbound,Requirement,9274,Requirement 9274,ExtData[1].Val6,1,9266,,,C:\Users\Admin\Downloads\myps\data\bin\abilityrequirementexport.bin,byte 27408,Inferred requirement reference because ExtData[*].Val6 matches a known RequirementId row in abilityrequirementexport.bin.
9275,Inbound,Requirement,9270,Requirement 9270,ExtData[0].Val6,0,9275,,,C:\Users\Admin\Downloads\myps\data\bin\abilityrequirementexport.bin,byte 27007,Inferred requirement reference because ExtData[*].Val6 matches a known RequirementId row in abilityrequirementexport.bin.
9275,Outbound,Requirement,9275,Requirement 9275,ExtData[1].Val6,1,9267,,,C:\Users\Admin\Downloads\myps\data\bin\abilityrequirementexport.bin,byte 27500,Inferred requirement reference because ExtData[*].Val6 matches a known RequirementId row in abilityrequirementexport.bin.
9276,Inbound,Requirement,9271,Requirement 9271,ExtData[0].Val6,0,9276,,,C:\Users\Admin\Downloads\myps\data\bin\abilityrequirementexport.bin,byte 27099,Inferred requirement reference because ExtData[*].Val6 matches a known RequirementId row in abilityrequirementexport.bin.
9276,Outbound,Requirement,9276,Requirement 9276,ExtData[1].Val6,1,9268,,,C:\Users\Admin\Downloads\myps\data\bin\abilityrequirementexport.bin,byte 27592,Inferred requirement reference because ExtData[*].Val6 matches a known RequirementId row in abilityrequirementexport.bin.
9277,Inbound,Component,1373,Component 1373 (EVENT_LISTENER),ExtData[1].Val6,1,9277,1367 (Stubborn As Stone),Damage,C:\Users\Admin\Downloads\myps\data\bin\abilitycomponentexport.bin,byte 145981,Inferred requirement reference because ExtData[*].Val6 matches a known RequirementId row in abilityrequirementexport.bin.
9277,Inbound,Component,1999,Component 1999 (STAT_CHANGE),ExtData[0].Val6,0,9277,3823 (Inspiring Attack),,C:\Users\Admin\Downloads\myps\data\bin\abilitycomponentexport.bin,byte 254049,Inferred requirement reference because ExtData[*].Val6 matches a known RequirementId row in abilityrequirementexport.bin.
9277,Inbound,Component,3010,Component 3010 (STAT_CHANGE),ExtData[2].Val6,2,9277,3823 (Inspiring Attack),,C:\Users\Admin\Downloads\myps\data\bin\abilitycomponentexport.bin,byte 256535,Inferred requirement reference because ExtData[*].Val6 matches a known RequirementId row in abilityrequirementexport.bin.
9277,Inbound,Component,3011,Component 3011 (STAT_CHANGE),ExtData[2].Val6,2,9277,3823 (Inspiring Attack),,C:\Users\Admin\Downloads\myps\data\bin\abilitycomponentexport.bin,byte 256767,Inferred requirement reference because ExtData[*].Val6 matches a known RequirementId row in abilityrequirementexport.bin.
9277,Inbound,Component,3012,Component 3012 (STAT_CHANGE),ExtData[2].Val6,2,9277,3823 (Inspiring Attack),,C:\Users\Admin\Downloads\myps\data\bin\abilitycomponentexport.bin,byte 256999,Inferred requirement reference because ExtData[*].Val6 matches a known RequirementId row in abilityrequirementexport.bin.
9277,Inbound,Component,3013,Component 3013 (STAT_CHANGE),ExtData[2].Val6,2,9277,3823 (Inspiring Attack),,C:\Users\Admin\Downloads\myps\data\bin\abilitycomponentexport.bin,byte 257231,Inferred requirement reference because ExtData[*].Val6 matches a known RequirementId row in abilityrequirementexport.bin.
9277,Outbound,Requirement,9277,Requirement 9277,ExtData[1].Val6,1,9079,,,C:\Users\Admin\Downloads\myps\data\bin\abilityrequirementexport.bin,byte 27684,Inferred requirement reference because ExtData[*].Val6 matches a known RequirementId row in abilityrequirementexport.bin.
9278,Inbound,Component,13187,Component 13187 (RANK_CHANGE),ExtData[1].Val6,1,9278,"23580 (Bolster), 23589 (Bolster)",,C:\Users\Admin\Downloads\myps\data\bin\abilitycomponentexport.bin,byte 2442813,Inferred requirement reference because ExtData[*].Val6 matches a known RequirementId row in abilityrequirementexport.bin.
9278,Inbound,Component,13188,Component 13188 (RANK_CHANGE),ExtData[2].Val6,2,9278,23580 (Bolster),,C:\Users\Admin\Downloads\myps\data\bin\abilitycomponentexport.bin,byte 2443012,Inferred requirement reference because ExtData[*].Val6 matches a known RequirementId row in abilityrequirementexport.bin.
9278,Inbound,Component,13189,Component 13189 (RANK_CHANGE),ExtData[2].Val6,2,9278,23580 (Bolster),,C:\Users\Admin\Downloads\myps\data\bin\abilitycomponentexport.bin,byte 2443244,Inferred requirement reference because ExtData[*].Val6 matches a known RequirementId row in abilityrequirementexport.bin.
9278,Inbound,Component,13190,Component 13190 (RANK_CHANGE),ExtData[1].Val6,1,9278,23580 (Bolster),,C:\Users\Admin\Downloads\myps\data\bin\abilitycomponentexport.bin,byte 2443476,Inferred requirement reference because ExtData[*].Val6 matches a known RequirementId row in abilityrequirementexport.bin.
9278,Inbound,Component,13199,Component 13199 (RANK_CHANGE),ExtData[1].Val6,1,9278,,,C:\Users\Admin\Downloads\myps\data\bin\abilitycomponentexport.bin,byte 2444871,Inferred requirement reference because ExtData[*].Val6 matches a known RequirementId row in abilityrequirementexport.bin.
9278,Inbound,Component,14704,Component 14704 (RANK_CHANGE),ExtData[1].Val6,1,9278,14313 (Bolster),,C:\Users\Admin\Downloads\myps\data\bin\abilitycomponentexport.bin,byte 1607838,Inferred requirement reference because ExtData[*].Val6 matches a known RequirementId row in abilityrequirementexport.bin.
9278,Inbound,Component,14705,Component 14705 (RANK_CHANGE),ExtData[1].Val6,1,9278,14314 (Bolster),,C:\Users\Admin\Downloads\myps\data\bin\abilitycomponentexport.bin,byte 1608070,Inferred requirement reference because ExtData[*].Val6 matches a known RequirementId row in abilityrequirementexport.bin.
9278,Inbound,Component,14706,Component 14706 (RANK_CHANGE),ExtData[1].Val6,1,9278,14315 (Bolster),,C:\Users\Admin\Downloads\myps\data\bin\abilitycomponentexport.bin,byte 1608302,Inferred requirement reference because ExtData[*].Val6 matches a known RequirementId row in abilityrequirementexport.bin.
9278,Inbound,Component,14707,Component 14707 (RANK_CHANGE),ExtData[1].Val6,1,9278,14316 (Bolster),,C:\Users\Admin\Downloads\myps\data\bin\abilitycomponentexport.bin,byte 1608534,Inferred requirement reference because ExtData[*].Val6 matches a known RequirementId row in abilityrequirementexport.bin.
9278,Inbound,Component,14711,Component 14711 (RANK_CHANGE),ExtData[1].Val6,1,9278,,,C:\Users\Admin\Downloads\myps\data\bin\abilitycomponentexport.bin,byte 1609165,Inferred requirement reference because ExtData[*].Val6 matches a known RequirementId row in abilityrequirementexport.bin.
9278,Inbound,Component,14712,Component 14712 (RANK_CHANGE),ExtData[1].Val6,1,9278,,,C:\Users\Admin\Downloads\myps\data\bin\abilitycomponentexport.bin,byte 1609364,Inferred requirement reference because ExtData[*].Val6 matches a known RequirementId row in abilityrequirementexport.bin.
9278,Inbound,Component,14713,Component 14713 (RANK_CHANGE),ExtData[1].Val6,1,9278,,,C:\Users\Admin\Downloads\myps\data\bin\abilitycomponentexport.bin,byte 1609563,Inferred requirement reference because ExtData[*].Val6 matches a known RequirementId row in abilityrequirementexport.bin.
9278,Inbound,Component,14714,Component 14714 (RANK_CHANGE),ExtData[1].Val6,1,9278,,,C:\Users\Admin\Downloads\myps\data\bin\abilitycomponentexport.bin,byte 1609762,Inferred requirement reference because ExtData[*].Val6 matches a known RequirementId row in abilityrequirementexport.bin.
9278,Inbound,Component,14953,Component 14953 (RANK_CHANGE),ExtData[1].Val6,1,9278,14310 (Bolster),,C:\Users\Admin\Downloads\myps\data\bin\abilitycomponentexport.bin,byte 1654349,Inferred requirement reference because ExtData[*].Val6 matches a known RequirementId row in abilityrequirementexport.bin.
9278,Inbound,Component,24865,Component 24865 (RANK_CHANGE),ExtData[1].Val6,1,9278,23596 (Bolster),,C:\Users\Admin\Downloads\myps\data\bin\abilitycomponentexport.bin,byte 2705054,Inferred requirement reference because ExtData[*].Val6 matches a known RequirementId row in abilityrequirementexport.bin.
9278,Outbound,Requirement,9278,Requirement 9278,ExtData[1].Val6,1,9279,,,C:\Users\Admin\Downloads\myps\data\bin\abilityrequirementexport.bin,byte 27776,Inferred requirement reference because ExtData[*].Val6 matches a known RequirementId row in abilityrequirementexport.bin.
9279,Inbound,Requirement,9278,Requirement 9278,ExtData[1].Val6,1,9279,,,C:\Users\Admin\Downloads\myps\data\bin\abilityrequirementexport.bin,byte 27776,Inferred requirement reference because ExtData[*].Val6 matches a known RequirementId row in abilityrequirementexport.bin.
9280,Inbound,Requirement,9281,Requirement 9281,ExtData[1].Val6,1,9280,,,C:\Users\Admin\Downloads\myps\data\bin\abilityrequirementexport.bin,byte 28052,Inferred requirement reference because ExtData[*].Val6 matches a known RequirementId row in abilityrequirementexport.bin.
9281,Inbound,Requirement,9282,Requirement 9282,ExtData[0].Val6,0,9281,,,C:\Users\Admin\Downloads\myps\data\bin\abilityrequirementexport.bin,byte 28144,Inferred requirement reference because ExtData[*].Val6 matches a known RequirementId row in abilityrequirementexport.bin.
9281,Outbound,Requirement,9281,Requirement 9281,ExtData[1].Val6,1,9280,,,C:\Users\Admin\Downloads\myps\data\bin\abilityrequirementexport.bin,byte 28052,Inferred requirement reference because ExtData[*].Val6 matches a known RequirementId row in abilityrequirementexport.bin.
9282,Inbound,Component,14216,Component 14216 (VELOCITY),ExtData[1].Val6,1,9282,14506 (Deployed Standard),,C:\Users\Admin\Downloads\myps\data\bin\abilitycomponentexport.bin,byte 1526402,Inferred requirement reference because ExtData[*].Val6 matches a known RequirementId row in abilityrequirementexport.bin.
9282,Inbound,Component,14492,Component 14492 (VELOCITY),ExtData[1].Val6,1,9282,14506 (Deployed Standard),,C:\Users\Admin\Downloads\myps\data\bin\abilitycomponentexport.bin,byte 1571987,Inferred requirement reference because ExtData[*].Val6 matches a known RequirementId row in abilityrequirementexport.bin.
9282,Inbound,Component,14493,Component 14493 (VELOCITY),ExtData[1].Val6,1,9282,14506 (Deployed Standard),,C:\Users\Admin\Downloads\myps\data\bin\abilitycomponentexport.bin,byte 1572285,Inferred requirement reference because ExtData[*].Val6 matches a known RequirementId row in abilityrequirementexport.bin.
9282,Outbound,Requirement,9282,Requirement 9282,ExtData[1].Val6,1,9273,,,C:\Users\Admin\Downloads\myps\data\bin\abilityrequirementexport.bin,byte 28144,Inferred requirement reference because ExtData[*].Val6 matches a known RequirementId row in abilityrequirementexport.bin.
9282,Outbound,Requirement,9282,Requirement 9282,ExtData[0].Val6,0,9281,,,C:\Users\Admin\Downloads\myps\data\bin\abilityrequirementexport.bin,byte 28144,Inferred requirement reference because ExtData[*].Val6 matches a known RequirementId row in abilityrequirementexport.bin.
9283,Inbound,Requirement,9284,Requirement 9284,ExtData[1].Val6,1,9283,,,C:\Users\Admin\Downloads\myps\data\bin\abilityrequirementexport.bin,byte 28328,Inferred requirement reference because ExtData[*].Val6 matches a known RequirementId row in abilityrequirementexport.bin.
9284,Inbound,Requirement,9285,Requirement 9285,ExtData[0].Val6,0,9284,,,C:\Users\Admin\Downloads\myps\data\bin\abilityrequirementexport.bin,byte 28420,Inferred requirement reference because ExtData[*].Val6 matches a known RequirementId row in abilityrequirementexport.bin.
9284,Outbound,Requirement,9284,Requirement 9284,ExtData[1].Val6,1,9283,,,C:\Users\Admin\Downloads\myps\data\bin\abilityrequirementexport.bin,byte 28328,Inferred requirement reference because ExtData[*].Val6 matches a known RequirementId row in abilityrequirementexport.bin.
9285,Inbound,Component,14224,Component 14224 (MORALE_REGEN_CHANGE),ExtData[1].Val6,1,9285,14509 (Planted Standard),,C:\Users\Admin\Downloads\myps\data\bin\abilitycomponentexport.bin,byte 1527994,Inferred requirement reference because ExtData[*].Val6 matches a known RequirementId row in abilityrequirementexport.bin.
9285,Outbound,Requirement,9285,Requirement 9285,ExtData[1].Val6,1,9273,,,C:\Users\Admin\Downloads\myps\data\bin\abilityrequirementexport.bin,byte 28420,Inferred requirement reference because ExtData[*].Val6 matches a known RequirementId row in abilityrequirementexport.bin.
9285,Outbound,Requirement,9285,Requirement 9285,ExtData[0].Val6,0,9284,,,C:\Users\Admin\Downloads\myps\data\bin\abilityrequirementexport.bin,byte 28420,Inferred requirement reference because ExtData[*].Val6 matches a known RequirementId row in abilityrequirementexport.bin.
9286,Inbound,Requirement,9288,Requirement 9288,ExtData[0].Val6,0,9286,,,C:\Users\Admin\Downloads\myps\data\bin\abilityrequirementexport.bin,byte 28696,Inferred requirement reference because ExtData[*].Val6 matches a known RequirementId row in abilityrequirementexport.bin.
9287,Inbound,Requirement,9288,Requirement 9288,ExtData[1].Val6,1,9287,,,C:\Users\Admin\Downloads\myps\data\bin\abilityrequirementexport.bin,byte 28696,Inferred requirement reference because ExtData[*].Val6 matches a known RequirementId row in abilityrequirementexport.bin.
9288,Inbound,Component,11233,Component 11233 (EVENT_LISTENER),ExtData[4].Val6,4,9288,9567 (Covenant of Vitality),"Damage, Heal",C:\Users\Admin\Downloads\myps\data\bin\abilitycomponentexport.bin,byte 830169,Inferred requirement reference because ExtData[*].Val6 matches a known RequirementId row in abilityrequirementexport.bin.
9288,Inbound,Component,12929,Component 12929 (EVENT_LISTENER),ExtData[4].Val6,4,9288,9559 (Covenant of Celerity),"Damage, Snare",C:\Users\Admin\Downloads\myps\data\bin\abilitycomponentexport.bin,byte 1123252,Inferred requirement reference because ExtData[*].Val6 matches a known RequirementId row in abilityrequirementexport.bin.
9288,Outbound,Requirement,9288,Requirement 9288,ExtData[0].Val6,0,9286,,,C:\Users\Admin\Downloads\myps\data\bin\abilityrequirementexport.bin,byte 28696,Inferred requirement reference because ExtData[*].Val6 matches a known RequirementId row in abilityrequirementexport.bin.
9288,Outbound,Requirement,9288,Requirement 9288,ExtData[1].Val6,1,9287,,,C:\Users\Admin\Downloads\myps\data\bin\abilityrequirementexport.bin,byte 28696,Inferred requirement reference because ExtData[*].Val6 matches a known RequirementId row in abilityrequirementexport.bin.
9289,Inbound,Requirement,9290,Requirement 9290,ExtData[0].Val6,0,9289,,,C:\Users\Admin\Downloads\myps\data\bin\abilityrequirementexport.bin,byte 28880,Inferred requirement reference because ExtData[*].Val6 matches a known RequirementId row in abilityrequirementexport.bin.
9290,Outbound,Requirement,9290,Requirement 9290,ExtData[0].Val6,0,9289,,,C:\Users\Admin\Downloads\myps\data\bin\abilityrequirementexport.bin,byte 28880,Inferred requirement reference because ExtData[*].Val6 matches a known RequirementId row in abilityrequirementexport.bin.
9291,Inbound,Requirement,9293,Requirement 9293,ExtData[0].Val6,0,9291,,,C:\Users\Admin\Downloads\myps\data\bin\abilityrequirementexport.bin,byte 29156,Inferred requirement reference because ExtData[*].Val6 matches a known RequirementId row in abilityrequirementexport.bin.
9292,Inbound,Requirement,9293,Requirement 9293,ExtData[1].Val6,1,9292,,,C:\Users\Admin\Downloads\myps\data\bin\abilityrequirementexport.bin,byte 29156,Inferred requirement reference because ExtData[*].Val6 matches a known RequirementId row in abilityrequirementexport.bin.
9293,Inbound,Component,11478,Component 11478 (EVENT_LISTENER),ExtData[1].Val6,1,9293,9476 (Frozen Touch),Damage,C:\Users\Admin\Downloads\myps\data\bin\abilitycomponentexport.bin,byte 874469,Inferred requirement reference because ExtData[*].Val6 matches a known RequirementId row in abilityrequirementexport.bin.
9293,Outbound,Requirement,9293,Requirement 9293,ExtData[0].Val6,0,9291,,,C:\Users\Admin\Downloads\myps\data\bin\abilityrequirementexport.bin,byte 29156,Inferred requirement reference because ExtData[*].Val6 matches a known RequirementId row in abilityrequirementexport.bin.
9293,Outbound,Requirement,9293,Requirement 9293,ExtData[1].Val6,1,9292,,,C:\Users\Admin\Downloads\myps\data\bin\abilityrequirementexport.bin,byte 29156,Inferred requirement reference because ExtData[*].Val6 matches a known RequirementId row in abilityrequirementexport.bin.
9294,Inbound,Component,11051,Component 11051 (AP_CHANGE),ExtData[1].Val6,1,9294,9433 (Baneful Touch),,C:\Users\Admin\Downloads\myps\data\bin\abilitycomponentexport.bin,byte 798109,Inferred requirement reference because ExtData[*].Val6 matches a known RequirementId row in abilityrequirementexport.bin.
9297,Inbound,Component,10640,Component 10640 (DAMAGE),ExtData[2].Val6,2,9297,,,C:\Users\Admin\Downloads\myps\data\bin\abilitycomponentexport.bin,byte 1474809,Inferred requirement reference because ExtData[*].Val6 matches a known RequirementId row in abilityrequirementexport.bin.
9297,Inbound,Component,15141,Component 15141 (DAMAGE),ExtData[2].Val6,2,9297,"14378 (Cannon), 14382 (Spear Chukka), 14386 (Cannon), 14390 (Hellcannon), 14394 (Ballista), 14398 (Ballista)",,C:\Users\Admin\Downloads\myps\data\bin\abilitycomponentexport.bin,byte 1664841,Inferred requirement reference because ExtData[*].Val6 matches a known RequirementId row in abilityrequirementexport.bin.
9297,Inbound,Component,15142,Component 15142 (DAMAGE),ExtData[2].Val6,2,9297,"14379 (Organ Gun), 14380 (Catapult), 14383 (Cannon), 14384 (Rock Lobba), 14387 (Hellblaster), 14388 (Catapult), 14391 (Tri-Barrel Hellcannon), 14392 (Catapult)",,C:\Users\Admin\Downloads\myps\data\bin\abilitycomponentexport.bin,byte 1665106,Inferred requirement reference because ExtData[*].Val6 matches a known RequirementId row in abilityrequirementexport.bin.
9299,Inbound,Ability,8248,Ability 8248 (Breath of Sigmar),ExtData[1].Val6,1,9299,8248 (Breath of Sigmar),Heal,C:\Users\Admin\Downloads\myps\data\bin\abilityexport.bin,byte 1210589,Inferred requirement reference because ExtData[*].Val6 matches a known RequirementId row in abilityrequirementexport.bin.
9299,Inbound,Ability,9558,"Ability 9558 (Stand, Coward!)",ExtData[1].Val6,1,9299,"9558 (Stand, Coward!)",Heal,C:\Users\Admin\Downloads\myps\data\bin\abilityexport.bin,byte 1345993,Inferred requirement reference because ExtData[*].Val6 matches a known RequirementId row in abilityrequirementexport.bin.
9300,Inbound,Ability,1602,Ability 1602 (Rune of Cleansing),ExtData[0].Val6,0,9300,1602 (Rune of Cleansing),,C:\Users\Admin\Downloads\myps\data\bin\abilityexport.bin,byte 1119998,Inferred requirement reference because ExtData[*].Val6 matches a known RequirementId row in abilityrequirementexport.bin.
9300,Inbound,Ability,1906,Ability 1906 (Greener 'n Cleaner),ExtData[0].Val6,0,9300,1906 (Greener 'n Cleaner),Damage,C:\Users\Admin\Downloads\myps\data\bin\abilityexport.bin,byte 1165351,Inferred requirement reference because ExtData[*].Val6 matches a known RequirementId row in abilityrequirementexport.bin.
9301,Inbound,Ability,8554,Ability 8554 (Glimpse of Chaos),ExtData[0].Val6,0,9301,8554 (Glimpse of Chaos),,C:\Users\Admin\Downloads\myps\data\bin\abilityexport.bin,byte 1254725,Inferred requirement reference because ExtData[*].Val6 matches a known RequirementId row in abilityrequirementexport.bin.
9302,Inbound,Ability,9244,Ability 9244 (Cleansing Light),ExtData[0].Val6,0,9302,9244 (Cleansing Light),Damage,C:\Users\Admin\Downloads\myps\data\bin\abilityexport.bin,byte 1301205,Inferred requirement reference because ExtData[*].Val6 matches a known RequirementId row in abilityrequirementexport.bin.
9302,Inbound,Ability,9556,Ability 9556 (Patch Wounds),ExtData[1].Val6,1,9302,9556 (Patch Wounds),,C:\Users\Admin\Downloads\myps\data\bin\abilityexport.bin,byte 1345506,Inferred requirement reference because ExtData[*].Val6 matches a known RequirementId row in abilityrequirementexport.bin.
9304,Inbound,Component,9725,Component 9725 (DAMAGE),ExtData[1].Val6,1,9304,8494 (Dissolving Mist),Damage,C:\Users\Admin\Downloads\myps\data\bin\abilitycomponentexport.bin,byte 739547,Inferred requirement reference because ExtData[*].Val6 matches a known RequirementId row in abilityrequirementexport.bin.
9304,Inbound,Component,9726,Component 9726 (DAMAGE),ExtData[1].Val6,1,9304,8494 (Dissolving Mist),Damage,C:\Users\Admin\Downloads\myps\data\bin\abilitycomponentexport.bin,byte 739746,Inferred requirement reference because ExtData[*].Val6 matches a known RequirementId row in abilityrequirementexport.bin.
9304,Inbound,Component,9727,Component 9727 (DAMAGE),ExtData[1].Val6,1,9304,8494 (Dissolving Mist),Damage,C:\Users\Admin\Downloads\myps\data\bin\abilitycomponentexport.bin,byte 739945,Inferred requirement reference because ExtData[*].Val6 matches a known RequirementId row in abilityrequirementexport.bin.
9305,Inbound,Component,9130,Component 9130 (HEAL),ExtData[3].Val6,3,9305,3017 (Rune of Serenity),Heal,C:\Users\Admin\Downloads\myps\data\bin\abilitycomponentexport.bin,byte 635934,Inferred requirement reference because ExtData[*].Val6 matches a known RequirementId row in abilityrequirementexport.bin.
9305,Inbound,Component,9480,Component 9480 (APPLY_ABILITY),ExtData[3].Val6,3,9305,8557 (Leaping Alteration),Heal,C:\Users\Admin\Downloads\myps\data\bin\abilitycomponentexport.bin,byte 696469,Inferred requirement reference because ExtData[*].Val6 matches a known RequirementId row in abilityrequirementexport.bin.
9305,Inbound,Component,18325,Component 18325 (APPLY_ABILITY),ExtData[3].Val6,3,9305,1601 (Rune of Serenity),Heal,C:\Users\Admin\Downloads\myps\data\bin\abilitycomponentexport.bin,byte 432256,Inferred requirement reference because ExtData[*].Val6 matches a known RequirementId row in abilityrequirementexport.bin.
9306,Inbound,Component,3228,Component 3228 (DAMAGE),ExtData[1].Val6,1,9306,1537 (Napalm Grenade),Damage,C:\Users\Admin\Downloads\myps\data\bin\abilitycomponentexport.bin,byte 296287,Inferred requirement reference because ExtData[*].Val6 matches a known RequirementId row in abilityrequirementexport.bin.
9306,Inbound,Component,3229,Component 3229 (DAMAGE),ExtData[1].Val6,1,9306,1537 (Napalm Grenade),Damage,C:\Users\Admin\Downloads\myps\data\bin\abilitycomponentexport.bin,byte 296486,Inferred requirement reference because ExtData[*].Val6 matches a known RequirementId row in abilityrequirementexport.bin.
9306,Inbound,Component,3230,Component 3230 (DAMAGE),ExtData[1].Val6,1,9306,1537 (Napalm Grenade),Damage,C:\Users\Admin\Downloads\myps\data\bin\abilitycomponentexport.bin,byte 296685,Inferred requirement reference because ExtData[*].Val6 matches a known RequirementId row in abilityrequirementexport.bin.
9306,Inbound,Component,19738,Component 19738 (DAMAGE),ExtData[1].Val6,1,9306,,,C:\Users\Admin\Downloads\myps\data\bin\abilitycomponentexport.bin,byte 1854705,Inferred requirement reference because ExtData[*].Val6 matches a known RequirementId row in abilityrequirementexport.bin.
9306,Inbound,Component,19739,Component 19739 (DAMAGE),ExtData[1].Val6,1,9306,,,C:\Users\Admin\Downloads\myps\data\bin\abilitycomponentexport.bin,byte 1854904,Inferred requirement reference because ExtData[*].Val6 matches a known RequirementId row in abilityrequirementexport.bin.
9306,Inbound,Component,19740,Component 19740 (DAMAGE),ExtData[1].Val6,1,9306,,,C:\Users\Admin\Downloads\myps\data\bin\abilitycomponentexport.bin,byte 1855103,Inferred requirement reference because ExtData[*].Val6 matches a known RequirementId row in abilityrequirementexport.bin.
9307,Inbound,Component,338,Component 338 (EVENT_LISTENER),ExtData[1].Val6,1,9307,400 (Root Ward),"Damage, Root",C:\Users\Admin\Downloads\myps\data\bin\abilitycomponentexport.bin,byte 1187105,Inferred requirement reference because ExtData[*].Val6 matches a known RequirementId row in abilityrequirementexport.bin.
9307,Inbound,Component,2055,Component 2055 (EVENT_LISTENER),ExtData[0].Val6,0,9307,"3030 (Heaven's Fury), 3031 (Quake), 3034 (Detonation), 3167 (Detonation)",Damage,C:\Users\Admin\Downloads\myps\data\bin\abilitycomponentexport.bin,byte 1221257,Inferred requirement reference because ExtData[*].Val6 matches a known RequirementId row in abilityrequirementexport.bin.
9307,Inbound,Component,2056,Component 2056 (EVENT_LISTENER),ExtData[0].Val6,0,9307,,,C:\Users\Admin\Downloads\myps\data\bin\abilitycomponentexport.bin,byte 1221423,Inferred requirement reference because ExtData[*].Val6 matches a known RequirementId row in abilityrequirementexport.bin.
9307,Inbound,Component,2057,Component 2057 (EVENT_LISTENER),ExtData[0].Val6,0,9307,"3027 (Aethyric Shock), 3028 (Rune of Binding), 3029 (Instill Fear), 3032 (Agile Escape), 3033 (Declare Anathema), 3035 (Penance), 3707 (Universal Confusion), 24840 (In Shock)","Damage, Stun",C:\Users\Admin\Downloads\myps\data\bin\abilitycomponentexport.bin,byte 1221589,Inferred requirement reference because ExtData[*].Val6 matches a known RequirementId row in abilityrequirementexport.bin.
9307,Inbound,Component,2058,Component 2058 (EVENT_LISTENER),ExtData[0].Val6,0,9307,,,C:\Users\Admin\Downloads\myps\data\bin\abilitycomponentexport.bin,byte 1221755,Inferred requirement reference because ExtData[*].Val6 matches a known RequirementId row in abilityrequirementexport.bin.
9307,Inbound,Component,2059,Component 2059 (EVENT_LISTENER),ExtData[0].Val6,0,9307,3168 (Scintillating Energy),Damage,C:\Users\Admin\Downloads\myps\data\bin\abilitycomponentexport.bin,byte 1221921,Inferred requirement reference because ExtData[*].Val6 matches a known RequirementId row in abilityrequirementexport.bin.
9307,Outbound,Requirement,9307,Requirement 9307,ExtData[2].Val6,2,9593,,,C:\Users\Admin\Downloads\myps\data\bin\abilityrequirementexport.bin,byte 30576,Inferred requirement reference because ExtData[*].Val6 matches a known RequirementId row in abilityrequirementexport.bin.
9309,Inbound,Requirement,9350,Requirement 9350,ExtData[0].Val6,0,9309,,,C:\Users\Admin\Downloads\myps\data\bin\abilityrequirementexport.bin,byte 34334,Inferred requirement reference because ExtData[*].Val6 matches a known RequirementId row in abilityrequirementexport.bin.
9309,Inbound,Requirement,9351,Requirement 9351,ExtData[0].Val6,0,9309,,,C:\Users\Admin\Downloads\myps\data\bin\abilityrequirementexport.bin,byte 34426,Inferred requirement reference because ExtData[*].Val6 matches a known RequirementId row in abilityrequirementexport.bin.
9309,Inbound,Requirement,9352,Requirement 9352,ExtData[0].Val6,0,9309,,,C:\Users\Admin\Downloads\myps\data\bin\abilityrequirementexport.bin,byte 34518,Inferred requirement reference because ExtData[*].Val6 matches a known RequirementId row in abilityrequirementexport.bin.
9309,Inbound,Requirement,9353,Requirement 9353,ExtData[0].Val6,0,9309,,,C:\Users\Admin\Downloads\myps\data\bin\abilityrequirementexport.bin,byte 34610,Inferred requirement reference because ExtData[*].Val6 matches a known RequirementId row in abilityrequirementexport.bin.
9309,Inbound,Requirement,9354,Requirement 9354,ExtData[0].Val6,0,9309,,,C:\Users\Admin\Downloads\myps\data\bin\abilityrequirementexport.bin,byte 34702,Inferred requirement reference because ExtData[*].Val6 matches a known RequirementId row in abilityrequirementexport.bin.
9309,Inbound,Requirement,9355,Requirement 9355,ExtData[0].Val6,0,9309,,,C:\Users\Admin\Downloads\myps\data\bin\abilityrequirementexport.bin,byte 34794,Inferred requirement reference because ExtData[*].Val6 matches a known RequirementId row in abilityrequirementexport.bin.
9309,Outbound,Requirement,9309,Requirement 9309,ExtData[0].Val6,0,9257,,,C:\Users\Admin\Downloads\myps\data\bin\abilityrequirementexport.bin,byte 30793,Inferred requirement reference because ExtData[*].Val6 matches a known RequirementId row in abilityrequirementexport.bin.
9310,Inbound,Component,14757,Component 14757 (SERVER_COMMAND),ExtData[2].Val6,2,9310,14721 (Force Cast from Keep 1),,C:\Users\Admin\Downloads\myps\data\bin\abilitycomponentexport.bin,byte 1615775,Inferred requirement reference because ExtData[*].Val6 matches a known RequirementId row in abilityrequirementexport.bin.
9310,Inbound,Component,14758,Component 14758 (SERVER_COMMAND),ExtData[2].Val6,2,9310,14721 (Force Cast from Keep 1),,C:\Users\Admin\Downloads\myps\data\bin\abilitycomponentexport.bin,byte 1616007,Inferred requirement reference because ExtData[*].Val6 matches a known RequirementId row in abilityrequirementexport.bin.
9310,Inbound,Component,14759,Component 14759 (SERVER_COMMAND),ExtData[2].Val6,2,9310,14721 (Force Cast from Keep 1),,C:\Users\Admin\Downloads\myps\data\bin\abilitycomponentexport.bin,byte 1616239,Inferred requirement reference because ExtData[*].Val6 matches a known RequirementId row in abilityrequirementexport.bin.
9311,Inbound,Component,14760,Component 14760 (SERVER_COMMAND),ExtData[2].Val6,2,9311,14722 (Force Cast from Keep 2),,C:\Users\Admin\Downloads\myps\data\bin\abilitycomponentexport.bin,byte 1616471,Inferred requirement reference because ExtData[*].Val6 matches a known RequirementId row in abilityrequirementexport.bin.
9311,Inbound,Component,14761,Component 14761 (SERVER_COMMAND),ExtData[2].Val6,2,9311,14722 (Force Cast from Keep 2),,C:\Users\Admin\Downloads\myps\data\bin\abilitycomponentexport.bin,byte 1616703,Inferred requirement reference because ExtData[*].Val6 matches a known RequirementId row in abilityrequirementexport.bin.
9311,Inbound,Component,14762,Component 14762 (SERVER_COMMAND),ExtData[2].Val6,2,9311,14722 (Force Cast from Keep 2),,C:\Users\Admin\Downloads\myps\data\bin\abilitycomponentexport.bin,byte 1616935,Inferred requirement reference because ExtData[*].Val6 matches a known RequirementId row in abilityrequirementexport.bin.
9312,Inbound,Component,14763,Component 14763 (SERVER_COMMAND),ExtData[2].Val6,2,9312,14723 (Force Cast from Keep 3),,C:\Users\Admin\Downloads\myps\data\bin\abilitycomponentexport.bin,byte 1617167,Inferred requirement reference because ExtData[*].Val6 matches a known RequirementId row in abilityrequirementexport.bin.
9312,Inbound,Component,14764,Component 14764 (SERVER_COMMAND),ExtData[2].Val6,2,9312,14723 (Force Cast from Keep 3),,C:\Users\Admin\Downloads\myps\data\bin\abilitycomponentexport.bin,byte 1617399,Inferred requirement reference because ExtData[*].Val6 matches a known RequirementId row in abilityrequirementexport.bin.
9312,Inbound,Component,14765,Component 14765 (SERVER_COMMAND),ExtData[2].Val6,2,9312,14723 (Force Cast from Keep 3),,C:\Users\Admin\Downloads\myps\data\bin\abilitycomponentexport.bin,byte 1617631,Inferred requirement reference because ExtData[*].Val6 matches a known RequirementId row in abilityrequirementexport.bin.
9313,Inbound,Component,14766,Component 14766 (SERVER_COMMAND),ExtData[2].Val6,2,9313,14724 (Force Cast from Keep 4),,C:\Users\Admin\Downloads\myps\data\bin\abilitycomponentexport.bin,byte 1617863,Inferred requirement reference because ExtData[*].Val6 matches a known RequirementId row in abilityrequirementexport.bin.
9313,Inbound,Component,14767,Component 14767 (SERVER_COMMAND),ExtData[2].Val6,2,9313,14724 (Force Cast from Keep 4),,C:\Users\Admin\Downloads\myps\data\bin\abilitycomponentexport.bin,byte 1618095,Inferred requirement reference because ExtData[*].Val6 matches a known RequirementId row in abilityrequirementexport.bin.
9313,Inbound,Component,14768,Component 14768 (SERVER_COMMAND),ExtData[2].Val6,2,9313,14724 (Force Cast from Keep 4),,C:\Users\Admin\Downloads\myps\data\bin\abilitycomponentexport.bin,byte 1618327,Inferred requirement reference because ExtData[*].Val6 matches a known RequirementId row in abilityrequirementexport.bin.
9314,Inbound,Component,14769,Component 14769 (SERVER_COMMAND),ExtData[2].Val6,2,9314,14725 (Force Cast from Keep 5),,C:\Users\Admin\Downloads\myps\data\bin\abilitycomponentexport.bin,byte 1618559,Inferred requirement reference because ExtData[*].Val6 matches a known RequirementId row in abilityrequirementexport.bin.
9314,Inbound,Component,14770,Component 14770 (SERVER_COMMAND),ExtData[2].Val6,2,9314,14725 (Force Cast from Keep 5),,C:\Users\Admin\Downloads\myps\data\bin\abilitycomponentexport.bin,byte 1618791,Inferred requirement reference because ExtData[*].Val6 matches a known RequirementId row in abilityrequirementexport.bin.
9314,Inbound,Component,14771,Component 14771 (SERVER_COMMAND),ExtData[2].Val6,2,9314,14725 (Force Cast from Keep 5),,C:\Users\Admin\Downloads\myps\data\bin\abilitycomponentexport.bin,byte 1619023,Inferred requirement reference because ExtData[*].Val6 matches a known RequirementId row in abilityrequirementexport.bin.
9315,Inbound,Component,14772,Component 14772 (SERVER_COMMAND),ExtData[2].Val6,2,9315,14726 (Force Cast from Keep 6),,C:\Users\Admin\Downloads\myps\data\bin\abilitycomponentexport.bin,byte 1619255,Inferred requirement reference because ExtData[*].Val6 matches a known RequirementId row in abilityrequirementexport.bin.
9315,Inbound,Component,14773,Component 14773 (SERVER_COMMAND),ExtData[2].Val6,2,9315,14726 (Force Cast from Keep 6),,C:\Users\Admin\Downloads\myps\data\bin\abilitycomponentexport.bin,byte 1619487,Inferred requirement reference because ExtData[*].Val6 matches a known RequirementId row in abilityrequirementexport.bin.
9315,Inbound,Component,14774,Component 14774 (SERVER_COMMAND),ExtData[2].Val6,2,9315,14726 (Force Cast from Keep 6),,C:\Users\Admin\Downloads\myps\data\bin\abilitycomponentexport.bin,byte 1619719,Inferred requirement reference because ExtData[*].Val6 matches a known RequirementId row in abilityrequirementexport.bin.
9316,Inbound,Component,14775,Component 14775 (SERVER_COMMAND),ExtData[2].Val6,2,9316,14727 (Force Cast from Keep 7),,C:\Users\Admin\Downloads\myps\data\bin\abilitycomponentexport.bin,byte 1619951,Inferred requirement reference because ExtData[*].Val6 matches a known RequirementId row in abilityrequirementexport.bin.
9316,Inbound,Component,14776,Component 14776 (SERVER_COMMAND),ExtData[2].Val6,2,9316,14727 (Force Cast from Keep 7),,C:\Users\Admin\Downloads\myps\data\bin\abilitycomponentexport.bin,byte 1620183,Inferred requirement reference because ExtData[*].Val6 matches a known RequirementId row in abilityrequirementexport.bin.
9316,Inbound,Component,14777,Component 14777 (SERVER_COMMAND),ExtData[2].Val6,2,9316,14727 (Force Cast from Keep 7),,C:\Users\Admin\Downloads\myps\data\bin\abilitycomponentexport.bin,byte 1620415,Inferred requirement reference because ExtData[*].Val6 matches a known RequirementId row in abilityrequirementexport.bin.
9317,Inbound,Component,14778,Component 14778 (SERVER_COMMAND),ExtData[2].Val6,2,9317,14728 (Force Cast from Keep 8),,C:\Users\Admin\Downloads\myps\data\bin\abilitycomponentexport.bin,byte 1620647,Inferred requirement reference because ExtData[*].Val6 matches a known RequirementId row in abilityrequirementexport.bin.
9317,Inbound,Component,14779,Component 14779 (SERVER_COMMAND),ExtData[2].Val6,2,9317,14728 (Force Cast from Keep 8),,C:\Users\Admin\Downloads\myps\data\bin\abilitycomponentexport.bin,byte 1620879,Inferred requirement reference because ExtData[*].Val6 matches a known RequirementId row in abilityrequirementexport.bin.
9317,Inbound,Component,14780,Component 14780 (SERVER_COMMAND),ExtData[2].Val6,2,9317,14728 (Force Cast from Keep 8),,C:\Users\Admin\Downloads\myps\data\bin\abilitycomponentexport.bin,byte 1621111,Inferred requirement reference because ExtData[*].Val6 matches a known RequirementId row in abilityrequirementexport.bin.
9318,Inbound,Component,14781,Component 14781 (SERVER_COMMAND),ExtData[2].Val6,2,9318,14729 (Force Cast from Keep 9),,C:\Users\Admin\Downloads\myps\data\bin\abilitycomponentexport.bin,byte 1621343,Inferred requirement reference because ExtData[*].Val6 matches a known RequirementId row in abilityrequirementexport.bin.
9318,Inbound,Component,14782,Component 14782 (SERVER_COMMAND),ExtData[2].Val6,2,9318,14729 (Force Cast from Keep 9),,C:\Users\Admin\Downloads\myps\data\bin\abilitycomponentexport.bin,byte 1621575,Inferred requirement reference because ExtData[*].Val6 matches a known RequirementId row in abilityrequirementexport.bin.
9318,Inbound,Component,14783,Component 14783 (SERVER_COMMAND),ExtData[2].Val6,2,9318,14729 (Force Cast from Keep 9),,C:\Users\Admin\Downloads\myps\data\bin\abilitycomponentexport.bin,byte 1621807,Inferred requirement reference because ExtData[*].Val6 matches a known RequirementId row in abilityrequirementexport.bin.
9319,Inbound,Component,14784,Component 14784 (SERVER_COMMAND),ExtData[2].Val6,2,9319,14730 (Force Cast from Keep 10),,C:\Users\Admin\Downloads\myps\data\bin\abilitycomponentexport.bin,byte 1622039,Inferred requirement reference because ExtData[*].Val6 matches a known RequirementId row in abilityrequirementexport.bin.
9319,Inbound,Component,14785,Component 14785 (SERVER_COMMAND),ExtData[2].Val6,2,9319,14730 (Force Cast from Keep 10),,C:\Users\Admin\Downloads\myps\data\bin\abilitycomponentexport.bin,byte 1622271,Inferred requirement reference because ExtData[*].Val6 matches a known RequirementId row in abilityrequirementexport.bin.
9319,Inbound,Component,14786,Component 14786 (SERVER_COMMAND),ExtData[2].Val6,2,9319,14730 (Force Cast from Keep 10),,C:\Users\Admin\Downloads\myps\data\bin\abilitycomponentexport.bin,byte 1622503,Inferred requirement reference because ExtData[*].Val6 matches a known RequirementId row in abilityrequirementexport.bin.
9320,Inbound,Component,14787,Component 14787 (SERVER_COMMAND),ExtData[2].Val6,2,9320,14731 (Force Cast from Keep 11),,C:\Users\Admin\Downloads\myps\data\bin\abilitycomponentexport.bin,byte 1622735,Inferred requirement reference because ExtData[*].Val6 matches a known RequirementId row in abilityrequirementexport.bin.
9320,Inbound,Component,14788,Component 14788 (SERVER_COMMAND),ExtData[2].Val6,2,9320,14731 (Force Cast from Keep 11),,C:\Users\Admin\Downloads\myps\data\bin\abilitycomponentexport.bin,byte 1622967,Inferred requirement reference because ExtData[*].Val6 matches a known RequirementId row in abilityrequirementexport.bin.
9320,Inbound,Component,14789,Component 14789 (SERVER_COMMAND),ExtData[2].Val6,2,9320,14731 (Force Cast from Keep 11),,C:\Users\Admin\Downloads\myps\data\bin\abilitycomponentexport.bin,byte 1623199,Inferred requirement reference because ExtData[*].Val6 matches a known RequirementId row in abilityrequirementexport.bin.
9321,Inbound,Component,14790,Component 14790 (SERVER_COMMAND),ExtData[2].Val6,2,9321,14732 (Force Cast from Keep 12),,C:\Users\Admin\Downloads\myps\data\bin\abilitycomponentexport.bin,byte 1623431,Inferred requirement reference because ExtData[*].Val6 matches a known RequirementId row in abilityrequirementexport.bin.
9321,Inbound,Component,14791,Component 14791 (SERVER_COMMAND),ExtData[2].Val6,2,9321,14732 (Force Cast from Keep 12),,C:\Users\Admin\Downloads\myps\data\bin\abilitycomponentexport.bin,byte 1623663,Inferred requirement reference because ExtData[*].Val6 matches a known RequirementId row in abilityrequirementexport.bin.
9321,Inbound,Component,14792,Component 14792 (SERVER_COMMAND),ExtData[2].Val6,2,9321,14732 (Force Cast from Keep 12),,C:\Users\Admin\Downloads\myps\data\bin\abilitycomponentexport.bin,byte 1623895,Inferred requirement reference because ExtData[*].Val6 matches a known RequirementId row in abilityrequirementexport.bin.
9322,Inbound,Component,14793,Component 14793 (SERVER_COMMAND),ExtData[2].Val6,2,9322,14733 (Force Cast from Keep 13),,C:\Users\Admin\Downloads\myps\data\bin\abilitycomponentexport.bin,byte 1624127,Inferred requirement reference because ExtData[*].Val6 matches a known RequirementId row in abilityrequirementexport.bin.
9322,Inbound,Component,14794,Component 14794 (SERVER_COMMAND),ExtData[2].Val6,2,9322,14733 (Force Cast from Keep 13),,C:\Users\Admin\Downloads\myps\data\bin\abilitycomponentexport.bin,byte 1624359,Inferred requirement reference because ExtData[*].Val6 matches a known RequirementId row in abilityrequirementexport.bin.
9322,Inbound,Component,14795,Component 14795 (SERVER_COMMAND),ExtData[2].Val6,2,9322,14733 (Force Cast from Keep 13),,C:\Users\Admin\Downloads\myps\data\bin\abilitycomponentexport.bin,byte 1624591,Inferred requirement reference because ExtData[*].Val6 matches a known RequirementId row in abilityrequirementexport.bin.
9323,Inbound,Component,14796,Component 14796 (SERVER_COMMAND),ExtData[2].Val6,2,9323,14734 (Force Cast from Keep 14),,C:\Users\Admin\Downloads\myps\data\bin\abilitycomponentexport.bin,byte 1624823,Inferred requirement reference because ExtData[*].Val6 matches a known RequirementId row in abilityrequirementexport.bin.
9323,Inbound,Component,14797,Component 14797 (SERVER_COMMAND),ExtData[2].Val6,2,9323,14734 (Force Cast from Keep 14),,C:\Users\Admin\Downloads\myps\data\bin\abilitycomponentexport.bin,byte 1625055,Inferred requirement reference because ExtData[*].Val6 matches a known RequirementId row in abilityrequirementexport.bin.
9323,Inbound,Component,14798,Component 14798 (SERVER_COMMAND),ExtData[2].Val6,2,9323,14734 (Force Cast from Keep 14),,C:\Users\Admin\Downloads\myps\data\bin\abilitycomponentexport.bin,byte 1625287,Inferred requirement reference because ExtData[*].Val6 matches a known RequirementId row in abilityrequirementexport.bin.
9324,Inbound,Component,14799,Component 14799 (SERVER_COMMAND),ExtData[2].Val6,2,9324,14735 (Force Cast from Keep 15),,C:\Users\Admin\Downloads\myps\data\bin\abilitycomponentexport.bin,byte 1625519,Inferred requirement reference because ExtData[*].Val6 matches a known RequirementId row in abilityrequirementexport.bin.
9324,Inbound,Component,14800,Component 14800 (SERVER_COMMAND),ExtData[2].Val6,2,9324,14735 (Force Cast from Keep 15),,C:\Users\Admin\Downloads\myps\data\bin\abilitycomponentexport.bin,byte 1625751,Inferred requirement reference because ExtData[*].Val6 matches a known RequirementId row in abilityrequirementexport.bin.
9324,Inbound,Component,14801,Component 14801 (SERVER_COMMAND),ExtData[2].Val6,2,9324,14735 (Force Cast from Keep 15),,C:\Users\Admin\Downloads\myps\data\bin\abilitycomponentexport.bin,byte 1625983,Inferred requirement reference because ExtData[*].Val6 matches a known RequirementId row in abilityrequirementexport.bin.
9325,Inbound,Component,14802,Component 14802 (SERVER_COMMAND),ExtData[2].Val6,2,9325,14736 (Force Cast from Keep 16),,C:\Users\Admin\Downloads\myps\data\bin\abilitycomponentexport.bin,byte 1626215,Inferred requirement reference because ExtData[*].Val6 matches a known RequirementId row in abilityrequirementexport.bin.
9325,Inbound,Component,14803,Component 14803 (SERVER_COMMAND),ExtData[2].Val6,2,9325,14736 (Force Cast from Keep 16),,C:\Users\Admin\Downloads\myps\data\bin\abilitycomponentexport.bin,byte 1626447,Inferred requirement reference because ExtData[*].Val6 matches a known RequirementId row in abilityrequirementexport.bin.
9325,Inbound,Component,14804,Component 14804 (SERVER_COMMAND),ExtData[2].Val6,2,9325,14736 (Force Cast from Keep 16),,C:\Users\Admin\Downloads\myps\data\bin\abilitycomponentexport.bin,byte 1626679,Inferred requirement reference because ExtData[*].Val6 matches a known RequirementId row in abilityrequirementexport.bin.
9326,Inbound,Component,14805,Component 14805 (SERVER_COMMAND),ExtData[2].Val6,2,9326,14737 (Force Cast from Keep 17),,C:\Users\Admin\Downloads\myps\data\bin\abilitycomponentexport.bin,byte 1626911,Inferred requirement reference because ExtData[*].Val6 matches a known RequirementId row in abilityrequirementexport.bin.
9326,Inbound,Component,14806,Component 14806 (SERVER_COMMAND),ExtData[2].Val6,2,9326,14737 (Force Cast from Keep 17),,C:\Users\Admin\Downloads\myps\data\bin\abilitycomponentexport.bin,byte 1627143,Inferred requirement reference because ExtData[*].Val6 matches a known RequirementId row in abilityrequirementexport.bin.
9326,Inbound,Component,14807,Component 14807 (SERVER_COMMAND),ExtData[2].Val6,2,9326,14737 (Force Cast from Keep 17),,C:\Users\Admin\Downloads\myps\data\bin\abilitycomponentexport.bin,byte 1627375,Inferred requirement reference because ExtData[*].Val6 matches a known RequirementId row in abilityrequirementexport.bin.
9327,Inbound,Component,14808,Component 14808 (SERVER_COMMAND),ExtData[2].Val6,2,9327,14738 (Force Cast from Keep 18),,C:\Users\Admin\Downloads\myps\data\bin\abilitycomponentexport.bin,byte 1627607,Inferred requirement reference because ExtData[*].Val6 matches a known RequirementId row in abilityrequirementexport.bin.
9327,Inbound,Component,14809,Component 14809 (SERVER_COMMAND),ExtData[2].Val6,2,9327,14738 (Force Cast from Keep 18),,C:\Users\Admin\Downloads\myps\data\bin\abilitycomponentexport.bin,byte 1627839,Inferred requirement reference because ExtData[*].Val6 matches a known RequirementId row in abilityrequirementexport.bin.
9327,Inbound,Component,14810,Component 14810 (SERVER_COMMAND),ExtData[2].Val6,2,9327,14738 (Force Cast from Keep 18),,C:\Users\Admin\Downloads\myps\data\bin\abilitycomponentexport.bin,byte 1628071,Inferred requirement reference because ExtData[*].Val6 matches a known RequirementId row in abilityrequirementexport.bin.
9328,Inbound,Component,14811,Component 14811 (SERVER_COMMAND),ExtData[2].Val6,2,9328,14739 (Force Cast from Keep 19),,C:\Users\Admin\Downloads\myps\data\bin\abilitycomponentexport.bin,byte 1628303,Inferred requirement reference because ExtData[*].Val6 matches a known RequirementId row in abilityrequirementexport.bin.
9328,Inbound,Component,14812,Component 14812 (SERVER_COMMAND),ExtData[2].Val6,2,9328,14739 (Force Cast from Keep 19),,C:\Users\Admin\Downloads\myps\data\bin\abilitycomponentexport.bin,byte 1628535,Inferred requirement reference because ExtData[*].Val6 matches a known RequirementId row in abilityrequirementexport.bin.
9328,Inbound,Component,14813,Component 14813 (SERVER_COMMAND),ExtData[2].Val6,2,9328,14739 (Force Cast from Keep 19),,C:\Users\Admin\Downloads\myps\data\bin\abilitycomponentexport.bin,byte 1628767,Inferred requirement reference because ExtData[*].Val6 matches a known RequirementId row in abilityrequirementexport.bin.
9329,Inbound,Component,14814,Component 14814 (SERVER_COMMAND),ExtData[2].Val6,2,9329,14740 (Force Cast from Keep 20),,C:\Users\Admin\Downloads\myps\data\bin\abilitycomponentexport.bin,byte 1628999,Inferred requirement reference because ExtData[*].Val6 matches a known RequirementId row in abilityrequirementexport.bin.
9329,Inbound,Component,14815,Component 14815 (SERVER_COMMAND),ExtData[2].Val6,2,9329,14740 (Force Cast from Keep 20),,C:\Users\Admin\Downloads\myps\data\bin\abilitycomponentexport.bin,byte 1629231,Inferred requirement reference because ExtData[*].Val6 matches a known RequirementId row in abilityrequirementexport.bin.
9329,Inbound,Component,14816,Component 14816 (SERVER_COMMAND),ExtData[2].Val6,2,9329,14740 (Force Cast from Keep 20),,C:\Users\Admin\Downloads\myps\data\bin\abilitycomponentexport.bin,byte 1629463,Inferred requirement reference because ExtData[*].Val6 matches a known RequirementId row in abilityrequirementexport.bin.
9330,Inbound,Component,14817,Component 14817 (SERVER_COMMAND),ExtData[2].Val6,2,9330,14741 (Force Cast from Keep 21),,C:\Users\Admin\Downloads\myps\data\bin\abilitycomponentexport.bin,byte 1629695,Inferred requirement reference because ExtData[*].Val6 matches a known RequirementId row in abilityrequirementexport.bin.
9330,Inbound,Component,14818,Component 14818 (SERVER_COMMAND),ExtData[2].Val6,2,9330,14741 (Force Cast from Keep 21),,C:\Users\Admin\Downloads\myps\data\bin\abilitycomponentexport.bin,byte 1629927,Inferred requirement reference because ExtData[*].Val6 matches a known RequirementId row in abilityrequirementexport.bin.
9330,Inbound,Component,14819,Component 14819 (SERVER_COMMAND),ExtData[2].Val6,2,9330,14741 (Force Cast from Keep 21),,C:\Users\Admin\Downloads\myps\data\bin\abilitycomponentexport.bin,byte 1630159,Inferred requirement reference because ExtData[*].Val6 matches a known RequirementId row in abilityrequirementexport.bin.
9331,Inbound,Component,14820,Component 14820 (SERVER_COMMAND),ExtData[2].Val6,2,9331,14742 (Force Cast from Keep 22),,C:\Users\Admin\Downloads\myps\data\bin\abilitycomponentexport.bin,byte 1630391,Inferred requirement reference because ExtData[*].Val6 matches a known RequirementId row in abilityrequirementexport.bin.
9331,Inbound,Component,14821,Component 14821 (SERVER_COMMAND),ExtData[2].Val6,2,9331,14742 (Force Cast from Keep 22),,C:\Users\Admin\Downloads\myps\data\bin\abilitycomponentexport.bin,byte 1630623,Inferred requirement reference because ExtData[*].Val6 matches a known RequirementId row in abilityrequirementexport.bin.
9331,Inbound,Component,14822,Component 14822 (SERVER_COMMAND),ExtData[2].Val6,2,9331,14742 (Force Cast from Keep 22),,C:\Users\Admin\Downloads\myps\data\bin\abilitycomponentexport.bin,byte 1630855,Inferred requirement reference because ExtData[*].Val6 matches a known RequirementId row in abilityrequirementexport.bin.
9332,Inbound,Component,14823,Component 14823 (SERVER_COMMAND),ExtData[2].Val6,2,9332,14743 (Force Cast from Keep 23),,C:\Users\Admin\Downloads\myps\data\bin\abilitycomponentexport.bin,byte 1631087,Inferred requirement reference because ExtData[*].Val6 matches a known RequirementId row in abilityrequirementexport.bin.
9332,Inbound,Component,14824,Component 14824 (SERVER_COMMAND),ExtData[2].Val6,2,9332,14743 (Force Cast from Keep 23),,C:\Users\Admin\Downloads\myps\data\bin\abilitycomponentexport.bin,byte 1631319,Inferred requirement reference because ExtData[*].Val6 matches a known RequirementId row in abilityrequirementexport.bin.
9332,Inbound,Component,14825,Component 14825 (SERVER_COMMAND),ExtData[2].Val6,2,9332,14743 (Force Cast from Keep 23),,C:\Users\Admin\Downloads\myps\data\bin\abilitycomponentexport.bin,byte 1631551,Inferred requirement reference because ExtData[*].Val6 matches a known RequirementId row in abilityrequirementexport.bin.
9333,Inbound,Component,14826,Component 14826 (SERVER_COMMAND),ExtData[2].Val6,2,9333,14744 (Force Cast from Keep 24),,C:\Users\Admin\Downloads\myps\data\bin\abilitycomponentexport.bin,byte 1631783,Inferred requirement reference because ExtData[*].Val6 matches a known RequirementId row in abilityrequirementexport.bin.
9333,Inbound,Component,14827,Component 14827 (SERVER_COMMAND),ExtData[2].Val6,2,9333,14744 (Force Cast from Keep 24),,C:\Users\Admin\Downloads\myps\data\bin\abilitycomponentexport.bin,byte 1632015,Inferred requirement reference because ExtData[*].Val6 matches a known RequirementId row in abilityrequirementexport.bin.
9333,Inbound,Component,14828,Component 14828 (SERVER_COMMAND),ExtData[2].Val6,2,9333,14744 (Force Cast from Keep 24),,C:\Users\Admin\Downloads\myps\data\bin\abilitycomponentexport.bin,byte 1632247,Inferred requirement reference because ExtData[*].Val6 matches a known RequirementId row in abilityrequirementexport.bin.
9334,Inbound,Component,14829,Component 14829 (SERVER_COMMAND),ExtData[2].Val6,2,9334,14745 (Force Cast from Keep 25),,C:\Users\Admin\Downloads\myps\data\bin\abilitycomponentexport.bin,byte 1632479,Inferred requirement reference because ExtData[*].Val6 matches a known RequirementId row in abilityrequirementexport.bin.
9334,Inbound,Component,14830,Component 14830 (SERVER_COMMAND),ExtData[2].Val6,2,9334,14745 (Force Cast from Keep 25),,C:\Users\Admin\Downloads\myps\data\bin\abilitycomponentexport.bin,byte 1632711,Inferred requirement reference because ExtData[*].Val6 matches a known RequirementId row in abilityrequirementexport.bin.
9334,Inbound,Component,14831,Component 14831 (SERVER_COMMAND),ExtData[2].Val6,2,9334,14745 (Force Cast from Keep 25),,C:\Users\Admin\Downloads\myps\data\bin\abilitycomponentexport.bin,byte 1632943,Inferred requirement reference because ExtData[*].Val6 matches a known RequirementId row in abilityrequirementexport.bin.
9335,Inbound,Component,14832,Component 14832 (SERVER_COMMAND),ExtData[2].Val6,2,9335,14746 (Force Cast from Keep 26),,C:\Users\Admin\Downloads\myps\data\bin\abilitycomponentexport.bin,byte 1633175,Inferred requirement reference because ExtData[*].Val6 matches a known RequirementId row in abilityrequirementexport.bin.
9335,Inbound,Component,14833,Component 14833 (SERVER_COMMAND),ExtData[2].Val6,2,9335,14746 (Force Cast from Keep 26),,C:\Users\Admin\Downloads\myps\data\bin\abilitycomponentexport.bin,byte 1633407,Inferred requirement reference because ExtData[*].Val6 matches a known RequirementId row in abilityrequirementexport.bin.
9335,Inbound,Component,14834,Component 14834 (SERVER_COMMAND),ExtData[2].Val6,2,9335,14746 (Force Cast from Keep 26),,C:\Users\Admin\Downloads\myps\data\bin\abilitycomponentexport.bin,byte 1633639,Inferred requirement reference because ExtData[*].Val6 matches a known RequirementId row in abilityrequirementexport.bin.
9336,Inbound,Component,14835,Component 14835 (SERVER_COMMAND),ExtData[2].Val6,2,9336,14747 (Force Cast from Keep 27),,C:\Users\Admin\Downloads\myps\data\bin\abilitycomponentexport.bin,byte 1633871,Inferred requirement reference because ExtData[*].Val6 matches a known RequirementId row in abilityrequirementexport.bin.
9336,Inbound,Component,14836,Component 14836 (SERVER_COMMAND),ExtData[2].Val6,2,9336,14747 (Force Cast from Keep 27),,C:\Users\Admin\Downloads\myps\data\bin\abilitycomponentexport.bin,byte 1634103,Inferred requirement reference because ExtData[*].Val6 matches a known RequirementId row in abilityrequirementexport.bin.
9336,Inbound,Component,14837,Component 14837 (SERVER_COMMAND),ExtData[2].Val6,2,9336,14747 (Force Cast from Keep 27),,C:\Users\Admin\Downloads\myps\data\bin\abilitycomponentexport.bin,byte 1634335,Inferred requirement reference because ExtData[*].Val6 matches a known RequirementId row in abilityrequirementexport.bin.
9337,Inbound,Component,14838,Component 14838 (SERVER_COMMAND),ExtData[2].Val6,2,9337,14748 (Force Cast from Keep 28),,C:\Users\Admin\Downloads\myps\data\bin\abilitycomponentexport.bin,byte 1634567,Inferred requirement reference because ExtData[*].Val6 matches a known RequirementId row in abilityrequirementexport.bin.
9337,Inbound,Component,14839,Component 14839 (SERVER_COMMAND),ExtData[2].Val6,2,9337,14748 (Force Cast from Keep 28),,C:\Users\Admin\Downloads\myps\data\bin\abilitycomponentexport.bin,byte 1634799,Inferred requirement reference because ExtData[*].Val6 matches a known RequirementId row in abilityrequirementexport.bin.
9337,Inbound,Component,14840,Component 14840 (SERVER_COMMAND),ExtData[2].Val6,2,9337,14748 (Force Cast from Keep 28),,C:\Users\Admin\Downloads\myps\data\bin\abilitycomponentexport.bin,byte 1635031,Inferred requirement reference because ExtData[*].Val6 matches a known RequirementId row in abilityrequirementexport.bin.
9338,Inbound,Component,14841,Component 14841 (SERVER_COMMAND),ExtData[2].Val6,2,9338,14749 (Force Cast from Keep 29),,C:\Users\Admin\Downloads\myps\data\bin\abilitycomponentexport.bin,byte 1635263,Inferred requirement reference because ExtData[*].Val6 matches a known RequirementId row in abilityrequirementexport.bin.
9338,Inbound,Component,14842,Component 14842 (SERVER_COMMAND),ExtData[2].Val6,2,9338,14749 (Force Cast from Keep 29),,C:\Users\Admin\Downloads\myps\data\bin\abilitycomponentexport.bin,byte 1635495,Inferred requirement reference because ExtData[*].Val6 matches a known RequirementId row in abilityrequirementexport.bin.
9338,Inbound,Component,14843,Component 14843 (SERVER_COMMAND),ExtData[2].Val6,2,9338,14749 (Force Cast from Keep 29),,C:\Users\Admin\Downloads\myps\data\bin\abilitycomponentexport.bin,byte 1635727,Inferred requirement reference because ExtData[*].Val6 matches a known RequirementId row in abilityrequirementexport.bin.
9339,Inbound,Component,14844,Component 14844 (SERVER_COMMAND),ExtData[2].Val6,2,9339,14750 (Force Cast from Keep 30),,C:\Users\Admin\Downloads\myps\data\bin\abilitycomponentexport.bin,byte 1635959,Inferred requirement reference because ExtData[*].Val6 matches a known RequirementId row in abilityrequirementexport.bin.
9339,Inbound,Component,14845,Component 14845 (SERVER_COMMAND),ExtData[2].Val6,2,9339,14750 (Force Cast from Keep 30),,C:\Users\Admin\Downloads\myps\data\bin\abilitycomponentexport.bin,byte 1636191,Inferred requirement reference because ExtData[*].Val6 matches a known RequirementId row in abilityrequirementexport.bin.
9339,Inbound,Component,14846,Component 14846 (SERVER_COMMAND),ExtData[2].Val6,2,9339,14750 (Force Cast from Keep 30),,C:\Users\Admin\Downloads\myps\data\bin\abilitycomponentexport.bin,byte 1636423,Inferred requirement reference because ExtData[*].Val6 matches a known RequirementId row in abilityrequirementexport.bin.
9341,Inbound,Component,18901,Component 18901 (EVENT_LISTENER),ExtData[0].Val6,0,9341,9402 (Kiss of Agony),Damage,C:\Users\Admin\Downloads\myps\data\bin\abilitycomponentexport.bin,byte 1131613,Inferred requirement reference because ExtData[*].Val6 matches a known RequirementId row in abilityrequirementexport.bin.
9341,Inbound,Component,18908,Component 18908 (EVENT_LISTENER),ExtData[0].Val6,0,9341,9407 (Kiss of Death),"Damage, Heal",C:\Users\Admin\Downloads\myps\data\bin\abilitycomponentexport.bin,byte 1132609,Inferred requirement reference because ExtData[*].Val6 matches a known RequirementId row in abilityrequirementexport.bin.
9341,Inbound,Component,18914,Component 18914 (EVENT_LISTENER),ExtData[0].Val6,0,9341,9412 (Kiss of Betrayal),Damage,C:\Users\Admin\Downloads\myps\data\bin\abilitycomponentexport.bin,byte 1133704,Inferred requirement reference because ExtData[*].Val6 matches a known RequirementId row in abilityrequirementexport.bin.
9342,Inbound,Component,28,Component 28 (BONUS_TYPE_ADJUST),ExtData[0].Val6,0,9342,492 (Low-population bonuses),,C:\Users\Admin\Downloads\myps\data\bin\abilitycomponentexport.bin,byte 1139810,Inferred requirement reference because ExtData[*].Val6 matches a known RequirementId row in abilityrequirementexport.bin.
9342,Inbound,Component,29,Component 29 (BONUS_TYPE_ADJUST),ExtData[0].Val6,0,9342,492 (Low-population bonuses),,C:\Users\Admin\Downloads\myps\data\bin\abilitycomponentexport.bin,byte 1140009,Inferred requirement reference because ExtData[*].Val6 matches a known RequirementId row in abilityrequirementexport.bin.
9343,Inbound,Component,30,Component 30 (BONUS_TYPE_ADJUST),ExtData[0].Val6,0,9343,492 (Low-population bonuses),,C:\Users\Admin\Downloads\myps\data\bin\abilitycomponentexport.bin,byte 1140208,Inferred requirement reference because ExtData[*].Val6 matches a known RequirementId row in abilityrequirementexport.bin.
9343,Inbound,Component,31,Component 31 (BONUS_TYPE_ADJUST),ExtData[0].Val6,0,9343,492 (Low-population bonuses),,C:\Users\Admin\Downloads\myps\data\bin\abilitycomponentexport.bin,byte 1140407,Inferred requirement reference because ExtData[*].Val6 matches a known RequirementId row in abilityrequirementexport.bin.
9344,Inbound,Component,28,Component 28 (BONUS_TYPE_ADJUST),ExtData[1].Val6,1,9344,492 (Low-population bonuses),,C:\Users\Admin\Downloads\myps\data\bin\abilitycomponentexport.bin,byte 1139810,Inferred requirement reference because ExtData[*].Val6 matches a known RequirementId row in abilityrequirementexport.bin.
9344,Inbound,Component,29,Component 29 (BONUS_TYPE_ADJUST),ExtData[1].Val6,1,9344,492 (Low-population bonuses),,C:\Users\Admin\Downloads\myps\data\bin\abilitycomponentexport.bin,byte 1140009,Inferred requirement reference because ExtData[*].Val6 matches a known RequirementId row in abilityrequirementexport.bin.
9344,Inbound,Requirement,9346,Requirement 9346,ExtData[1].Val6,1,9344,,,C:\Users\Admin\Downloads\myps\data\bin\abilityrequirementexport.bin,byte 34032,Inferred requirement reference because ExtData[*].Val6 matches a known RequirementId row in abilityrequirementexport.bin.
9345,Inbound,Component,30,Component 30 (BONUS_TYPE_ADJUST),ExtData[1].Val6,1,9345,492 (Low-population bonuses),,C:\Users\Admin\Downloads\myps\data\bin\abilitycomponentexport.bin,byte 1140208,Inferred requirement reference because ExtData[*].Val6 matches a known RequirementId row in abilityrequirementexport.bin.
9345,Inbound,Component,31,Component 31 (BONUS_TYPE_ADJUST),ExtData[1].Val6,1,9345,492 (Low-population bonuses),,C:\Users\Admin\Downloads\myps\data\bin\abilitycomponentexport.bin,byte 1140407,Inferred requirement reference because ExtData[*].Val6 matches a known RequirementId row in abilityrequirementexport.bin.
9345,Inbound,Requirement,9347,Requirement 9347,ExtData[1].Val6,1,9345,,,C:\Users\Admin\Downloads\myps\data\bin\abilityrequirementexport.bin,byte 34124,Inferred requirement reference because ExtData[*].Val6 matches a known RequirementId row in abilityrequirementexport.bin.
9346,Inbound,Requirement,9348,Requirement 9348,ExtData[0].Val6,0,9346,,,C:\Users\Admin\Downloads\myps\data\bin\abilityrequirementexport.bin,byte 34216,Inferred requirement reference because ExtData[*].Val6 matches a known RequirementId row in abilityrequirementexport.bin.
9346,Outbound,Requirement,9346,Requirement 9346,ExtData[1].Val6,1,9344,,,C:\Users\Admin\Downloads\myps\data\bin\abilityrequirementexport.bin,byte 34032,Inferred requirement reference because ExtData[*].Val6 matches a known RequirementId row in abilityrequirementexport.bin.
9347,Inbound,Requirement,9348,Requirement 9348,ExtData[1].Val6,1,9347,,,C:\Users\Admin\Downloads\myps\data\bin\abilityrequirementexport.bin,byte 34216,Inferred requirement reference because ExtData[*].Val6 matches a known RequirementId row in abilityrequirementexport.bin.
9347,Outbound,Requirement,9347,Requirement 9347,ExtData[1].Val6,1,9345,,,C:\Users\Admin\Downloads\myps\data\bin\abilityrequirementexport.bin,byte 34124,Inferred requirement reference because ExtData[*].Val6 matches a known RequirementId row in abilityrequirementexport.bin.
9348,Outbound,Requirement,9348,Requirement 9348,ExtData[0].Val6,0,9346,,,C:\Users\Admin\Downloads\myps\data\bin\abilityrequirementexport.bin,byte 34216,Inferred requirement reference because ExtData[*].Val6 matches a known RequirementId row in abilityrequirementexport.bin.
9348,Outbound,Requirement,9348,Requirement 9348,ExtData[1].Val6,1,9347,,,C:\Users\Admin\Downloads\myps\data\bin\abilityrequirementexport.bin,byte 34216,Inferred requirement reference because ExtData[*].Val6 matches a known RequirementId row in abilityrequirementexport.bin.
9350,Outbound,Requirement,9350,Requirement 9350,ExtData[0].Val6,0,9309,,,C:\Users\Admin\Downloads\myps\data\bin\abilityrequirementexport.bin,byte 34334,Inferred requirement reference because ExtData[*].Val6 matches a known RequirementId row in abilityrequirementexport.bin.
9351,Outbound,Requirement,9351,Requirement 9351,ExtData[0].Val6,0,9309,,,C:\Users\Admin\Downloads\myps\data\bin\abilityrequirementexport.bin,byte 34426,Inferred requirement reference because ExtData[*].Val6 matches a known RequirementId row in abilityrequirementexport.bin.
9352,Outbound,Requirement,9352,Requirement 9352,ExtData[0].Val6,0,9309,,,C:\Users\Admin\Downloads\myps\data\bin\abilityrequirementexport.bin,byte 34518,Inferred requirement reference because ExtData[*].Val6 matches a known RequirementId row in abilityrequirementexport.bin.
9353,Outbound,Requirement,9353,Requirement 9353,ExtData[0].Val6,0,9309,,,C:\Users\Admin\Downloads\myps\data\bin\abilityrequirementexport.bin,byte 34610,Inferred requirement reference because ExtData[*].Val6 matches a known RequirementId row in abilityrequirementexport.bin.
9354,Outbound,Requirement,9354,Requirement 9354,ExtData[0].Val6,0,9309,,,C:\Users\Admin\Downloads\myps\data\bin\abilityrequirementexport.bin,byte 34702,Inferred requirement reference because ExtData[*].Val6 matches a known RequirementId row in abilityrequirementexport.bin.
9355,Outbound,Requirement,9355,Requirement 9355,ExtData[0].Val6,0,9309,,,C:\Users\Admin\Downloads\myps\data\bin\abilityrequirementexport.bin,byte 34794,Inferred requirement reference because ExtData[*].Val6 matches a known RequirementId row in abilityrequirementexport.bin.
9356,Inbound,Component,10726,Component 10726 (MONSTER_CONTROLLER),ExtData[0].Val6,0,9356,10953 (Horn of Hallow Wolf),,C:\Users\Admin\Downloads\myps\data\bin\abilitycomponentexport.bin,byte 1488952,Inferred requirement reference because ExtData[*].Val6 matches a known RequirementId row in abilityrequirementexport.bin.
9356,Inbound,Component,26208,Component 26208 (MONSTER_CONTROLLER),ExtData[0].Val6,0,9356,24741 (Dwarf Keg-Handler),,C:\Users\Admin\Downloads\myps\data\bin\abilitycomponentexport.bin,byte 2765816,Inferred requirement reference because ExtData[*].Val6 matches a known RequirementId row in abilityrequirementexport.bin.
9356,Inbound,Component,26212,Component 26212 (MONSTER_CONTROLLER),ExtData[0].Val6,0,9356,24742 (Goblin Bar-Back),,C:\Users\Admin\Downloads\myps\data\bin\abilitycomponentexport.bin,byte 2766546,Inferred requirement reference because ExtData[*].Val6 matches a known RequirementId row in abilityrequirementexport.bin.
9356,Inbound,Requirement,9362,Requirement 9362,ExtData[0].Val6,0,9356,,,C:\Users\Admin\Downloads\myps\data\bin\abilityrequirementexport.bin,byte 35306,Inferred requirement reference because ExtData[*].Val6 matches a known RequirementId row in abilityrequirementexport.bin.
9357,Inbound,Component,10726,Component 10726 (MONSTER_CONTROLLER),ExtData[1].Val6,1,9357,10953 (Horn of Hallow Wolf),,C:\Users\Admin\Downloads\myps\data\bin\abilitycomponentexport.bin,byte 1488952,Inferred requirement reference because ExtData[*].Val6 matches a known RequirementId row in abilityrequirementexport.bin.
9357,Inbound,Component,26208,Component 26208 (MONSTER_CONTROLLER),ExtData[1].Val6,1,9357,24741 (Dwarf Keg-Handler),,C:\Users\Admin\Downloads\myps\data\bin\abilitycomponentexport.bin,byte 2765816,Inferred requirement reference because ExtData[*].Val6 matches a known RequirementId row in abilityrequirementexport.bin.
9357,Inbound,Component,26212,Component 26212 (MONSTER_CONTROLLER),ExtData[1].Val6,1,9357,24742 (Goblin Bar-Back),,C:\Users\Admin\Downloads\myps\data\bin\abilitycomponentexport.bin,byte 2766546,Inferred requirement reference because ExtData[*].Val6 matches a known RequirementId row in abilityrequirementexport.bin.
9357,Inbound,Requirement,9362,Requirement 9362,ExtData[1].Val6,1,9357,,,C:\Users\Admin\Downloads\myps\data\bin\abilityrequirementexport.bin,byte 35306,Inferred requirement reference because ExtData[*].Val6 matches a known RequirementId row in abilityrequirementexport.bin.
9358,Inbound,Component,10728,Component 10728 (DISPEL_BUFF),ExtData[1].Val6,1,9358,10953 (Horn of Hallow Wolf),,C:\Users\Admin\Downloads\myps\data\bin\abilitycomponentexport.bin,byte 1489284,Inferred requirement reference because ExtData[*].Val6 matches a known RequirementId row in abilityrequirementexport.bin.
9358,Inbound,Component,14945,Component 14945 (DISPEL_BUFF),ExtData[1].Val6,1,9358,,,C:\Users\Admin\Downloads\myps\data\bin\abilitycomponentexport.bin,byte 1652889,Inferred requirement reference because ExtData[*].Val6 matches a known RequirementId row in abilityrequirementexport.bin.
9358,Inbound,Component,14949,Component 14949 (DISPEL_BUFF),ExtData[1].Val6,1,9358,,,C:\Users\Admin\Downloads\myps\data\bin\abilitycomponentexport.bin,byte 1653619,Inferred requirement reference because ExtData[*].Val6 matches a known RequirementId row in abilityrequirementexport.bin.
9358,Inbound,Component,26210,Component 26210 (DISPEL_BUFF),ExtData[1].Val6,1,9358,24741 (Dwarf Keg-Handler),,C:\Users\Admin\Downloads\myps\data\bin\abilitycomponentexport.bin,byte 2766148,Inferred requirement reference because ExtData[*].Val6 matches a known RequirementId row in abilityrequirementexport.bin.
9358,Inbound,Component,26214,Component 26214 (DISPEL_BUFF),ExtData[1].Val6,1,9358,24742 (Goblin Bar-Back),,C:\Users\Admin\Downloads\myps\data\bin\abilitycomponentexport.bin,byte 2766878,Inferred requirement reference because ExtData[*].Val6 matches a known RequirementId row in abilityrequirementexport.bin.
9360,Inbound,Ability,15174,Ability 15174 (Call of the Dark Gods),ExtData[0].Val6,0,9360,15174 (Call of the Dark Gods),,C:\Users\Admin\Downloads\myps\data\bin\abilityexport.bin,byte 834210,Inferred requirement reference because ExtData[*].Val6 matches a known RequirementId row in abilityrequirementexport.bin.
9360,Inbound,Ability,15183,Ability 15183 (Last Call Keg),ExtData[0].Val6,0,9360,15183 (Last Call Keg),,C:\Users\Admin\Downloads\myps\data\bin\abilityexport.bin,byte 836055,Inferred requirement reference because ExtData[*].Val6 matches a known RequirementId row in abilityrequirementexport.bin.
9361,Inbound,Ability,15173,Ability 15173 (Emperor's Summons),ExtData[0].Val6,0,9361,15173 (Emperor's Summons),,C:\Users\Admin\Downloads\myps\data\bin\abilityexport.bin,byte 833983,Inferred requirement reference because ExtData[*].Val6 matches a known RequirementId row in abilityrequirementexport.bin.
9361,Inbound,Ability,15182,Ability 15182 (Last Call Keg),ExtData[0].Val6,0,9361,15182 (Last Call Keg),,C:\Users\Admin\Downloads\myps\data\bin\abilityexport.bin,byte 835828,Inferred requirement reference because ExtData[*].Val6 matches a known RequirementId row in abilityrequirementexport.bin.
9362,Inbound,Ability,10953,Ability 10953 (Horn of Hallow Wolf),ExtData[1].Val6,1,9362,10953 (Horn of Hallow Wolf),,C:\Users\Admin\Downloads\myps\data\bin\abilityexport.bin,byte 643240,Inferred requirement reference because ExtData[*].Val6 matches a known RequirementId row in abilityrequirementexport.bin.
9362,Inbound,Ability,24741,Ability 24741 (Dwarf Keg-Handler),ExtData[1].Val6,1,9362,24741 (Dwarf Keg-Handler),,C:\Users\Admin\Downloads\myps\data\bin\abilityexport.bin,byte 1977382,Inferred requirement reference because ExtData[*].Val6 matches a known RequirementId row in abilityrequirementexport.bin.
9362,Inbound,Ability,24742,Ability 24742 (Goblin Bar-Back),ExtData[1].Val6,1,9362,24742 (Goblin Bar-Back),,C:\Users\Admin\Downloads\myps\data\bin\abilityexport.bin,byte 1977642,Inferred requirement reference because ExtData[*].Val6 matches a known RequirementId row in abilityrequirementexport.bin.
9362,Outbound,Requirement,9362,Requirement 9362,ExtData[0].Val6,0,9356,,,C:\Users\Admin\Downloads\myps\data\bin\abilityrequirementexport.bin,byte 35306,Inferred requirement reference because ExtData[*].Val6 matches a known RequirementId row in abilityrequirementexport.bin.
9362,Outbound,Requirement,9362,Requirement 9362,ExtData[1].Val6,1,9357,,,C:\Users\Admin\Downloads\myps\data\bin\abilityrequirementexport.bin,byte 35306,Inferred requirement reference because ExtData[*].Val6 matches a known RequirementId row in abilityrequirementexport.bin.
9363,Inbound,Ability,9331,Ability 9331 (Furious Howl),ExtData[0].Val6,0,9363,9331 (Furious Howl),Damage,C:\Users\Admin\Downloads\myps\data\bin\abilityexport.bin,byte 1314248,Inferred requirement reference because ExtData[*].Val6 matches a known RequirementId row in abilityrequirementexport.bin.
9363,Outbound,Requirement,9363,Requirement 9363,ExtData[0].Val6,0,9373,,,C:\Users\Admin\Downloads\myps\data\bin\abilityrequirementexport.bin,byte 35398,Inferred requirement reference because ExtData[*].Val6 matches a known RequirementId row in abilityrequirementexport.bin.
9363,Outbound,Requirement,9363,Requirement 9363,ExtData[1].Val6,1,9383,,,C:\Users\Admin\Downloads\myps\data\bin\abilityrequirementexport.bin,byte 35398,Inferred requirement reference because ExtData[*].Val6 matches a known RequirementId row in abilityrequirementexport.bin.
9364,Inbound,Ability,9342,Ability 9342 (Blade of Ruin),ExtData[0].Val6,0,9364,9342 (Blade of Ruin),Damage,C:\Users\Admin\Downloads\myps\data\bin\abilityexport.bin,byte 1315998,Inferred requirement reference because ExtData[*].Val6 matches a known RequirementId row in abilityrequirementexport.bin.
9364,Outbound,Requirement,9364,Requirement 9364,ExtData[0].Val6,0,9374,,,C:\Users\Admin\Downloads\myps\data\bin\abilityrequirementexport.bin,byte 35490,Inferred requirement reference because ExtData[*].Val6 matches a known RequirementId row in abilityrequirementexport.bin.
9364,Outbound,Requirement,9364,Requirement 9364,ExtData[1].Val6,1,9384,,,C:\Users\Admin\Downloads\myps\data\bin\abilityrequirementexport.bin,byte 35490,Inferred requirement reference because ExtData[*].Val6 matches a known RequirementId row in abilityrequirementexport.bin.
9364,Outbound,Requirement,9364,Requirement 9364,ExtData[2].Val6,2,9394,,,C:\Users\Admin\Downloads\myps\data\bin\abilityrequirementexport.bin,byte 35490,Inferred requirement reference because ExtData[*].Val6 matches a known RequirementId row in abilityrequirementexport.bin.
9364,Outbound,Requirement,9364,Requirement 9364,ExtData[3].Val6,3,9397,,,C:\Users\Admin\Downloads\myps\data\bin\abilityrequirementexport.bin,byte 35490,Inferred requirement reference because ExtData[*].Val6 matches a known RequirementId row in abilityrequirementexport.bin.
9365,Inbound,Ability,9323,Ability 9323 (Monstrous Rending),ExtData[1].Val6,1,9365,9323 (Monstrous Rending),Damage,C:\Users\Admin\Downloads\myps\data\bin\abilityexport.bin,byte 1312465,Inferred requirement reference because ExtData[*].Val6 matches a known RequirementId row in abilityrequirementexport.bin.
9365,Outbound,Requirement,9365,Requirement 9365,ExtData[0].Val6,0,9375,,,C:\Users\Admin\Downloads\myps\data\bin\abilityrequirementexport.bin,byte 35648,Inferred requirement reference because ExtData[*].Val6 matches a known RequirementId row in abilityrequirementexport.bin.
9365,Outbound,Requirement,9365,Requirement 9365,ExtData[1].Val6,1,9385,,,C:\Users\Admin\Downloads\myps\data\bin\abilityrequirementexport.bin,byte 35648,Inferred requirement reference because ExtData[*].Val6 matches a known RequirementId row in abilityrequirementexport.bin.
9365,Outbound,Requirement,9365,Requirement 9365,ExtData[2].Val6,2,9395,,,C:\Users\Admin\Downloads\myps\data\bin\abilityrequirementexport.bin,byte 35648,Inferred requirement reference because ExtData[*].Val6 matches a known RequirementId row in abilityrequirementexport.bin.
9365,Outbound,Requirement,9365,Requirement 9365,ExtData[3].Val6,3,9398,,,C:\Users\Admin\Downloads\myps\data\bin\abilityrequirementexport.bin,byte 35648,Inferred requirement reference because ExtData[*].Val6 matches a known RequirementId row in abilityrequirementexport.bin.
9366,Inbound,Ability,9319,Ability 9319 (Driven By Hate),ExtData[0].Val6,0,9366,9319 (Driven By Hate),,C:\Users\Admin\Downloads\myps\data\bin\abilityexport.bin,byte 1311590,Inferred requirement reference because ExtData[*].Val6 matches a known RequirementId row in abilityrequirementexport.bin.
9366,Outbound,Requirement,9366,Requirement 9366,ExtData[0].Val6,0,9376,,,C:\Users\Admin\Downloads\myps\data\bin\abilityrequirementexport.bin,byte 35806,Inferred requirement reference because ExtData[*].Val6 matches a known RequirementId row in abilityrequirementexport.bin.
9366,Outbound,Requirement,9366,Requirement 9366,ExtData[1].Val6,1,9386,,,C:\Users\Admin\Downloads\myps\data\bin\abilityrequirementexport.bin,byte 35806,Inferred requirement reference because ExtData[*].Val6 matches a known RequirementId row in abilityrequirementexport.bin.
9367,Outbound,Requirement,9367,Requirement 9367,ExtData[0].Val6,0,9377,,,C:\Users\Admin\Downloads\myps\data\bin\abilityrequirementexport.bin,byte 35898,Inferred requirement reference because ExtData[*].Val6 matches a known RequirementId row in abilityrequirementexport.bin.
9367,Outbound,Requirement,9367,Requirement 9367,ExtData[1].Val6,1,9387,,,C:\Users\Admin\Downloads\myps\data\bin\abilityrequirementexport.bin,byte 35898,Inferred requirement reference because ExtData[*].Val6 matches a known RequirementId row in abilityrequirementexport.bin.
9368,Inbound,Ability,9335,Ability 9335 (Pitiless Strike),ExtData[0].Val6,0,9368,9335 (Pitiless Strike),Damage,C:\Users\Admin\Downloads\myps\data\bin\abilityexport.bin,byte 1315057,Inferred requirement reference because ExtData[*].Val6 matches a known RequirementId row in abilityrequirementexport.bin.
9368,Outbound,Requirement,9368,Requirement 9368,ExtData[0].Val6,0,9378,,,C:\Users\Admin\Downloads\myps\data\bin\abilityrequirementexport.bin,byte 35990,Inferred requirement reference because ExtData[*].Val6 matches a known RequirementId row in abilityrequirementexport.bin.
9368,Outbound,Requirement,9368,Requirement 9368,ExtData[1].Val6,1,9388,,,C:\Users\Admin\Downloads\myps\data\bin\abilityrequirementexport.bin,byte 35990,Inferred requirement reference because ExtData[*].Val6 matches a known RequirementId row in abilityrequirementexport.bin.
9369,Inbound,Ability,9336,Ability 9336 (Shield of Rage),ExtData[0].Val6,0,9369,9336 (Shield of Rage),Damage,C:\Users\Admin\Downloads\myps\data\bin\abilityexport.bin,byte 1315284,Inferred requirement reference because ExtData[*].Val6 matches a known RequirementId row in abilityrequirementexport.bin.
9369,Outbound,Requirement,9369,Requirement 9369,ExtData[0].Val6,0,9379,,,C:\Users\Admin\Downloads\myps\data\bin\abilityrequirementexport.bin,byte 36082,Inferred requirement reference because ExtData[*].Val6 matches a known RequirementId row in abilityrequirementexport.bin.
9369,Outbound,Requirement,9369,Requirement 9369,ExtData[1].Val6,1,9389,,,C:\Users\Admin\Downloads\myps\data\bin\abilityrequirementexport.bin,byte 36082,Inferred requirement reference because ExtData[*].Val6 matches a known RequirementId row in abilityrequirementexport.bin.
9370,Inbound,Ability,9344,Ability 9344 (Crimson Death),ExtData[0].Val6,0,9370,9344 (Crimson Death),Damage,C:\Users\Admin\Downloads\myps\data\bin\abilityexport.bin,byte 1316452,Inferred requirement reference because ExtData[*].Val6 matches a known RequirementId row in abilityrequirementexport.bin.
9370,Outbound,Requirement,9370,Requirement 9370,ExtData[0].Val6,0,9380,,,C:\Users\Admin\Downloads\myps\data\bin\abilityrequirementexport.bin,byte 36174,Inferred requirement reference because ExtData[*].Val6 matches a known RequirementId row in abilityrequirementexport.bin.
9370,Outbound,Requirement,9370,Requirement 9370,ExtData[1].Val6,1,9390,,,C:\Users\Admin\Downloads\myps\data\bin\abilityrequirementexport.bin,byte 36174,Inferred requirement reference because ExtData[*].Val6 matches a known RequirementId row in abilityrequirementexport.bin.
9371,Inbound,Ability,9349,Ability 9349 (Choking Fury),ExtData[0].Val6,0,9371,9349 (Choking Fury),Damage,C:\Users\Admin\Downloads\myps\data\bin\abilityexport.bin,byte 1317521,Inferred requirement reference because ExtData[*].Val6 matches a known RequirementId row in abilityrequirementexport.bin.
9371,Outbound,Requirement,9371,Requirement 9371,ExtData[0].Val6,0,9381,,,C:\Users\Admin\Downloads\myps\data\bin\abilityrequirementexport.bin,byte 36266,Inferred requirement reference because ExtData[*].Val6 matches a known RequirementId row in abilityrequirementexport.bin.
9371,Outbound,Requirement,9371,Requirement 9371,ExtData[1].Val6,1,9391,,,C:\Users\Admin\Downloads\myps\data\bin\abilityrequirementexport.bin,byte 36266,Inferred requirement reference because ExtData[*].Val6 matches a known RequirementId row in abilityrequirementexport.bin.
9372,Inbound,Ability,9350,Ability 9350 (Bolstering Anger),ExtData[0].Val6,0,9372,9350 (Bolstering Anger),Heal,C:\Users\Admin\Downloads\myps\data\bin\abilityexport.bin,byte 1317748,Inferred requirement reference because ExtData[*].Val6 matches a known RequirementId row in abilityrequirementexport.bin.
9372,Outbound,Requirement,9372,Requirement 9372,ExtData[0].Val6,0,9382,,,C:\Users\Admin\Downloads\myps\data\bin\abilityrequirementexport.bin,byte 36358,Inferred requirement reference because ExtData[*].Val6 matches a known RequirementId row in abilityrequirementexport.bin.
9372,Outbound,Requirement,9372,Requirement 9372,ExtData[1].Val6,1,9392,,,C:\Users\Admin\Downloads\myps\data\bin\abilityrequirementexport.bin,byte 36358,Inferred requirement reference because ExtData[*].Val6 matches a known RequirementId row in abilityrequirementexport.bin.
9373,Inbound,Requirement,9363,Requirement 9363,ExtData[0].Val6,0,9373,,,C:\Users\Admin\Downloads\myps\data\bin\abilityrequirementexport.bin,byte 35398,Inferred requirement reference because ExtData[*].Val6 matches a known RequirementId row in abilityrequirementexport.bin.
9374,Inbound,Requirement,9364,Requirement 9364,ExtData[0].Val6,0,9374,,,C:\Users\Admin\Downloads\myps\data\bin\abilityrequirementexport.bin,byte 35490,Inferred requirement reference because ExtData[*].Val6 matches a known RequirementId row in abilityrequirementexport.bin.
9375,Inbound,Requirement,9365,Requirement 9365,ExtData[0].Val6,0,9375,,,C:\Users\Admin\Downloads\myps\data\bin\abilityrequirementexport.bin,byte 35648,Inferred requirement reference because ExtData[*].Val6 matches a known RequirementId row in abilityrequirementexport.bin.
9376,Inbound,Requirement,9366,Requirement 9366,ExtData[0].Val6,0,9376,,,C:\Users\Admin\Downloads\myps\data\bin\abilityrequirementexport.bin,byte 35806,Inferred requirement reference because ExtData[*].Val6 matches a known RequirementId row in abilityrequirementexport.bin.
9377,Inbound,Requirement,9367,Requirement 9367,ExtData[0].Val6,0,9377,,,C:\Users\Admin\Downloads\myps\data\bin\abilityrequirementexport.bin,byte 35898,Inferred requirement reference because ExtData[*].Val6 matches a known RequirementId row in abilityrequirementexport.bin.
9378,Inbound,Requirement,9368,Requirement 9368,ExtData[0].Val6,0,9378,,,C:\Users\Admin\Downloads\myps\data\bin\abilityrequirementexport.bin,byte 35990,Inferred requirement reference because ExtData[*].Val6 matches a known RequirementId row in abilityrequirementexport.bin.
9379,Inbound,Requirement,9369,Requirement 9369,ExtData[0].Val6,0,9379,,,C:\Users\Admin\Downloads\myps\data\bin\abilityrequirementexport.bin,byte 36082,Inferred requirement reference because ExtData[*].Val6 matches a known RequirementId row in abilityrequirementexport.bin.
9380,Inbound,Requirement,9370,Requirement 9370,ExtData[0].Val6,0,9380,,,C:\Users\Admin\Downloads\myps\data\bin\abilityrequirementexport.bin,byte 36174,Inferred requirement reference because ExtData[*].Val6 matches a known RequirementId row in abilityrequirementexport.bin.
9381,Inbound,Requirement,9371,Requirement 9371,ExtData[0].Val6,0,9381,,,C:\Users\Admin\Downloads\myps\data\bin\abilityrequirementexport.bin,byte 36266,Inferred requirement reference because ExtData[*].Val6 matches a known RequirementId row in abilityrequirementexport.bin.
9382,Inbound,Requirement,9372,Requirement 9372,ExtData[0].Val6,0,9382,,,C:\Users\Admin\Downloads\myps\data\bin\abilityrequirementexport.bin,byte 36358,Inferred requirement reference because ExtData[*].Val6 matches a known RequirementId row in abilityrequirementexport.bin.
9383,Inbound,Requirement,9363,Requirement 9363,ExtData[1].Val6,1,9383,,,C:\Users\Admin\Downloads\myps\data\bin\abilityrequirementexport.bin,byte 35398,Inferred requirement reference because ExtData[*].Val6 matches a known RequirementId row in abilityrequirementexport.bin.
9384,Inbound,Requirement,9364,Requirement 9364,ExtData[1].Val6,1,9384,,,C:\Users\Admin\Downloads\myps\data\bin\abilityrequirementexport.bin,byte 35490,Inferred requirement reference because ExtData[*].Val6 matches a known RequirementId row in abilityrequirementexport.bin.
9385,Inbound,Requirement,9365,Requirement 9365,ExtData[1].Val6,1,9385,,,C:\Users\Admin\Downloads\myps\data\bin\abilityrequirementexport.bin,byte 35648,Inferred requirement reference because ExtData[*].Val6 matches a known RequirementId row in abilityrequirementexport.bin.
9386,Inbound,Requirement,9366,Requirement 9366,ExtData[1].Val6,1,9386,,,C:\Users\Admin\Downloads\myps\data\bin\abilityrequirementexport.bin,byte 35806,Inferred requirement reference because ExtData[*].Val6 matches a known RequirementId row in abilityrequirementexport.bin.
9387,Inbound,Requirement,9367,Requirement 9367,ExtData[1].Val6,1,9387,,,C:\Users\Admin\Downloads\myps\data\bin\abilityrequirementexport.bin,byte 35898,Inferred requirement reference because ExtData[*].Val6 matches a known RequirementId row in abilityrequirementexport.bin.
9388,Inbound,Requirement,9368,Requirement 9368,ExtData[1].Val6,1,9388,,,C:\Users\Admin\Downloads\myps\data\bin\abilityrequirementexport.bin,byte 35990,Inferred requirement reference because ExtData[*].Val6 matches a known RequirementId row in abilityrequirementexport.bin.
9389,Inbound,Requirement,9369,Requirement 9369,ExtData[1].Val6,1,9389,,,C:\Users\Admin\Downloads\myps\data\bin\abilityrequirementexport.bin,byte 36082,Inferred requirement reference because ExtData[*].Val6 matches a known RequirementId row in abilityrequirementexport.bin.
9390,Inbound,Requirement,9370,Requirement 9370,ExtData[1].Val6,1,9390,,,C:\Users\Admin\Downloads\myps\data\bin\abilityrequirementexport.bin,byte 36174,Inferred requirement reference because ExtData[*].Val6 matches a known RequirementId row in abilityrequirementexport.bin.
9391,Inbound,Requirement,9371,Requirement 9371,ExtData[1].Val6,1,9391,,,C:\Users\Admin\Downloads\myps\data\bin\abilityrequirementexport.bin,byte 36266,Inferred requirement reference because ExtData[*].Val6 matches a known RequirementId row in abilityrequirementexport.bin.
9392,Inbound,Requirement,9372,Requirement 9372,ExtData[1].Val6,1,9392,,,C:\Users\Admin\Downloads\myps\data\bin\abilityrequirementexport.bin,byte 36358,Inferred requirement reference because ExtData[*].Val6 matches a known RequirementId row in abilityrequirementexport.bin.
9394,Inbound,Requirement,9364,Requirement 9364,ExtData[2].Val6,2,9394,,,C:\Users\Admin\Downloads\myps\data\bin\abilityrequirementexport.bin,byte 35490,Inferred requirement reference because ExtData[*].Val6 matches a known RequirementId row in abilityrequirementexport.bin.
9395,Inbound,Requirement,9365,Requirement 9365,ExtData[2].Val6,2,9395,,,C:\Users\Admin\Downloads\myps\data\bin\abilityrequirementexport.bin,byte 35648,Inferred requirement reference because ExtData[*].Val6 matches a known RequirementId row in abilityrequirementexport.bin.
9397,Inbound,Requirement,9364,Requirement 9364,ExtData[3].Val6,3,9397,,,C:\Users\Admin\Downloads\myps\data\bin\abilityrequirementexport.bin,byte 35490,Inferred requirement reference because ExtData[*].Val6 matches a known RequirementId row in abilityrequirementexport.bin.
9398,Inbound,Requirement,9365,Requirement 9365,ExtData[3].Val6,3,9398,,,C:\Users\Admin\Downloads\myps\data\bin\abilityrequirementexport.bin,byte 35648,Inferred requirement reference because ExtData[*].Val6 matches a known RequirementId row in abilityrequirementexport.bin.
9399,Inbound,Component,12746,Component 12746 (DISPEL_BUFF),ExtData[0].Val6,0,9399,9342 (Blade of Ruin),Damage,C:\Users\Admin\Downloads\myps\data\bin\abilitycomponentexport.bin,byte 1094995,Inferred requirement reference because ExtData[*].Val6 matches a known RequirementId row in abilityrequirementexport.bin.
9399,Inbound,Component,12750,Component 12750 (DISPEL_BUFF),ExtData[0].Val6,0,9399,9323 (Monstrous Rending),Damage,C:\Users\Admin\Downloads\myps\data\bin\abilitycomponentexport.bin,byte 1095659,Inferred requirement reference because ExtData[*].Val6 matches a known RequirementId row in abilityrequirementexport.bin.
9400,Inbound,Component,12747,Component 12747 (DISPEL_BUFF),ExtData[0].Val6,0,9400,9342 (Blade of Ruin),Damage,C:\Users\Admin\Downloads\myps\data\bin\abilitycomponentexport.bin,byte 1095161,Inferred requirement reference because ExtData[*].Val6 matches a known RequirementId row in abilityrequirementexport.bin.
9400,Inbound,Component,12751,Component 12751 (DISPEL_BUFF),ExtData[0].Val6,0,9400,9323 (Monstrous Rending),Damage,C:\Users\Admin\Downloads\myps\data\bin\abilitycomponentexport.bin,byte 1095825,Inferred requirement reference because ExtData[*].Val6 matches a known RequirementId row in abilityrequirementexport.bin.
9401,Inbound,Component,12744,Component 12744 (DISPEL_BUFF),ExtData[0].Val6,0,9401,,,C:\Users\Admin\Downloads\myps\data\bin\abilitycomponentexport.bin,byte 1094663,Inferred requirement reference because ExtData[*].Val6 matches a known RequirementId row in abilityrequirementexport.bin.
9401,Inbound,Component,12748,Component 12748 (DISPEL_BUFF),ExtData[0].Val6,0,9401,9342 (Blade of Ruin),Damage,C:\Users\Admin\Downloads\myps\data\bin\abilitycomponentexport.bin,byte 1095327,Inferred requirement reference because ExtData[*].Val6 matches a known RequirementId row in abilityrequirementexport.bin.
9401,Inbound,Component,12752,Component 12752 (DISPEL_BUFF),ExtData[0].Val6,0,9401,9323 (Monstrous Rending),Damage,C:\Users\Admin\Downloads\myps\data\bin\abilitycomponentexport.bin,byte 1095991,Inferred requirement reference because ExtData[*].Val6 matches a known RequirementId row in abilityrequirementexport.bin.
9402,Inbound,Component,12745,Component 12745 (DISPEL_BUFF),ExtData[0].Val6,0,9402,,,C:\Users\Admin\Downloads\myps\data\bin\abilitycomponentexport.bin,byte 1094829,Inferred requirement reference because ExtData[*].Val6 matches a known RequirementId row in abilityrequirementexport.bin.
9402,Inbound,Component,12749,Component 12749 (DISPEL_BUFF),ExtData[0].Val6,0,9402,9342 (Blade of Ruin),Damage,C:\Users\Admin\Downloads\myps\data\bin\abilitycomponentexport.bin,byte 1095493,Inferred requirement reference because ExtData[*].Val6 matches a known RequirementId row in abilityrequirementexport.bin.
9402,Inbound,Component,12753,Component 12753 (DISPEL_BUFF),ExtData[0].Val6,0,9402,9323 (Monstrous Rending),Damage,C:\Users\Admin\Downloads\myps\data\bin\abilitycomponentexport.bin,byte 1096157,Inferred requirement reference because ExtData[*].Val6 matches a known RequirementId row in abilityrequirementexport.bin.
9403,Inbound,Component,12756,Component 12756 (APPLY_ABILITY),ExtData[0].Val6,0,9403,9258 (Funnel Essence),Heal,C:\Users\Admin\Downloads\myps\data\bin\abilitycomponentexport.bin,byte 1096622,Inferred requirement reference because ExtData[*].Val6 matches a known RequirementId row in abilityrequirementexport.bin.
9404,Inbound,Requirement,9418,Requirement 9418,ExtData[0].Val6,0,9404,,,C:\Users\Admin\Downloads\myps\data\bin\abilityrequirementexport.bin,byte 41448,Inferred requirement reference because ExtData[*].Val6 matches a known RequirementId row in abilityrequirementexport.bin.
9405,Inbound,Component,458,Component 458 (DISPEL_BUFF),ExtData[0].Val6,0,9405,3269 (Taunt VFX Dispel Sub),,C:\Users\Admin\Downloads\myps\data\bin\abilitycomponentexport.bin,byte 1205967,Inferred requirement reference because ExtData[*].Val6 matches a known RequirementId row in abilityrequirementexport.bin.
9406,Inbound,Requirement,9421,Requirement 9421,ExtData[0].Val6,0,9406,,,C:\Users\Admin\Downloads\myps\data\bin\abilityrequirementexport.bin,byte 41724,Inferred requirement reference because ExtData[*].Val6 matches a known RequirementId row in abilityrequirementexport.bin.
9407,Inbound,Component,11368,Component 11368 (DAMAGE),ExtData[1].Val6,1,9407,,,C:\Users\Admin\Downloads\myps\data\bin\abilitycomponentexport.bin,byte 855219,Inferred requirement reference because ExtData[*].Val6 matches a known RequirementId row in abilityrequirementexport.bin.
9408,Inbound,Requirement,9418,Requirement 9418,ExtData[1].Val6,1,9408,,,C:\Users\Admin\Downloads\myps\data\bin\abilityrequirementexport.bin,byte 41448,Inferred requirement reference because ExtData[*].Val6 matches a known RequirementId row in abilityrequirementexport.bin.
9410,Inbound,Ability,1377,Ability 1377 (Juggernaut),ExtData[0].Val6,0,9410,1377 (Juggernaut),"Root, Disarm",C:\Users\Admin\Downloads\myps\data\bin\abilityexport.bin,byte 1087737,Inferred requirement reference because ExtData[*].Val6 matches a known RequirementId row in abilityrequirementexport.bin.
9410,Inbound,Ability,1740,Ability 1740 (Juggernaut),ExtData[0].Val6,0,9410,1740 (Juggernaut),"Root, Disarm",C:\Users\Admin\Downloads\myps\data\bin\abilityexport.bin,byte 1140355,Inferred requirement reference because ExtData[*].Val6 matches a known RequirementId row in abilityrequirementexport.bin.
9410,Inbound,Ability,8019,Ability 8019 (Juggernaut),ExtData[0].Val6,0,9410,8019 (Juggernaut),"Root, Disarm",C:\Users\Admin\Downloads\myps\data\bin\abilityexport.bin,byte 1178423,Inferred requirement reference because ExtData[*].Val6 matches a known RequirementId row in abilityrequirementexport.bin.
9410,Inbound,Ability,8330,Ability 8330 (Juggernaut),ExtData[0].Val6,0,9410,8330 (Juggernaut),"Root, Disarm",C:\Users\Admin\Downloads\myps\data\bin\abilityexport.bin,byte 1222270,Inferred requirement reference because ExtData[*].Val6 matches a known RequirementId row in abilityrequirementexport.bin.
9410,Inbound,Ability,9016,Ability 9016 (Juggernaut),ExtData[0].Val6,0,9410,9016 (Juggernaut),"Root, Disarm",C:\Users\Admin\Downloads\myps\data\bin\abilityexport.bin,byte 1267768,Inferred requirement reference because ExtData[*].Val6 matches a known RequirementId row in abilityrequirementexport.bin.
9410,Inbound,Ability,9330,Ability 9330 (Juggernaut),ExtData[0].Val6,0,9410,9330 (Juggernaut),"Root, Disarm",C:\Users\Admin\Downloads\myps\data\bin\abilityexport.bin,byte 1314021,Inferred requirement reference because ExtData[*].Val6 matches a known RequirementId row in abilityrequirementexport.bin.
9412,Inbound,Requirement,9413,Requirement 9413,ExtData[0].Val6,0,9412,,,C:\Users\Admin\Downloads\myps\data\bin\abilityrequirementexport.bin,byte 40988,Inferred requirement reference because ExtData[*].Val6 matches a known RequirementId row in abilityrequirementexport.bin.
9413,Inbound,Component,14645,Component 14645 (UPDATE_COUNTER),ExtData[3].Val6,3,9413,,,C:\Users\Admin\Downloads\myps\data\bin\abilitycomponentexport.bin,byte 1595305,Inferred requirement reference because ExtData[*].Val6 matches a known RequirementId row in abilityrequirementexport.bin.
9413,Outbound,Requirement,9413,Requirement 9413,ExtData[0].Val6,0,9412,,,C:\Users\Admin\Downloads\myps\data\bin\abilityrequirementexport.bin,byte 40988,Inferred requirement reference because ExtData[*].Val6 matches a known RequirementId row in abilityrequirementexport.bin.
9414,Inbound,Component,3628,Component 3628 (STAT_CHANGE),ExtData[0].Val6,0,9414,1758 (Come and Git It!),,C:\Users\Admin\Downloads\myps\data\bin\abilitycomponentexport.bin,byte 366545,Inferred requirement reference because ExtData[*].Val6 matches a known RequirementId row in abilityrequirementexport.bin.
9414,Inbound,Requirement,9424,Requirement 9424,ExtData[0].Val6,0,9414,,,C:\Users\Admin\Downloads\myps\data\bin\abilityrequirementexport.bin,byte 42000,Inferred requirement reference because ExtData[*].Val6 matches a known RequirementId row in abilityrequirementexport.bin.
9414,Inbound,Requirement,9424,Requirement 9424,ExtData[2].Val6,2,9414,,,C:\Users\Admin\Downloads\myps\data\bin\abilityrequirementexport.bin,byte 42000,Inferred requirement reference because ExtData[*].Val6 matches a known RequirementId row in abilityrequirementexport.bin.
9414,Outbound,Requirement,9414,Requirement 9414,ExtData[0].Val6,0,9415,,,C:\Users\Admin\Downloads\myps\data\bin\abilityrequirementexport.bin,byte 41080,Inferred requirement reference because ExtData[*].Val6 matches a known RequirementId row in abilityrequirementexport.bin.
9414,Outbound,Requirement,9414,Requirement 9414,ExtData[1].Val6,1,9415,,,C:\Users\Admin\Downloads\myps\data\bin\abilityrequirementexport.bin,byte 41080,Inferred requirement reference because ExtData[*].Val6 matches a known RequirementId row in abilityrequirementexport.bin.
9415,Inbound,Requirement,9414,Requirement 9414,ExtData[0].Val6,0,9415,,,C:\Users\Admin\Downloads\myps\data\bin\abilityrequirementexport.bin,byte 41080,Inferred requirement reference because ExtData[*].Val6 matches a known RequirementId row in abilityrequirementexport.bin.
9415,Inbound,Requirement,9414,Requirement 9414,ExtData[1].Val6,1,9415,,,C:\Users\Admin\Downloads\myps\data\bin\abilityrequirementexport.bin,byte 41080,Inferred requirement reference because ExtData[*].Val6 matches a known RequirementId row in abilityrequirementexport.bin.
9417,Inbound,Component,3462,Component 3462 (DAMAGE),ExtData[1].Val6,1,9417,1773 (No More Helpin'),"Damage, Heal",C:\Users\Admin\Downloads\myps\data\bin\abilitycomponentexport.bin,byte 333941,Inferred requirement reference because ExtData[*].Val6 matches a known RequirementId row in abilityrequirementexport.bin.
9417,Inbound,Component,3463,Component 3463 (DAMAGE),ExtData[1].Val6,1,9417,,,C:\Users\Admin\Downloads\myps\data\bin\abilitycomponentexport.bin,byte 334206,Inferred requirement reference because ExtData[*].Val6 matches a known RequirementId row in abilityrequirementexport.bin.
9417,Inbound,Component,3472,Component 3472 (DAMAGE),ExtData[1].Val6,1,9417,1750 (Try An' Hurt Me),Damage,C:\Users\Admin\Downloads\myps\data\bin\abilitycomponentexport.bin,byte 336228,Inferred requirement reference because ExtData[*].Val6 matches a known RequirementId row in abilityrequirementexport.bin.
9417,Inbound,Component,3475,Component 3475 (DAMAGE),ExtData[1].Val6,1,9417,1751 (Weaklin' Killa),Damage,C:\Users\Admin\Downloads\myps\data\bin\abilitycomponentexport.bin,byte 336957,Inferred requirement reference because ExtData[*].Val6 matches a known RequirementId row in abilityrequirementexport.bin.
9417,Inbound,Component,3542,Component 3542 (APPLY_ABILITY),ExtData[0].Val6,0,9417,1759 (Wild Choppin'),Damage,C:\Users\Admin\Downloads\myps\data\bin\abilitycomponentexport.bin,byte 351147,Inferred requirement reference because ExtData[*].Val6 matches a known RequirementId row in abilityrequirementexport.bin.
9417,Inbound,Component,3666,Component 3666 (DAMAGE),ExtData[1].Val6,1,9417,,,C:\Users\Admin\Downloads\myps\data\bin\abilitycomponentexport.bin,byte 374305,Inferred requirement reference because ExtData[*].Val6 matches a known RequirementId row in abilityrequirementexport.bin.
9417,Inbound,Component,3668,Component 3668 (DAMAGE),ExtData[1].Val6,1,9417,,,C:\Users\Admin\Downloads\myps\data\bin\abilitycomponentexport.bin,byte 374802,Inferred requirement reference because ExtData[*].Val6 matches a known RequirementId row in abilityrequirementexport.bin.
9418,Inbound,Component,3458,Component 3458 (DAMAGE),ExtData[1].Val6,1,9418,,,C:\Users\Admin\Downloads\myps\data\bin\abilitycomponentexport.bin,byte 333079,Inferred requirement reference because ExtData[*].Val6 matches a known RequirementId row in abilityrequirementexport.bin.
9418,Inbound,Component,3459,Component 3459 (DAMAGE),ExtData[1].Val6,1,9418,,,C:\Users\Admin\Downloads\myps\data\bin\abilitycomponentexport.bin,byte 333344,Inferred requirement reference because ExtData[*].Val6 matches a known RequirementId row in abilityrequirementexport.bin.
9418,Inbound,Component,3473,Component 3473 (DAMAGE),ExtData[1].Val6,1,9418,,,C:\Users\Admin\Downloads\myps\data\bin\abilitycomponentexport.bin,byte 336493,Inferred requirement reference because ExtData[*].Val6 matches a known RequirementId row in abilityrequirementexport.bin.
9418,Inbound,Component,3491,Component 3491 (DAMAGE_CHANGE),ExtData[2].Val6,2,9418,1053 (Berserk),,C:\Users\Admin\Downloads\myps\data\bin\abilitycomponentexport.bin,byte 339942,Inferred requirement reference because ExtData[*].Val6 matches a known RequirementId row in abilityrequirementexport.bin.
9418,Inbound,Component,3494,Component 3494 (DAMAGE_CHANGE),ExtData[3].Val6,3,9418,1054 (Berserk),,C:\Users\Admin\Downloads\myps\data\bin\abilitycomponentexport.bin,byte 340572,Inferred requirement reference because ExtData[*].Val6 matches a known RequirementId row in abilityrequirementexport.bin.
9418,Inbound,Component,3675,Component 3675 (EFFECT_BUFF),ExtData[1].Val6,1,9418,,,C:\Users\Admin\Downloads\myps\data\bin\abilitycomponentexport.bin,byte 376360,Inferred requirement reference because ExtData[*].Val6 matches a known RequirementId row in abilityrequirementexport.bin.
9418,Outbound,Requirement,9418,Requirement 9418,ExtData[0].Val6,0,9404,,,C:\Users\Admin\Downloads\myps\data\bin\abilityrequirementexport.bin,byte 41448,Inferred requirement reference because ExtData[*].Val6 matches a known RequirementId row in abilityrequirementexport.bin.
9418,Outbound,Requirement,9418,Requirement 9418,ExtData[1].Val6,1,9408,,,C:\Users\Admin\Downloads\myps\data\bin\abilityrequirementexport.bin,byte 41448,Inferred requirement reference because ExtData[*].Val6 matches a known RequirementId row in abilityrequirementexport.bin.
9419,Inbound,Component,3761,Component 3761 (DAMAGE),ExtData[1].Val6,1,9419,1438 (Enervating Blow),Damage,C:\Users\Admin\Downloads\myps\data\bin\abilitycomponentexport.bin,byte 391819,Inferred requirement reference because ExtData[*].Val6 matches a known RequirementId row in abilityrequirementexport.bin.
9419,Inbound,Component,3764,Component 3764 (DAMAGE),ExtData[1].Val6,1,9419,1439 (Deathblow),Damage,C:\Users\Admin\Downloads\myps\data\bin\abilitycomponentexport.bin,byte 392515,Inferred requirement reference because ExtData[*].Val6 matches a known RequirementId row in abilityrequirementexport.bin.
9419,Inbound,Component,3788,Component 3788 (APPLY_ABILITY),ExtData[0].Val6,0,9419,1447 (Wild Swing),Damage,C:\Users\Admin\Downloads\myps\data\bin\abilitycomponentexport.bin,byte 396862,Inferred requirement reference because ExtData[*].Val6 matches a known RequirementId row in abilityrequirementexport.bin.
9421,Inbound,Component,3721,Component 3721 (DAMAGE_CHANGE),ExtData[2].Val6,2,9421,1064 (Enrage),,C:\Users\Admin\Downloads\myps\data\bin\abilitycomponentexport.bin,byte 384057,Inferred requirement reference because ExtData[*].Val6 matches a known RequirementId row in abilityrequirementexport.bin.
9421,Inbound,Component,3724,Component 3724 (DAMAGE_CHANGE),ExtData[3].Val6,3,9421,1065 (Enrage),,C:\Users\Admin\Downloads\myps\data\bin\abilitycomponentexport.bin,byte 384687,Inferred requirement reference because ExtData[*].Val6 matches a known RequirementId row in abilityrequirementexport.bin.
9421,Inbound,Component,3762,Component 3762 (DAMAGE),ExtData[1].Val6,1,9421,,,C:\Users\Admin\Downloads\myps\data\bin\abilitycomponentexport.bin,byte 392084,Inferred requirement reference because ExtData[*].Val6 matches a known RequirementId row in abilityrequirementexport.bin.
9421,Inbound,Component,3772,Component 3772 (DAMAGE),ExtData[1].Val6,1,9421,,,C:\Users\Admin\Downloads\myps\data\bin\abilitycomponentexport.bin,byte 394107,Inferred requirement reference because ExtData[*].Val6 matches a known RequirementId row in abilityrequirementexport.bin.
9421,Outbound,Requirement,9421,Requirement 9421,ExtData[0].Val6,0,9406,,,C:\Users\Admin\Downloads\myps\data\bin\abilityrequirementexport.bin,byte 41724,Inferred requirement reference because ExtData[*].Val6 matches a known RequirementId row in abilityrequirementexport.bin.
9421,Outbound,Requirement,9421,Requirement 9421,ExtData[1].Val6,1,9430,,,C:\Users\Admin\Downloads\myps\data\bin\abilityrequirementexport.bin,byte 41724,Inferred requirement reference because ExtData[*].Val6 matches a known RequirementId row in abilityrequirementexport.bin.
9422,Inbound,Requirement,9423,Requirement 9423,ExtData[1].Val6,1,9422,,,C:\Users\Admin\Downloads\myps\data\bin\abilityrequirementexport.bin,byte 41908,Inferred requirement reference because ExtData[*].Val6 matches a known RequirementId row in abilityrequirementexport.bin.
9423,Inbound,Component,9370,Component 9370 (STAT_CHANGE),ExtData[2].Val6,2,9423,8004 (Press The Attack!),,C:\Users\Admin\Downloads\myps\data\bin\abilitycomponentexport.bin,byte 675672,Inferred requirement reference because ExtData[*].Val6 matches a known RequirementId row in abilityrequirementexport.bin.
9423,Inbound,Component,9372,Component 9372 (STAT_CHANGE),ExtData[2].Val6,2,9423,3485 (Press The Attack!),,C:\Users\Admin\Downloads\myps\data\bin\abilitycomponentexport.bin,byte 676169,Inferred requirement reference because ExtData[*].Val6 matches a known RequirementId row in abilityrequirementexport.bin.
9423,Inbound,Component,9374,Component 9374 (STAT_CHANGE),ExtData[2].Val6,2,9423,8006 (Stand Strong!),,C:\Users\Admin\Downloads\myps\data\bin\abilitycomponentexport.bin,byte 676666,Inferred requirement reference because ExtData[*].Val6 matches a known RequirementId row in abilityrequirementexport.bin.
9423,Inbound,Component,9376,Component 9376 (STAT_CHANGE),ExtData[2].Val6,2,9423,3486 (Stand Strong!),,C:\Users\Admin\Downloads\myps\data\bin\abilitycomponentexport.bin,byte 677163,Inferred requirement reference because ExtData[*].Val6 matches a known RequirementId row in abilityrequirementexport.bin.
9423,Inbound,Component,9378,Component 9378 (STAT_CHANGE),ExtData[2].Val6,2,9423,8008 (Gather Your Resolve!),,C:\Users\Admin\Downloads\myps\data\bin\abilitycomponentexport.bin,byte 677660,Inferred requirement reference because ExtData[*].Val6 matches a known RequirementId row in abilityrequirementexport.bin.
9423,Inbound,Component,9380,Component 9380 (STAT_CHANGE),ExtData[2].Val6,2,9423,3487 (Gather Your Resolve!),,C:\Users\Admin\Downloads\myps\data\bin\abilitycomponentexport.bin,byte 678157,Inferred requirement reference because ExtData[*].Val6 matches a known RequirementId row in abilityrequirementexport.bin.
9423,Inbound,Component,9403,Component 9403 (STAT_CHANGE),ExtData[2].Val6,2,9423,3401 (Dreadful Fear),,C:\Users\Admin\Downloads\myps\data\bin\abilitycomponentexport.bin,byte 682898,Inferred requirement reference because ExtData[*].Val6 matches a known RequirementId row in abilityrequirementexport.bin.
9423,Inbound,Component,9405,Component 9405 (STAT_CHANGE),ExtData[2].Val6,2,9423,3402 (Corrupting Wrath),,C:\Users\Admin\Downloads\myps\data\bin\abilitycomponentexport.bin,byte 683395,Inferred requirement reference because ExtData[*].Val6 matches a known RequirementId row in abilityrequirementexport.bin.
9423,Inbound,Component,9410,Component 9410 (STAT_CHANGE),ExtData[2].Val6,2,9423,3403 (Discordant Instability),,C:\Users\Admin\Downloads\myps\data\bin\abilitycomponentexport.bin,byte 684324,Inferred requirement reference because ExtData[*].Val6 matches a known RequirementId row in abilityrequirementexport.bin.
9423,Inbound,Component,9417,Component 9417 (AP_CHANGE),ExtData[2].Val6,2,9423,,,C:\Users\Admin\Downloads\myps\data\bin\abilitycomponentexport.bin,byte 685750,Inferred requirement reference because ExtData[*].Val6 matches a known RequirementId row in abilityrequirementexport.bin.
9423,Inbound,Component,9419,Component 9419 (BONUS_TYPE_ADJUST),ExtData[2].Val6,2,9423,3409 (Discordant Turbulence),Heal,C:\Users\Admin\Downloads\myps\data\bin\abilitycomponentexport.bin,byte 686181,Inferred requirement reference because ExtData[*].Val6 matches a known RequirementId row in abilityrequirementexport.bin.
9423,Inbound,Component,9423,Component 9423 (STAT_CHANGE),ExtData[2].Val6,2,9423,8316 (Dreadful Fear),,C:\Users\Admin\Downloads\myps\data\bin\abilitycomponentexport.bin,byte 686844,Inferred requirement reference because ExtData[*].Val6 matches a known RequirementId row in abilityrequirementexport.bin.
9423,Inbound,Component,9425,Component 9425 (STAT_CHANGE),ExtData[2].Val6,2,9423,8318 (Corrupting Wrath),,C:\Users\Admin\Downloads\myps\data\bin\abilitycomponentexport.bin,byte 687341,Inferred requirement reference because ExtData[*].Val6 matches a known RequirementId row in abilityrequirementexport.bin.
9423,Inbound,Component,9430,Component 9430 (STAT_CHANGE),ExtData[2].Val6,2,9423,8321 (Discordant Instability),,C:\Users\Admin\Downloads\myps\data\bin\abilitycomponentexport.bin,byte 688270,Inferred requirement reference because ExtData[*].Val6 matches a known RequirementId row in abilityrequirementexport.bin.
9423,Inbound,Component,9437,Component 9437 (AP_CHANGE),ExtData[1].Val6,1,9423,,,C:\Users\Admin\Downloads\myps\data\bin\abilitycomponentexport.bin,byte 689729,Inferred requirement reference because ExtData[*].Val6 matches a known RequirementId row in abilityrequirementexport.bin.
9423,Inbound,Component,9439,Component 9439 (BONUS_TYPE_ADJUST),ExtData[4].Val6,4,9423,8348 (Discordant Turbulence),Heal,C:\Users\Admin\Downloads\myps\data\bin\abilitycomponentexport.bin,byte 690226,Inferred requirement reference because ExtData[*].Val6 matches a known RequirementId row in abilityrequirementexport.bin.
9423,Inbound,Component,18717,Component 18717 (EFFECT_BUFF),ExtData[2].Val6,2,9423,8030 (To Glory!),,C:\Users\Admin\Downloads\myps\data\bin\abilitycomponentexport.bin,byte 778425,Inferred requirement reference because ExtData[*].Val6 matches a known RequirementId row in abilityrequirementexport.bin.
9423,Inbound,Component,18718,Component 18718 (EFFECT_BUFF),ExtData[2].Val6,2,9423,3491 (To Glory!),,C:\Users\Admin\Downloads\myps\data\bin\abilitycomponentexport.bin,byte 778723,Inferred requirement reference because ExtData[*].Val6 matches a known RequirementId row in abilityrequirementexport.bin.
9423,Inbound,Component,18725,Component 18725 (EFFECT_BUFF),ExtData[2].Val6,2,9423,8342 (Dreadful Terror),,C:\Users\Admin\Downloads\myps\data\bin\abilitycomponentexport.bin,byte 779984,Inferred requirement reference because ExtData[*].Val6 matches a known RequirementId row in abilityrequirementexport.bin.
9423,Inbound,Component,18726,Component 18726 (EFFECT_BUFF),ExtData[2].Val6,2,9423,3407 (Dreadful Terror),,C:\Users\Admin\Downloads\myps\data\bin\abilitycomponentexport.bin,byte 780282,Inferred requirement reference because ExtData[*].Val6 matches a known RequirementId row in abilityrequirementexport.bin.
9423,Outbound,Requirement,9423,Requirement 9423,ExtData[0].Val6,0,9240,,,C:\Users\Admin\Downloads\myps\data\bin\abilityrequirementexport.bin,byte 41908,Inferred requirement reference because ExtData[*].Val6 matches a known RequirementId row in abilityrequirementexport.bin.
9423,Outbound,Requirement,9423,Requirement 9423,ExtData[1].Val6,1,9422,,,C:\Users\Admin\Downloads\myps\data\bin\abilityrequirementexport.bin,byte 41908,Inferred requirement reference because ExtData[*].Val6 matches a known RequirementId row in abilityrequirementexport.bin.
9424,Inbound,Component,3550,Component 3550 (STAT_CHANGE),ExtData[0].Val6,0,9424,1758 (Come and Git It!),,C:\Users\Admin\Downloads\myps\data\bin\abilitycomponentexport.bin,byte 352541,Inferred requirement reference because ExtData[*].Val6 matches a known RequirementId row in abilityrequirementexport.bin.
9424,Inbound,Component,3768,Component 3768 (STAT_CHANGE),ExtData[0].Val6,0,9424,1446 (Even the Odds),,C:\Users\Admin\Downloads\myps\data\bin\abilitycomponentexport.bin,byte 393410,Inferred requirement reference because ExtData[*].Val6 matches a known RequirementId row in abilityrequirementexport.bin.
9424,Outbound,Requirement,9424,Requirement 9424,ExtData[0].Val6,0,9414,,,C:\Users\Admin\Downloads\myps\data\bin\abilityrequirementexport.bin,byte 42000,Inferred requirement reference because ExtData[*].Val6 matches a known RequirementId row in abilityrequirementexport.bin.
9424,Outbound,Requirement,9424,Requirement 9424,ExtData[2].Val6,2,9414,,,C:\Users\Admin\Downloads\myps\data\bin\abilityrequirementexport.bin,byte 42000,Inferred requirement reference because ExtData[*].Val6 matches a known RequirementId row in abilityrequirementexport.bin.
9425,Inbound,Requirement,9426,Requirement 9426,ExtData[0].Val6,0,9425,,,C:\Users\Admin\Downloads\myps\data\bin\abilityrequirementexport.bin,byte 42217,Inferred requirement reference because ExtData[*].Val6 matches a known RequirementId row in abilityrequirementexport.bin.
9425,Inbound,Requirement,9426,Requirement 9426,ExtData[1].Val6,1,9425,,,C:\Users\Admin\Downloads\myps\data\bin\abilityrequirementexport.bin,byte 42217,Inferred requirement reference because ExtData[*].Val6 matches a known RequirementId row in abilityrequirementexport.bin.
9426,Outbound,Requirement,9426,Requirement 9426,ExtData[0].Val6,0,9425,,,C:\Users\Admin\Downloads\myps\data\bin\abilityrequirementexport.bin,byte 42217,Inferred requirement reference because ExtData[*].Val6 matches a known RequirementId row in abilityrequirementexport.bin.
9426,Outbound,Requirement,9426,Requirement 9426,ExtData[1].Val6,1,9425,,,C:\Users\Admin\Downloads\myps\data\bin\abilityrequirementexport.bin,byte 42217,Inferred requirement reference because ExtData[*].Val6 matches a known RequirementId row in abilityrequirementexport.bin.
9427,Inbound,Component,15684,Component 15684 (RANK_CHANGE),ExtData[0].Val6,0,9427,15972 (Apprenticeship),,C:\Users\Admin\Downloads\myps\data\bin\abilitycomponentexport.bin,byte 1722162,Inferred requirement reference because ExtData[*].Val6 matches a known RequirementId row in abilityrequirementexport.bin.
9427,Inbound,Component,15689,Component 15689 (RANK_CHANGE),ExtData[0].Val6,0,9427,15975 (Indenture),,C:\Users\Admin\Downloads\myps\data\bin\abilitycomponentexport.bin,byte 1723421,Inferred requirement reference because ExtData[*].Val6 matches a known RequirementId row in abilityrequirementexport.bin.
9428,Inbound,Component,2033,Component 2033 (APPLY_ABILITY),ExtData[0].Val6,0,9428,,,C:\Users\Admin\Downloads\myps\data\bin\abilitycomponentexport.bin,byte 1218634,Inferred requirement reference because ExtData[*].Val6 matches a known RequirementId row in abilityrequirementexport.bin.
9428,Inbound,Component,2038,Component 2038 (DISPEL_BUFF),ExtData[0].Val6,0,9428,,,C:\Users\Admin\Downloads\myps\data\bin\abilitycomponentexport.bin,byte 1219530,Inferred requirement reference because ExtData[*].Val6 matches a known RequirementId row in abilityrequirementexport.bin.
9429,Inbound,Requirement,9429,Requirement 9429,ExtData[0].Val6,0,9429,,,C:\Users\Admin\Downloads\myps\data\bin\abilityrequirementexport.bin,byte 42460,Inferred requirement reference because ExtData[*].Val6 matches a known RequirementId row in abilityrequirementexport.bin.
9429,Outbound,Requirement,9429,Requirement 9429,ExtData[0].Val6,0,9429,,,C:\Users\Admin\Downloads\myps\data\bin\abilityrequirementexport.bin,byte 42460,Inferred requirement reference because ExtData[*].Val6 matches a known RequirementId row in abilityrequirementexport.bin.
9430,Inbound,Requirement,9421,Requirement 9421,ExtData[1].Val6,1,9430,,,C:\Users\Admin\Downloads\myps\data\bin\abilityrequirementexport.bin,byte 41724,Inferred requirement reference because ExtData[*].Val6 matches a known RequirementId row in abilityrequirementexport.bin.
9431,Inbound,Component,8881,Component 8881 (DAMAGE),ExtData[1].Val6,1,9431,8337 (Bane Shield),Damage,C:\Users\Admin\Downloads\myps\data\bin\abilitycomponentexport.bin,byte 592654,Inferred requirement reference because ExtData[*].Val6 matches a known RequirementId row in abilityrequirementexport.bin.
9432,Outbound,Requirement,9432,Requirement 9432,ExtData[0].Val6,0,9433,,,C:\Users\Admin\Downloads\myps\data\bin\abilityrequirementexport.bin,byte 42769,Inferred requirement reference because ExtData[*].Val6 matches a known RequirementId row in abilityrequirementexport.bin.
9432,Outbound,Requirement,9432,Requirement 9432,ExtData[2].Val6,2,9433,,,C:\Users\Admin\Downloads\myps\data\bin\abilityrequirementexport.bin,byte 42769,Inferred requirement reference because ExtData[*].Val6 matches a known RequirementId row in abilityrequirementexport.bin.
9433,Inbound,Requirement,9432,Requirement 9432,ExtData[0].Val6,0,9433,,,C:\Users\Admin\Downloads\myps\data\bin\abilityrequirementexport.bin,byte 42769,Inferred requirement reference because ExtData[*].Val6 matches a known RequirementId row in abilityrequirementexport.bin.
9433,Inbound,Requirement,9432,Requirement 9432,ExtData[2].Val6,2,9433,,,C:\Users\Admin\Downloads\myps\data\bin\abilityrequirementexport.bin,byte 42769,Inferred requirement reference because ExtData[*].Val6 matches a known RequirementId row in abilityrequirementexport.bin.
9435,Inbound,Component,9506,Component 9506 (DAMAGE),ExtData[3].Val6,3,9435,8025 (Shield of the Sun),Damage,C:\Users\Admin\Downloads\myps\data\bin\abilitycomponentexport.bin,byte 700520,Inferred requirement reference because ExtData[*].Val6 matches a known RequirementId row in abilityrequirementexport.bin.
9435,Inbound,Component,9669,Component 9669 (DAMAGE),ExtData[3].Val6,3,9435,8025 (Shield of the Sun),Damage,C:\Users\Admin\Downloads\myps\data\bin\abilitycomponentexport.bin,byte 729063,Inferred requirement reference because ExtData[*].Val6 matches a known RequirementId row in abilityrequirementexport.bin.
9435,Inbound,Component,9678,Component 9678 (DAMAGE),ExtData[3].Val6,3,9435,8025 (Shield of the Sun),Damage,C:\Users\Admin\Downloads\myps\data\bin\abilitycomponentexport.bin,byte 731316,Inferred requirement reference because ExtData[*].Val6 matches a known RequirementId row in abilityrequirementexport.bin.
9435,Inbound,Component,9679,Component 9679 (DAMAGE),ExtData[3].Val6,3,9435,8025 (Shield of the Sun),Damage,C:\Users\Admin\Downloads\myps\data\bin\abilitycomponentexport.bin,byte 731581,Inferred requirement reference because ExtData[*].Val6 matches a known RequirementId row in abilityrequirementexport.bin.
9436,Inbound,Component,9382,Component 9382 (DAMAGE),ExtData[1].Val6,1,9436,3458 (On Your Guard!),,C:\Users\Admin\Downloads\myps\data\bin\abilitycomponentexport.bin,byte 678720,Inferred requirement reference because ExtData[*].Val6 matches a known RequirementId row in abilityrequirementexport.bin.
9437,Inbound,Component,9412,Component 9412 (DAMAGE),ExtData[1].Val6,1,9437,3479 (Discordant Fluctuation),,C:\Users\Admin\Downloads\myps\data\bin\abilitycomponentexport.bin,byte 684854,Inferred requirement reference because ExtData[*].Val6 matches a known RequirementId row in abilityrequirementexport.bin.
9438,Inbound,Ability,9032,Ability 9032 (Redirected Force),ExtData[0].Val6,0,9438,9032 (Redirected Force),Damage,C:\Users\Admin\Downloads\myps\data\bin\abilityexport.bin,byte 1271140,Inferred requirement reference because ExtData[*].Val6 matches a known RequirementId row in abilityrequirementexport.bin.
9439,Inbound,Component,3545,Component 3545 (DAMAGE),ExtData[1].Val6,1,9439,1762 (Bring It On),Damage,C:\Users\Admin\Downloads\myps\data\bin\abilitycomponentexport.bin,byte 351711,Inferred requirement reference because ExtData[*].Val6 matches a known RequirementId row in abilityrequirementexport.bin.
9439,Inbound,Component,3775,Component 3775 (DAMAGE),ExtData[1].Val6,1,9439,1450 (Retribution),Damage,C:\Users\Admin\Downloads\myps\data\bin\abilitycomponentexport.bin,byte 394671,Inferred requirement reference because ExtData[*].Val6 matches a known RequirementId row in abilityrequirementexport.bin.
9440,Inbound,Component,8514,Component 8514 (EVENT_LISTENER),ExtData[1].Val6,1,9440,8404 (Touch of Rot),Damage,C:\Users\Admin\Downloads\myps\data\bin\abilitycomponentexport.bin,byte 528202,Inferred requirement reference because ExtData[*].Val6 matches a known RequirementId row in abilityrequirementexport.bin.
9440,Inbound,Component,9287,Component 9287 (EVENT_LISTENER),ExtData[1].Val6,1,9440,8091 (Burn Armor),Damage,C:\Users\Admin\Downloads\myps\data\bin\abilitycomponentexport.bin,byte 662060,Inferred requirement reference because ExtData[*].Val6 matches a known RequirementId row in abilityrequirementexport.bin.
9440,Inbound,Component,12275,Component 12275 (EVENT_LISTENER),ExtData[1].Val6,1,9440,9406 (Vehement Blades),Damage,C:\Users\Admin\Downloads\myps\data\bin\abilitycomponentexport.bin,byte 1013288,Inferred requirement reference because ExtData[*].Val6 matches a known RequirementId row in abilityrequirementexport.bin.
9440,Outbound,Requirement,9440,Requirement 9440,ExtData[1].Val6,1,9147,,,C:\Users\Admin\Downloads\myps\data\bin\abilityrequirementexport.bin,byte 43571,Inferred requirement reference because ExtData[*].Val6 matches a known RequirementId row in abilityrequirementexport.bin.
9441,Inbound,Ability,9186,Ability 9186 (Pounce),ExtData[0].Val6,0,9441,9186 (Pounce),Damage,C:\Users\Admin\Downloads\myps\data\bin\abilityexport.bin,byte 1293408,Inferred requirement reference because ExtData[*].Val6 matches a known RequirementId row in abilityrequirementexport.bin.
9442,Inbound,Ability,1437,Ability 1437 (Spine Crusher),ExtData[0].Val6,0,9442,1437 (Spine Crusher),Damage,C:\Users\Admin\Downloads\myps\data\bin\abilityexport.bin,byte 1095988,Inferred requirement reference because ExtData[*].Val6 matches a known RequirementId row in abilityrequirementexport.bin.
9442,Inbound,Ability,1749,Ability 1749 (Go For Da Soft Spot),ExtData[0].Val6,0,9442,1749 (Go For Da Soft Spot),Damage,C:\Users\Admin\Downloads\myps\data\bin\abilityexport.bin,byte 1141940,Inferred requirement reference because ExtData[*].Val6 matches a known RequirementId row in abilityrequirementexport.bin.
9442,Inbound,Ability,9110,Ability 9110 (Flanking Shot),ExtData[1].Val6,1,9442,9110 (Flanking Shot),Damage,C:\Users\Admin\Downloads\myps\data\bin\abilityexport.bin,byte 1283799,Inferred requirement reference because ExtData[*].Val6 matches a known RequirementId row in abilityrequirementexport.bin.
9442,Inbound,Ability,9427,Ability 9427 (Heart Seeker),ExtData[0].Val6,0,9442,9427 (Heart Seeker),Damage,C:\Users\Admin\Downloads\myps\data\bin\abilityexport.bin,byte 1328492,Inferred requirement reference because ExtData[*].Val6 matches a known RequirementId row in abilityrequirementexport.bin.
9442,Inbound,Ability,9428,Ability 9428 (Sacrificial Stab),ExtData[0].Val6,0,9442,9428 (Sacrificial Stab),"Heal, Damage",C:\Users\Admin\Downloads\myps\data\bin\abilityexport.bin,byte 1328719,Inferred requirement reference because ExtData[*].Val6 matches a known RequirementId row in abilityrequirementexport.bin.
9442,Outbound,Requirement,9442,Requirement 9442,ExtData[1].Val6,1,9204,,,C:\Users\Admin\Downloads\myps\data\bin\abilityrequirementexport.bin,byte 43755,Inferred requirement reference because ExtData[*].Val6 matches a known RequirementId row in abilityrequirementexport.bin.
9443,Inbound,Ability,864,Ability 864 (Shred),ExtData[0].Val6,0,9443,864 (Shred),Damage,C:\Users\Admin\Downloads\myps\data\bin\abilityexport.bin,byte 286297,Inferred requirement reference because ExtData[*].Val6 matches a known RequirementId row in abilityrequirementexport.bin.
9444,Inbound,Ability,9161,Ability 9161 (Blindside),ExtData[0].Val6,0,9444,9161 (Blindside),Damage,C:\Users\Admin\Downloads\myps\data\bin\abilityexport.bin,byte 1289524,Inferred requirement reference because ExtData[*].Val6 matches a known RequirementId row in abilityrequirementexport.bin.
9444,Inbound,Ability,9191,Ability 9191 (Thin The Herd),ExtData[0].Val6,0,9444,9191 (Thin The Herd),"Heal, Damage",C:\Users\Admin\Downloads\myps\data\bin\abilityexport.bin,byte 1294510,Inferred requirement reference because ExtData[*].Val6 matches a known RequirementId row in abilityrequirementexport.bin.
9447,Inbound,Ability,8246,Ability 8246 (Purify),ExtData[1].Val6,1,9447,8246 (Purify),,C:\Users\Admin\Downloads\myps\data\bin\abilityexport.bin,byte 1210102,Inferred requirement reference because ExtData[*].Val6 matches a known RequirementId row in abilityrequirementexport.bin.
9448,Inbound,Component,9220,Component 9220 (DAMAGE),ExtData[1].Val6,1,9448,8498 (Tzeentch's Firestorm),Damage,C:\Users\Admin\Downloads\myps\data\bin\abilitycomponentexport.bin,byte 650971,Inferred requirement reference because ExtData[*].Val6 matches a known RequirementId row in abilityrequirementexport.bin.
9448,Inbound,Requirement,9451,Requirement 9451,ExtData[1].Val6,1,9448,,,C:\Users\Admin\Downloads\myps\data\bin\abilityrequirementexport.bin,byte 44616,Inferred requirement reference because ExtData[*].Val6 matches a known RequirementId row in abilityrequirementexport.bin.
9449,Inbound,Component,8613,Component 8613 (DAMAGE),ExtData[1].Val6,1,9449,8177 (Rain of Fire),Damage,C:\Users\Admin\Downloads\myps\data\bin\abilitycomponentexport.bin,byte 545659,Inferred requirement reference because ExtData[*].Val6 matches a known RequirementId row in abilityrequirementexport.bin.
9449,Inbound,Requirement,9452,Requirement 9452,ExtData[1].Val6,1,9449,,,C:\Users\Admin\Downloads\myps\data\bin\abilityrequirementexport.bin,byte 44708,Inferred requirement reference because ExtData[*].Val6 matches a known RequirementId row in abilityrequirementexport.bin.
9450,Inbound,Component,11511,Component 11511 (DAMAGE),ExtData[1].Val6,1,9450,9485 (Pit of Shades),Damage,C:\Users\Admin\Downloads\myps\data\bin\abilitycomponentexport.bin,byte 879848,Inferred requirement reference because ExtData[*].Val6 matches a known RequirementId row in abilityrequirementexport.bin.
9450,Inbound,Requirement,9453,Requirement 9453,ExtData[1].Val6,1,9450,,,C:\Users\Admin\Downloads\myps\data\bin\abilityrequirementexport.bin,byte 44800,Inferred requirement reference because ExtData[*].Val6 matches a known RequirementId row in abilityrequirementexport.bin.
9451,Inbound,Component,9891,Component 9891 (EFFECT_BUFF),ExtData[2].Val6,2,9451,8498 (Tzeentch's Firestorm),Damage,C:\Users\Admin\Downloads\myps\data\bin\abilitycomponentexport.bin,byte 767466,Inferred requirement reference because ExtData[*].Val6 matches a known RequirementId row in abilityrequirementexport.bin.
9451,Outbound,Requirement,9451,Requirement 9451,ExtData[1].Val6,1,9448,,,C:\Users\Admin\Downloads\myps\data\bin\abilityrequirementexport.bin,byte 44616,Inferred requirement reference because ExtData[*].Val6 matches a known RequirementId row in abilityrequirementexport.bin.
9452,Inbound,Component,9892,Component 9892 (EFFECT_BUFF),ExtData[2].Val6,2,9452,8177 (Rain of Fire),Damage,C:\Users\Admin\Downloads\myps\data\bin\abilitycomponentexport.bin,byte 767698,Inferred requirement reference because ExtData[*].Val6 matches a known RequirementId row in abilityrequirementexport.bin.
9452,Outbound,Requirement,9452,Requirement 9452,ExtData[1].Val6,1,9449,,,C:\Users\Admin\Downloads\myps\data\bin\abilityrequirementexport.bin,byte 44708,Inferred requirement reference because ExtData[*].Val6 matches a known RequirementId row in abilityrequirementexport.bin.
9453,Inbound,Component,9893,Component 9893 (EFFECT_BUFF),ExtData[2].Val6,2,9453,9485 (Pit of Shades),Damage,C:\Users\Admin\Downloads\myps\data\bin\abilitycomponentexport.bin,byte 767930,Inferred requirement reference because ExtData[*].Val6 matches a known RequirementId row in abilityrequirementexport.bin.
9453,Outbound,Requirement,9453,Requirement 9453,ExtData[1].Val6,1,9450,,,C:\Users\Admin\Downloads\myps\data\bin\abilityrequirementexport.bin,byte 44800,Inferred requirement reference because ExtData[*].Val6 matches a known RequirementId row in abilityrequirementexport.bin.
9454,Inbound,Component,27823,Component 27823 (HEAL),ExtData[7].Val6,7,9454,27826 (Cleansing Wind),,C:\Users\Admin\Downloads\myps\data\bin\abilitycomponentexport.bin,byte 1870437,Inferred requirement reference because ExtData[*].Val6 matches a known RequirementId row in abilityrequirementexport.bin.
9455,Inbound,Component,18607,Component 18607 (EFFECT_BUFF),ExtData[0].Val6,0,9455,"1069 (Improvised Upgrades), 1071 (Unholy Empowerment)",Damage,C:\Users\Admin\Downloads\myps\data\bin\abilitycomponentexport.bin,byte 1838957,Inferred requirement reference because ExtData[*].Val6 matches a known RequirementId row in abilityrequirementexport.bin.
9456,Inbound,Component,18094,Component 18094 (EFFECT_BUFF),ExtData[0].Val6,0,9456,15146 (Exalted Glory of War),,C:\Users\Admin\Downloads\myps\data\bin\abilitycomponentexport.bin,byte 1794647,Inferred requirement reference because ExtData[*].Val6 matches a known RequirementId row in abilityrequirementexport.bin.
9457,Inbound,Requirement,9458,Requirement 9458,ExtData[1].Val6,1,9457,,,C:\Users\Admin\Downloads\myps\data\bin\abilityrequirementexport.bin,byte 45293,Inferred requirement reference because ExtData[*].Val6 matches a known RequirementId row in abilityrequirementexport.bin.
9458,Inbound,Component,18096,Component 18096 (BONUS_TYPE_ADJUST),ExtData[2].Val6,2,9458,15146 (Exalted Glory of War),,C:\Users\Admin\Downloads\myps\data\bin\abilitycomponentexport.bin,byte 1794946,Inferred requirement reference because ExtData[*].Val6 matches a known RequirementId row in abilityrequirementexport.bin.
9458,Inbound,Component,18097,Component 18097 (BONUS_TYPE_ADJUST),ExtData[2].Val6,2,9458,15146 (Exalted Glory of War),,C:\Users\Admin\Downloads\myps\data\bin\abilitycomponentexport.bin,byte 1795178,Inferred requirement reference because ExtData[*].Val6 matches a known RequirementId row in abilityrequirementexport.bin.
9458,Inbound,Component,18098,Component 18098 (BONUS_TYPE_ADJUST),ExtData[2].Val6,2,9458,15146 (Exalted Glory of War),,C:\Users\Admin\Downloads\myps\data\bin\abilitycomponentexport.bin,byte 1795410,Inferred requirement reference because ExtData[*].Val6 matches a known RequirementId row in abilityrequirementexport.bin.
9458,Outbound,Requirement,9458,Requirement 9458,ExtData[1].Val6,1,9457,,,C:\Users\Admin\Downloads\myps\data\bin\abilityrequirementexport.bin,byte 45293,Inferred requirement reference because ExtData[*].Val6 matches a known RequirementId row in abilityrequirementexport.bin.
9459,Inbound,Component,12966,Component 12966 (DAMAGE),ExtData[5].Val6,5,9459,9165 (Sundering Chop),Damage,C:\Users\Admin\Downloads\myps\data\bin\abilitycomponentexport.bin,byte 1129523,Inferred requirement reference because ExtData[*].Val6 matches a known RequirementId row in abilityrequirementexport.bin.
9459,Inbound,Component,18780,Component 18780 (DAMAGE),ExtData[5].Val6,5,9459,8399 (Impale),Damage,C:\Users\Admin\Downloads\myps\data\bin\abilitycomponentexport.bin,byte 788251,Inferred requirement reference because ExtData[*].Val6 matches a known RequirementId row in abilityrequirementexport.bin.
9459,Outbound,Requirement,9459,Requirement 9459,ExtData[0].Val6,0,9204,,,C:\Users\Admin\Downloads\myps\data\bin\abilityrequirementexport.bin,byte 45385,Inferred requirement reference because ExtData[*].Val6 matches a known RequirementId row in abilityrequirementexport.bin.
9460,Outbound,Requirement,9460,Requirement 9460,ExtData[1].Val6,1,9165,,,C:\Users\Admin\Downloads\myps\data\bin\abilityrequirementexport.bin,byte 45477,Inferred requirement reference because ExtData[*].Val6 matches a known RequirementId row in abilityrequirementexport.bin.
9460,Outbound,Requirement,9460,Requirement 9460,ExtData[0].Val6,0,9204,,,C:\Users\Admin\Downloads\myps\data\bin\abilityrequirementexport.bin,byte 45477,Inferred requirement reference because ExtData[*].Val6 matches a known RequirementId row in abilityrequirementexport.bin.
9461,Inbound,Requirement,9469,Requirement 9469,ExtData[0].Val6,0,9461,,,C:\Users\Admin\Downloads\myps\data\bin\abilityrequirementexport.bin,byte 45777,Inferred requirement reference because ExtData[*].Val6 matches a known RequirementId row in abilityrequirementexport.bin.
9462,Inbound,Requirement,9470,Requirement 9470,ExtData[0].Val6,0,9462,,,C:\Users\Admin\Downloads\myps\data\bin\abilityrequirementexport.bin,byte 45836,Inferred requirement reference because ExtData[*].Val6 matches a known RequirementId row in abilityrequirementexport.bin.
9463,Inbound,Requirement,9471,Requirement 9471,ExtData[0].Val6,0,9463,,,C:\Users\Admin\Downloads\myps\data\bin\abilityrequirementexport.bin,byte 45895,Inferred requirement reference because ExtData[*].Val6 matches a known RequirementId row in abilityrequirementexport.bin.
9464,Inbound,Requirement,9472,Requirement 9472,ExtData[0].Val6,0,9464,,,C:\Users\Admin\Downloads\myps\data\bin\abilityrequirementexport.bin,byte 45954,Inferred requirement reference because ExtData[*].Val6 matches a known RequirementId row in abilityrequirementexport.bin.
9465,Inbound,Requirement,9473,Requirement 9473,ExtData[0].Val6,0,9465,,,C:\Users\Admin\Downloads\myps\data\bin\abilityrequirementexport.bin,byte 46013,Inferred requirement reference because ExtData[*].Val6 matches a known RequirementId row in abilityrequirementexport.bin.
9466,Inbound,Requirement,9474,Requirement 9474,ExtData[0].Val6,0,9466,,,C:\Users\Admin\Downloads\myps\data\bin\abilityrequirementexport.bin,byte 46072,Inferred requirement reference because ExtData[*].Val6 matches a known RequirementId row in abilityrequirementexport.bin.
9467,Inbound,Requirement,9475,Requirement 9475,ExtData[0].Val6,0,9467,,,C:\Users\Admin\Downloads\myps\data\bin\abilityrequirementexport.bin,byte 46131,Inferred requirement reference because ExtData[*].Val6 matches a known RequirementId row in abilityrequirementexport.bin.
9468,Inbound,Requirement,9476,Requirement 9476,ExtData[0].Val6,0,9468,,,C:\Users\Admin\Downloads\myps\data\bin\abilityrequirementexport.bin,byte 46190,Inferred requirement reference because ExtData[*].Val6 matches a known RequirementId row in abilityrequirementexport.bin.
9469,Inbound,Component,27877,Component 27877 (BONUS_TYPE_ADJUST),ExtData[0].Val6,0,9469,493 (Progression Pack Boost),,C:\Users\Admin\Downloads\myps\data\bin\abilitycomponentexport.bin,byte 1878365,Inferred requirement reference because ExtData[*].Val6 matches a known RequirementId row in abilityrequirementexport.bin.
9469,Outbound,Requirement,9469,Requirement 9469,ExtData[0].Val6,0,9461,,,C:\Users\Admin\Downloads\myps\data\bin\abilityrequirementexport.bin,byte 45777,Inferred requirement reference because ExtData[*].Val6 matches a known RequirementId row in abilityrequirementexport.bin.
9470,Inbound,Component,27878,Component 27878 (BONUS_TYPE_ADJUST),ExtData[0].Val6,0,9470,493 (Progression Pack Boost),,C:\Users\Admin\Downloads\myps\data\bin\abilitycomponentexport.bin,byte 1878531,Inferred requirement reference because ExtData[*].Val6 matches a known RequirementId row in abilityrequirementexport.bin.
9470,Outbound,Requirement,9470,Requirement 9470,ExtData[0].Val6,0,9462,,,C:\Users\Admin\Downloads\myps\data\bin\abilityrequirementexport.bin,byte 45836,Inferred requirement reference because ExtData[*].Val6 matches a known RequirementId row in abilityrequirementexport.bin.
9471,Inbound,Component,27879,Component 27879 (BONUS_TYPE_ADJUST),ExtData[0].Val6,0,9471,493 (Progression Pack Boost),,C:\Users\Admin\Downloads\myps\data\bin\abilitycomponentexport.bin,byte 1878697,Inferred requirement reference because ExtData[*].Val6 matches a known RequirementId row in abilityrequirementexport.bin.
9471,Outbound,Requirement,9471,Requirement 9471,ExtData[0].Val6,0,9463,,,C:\Users\Admin\Downloads\myps\data\bin\abilityrequirementexport.bin,byte 45895,Inferred requirement reference because ExtData[*].Val6 matches a known RequirementId row in abilityrequirementexport.bin.
9472,Inbound,Component,27880,Component 27880 (BONUS_TYPE_ADJUST),ExtData[0].Val6,0,9472,493 (Progression Pack Boost),,C:\Users\Admin\Downloads\myps\data\bin\abilitycomponentexport.bin,byte 1878863,Inferred requirement reference because ExtData[*].Val6 matches a known RequirementId row in abilityrequirementexport.bin.
9472,Outbound,Requirement,9472,Requirement 9472,ExtData[0].Val6,0,9464,,,C:\Users\Admin\Downloads\myps\data\bin\abilityrequirementexport.bin,byte 45954,Inferred requirement reference because ExtData[*].Val6 matches a known RequirementId row in abilityrequirementexport.bin.
9473,Inbound,Component,27881,Component 27881 (BONUS_TYPE_ADJUST),ExtData[0].Val6,0,9473,493 (Progression Pack Boost),,C:\Users\Admin\Downloads\myps\data\bin\abilitycomponentexport.bin,byte 1879029,Inferred requirement reference because ExtData[*].Val6 matches a known RequirementId row in abilityrequirementexport.bin.
9473,Outbound,Requirement,9473,Requirement 9473,ExtData[0].Val6,0,9465,,,C:\Users\Admin\Downloads\myps\data\bin\abilityrequirementexport.bin,byte 46013,Inferred requirement reference because ExtData[*].Val6 matches a known RequirementId row in abilityrequirementexport.bin.
9474,Inbound,Component,27882,Component 27882 (BONUS_TYPE_ADJUST),ExtData[0].Val6,0,9474,493 (Progression Pack Boost),,C:\Users\Admin\Downloads\myps\data\bin\abilitycomponentexport.bin,byte 1879195,Inferred requirement reference because ExtData[*].Val6 matches a known RequirementId row in abilityrequirementexport.bin.
9474,Outbound,Requirement,9474,Requirement 9474,ExtData[0].Val6,0,9466,,,C:\Users\Admin\Downloads\myps\data\bin\abilityrequirementexport.bin,byte 46072,Inferred requirement reference because ExtData[*].Val6 matches a known RequirementId row in abilityrequirementexport.bin.
9475,Inbound,Component,27883,Component 27883 (BONUS_TYPE_ADJUST),ExtData[0].Val6,0,9475,493 (Progression Pack Boost),,C:\Users\Admin\Downloads\myps\data\bin\abilitycomponentexport.bin,byte 1879361,Inferred requirement reference because ExtData[*].Val6 matches a known RequirementId row in abilityrequirementexport.bin.
9475,Outbound,Requirement,9475,Requirement 9475,ExtData[0].Val6,0,9467,,,C:\Users\Admin\Downloads\myps\data\bin\abilityrequirementexport.bin,byte 46131,Inferred requirement reference because ExtData[*].Val6 matches a known RequirementId row in abilityrequirementexport.bin.
9476,Inbound,Component,27884,Component 27884 (BONUS_TYPE_ADJUST),ExtData[0].Val6,0,9476,493 (Progression Pack Boost),,C:\Users\Admin\Downloads\myps\data\bin\abilitycomponentexport.bin,byte 1879527,Inferred requirement reference because ExtData[*].Val6 matches a known RequirementId row in abilityrequirementexport.bin.
9476,Outbound,Requirement,9476,Requirement 9476,ExtData[0].Val6,0,9468,,,C:\Users\Admin\Downloads\myps\data\bin\abilityrequirementexport.bin,byte 46190,Inferred requirement reference because ExtData[*].Val6 matches a known RequirementId row in abilityrequirementexport.bin.
9477,Outbound,Requirement,9477,Requirement 9477,ExtData[0].Val6,0,9478,,,C:\Users\Admin\Downloads\myps\data\bin\abilityrequirementexport.bin,byte 46249,Inferred requirement reference because ExtData[*].Val6 matches a known RequirementId row in abilityrequirementexport.bin.
9477,Outbound,Requirement,9477,Requirement 9477,ExtData[1].Val6,1,9479,,,C:\Users\Admin\Downloads\myps\data\bin\abilityrequirementexport.bin,byte 46249,Inferred requirement reference because ExtData[*].Val6 matches a known RequirementId row in abilityrequirementexport.bin.
9477,Outbound,Requirement,9477,Requirement 9477,ExtData[2].Val6,2,9480,,,C:\Users\Admin\Downloads\myps\data\bin\abilityrequirementexport.bin,byte 46249,Inferred requirement reference because ExtData[*].Val6 matches a known RequirementId row in abilityrequirementexport.bin.
9477,Outbound,Requirement,9477,Requirement 9477,ExtData[3].Val6,3,9481,,,C:\Users\Admin\Downloads\myps\data\bin\abilityrequirementexport.bin,byte 46249,Inferred requirement reference because ExtData[*].Val6 matches a known RequirementId row in abilityrequirementexport.bin.
9478,Inbound,Requirement,9477,Requirement 9477,ExtData[0].Val6,0,9478,,,C:\Users\Admin\Downloads\myps\data\bin\abilityrequirementexport.bin,byte 46249,Inferred requirement reference because ExtData[*].Val6 matches a known RequirementId row in abilityrequirementexport.bin.
9479,Inbound,Requirement,9477,Requirement 9477,ExtData[1].Val6,1,9479,,,C:\Users\Admin\Downloads\myps\data\bin\abilityrequirementexport.bin,byte 46249,Inferred requirement reference because ExtData[*].Val6 matches a known RequirementId row in abilityrequirementexport.bin.
9480,Inbound,Requirement,9477,Requirement 9477,ExtData[2].Val6,2,9480,,,C:\Users\Admin\Downloads\myps\data\bin\abilityrequirementexport.bin,byte 46249,Inferred requirement reference because ExtData[*].Val6 matches a known RequirementId row in abilityrequirementexport.bin.
9481,Inbound,Requirement,9477,Requirement 9477,ExtData[3].Val6,3,9481,,,C:\Users\Admin\Downloads\myps\data\bin\abilityrequirementexport.bin,byte 46249,Inferred requirement reference because ExtData[*].Val6 matches a known RequirementId row in abilityrequirementexport.bin.
9483,Inbound,Ability,14415,Ability 14415 (Cleanse War Engine),ExtData[0].Val6,0,9483,14415 (Cleanse War Engine),,C:\Users\Admin\Downloads\myps\data\bin\abilityexport.bin,byte 709802,Inferred requirement reference because ExtData[*].Val6 matches a known RequirementId row in abilityrequirementexport.bin.
9485,Inbound,Requirement,9486,Requirement 9486,ExtData[0].Val6,0,9485,,,C:\Users\Admin\Downloads\myps\data\bin\abilityrequirementexport.bin,byte 47044,Inferred requirement reference because ExtData[*].Val6 matches a known RequirementId row in abilityrequirementexport.bin.
9486,Inbound,Component,27886,Component 27886 (BONUS_TYPE_ADJUST),ExtData[0].Val6,0,9486,493 (Progression Pack Boost),,C:\Users\Admin\Downloads\myps\data\bin\abilitycomponentexport.bin,byte 1879826,Inferred requirement reference because ExtData[*].Val6 matches a known RequirementId row in abilityrequirementexport.bin.
9486,Outbound,Requirement,9486,Requirement 9486,ExtData[0].Val6,0,9485,,,C:\Users\Admin\Downloads\myps\data\bin\abilityrequirementexport.bin,byte 47044,Inferred requirement reference because ExtData[*].Val6 matches a known RequirementId row in abilityrequirementexport.bin.
9490,Inbound,Requirement,9491,Requirement 9491,ExtData[0].Val6,0,9490,,,C:\Users\Admin\Downloads\myps\data\bin\abilityrequirementexport.bin,byte 47412,Inferred requirement reference because ExtData[*].Val6 matches a known RequirementId row in abilityrequirementexport.bin.
9491,Inbound,Component,27887,Component 27887 (BONUS_TYPE_ADJUST),ExtData[0].Val6,0,9491,493 (Progression Pack Boost),,C:\Users\Admin\Downloads\myps\data\bin\abilitycomponentexport.bin,byte 1879992,Inferred requirement reference because ExtData[*].Val6 matches a known RequirementId row in abilityrequirementexport.bin.
9491,Outbound,Requirement,9491,Requirement 9491,ExtData[0].Val6,0,9490,,,C:\Users\Admin\Downloads\myps\data\bin\abilityrequirementexport.bin,byte 47412,Inferred requirement reference because ExtData[*].Val6 matches a known RequirementId row in abilityrequirementexport.bin.
9493,Inbound,Component,11809,Component 11809 (BONUS_TYPE_ADJUST),ExtData[5].Val6,5,9493,9110 (Flanking Shot),Damage,C:\Users\Admin\Downloads\myps\data\bin\abilitycomponentexport.bin,byte 930860,Inferred requirement reference because ExtData[*].Val6 matches a known RequirementId row in abilityrequirementexport.bin.
9494,Inbound,Ability,27603,Ability 27603 (Shattering Attack),ExtData[0].Val6,0,9494,27603 (Shattering Attack),Damage,C:\Users\Admin\Downloads\myps\data\bin\abilityexport.bin,byte 964362,Inferred requirement reference because ExtData[*].Val6 matches a known RequirementId row in abilityrequirementexport.bin.
9494,Inbound,Ability,27635,Ability 27635 (Shattering Attack),ExtData[0].Val6,0,9494,27635 (Shattering Attack),Damage,C:\Users\Admin\Downloads\myps\data\bin\abilityexport.bin,byte 968275,Inferred requirement reference because ExtData[*].Val6 matches a known RequirementId row in abilityrequirementexport.bin.
9494,Inbound,Ability,27667,Ability 27667 (Shattering Swing),ExtData[0].Val6,0,9494,27667 (Shattering Swing),Damage,C:\Users\Admin\Downloads\myps\data\bin\abilityexport.bin,byte 972188,Inferred requirement reference because ExtData[*].Val6 matches a known RequirementId row in abilityrequirementexport.bin.
9494,Inbound,Ability,27699,Ability 27699 (Shattering Attack),ExtData[0].Val6,0,9494,27699 (Shattering Attack),Damage,C:\Users\Admin\Downloads\myps\data\bin\abilityexport.bin,byte 976489,Inferred requirement reference because ExtData[*].Val6 matches a known RequirementId row in abilityrequirementexport.bin.
9494,Inbound,Ability,27731,Ability 27731 (Shattering Attack),ExtData[0].Val6,0,9494,27731 (Shattering Attack),Damage,C:\Users\Admin\Downloads\myps\data\bin\abilityexport.bin,byte 980790,Inferred requirement reference because ExtData[*].Val6 matches a known RequirementId row in abilityrequirementexport.bin.
9494,Inbound,Ability,27763,Ability 27763 (Shattering Attack),ExtData[0].Val6,0,9494,27763 (Shattering Attack),Damage,C:\Users\Admin\Downloads\myps\data\bin\abilityexport.bin,byte 984703,Inferred requirement reference because ExtData[*].Val6 matches a known RequirementId row in abilityrequirementexport.bin.
9495,Inbound,Ability,24826,Ability 24826 (Sabotage),ExtData[3].Val6,3,9495,24826 (Sabotage),,C:\Users\Admin\Downloads\myps\data\bin\abilityexport.bin,byte 1995790,Inferred requirement reference because ExtData[*].Val6 matches a known RequirementId row in abilityrequirementexport.bin.
9553,Outbound,Requirement,9553,Requirement 9553,ExtData[0].Val6,0,9593,,,C:\Users\Admin\Downloads\myps\data\bin\abilityrequirementexport.bin,byte 47773,Inferred requirement reference because ExtData[*].Val6 matches a known RequirementId row in abilityrequirementexport.bin.
9554,Inbound,Component,11368,Component 11368 (DAMAGE),ExtData[2].Val6,2,9554,,,C:\Users\Admin\Downloads\myps\data\bin\abilitycomponentexport.bin,byte 855219,Inferred requirement reference because ExtData[*].Val6 matches a known RequirementId row in abilityrequirementexport.bin.
9554,Inbound,Component,11369,Component 11369 (BONUS_TYPE_ADJUST),ExtData[1].Val6,1,9554,3915 (Scatter the Winds),Heal,C:\Users\Admin\Downloads\myps\data\bin\abilitycomponentexport.bin,byte 855451,Inferred requirement reference because ExtData[*].Val6 matches a known RequirementId row in abilityrequirementexport.bin.
9555,Inbound,Requirement,9556,Requirement 9556,ExtData[0].Val6,0,9555,,,C:\Users\Admin\Downloads\myps\data\bin\abilityrequirementexport.bin,byte 48181,Inferred requirement reference because ExtData[*].Val6 matches a known RequirementId row in abilityrequirementexport.bin.
9556,Inbound,Requirement,9557,Requirement 9557,ExtData[0].Val6,0,9556,,,C:\Users\Admin\Downloads\myps\data\bin\abilityrequirementexport.bin,byte 48240,Inferred requirement reference because ExtData[*].Val6 matches a known RequirementId row in abilityrequirementexport.bin.
9556,Inbound,Requirement,9557,Requirement 9557,ExtData[1].Val6,1,9556,,,C:\Users\Admin\Downloads\myps\data\bin\abilityrequirementexport.bin,byte 48240,Inferred requirement reference because ExtData[*].Val6 matches a known RequirementId row in abilityrequirementexport.bin.
9556,Outbound,Requirement,9556,Requirement 9556,ExtData[0].Val6,0,9555,,,C:\Users\Admin\Downloads\myps\data\bin\abilityrequirementexport.bin,byte 48181,Inferred requirement reference because ExtData[*].Val6 matches a known RequirementId row in abilityrequirementexport.bin.
9557,Inbound,Component,443,Component 443 (UPDATE_COUNTER),ExtData[7].Val6,7,9557,3266 (Challenge Permission Tracker),,C:\Users\Admin\Downloads\myps\data\bin\abilitycomponentexport.bin,byte 1203576,Inferred requirement reference because ExtData[*].Val6 matches a known RequirementId row in abilityrequirementexport.bin.
9557,Outbound,Requirement,9557,Requirement 9557,ExtData[0].Val6,0,9556,,,C:\Users\Admin\Downloads\myps\data\bin\abilityrequirementexport.bin,byte 48240,Inferred requirement reference because ExtData[*].Val6 matches a known RequirementId row in abilityrequirementexport.bin.
9557,Outbound,Requirement,9557,Requirement 9557,ExtData[1].Val6,1,9556,,,C:\Users\Admin\Downloads\myps\data\bin\abilityrequirementexport.bin,byte 48240,Inferred requirement reference because ExtData[*].Val6 matches a known RequirementId row in abilityrequirementexport.bin.
9560,Inbound,Component,9885,Component 9885 (DISPEL_BUFF),ExtData[2].Val6,2,9560,8246 (Purify),,C:\Users\Admin\Downloads\myps\data\bin\abilitycomponentexport.bin,byte 766305,Inferred requirement reference because ExtData[*].Val6 matches a known RequirementId row in abilityrequirementexport.bin.
9560,Inbound,Component,9886,Component 9886 (DISPEL_BUFF),ExtData[3].Val6,3,9560,8246 (Purify),,C:\Users\Admin\Downloads\myps\data\bin\abilitycomponentexport.bin,byte 766537,Inferred requirement reference because ExtData[*].Val6 matches a known RequirementId row in abilityrequirementexport.bin.
9561,Inbound,Component,15690,Component 15690 (EFFECT_BUFF),ExtData[1].Val6,1,9561,"15972 (Apprenticeship), 15975 (Indenture)",,C:\Users\Admin\Downloads\myps\data\bin\abilitycomponentexport.bin,byte 1723752,Inferred requirement reference because ExtData[*].Val6 matches a known RequirementId row in abilityrequirementexport.bin.
9561,Inbound,Component,15870,Component 15870 (EFFECT_BUFF),ExtData[0].Val6,0,9561,"15972 (Apprenticeship), 15975 (Indenture)",,C:\Users\Admin\Downloads\myps\data\bin\abilitycomponentexport.bin,byte 1742724,Inferred requirement reference because ExtData[*].Val6 matches a known RequirementId row in abilityrequirementexport.bin.
9561,Inbound,Component,17961,Component 17961 (APPLY_ABILITY),ExtData[0].Val6,0,9561,"15972 (Apprenticeship), 15975 (Indenture)",,C:\Users\Admin\Downloads\myps\data\bin\abilitycomponentexport.bin,byte 1776286,Inferred requirement reference because ExtData[*].Val6 matches a known RequirementId row in abilityrequirementexport.bin.
9562,Inbound,Component,15680,Component 15680 (BONUS_TYPE_ADJUST),ExtData[3].Val6,3,9562,3359 (Rod of Service),,C:\Users\Admin\Downloads\myps\data\bin\abilitycomponentexport.bin,byte 1721234,Inferred requirement reference because ExtData[*].Val6 matches a known RequirementId row in abilityrequirementexport.bin.
9562,Inbound,Component,15681,Component 15681 (BONUS_TYPE_ADJUST),ExtData[3].Val6,3,9562,3359 (Rod of Service),,C:\Users\Admin\Downloads\myps\data\bin\abilitycomponentexport.bin,byte 1721532,Inferred requirement reference because ExtData[*].Val6 matches a known RequirementId row in abilityrequirementexport.bin.
9562,Inbound,Component,15685,Component 15685 (BONUS_TYPE_ADJUST),ExtData[3].Val6,3,9562,3360 (Lash of Servitude),,C:\Users\Admin\Downloads\myps\data\bin\abilitycomponentexport.bin,byte 1722493,Inferred requirement reference because ExtData[*].Val6 matches a known RequirementId row in abilityrequirementexport.bin.
9562,Inbound,Component,15686,Component 15686 (BONUS_TYPE_ADJUST),ExtData[3].Val6,3,9562,3360 (Lash of Servitude),,C:\Users\Admin\Downloads\myps\data\bin\abilitycomponentexport.bin,byte 1722791,Inferred requirement reference because ExtData[*].Val6 matches a known RequirementId row in abilityrequirementexport.bin.
9563,Inbound,Component,10651,Component 10651 (DAMAGE),ExtData[1].Val6,1,9563,"10770 (Cannon), 10771 (Spear Chukka), 10772 (Cannon), 10773 (Hellcannon), 10774 (Ballista), 10775 (Ballista)",,C:\Users\Admin\Downloads\myps\data\bin\abilitycomponentexport.bin,byte 1476734,Inferred requirement reference because ExtData[*].Val6 matches a known RequirementId row in abilityrequirementexport.bin.
9563,Inbound,Component,15192,Component 15192 (DAMAGE),ExtData[1].Val6,1,9563,"14437 (Spear Chukka), 14442 (Cannon), 14447 (Cannon), 14452 (Hellcannon), 14457 (Ballista), 14462 (Ballista)",,C:\Users\Admin\Downloads\myps\data\bin\abilitycomponentexport.bin,byte 1673636,Inferred requirement reference because ExtData[*].Val6 matches a known RequirementId row in abilityrequirementexport.bin.
9563,Inbound,Component,17010,Component 17010 (DAMAGE),ExtData[1].Val6,1,9563,"17007 (Spear Chukka), 17015 (Cannon), 17023 (Cannon), 17031 (Hellcannon), 17039 (Ballista), 17047 (Ballista)",,C:\Users\Admin\Downloads\myps\data\bin\abilitycomponentexport.bin,byte 1763997,Inferred requirement reference because ExtData[*].Val6 matches a known RequirementId row in abilityrequirementexport.bin.
9563,Inbound,Component,17013,Component 17013 (DAMAGE),ExtData[1].Val6,1,9563,"17008 (Spear Chukka), 17016 (Cannon), 17024 (Cannon), 17032 (Hellcannon), 17040 (Ballista), 17048 (Ballista)",,C:\Users\Admin\Downloads\myps\data\bin\abilitycomponentexport.bin,byte 1764627,Inferred requirement reference because ExtData[*].Val6 matches a known RequirementId row in abilityrequirementexport.bin.
9563,Outbound,Requirement,9563,Requirement 9563,ExtData[0].Val6,0,9565,,,C:\Users\Admin\Downloads\myps\data\bin\abilityrequirementexport.bin,byte 48759,Inferred requirement reference because ExtData[*].Val6 matches a known RequirementId row in abilityrequirementexport.bin.
9563,Outbound,Requirement,9563,Requirement 9563,ExtData[1].Val6,1,9566,,,C:\Users\Admin\Downloads\myps\data\bin\abilityrequirementexport.bin,byte 48759,Inferred requirement reference because ExtData[*].Val6 matches a known RequirementId row in abilityrequirementexport.bin.
9565,Inbound,Requirement,9563,Requirement 9563,ExtData[0].Val6,0,9565,,,C:\Users\Admin\Downloads\myps\data\bin\abilityrequirementexport.bin,byte 48759,Inferred requirement reference because ExtData[*].Val6 matches a known RequirementId row in abilityrequirementexport.bin.
9566,Inbound,Requirement,9563,Requirement 9563,ExtData[1].Val6,1,9566,,,C:\Users\Admin\Downloads\myps\data\bin\abilityrequirementexport.bin,byte 48759,Inferred requirement reference because ExtData[*].Val6 matches a known RequirementId row in abilityrequirementexport.bin.
9567,Inbound,Component,12006,Component 12006 (HEAL),ExtData[0].Val6,0,9567,3367 (Devour Essence),,C:\Users\Admin\Downloads\myps\data\bin\abilitycomponentexport.bin,byte 963556,Inferred requirement reference because ExtData[*].Val6 matches a known RequirementId row in abilityrequirementexport.bin.
9568,Inbound,Requirement,9569,Requirement 9569,ExtData[1].Val6,1,9568,,,C:\Users\Admin\Downloads\myps\data\bin\abilityrequirementexport.bin,byte 49311,Inferred requirement reference because ExtData[*].Val6 matches a known RequirementId row in abilityrequirementexport.bin.
9569,Inbound,Component,9892,Component 9892 (EFFECT_BUFF),ExtData[0].Val6,0,9569,8177 (Rain of Fire),Damage,C:\Users\Admin\Downloads\myps\data\bin\abilitycomponentexport.bin,byte 767698,Inferred requirement reference because ExtData[*].Val6 matches a known RequirementId row in abilityrequirementexport.bin.
9569,Outbound,Requirement,9569,Requirement 9569,ExtData[1].Val6,1,9568,,,C:\Users\Admin\Downloads\myps\data\bin\abilityrequirementexport.bin,byte 49311,Inferred requirement reference because ExtData[*].Val6 matches a known RequirementId row in abilityrequirementexport.bin.
9571,Inbound,Requirement,9573,Requirement 9573,ExtData[0].Val6,0,9571,,,C:\Users\Admin\Downloads\myps\data\bin\abilityrequirementexport.bin,byte 49587,Inferred requirement reference because ExtData[*].Val6 matches a known RequirementId row in abilityrequirementexport.bin.
9572,Inbound,Requirement,9573,Requirement 9573,ExtData[1].Val6,1,9572,,,C:\Users\Admin\Downloads\myps\data\bin\abilityrequirementexport.bin,byte 49587,Inferred requirement reference because ExtData[*].Val6 matches a known RequirementId row in abilityrequirementexport.bin.
9573,Inbound,Ability,697,Ability 697 (Alter Fate),ExtData[0].Val6,0,9573,697 (Alter Fate),"Heal, Damage",C:\Users\Admin\Downloads\myps\data\bin\abilityexport.bin,byte 277889,Inferred requirement reference because ExtData[*].Val6 matches a known RequirementId row in abilityrequirementexport.bin.
9573,Outbound,Requirement,9573,Requirement 9573,ExtData[0].Val6,0,9571,,,C:\Users\Admin\Downloads\myps\data\bin\abilityrequirementexport.bin,byte 49587,Inferred requirement reference because ExtData[*].Val6 matches a known RequirementId row in abilityrequirementexport.bin.
9573,Outbound,Requirement,9573,Requirement 9573,ExtData[1].Val6,1,9572,,,C:\Users\Admin\Downloads\myps\data\bin\abilityrequirementexport.bin,byte 49587,Inferred requirement reference because ExtData[*].Val6 matches a known RequirementId row in abilityrequirementexport.bin.
9574,Inbound,Component,18366,Component 18366 (APPLY_ABILITY),ExtData[1].Val6,1,9574,10806 (Elixir of Tahoth),,C:\Users\Admin\Downloads\myps\data\bin\abilitycomponentexport.bin,byte 1804909,Inferred requirement reference because ExtData[*].Val6 matches a known RequirementId row in abilityrequirementexport.bin.
9574,Inbound,Component,18367,Component 18367 (APPLY_ABILITY),ExtData[1].Val6,1,9574,10807 (Elixir of Tahoth),,C:\Users\Admin\Downloads\myps\data\bin\abilitycomponentexport.bin,byte 1805108,Inferred requirement reference because ExtData[*].Val6 matches a known RequirementId row in abilityrequirementexport.bin.
9574,Inbound,Component,18368,Component 18368 (APPLY_ABILITY),ExtData[1].Val6,1,9574,10808 (Elixir of Tahoth),,C:\Users\Admin\Downloads\myps\data\bin\abilitycomponentexport.bin,byte 1805307,Inferred requirement reference because ExtData[*].Val6 matches a known RequirementId row in abilityrequirementexport.bin.
9574,Inbound,Component,18369,Component 18369 (APPLY_ABILITY),ExtData[1].Val6,1,9574,10809 (Elixir of Tahoth),,C:\Users\Admin\Downloads\myps\data\bin\abilitycomponentexport.bin,byte 1805506,Inferred requirement reference because ExtData[*].Val6 matches a known RequirementId row in abilityrequirementexport.bin.
9575,Inbound,Requirement,9577,Requirement 9577,ExtData[0].Val6,0,9575,,,C:\Users\Admin\Downloads\myps\data\bin\abilityrequirementexport.bin,byte 49922,Inferred requirement reference because ExtData[*].Val6 matches a known RequirementId row in abilityrequirementexport.bin.
9576,Inbound,Requirement,9577,Requirement 9577,ExtData[1].Val6,1,9576,,,C:\Users\Admin\Downloads\myps\data\bin\abilityrequirementexport.bin,byte 49922,Inferred requirement reference because ExtData[*].Val6 matches a known RequirementId row in abilityrequirementexport.bin.
9577,Inbound,Component,8764,Component 8764 (ARMOR_CHANGE),ExtData[1].Val6,1,9577,"3652 (Prayer of Absolution), 8242 (Prayer of Absolution), 9563 (Covenant of Tenacity)",,C:\Users\Admin\Downloads\myps\data\bin\abilitycomponentexport.bin,byte 573629,Inferred requirement reference because ExtData[*].Val6 matches a known RequirementId row in abilityrequirementexport.bin.
9577,Inbound,Component,8767,Component 8767 (EVENT_LISTENER),ExtData[4].Val6,4,9577,"3651 (Prayer of Devotion), 3653 (Prayer of Righteousness), 8249 (Prayer of Devotion)",Heal,C:\Users\Admin\Downloads\myps\data\bin\abilitycomponentexport.bin,byte 574094,Inferred requirement reference because ExtData[*].Val6 matches a known RequirementId row in abilityrequirementexport.bin.
9577,Inbound,Component,9811,Component 9811 (EVENT_LISTENER),ExtData[4].Val6,4,9577,8243 (Prayer of Righteousness),Damage,C:\Users\Admin\Downloads\myps\data\bin\abilitycomponentexport.bin,byte 753295,Inferred requirement reference because ExtData[*].Val6 matches a known RequirementId row in abilityrequirementexport.bin.
9577,Inbound,Component,11233,Component 11233 (EVENT_LISTENER),ExtData[5].Val6,5,9577,9567 (Covenant of Vitality),"Damage, Heal",C:\Users\Admin\Downloads\myps\data\bin\abilitycomponentexport.bin,byte 830169,Inferred requirement reference because ExtData[*].Val6 matches a known RequirementId row in abilityrequirementexport.bin.
9577,Inbound,Component,12929,Component 12929 (EVENT_LISTENER),ExtData[5].Val6,5,9577,9559 (Covenant of Celerity),"Damage, Snare",C:\Users\Admin\Downloads\myps\data\bin\abilitycomponentexport.bin,byte 1123252,Inferred requirement reference because ExtData[*].Val6 matches a known RequirementId row in abilityrequirementexport.bin.
9577,Outbound,Requirement,9577,Requirement 9577,ExtData[0].Val6,0,9575,,,C:\Users\Admin\Downloads\myps\data\bin\abilityrequirementexport.bin,byte 49922,Inferred requirement reference because ExtData[*].Val6 matches a known RequirementId row in abilityrequirementexport.bin.
9577,Outbound,Requirement,9577,Requirement 9577,ExtData[1].Val6,1,9576,,,C:\Users\Admin\Downloads\myps\data\bin\abilityrequirementexport.bin,byte 49922,Inferred requirement reference because ExtData[*].Val6 matches a known RequirementId row in abilityrequirementexport.bin.
9578,Inbound,Ability,1598,Ability 1598 (Rune of Life),ExtData[0].Val6,0,9578,1598 (Rune of Life),Heal,C:\Users\Admin\Downloads\myps\data\bin\abilityexport.bin,byte 1119024,Inferred requirement reference because ExtData[*].Val6 matches a known RequirementId row in abilityrequirementexport.bin.
9578,Inbound,Ability,1908,Ability 1908 (Gedup!),ExtData[0].Val6,0,9578,1908 (Gedup!),Heal,C:\Users\Admin\Downloads\myps\data\bin\abilityexport.bin,byte 1165772,Inferred requirement reference because ExtData[*].Val6 matches a known RequirementId row in abilityrequirementexport.bin.
9578,Inbound,Ability,8555,Ability 8555 (Tzeentch Shall Remake You),ExtData[0].Val6,0,9578,8555 (Tzeentch Shall Remake You),Heal,C:\Users\Admin\Downloads\myps\data\bin\abilityexport.bin,byte 1254952,Inferred requirement reference because ExtData[*].Val6 matches a known RequirementId row in abilityrequirementexport.bin.
9578,Inbound,Ability,9246,Ability 9246 (Gift of Life),ExtData[0].Val6,0,9578,9246 (Gift of Life),Heal,C:\Users\Admin\Downloads\myps\data\bin\abilityexport.bin,byte 1301626,Inferred requirement reference because ExtData[*].Val6 matches a known RequirementId row in abilityrequirementexport.bin.
9578,Inbound,Component,1792,Component 1792 (EVENT_LISTENER),ExtData[4].Val6,4,9578,697 (Alter Fate),"Damage, Heal",C:\Users\Admin\Downloads\myps\data\bin\abilitycomponentexport.bin,byte 216786,Inferred requirement reference because ExtData[*].Val6 matches a known RequirementId row in abilityrequirementexport.bin.
9579,Inbound,Ability,1598,Ability 1598 (Rune of Life),ExtData[1].Val6,1,9579,1598 (Rune of Life),Heal,C:\Users\Admin\Downloads\myps\data\bin\abilityexport.bin,byte 1119024,Inferred requirement reference because ExtData[*].Val6 matches a known RequirementId row in abilityrequirementexport.bin.
9579,Inbound,Ability,1908,Ability 1908 (Gedup!),ExtData[1].Val6,1,9579,1908 (Gedup!),Heal,C:\Users\Admin\Downloads\myps\data\bin\abilityexport.bin,byte 1165772,Inferred requirement reference because ExtData[*].Val6 matches a known RequirementId row in abilityrequirementexport.bin.
9579,Inbound,Ability,8555,Ability 8555 (Tzeentch Shall Remake You),ExtData[1].Val6,1,9579,8555 (Tzeentch Shall Remake You),Heal,C:\Users\Admin\Downloads\myps\data\bin\abilityexport.bin,byte 1254952,Inferred requirement reference because ExtData[*].Val6 matches a known RequirementId row in abilityrequirementexport.bin.
9579,Inbound,Ability,9246,Ability 9246 (Gift of Life),ExtData[1].Val6,1,9579,9246 (Gift of Life),Heal,C:\Users\Admin\Downloads\myps\data\bin\abilityexport.bin,byte 1301626,Inferred requirement reference because ExtData[*].Val6 matches a known RequirementId row in abilityrequirementexport.bin.
9579,Inbound,Component,1791,Component 1791 (EVENT_LISTENER),ExtData[1].Val6,1,9579,"1598 (Rune of Life), 1908 (Gedup!), 8248 (Breath of Sigmar), 8555 (Tzeentch Shall Remake You), 9246 (Gift of Life), 9558 (Stand, Coward!)",Heal,C:\Users\Admin\Downloads\myps\data\bin\abilitycomponentexport.bin,byte 216587,Inferred requirement reference because ExtData[*].Val6 matches a known RequirementId row in abilityrequirementexport.bin.
9583,Inbound,Ability,15972,Ability 15972 (Apprenticeship),ExtData[1].Val6,1,9583,15972 (Apprenticeship),,C:\Users\Admin\Downloads\myps\data\bin\abilityexport.bin,byte 905085,Inferred requirement reference because ExtData[*].Val6 matches a known RequirementId row in abilityrequirementexport.bin.
9583,Inbound,Ability,15975,Ability 15975 (Indenture),ExtData[1].Val6,1,9583,15975 (Indenture),,C:\Users\Admin\Downloads\myps\data\bin\abilityexport.bin,byte 905766,Inferred requirement reference because ExtData[*].Val6 matches a known RequirementId row in abilityrequirementexport.bin.
9585,Inbound,Component,15684,Component 15684 (RANK_CHANGE),ExtData[5].Val6,5,9585,15972 (Apprenticeship),,C:\Users\Admin\Downloads\myps\data\bin\abilitycomponentexport.bin,byte 1722162,Inferred requirement reference because ExtData[*].Val6 matches a known RequirementId row in abilityrequirementexport.bin.
9585,Inbound,Component,15689,Component 15689 (RANK_CHANGE),ExtData[5].Val6,5,9585,15975 (Indenture),,C:\Users\Admin\Downloads\myps\data\bin\abilitycomponentexport.bin,byte 1723421,Inferred requirement reference because ExtData[*].Val6 matches a known RequirementId row in abilityrequirementexport.bin.
9585,Inbound,Component,19101,Component 19101 (RANK_CHANGE),ExtData[3].Val6,3,9585,14268 (Apprentice -Bolster Up),,C:\Users\Admin\Downloads\myps\data\bin\abilitycomponentexport.bin,byte 1845572,Inferred requirement reference because ExtData[*].Val6 matches a known RequirementId row in abilityrequirementexport.bin.
9585,Inbound,Component,19102,Component 19102 (RANK_CHANGE),ExtData[3].Val6,3,9585,14269 (Apprentice - Bolster Down),,C:\Users\Admin\Downloads\myps\data\bin\abilitycomponentexport.bin,byte 1845837,Inferred requirement reference because ExtData[*].Val6 matches a known RequirementId row in abilityrequirementexport.bin.
9586,Inbound,Requirement,9188,Requirement 9188,ExtData[2].Val6,2,9586,,,C:\Users\Admin\Downloads\myps\data\bin\abilityrequirementexport.bin,byte 17681,Inferred requirement reference because ExtData[*].Val6 matches a known RequirementId row in abilityrequirementexport.bin.
9586,Inbound,Requirement,9189,Requirement 9189,ExtData[2].Val6,2,9586,,,C:\Users\Admin\Downloads\myps\data\bin\abilityrequirementexport.bin,byte 17806,Inferred requirement reference because ExtData[*].Val6 matches a known RequirementId row in abilityrequirementexport.bin.
9586,Inbound,Requirement,9190,Requirement 9190,ExtData[2].Val6,2,9586,,,C:\Users\Admin\Downloads\myps\data\bin\abilityrequirementexport.bin,byte 17931,Inferred requirement reference because ExtData[*].Val6 matches a known RequirementId row in abilityrequirementexport.bin.
9586,Inbound,Requirement,9191,Requirement 9191,ExtData[2].Val6,2,9586,,,C:\Users\Admin\Downloads\myps\data\bin\abilityrequirementexport.bin,byte 18056,Inferred requirement reference because ExtData[*].Val6 matches a known RequirementId row in abilityrequirementexport.bin.
9586,Inbound,Requirement,9192,Requirement 9192,ExtData[2].Val6,2,9586,,,C:\Users\Admin\Downloads\myps\data\bin\abilityrequirementexport.bin,byte 18181,Inferred requirement reference because ExtData[*].Val6 matches a known RequirementId row in abilityrequirementexport.bin.
9587,Inbound,Component,9388,Component 9388 (DAMAGE),ExtData[2].Val6,2,9587,"3490 (All Out Assault!), 8022 (All Out Assault!)",Damage,C:\Users\Admin\Downloads\myps\data\bin\abilitycomponentexport.bin,byte 679980,Inferred requirement reference because ExtData[*].Val6 matches a known RequirementId row in abilityrequirementexport.bin.
9588,Inbound,Requirement,9590,Requirement 9590,ExtData[0].Val6,0,9588,,,C:\Users\Admin\Downloads\myps\data\bin\abilityrequirementexport.bin,byte 51052,Inferred requirement reference because ExtData[*].Val6 matches a known RequirementId row in abilityrequirementexport.bin.
9589,Inbound,Requirement,9590,Requirement 9590,ExtData[1].Val6,1,9589,,,C:\Users\Admin\Downloads\myps\data\bin\abilityrequirementexport.bin,byte 51052,Inferred requirement reference because ExtData[*].Val6 matches a known RequirementId row in abilityrequirementexport.bin.
9590,Inbound,Component,8595,Component 8595 (EVENT_LISTENER),ExtData[1].Val6,1,9590,8164 (Flames of Rhuin),Damage,C:\Users\Admin\Downloads\myps\data\bin\abilitycomponentexport.bin,byte 542638,Inferred requirement reference because ExtData[*].Val6 matches a known RequirementId row in abilityrequirementexport.bin.
9590,Outbound,Requirement,9590,Requirement 9590,ExtData[0].Val6,0,9588,,,C:\Users\Admin\Downloads\myps\data\bin\abilityrequirementexport.bin,byte 51052,Inferred requirement reference because ExtData[*].Val6 matches a known RequirementId row in abilityrequirementexport.bin.
9590,Outbound,Requirement,9590,Requirement 9590,ExtData[1].Val6,1,9589,,,C:\Users\Admin\Downloads\myps\data\bin\abilityrequirementexport.bin,byte 51052,Inferred requirement reference because ExtData[*].Val6 matches a known RequirementId row in abilityrequirementexport.bin.
9591,Inbound,Component,9370,Component 9370 (STAT_CHANGE),ExtData[3].Val6,3,9591,8004 (Press The Attack!),,C:\Users\Admin\Downloads\myps\data\bin\abilitycomponentexport.bin,byte 675672,Inferred requirement reference because ExtData[*].Val6 matches a known RequirementId row in abilityrequirementexport.bin.
9591,Inbound,Component,9371,Component 9371 (STAT_CHANGE),ExtData[2].Val6,2,9591,3485 (Press The Attack!),,C:\Users\Admin\Downloads\myps\data\bin\abilitycomponentexport.bin,byte 675937,Inferred requirement reference because ExtData[*].Val6 matches a known RequirementId row in abilityrequirementexport.bin.
9591,Inbound,Component,9372,Component 9372 (STAT_CHANGE),ExtData[3].Val6,3,9591,3485 (Press The Attack!),,C:\Users\Admin\Downloads\myps\data\bin\abilitycomponentexport.bin,byte 676169,Inferred requirement reference because ExtData[*].Val6 matches a known RequirementId row in abilityrequirementexport.bin.
9591,Inbound,Component,9373,Component 9373 (STAT_CHANGE),ExtData[2].Val6,2,9591,8006 (Stand Strong!),,C:\Users\Admin\Downloads\myps\data\bin\abilitycomponentexport.bin,byte 676434,Inferred requirement reference because ExtData[*].Val6 matches a known RequirementId row in abilityrequirementexport.bin.
9591,Inbound,Component,9374,Component 9374 (STAT_CHANGE),ExtData[3].Val6,3,9591,8006 (Stand Strong!),,C:\Users\Admin\Downloads\myps\data\bin\abilitycomponentexport.bin,byte 676666,Inferred requirement reference because ExtData[*].Val6 matches a known RequirementId row in abilityrequirementexport.bin.
9591,Inbound,Component,9375,Component 9375 (STAT_CHANGE),ExtData[2].Val6,2,9591,3486 (Stand Strong!),,C:\Users\Admin\Downloads\myps\data\bin\abilitycomponentexport.bin,byte 676931,Inferred requirement reference because ExtData[*].Val6 matches a known RequirementId row in abilityrequirementexport.bin.
9591,Inbound,Component,9376,Component 9376 (STAT_CHANGE),ExtData[3].Val6,3,9591,3486 (Stand Strong!),,C:\Users\Admin\Downloads\myps\data\bin\abilitycomponentexport.bin,byte 677163,Inferred requirement reference because ExtData[*].Val6 matches a known RequirementId row in abilityrequirementexport.bin.
9591,Inbound,Component,9377,Component 9377 (STAT_CHANGE),ExtData[2].Val6,2,9591,8008 (Gather Your Resolve!),,C:\Users\Admin\Downloads\myps\data\bin\abilitycomponentexport.bin,byte 677428,Inferred requirement reference because ExtData[*].Val6 matches a known RequirementId row in abilityrequirementexport.bin.
9591,Inbound,Component,9378,Component 9378 (STAT_CHANGE),ExtData[3].Val6,3,9591,8008 (Gather Your Resolve!),,C:\Users\Admin\Downloads\myps\data\bin\abilitycomponentexport.bin,byte 677660,Inferred requirement reference because ExtData[*].Val6 matches a known RequirementId row in abilityrequirementexport.bin.
9591,Inbound,Component,9379,Component 9379 (STAT_CHANGE),ExtData[2].Val6,2,9591,3487 (Gather Your Resolve!),,C:\Users\Admin\Downloads\myps\data\bin\abilitycomponentexport.bin,byte 677925,Inferred requirement reference because ExtData[*].Val6 matches a known RequirementId row in abilityrequirementexport.bin.
9591,Inbound,Component,9380,Component 9380 (STAT_CHANGE),ExtData[3].Val6,3,9591,3487 (Gather Your Resolve!),,C:\Users\Admin\Downloads\myps\data\bin\abilitycomponentexport.bin,byte 678157,Inferred requirement reference because ExtData[*].Val6 matches a known RequirementId row in abilityrequirementexport.bin.
9591,Inbound,Component,9381,Component 9381 (EVENT_LISTENER),ExtData[4].Val6,4,9591,8015 (On Your Guard!),Damage,C:\Users\Admin\Downloads\myps\data\bin\abilitycomponentexport.bin,byte 678422,Inferred requirement reference because ExtData[*].Val6 matches a known RequirementId row in abilityrequirementexport.bin.
9591,Inbound,Component,9383,Component 9383 (EVENT_LISTENER),ExtData[4].Val6,4,9591,3488 (On Your Guard!),Damage,C:\Users\Admin\Downloads\myps\data\bin\abilitycomponentexport.bin,byte 678919,Inferred requirement reference because ExtData[*].Val6 matches a known RequirementId row in abilityrequirementexport.bin.
9591,Inbound,Component,9384,Component 9384 (EVENT_LISTENER),ExtData[3].Val6,3,9591,8020 (Stay Focused!),Heal,C:\Users\Admin\Downloads\myps\data\bin\abilitycomponentexport.bin,byte 679217,Inferred requirement reference because ExtData[*].Val6 matches a known RequirementId row in abilityrequirementexport.bin.
9591,Inbound,Component,9386,Component 9386 (EVENT_LISTENER),ExtData[2].Val6,2,9591,3489 (Stay Focused!),,C:\Users\Admin\Downloads\myps\data\bin\abilitycomponentexport.bin,byte 679615,Inferred requirement reference because ExtData[*].Val6 matches a known RequirementId row in abilityrequirementexport.bin.
9591,Inbound,Component,9391,Component 9391 (AP_CHANGE),ExtData[2].Val6,2,9591,"3491 (To Glory!), 8030 (To Glory!)",,C:\Users\Admin\Downloads\myps\data\bin\abilitycomponentexport.bin,byte 680478,Inferred requirement reference because ExtData[*].Val6 matches a known RequirementId row in abilityrequirementexport.bin.
9591,Inbound,Component,9393,Component 9393 (BONUS_TYPE_ADJUST),ExtData[2].Val6,2,9591,8033 (To Victory!),,C:\Users\Admin\Downloads\myps\data\bin\abilitycomponentexport.bin,byte 680876,Inferred requirement reference because ExtData[*].Val6 matches a known RequirementId row in abilityrequirementexport.bin.
9591,Inbound,Component,9394,Component 9394 (BONUS_TYPE_ADJUST),ExtData[2].Val6,2,9591,8033 (To Victory!),,C:\Users\Admin\Downloads\myps\data\bin\abilitycomponentexport.bin,byte 681108,Inferred requirement reference because ExtData[*].Val6 matches a known RequirementId row in abilityrequirementexport.bin.
9591,Inbound,Component,9395,Component 9395 (BONUS_TYPE_ADJUST),ExtData[2].Val6,2,9591,3492 (To Victory!),,C:\Users\Admin\Downloads\myps\data\bin\abilitycomponentexport.bin,byte 681340,Inferred requirement reference because ExtData[*].Val6 matches a known RequirementId row in abilityrequirementexport.bin.
9591,Inbound,Component,9396,Component 9396 (BONUS_TYPE_ADJUST),ExtData[2].Val6,2,9591,3492 (To Victory!),,C:\Users\Admin\Downloads\myps\data\bin\abilitycomponentexport.bin,byte 681572,Inferred requirement reference because ExtData[*].Val6 matches a known RequirementId row in abilityrequirementexport.bin.
9591,Inbound,Component,9397,Component 9397 (BONUS_TYPE_ADJUST),ExtData[3].Val6,3,9591,8036 (Now's Our Chance!),Heal,C:\Users\Admin\Downloads\myps\data\bin\abilitycomponentexport.bin,byte 681804,Inferred requirement reference because ExtData[*].Val6 matches a known RequirementId row in abilityrequirementexport.bin.
9591,Inbound,Component,9398,Component 9398 (BONUS_TYPE_ADJUST),ExtData[3].Val6,3,9591,3493 (Now's Our Chance!),Heal,C:\Users\Admin\Downloads\myps\data\bin\abilitycomponentexport.bin,byte 682069,Inferred requirement reference because ExtData[*].Val6 matches a known RequirementId row in abilityrequirementexport.bin.
9591,Inbound,Component,9402,Component 9402 (STAT_CHANGE),ExtData[2].Val6,2,9591,3401 (Dreadful Fear),,C:\Users\Admin\Downloads\myps\data\bin\abilitycomponentexport.bin,byte 682666,Inferred requirement reference because ExtData[*].Val6 matches a known RequirementId row in abilityrequirementexport.bin.
9591,Inbound,Component,9403,Component 9403 (STAT_CHANGE),ExtData[3].Val6,3,9591,3401 (Dreadful Fear),,C:\Users\Admin\Downloads\myps\data\bin\abilitycomponentexport.bin,byte 682898,Inferred requirement reference because ExtData[*].Val6 matches a known RequirementId row in abilityrequirementexport.bin.
9591,Inbound,Component,9404,Component 9404 (STAT_CHANGE),ExtData[2].Val6,2,9591,3402 (Corrupting Wrath),,C:\Users\Admin\Downloads\myps\data\bin\abilitycomponentexport.bin,byte 683163,Inferred requirement reference because ExtData[*].Val6 matches a known RequirementId row in abilityrequirementexport.bin.
9591,Inbound,Component,9405,Component 9405 (STAT_CHANGE),ExtData[3].Val6,3,9591,3402 (Corrupting Wrath),,C:\Users\Admin\Downloads\myps\data\bin\abilitycomponentexport.bin,byte 683395,Inferred requirement reference because ExtData[*].Val6 matches a known RequirementId row in abilityrequirementexport.bin.
9591,Inbound,Component,9409,Component 9409 (STAT_CHANGE),ExtData[2].Val6,2,9591,3403 (Discordant Instability),,C:\Users\Admin\Downloads\myps\data\bin\abilitycomponentexport.bin,byte 684092,Inferred requirement reference because ExtData[*].Val6 matches a known RequirementId row in abilityrequirementexport.bin.
9591,Inbound,Component,9410,Component 9410 (STAT_CHANGE),ExtData[3].Val6,3,9591,3403 (Discordant Instability),,C:\Users\Admin\Downloads\myps\data\bin\abilitycomponentexport.bin,byte 684324,Inferred requirement reference because ExtData[*].Val6 matches a known RequirementId row in abilityrequirementexport.bin.
9591,Inbound,Component,9411,Component 9411 (EVENT_LISTENER),ExtData[3].Val6,3,9591,3404 (Discordant Fluctuation),Damage,C:\Users\Admin\Downloads\myps\data\bin\abilitycomponentexport.bin,byte 684589,Inferred requirement reference because ExtData[*].Val6 matches a known RequirementId row in abilityrequirementexport.bin.
9591,Inbound,Component,9413,Component 9413 (EVENT_LISTENER),ExtData[2].Val6,2,9591,3405 (Corrupting Retribution),Heal,C:\Users\Admin\Downloads\myps\data\bin\abilitycomponentexport.bin,byte 685053,Inferred requirement reference because ExtData[*].Val6 matches a known RequirementId row in abilityrequirementexport.bin.
9591,Inbound,Component,9422,Component 9422 (STAT_CHANGE),ExtData[2].Val6,2,9591,8316 (Dreadful Fear),,C:\Users\Admin\Downloads\myps\data\bin\abilitycomponentexport.bin,byte 686612,Inferred requirement reference because ExtData[*].Val6 matches a known RequirementId row in abilityrequirementexport.bin.
9591,Inbound,Component,9423,Component 9423 (STAT_CHANGE),ExtData[3].Val6,3,9591,8316 (Dreadful Fear),,C:\Users\Admin\Downloads\myps\data\bin\abilitycomponentexport.bin,byte 686844,Inferred requirement reference because ExtData[*].Val6 matches a known RequirementId row in abilityrequirementexport.bin.
9591,Inbound,Component,9424,Component 9424 (STAT_CHANGE),ExtData[2].Val6,2,9591,8318 (Corrupting Wrath),,C:\Users\Admin\Downloads\myps\data\bin\abilitycomponentexport.bin,byte 687109,Inferred requirement reference because ExtData[*].Val6 matches a known RequirementId row in abilityrequirementexport.bin.
9591,Inbound,Component,9425,Component 9425 (STAT_CHANGE),ExtData[3].Val6,3,9591,8318 (Corrupting Wrath),,C:\Users\Admin\Downloads\myps\data\bin\abilitycomponentexport.bin,byte 687341,Inferred requirement reference because ExtData[*].Val6 matches a known RequirementId row in abilityrequirementexport.bin.
9591,Inbound,Component,9429,Component 9429 (STAT_CHANGE),ExtData[2].Val6,2,9591,8321 (Discordant Instability),,C:\Users\Admin\Downloads\myps\data\bin\abilitycomponentexport.bin,byte 688038,Inferred requirement reference because ExtData[*].Val6 matches a known RequirementId row in abilityrequirementexport.bin.
9591,Inbound,Component,9430,Component 9430 (STAT_CHANGE),ExtData[3].Val6,3,9591,8321 (Discordant Instability),,C:\Users\Admin\Downloads\myps\data\bin\abilitycomponentexport.bin,byte 688270,Inferred requirement reference because ExtData[*].Val6 matches a known RequirementId row in abilityrequirementexport.bin.
9591,Inbound,Component,9431,Component 9431 (EVENT_LISTENER),ExtData[3].Val6,3,9591,8327 (Discordant Fluctuation),Damage,C:\Users\Admin\Downloads\myps\data\bin\abilitycomponentexport.bin,byte 688535,Inferred requirement reference because ExtData[*].Val6 matches a known RequirementId row in abilityrequirementexport.bin.
9591,Inbound,Component,9432,Component 9432 (DAMAGE),ExtData[1].Val6,1,9591,,,C:\Users\Admin\Downloads\myps\data\bin\abilitycomponentexport.bin,byte 688800,Inferred requirement reference because ExtData[*].Val6 matches a known RequirementId row in abilityrequirementexport.bin.
9591,Inbound,Component,9433,Component 9433 (EVENT_LISTENER),ExtData[2].Val6,2,9591,8332 (Corrupting Retribution),Heal,C:\Users\Admin\Downloads\myps\data\bin\abilitycomponentexport.bin,byte 688999,Inferred requirement reference because ExtData[*].Val6 matches a known RequirementId row in abilityrequirementexport.bin.
9591,Inbound,Component,9436,Component 9436 (DAMAGE),ExtData[2].Val6,2,9591,8334 (Dreadful Agony),Damage,C:\Users\Admin\Downloads\myps\data\bin\abilitycomponentexport.bin,byte 689497,Inferred requirement reference because ExtData[*].Val6 matches a known RequirementId row in abilityrequirementexport.bin.
9591,Inbound,Component,9437,Component 9437 (AP_CHANGE),ExtData[2].Val6,2,9591,,,C:\Users\Admin\Downloads\myps\data\bin\abilitycomponentexport.bin,byte 689729,Inferred requirement reference because ExtData[*].Val6 matches a known RequirementId row in abilityrequirementexport.bin.
9591,Inbound,Component,9438,Component 9438 (CASTTIME_CHANGE),ExtData[3].Val6,3,9591,8345 (Corrupting Horror),,C:\Users\Admin\Downloads\myps\data\bin\abilitycomponentexport.bin,byte 689961,Inferred requirement reference because ExtData[*].Val6 matches a known RequirementId row in abilityrequirementexport.bin.
9591,Inbound,Component,9439,Component 9439 (BONUS_TYPE_ADJUST),ExtData[3].Val6,3,9591,8348 (Discordant Turbulence),Heal,C:\Users\Admin\Downloads\myps\data\bin\abilitycomponentexport.bin,byte 690226,Inferred requirement reference because ExtData[*].Val6 matches a known RequirementId row in abilityrequirementexport.bin.
9591,Inbound,Component,9663,Component 9663 (BONUS_TYPE_ADJUST),ExtData[3].Val6,3,9591,8004 (Press The Attack!),,C:\Users\Admin\Downloads\myps\data\bin\abilitycomponentexport.bin,byte 727704,Inferred requirement reference because ExtData[*].Val6 matches a known RequirementId row in abilityrequirementexport.bin.
9591,Inbound,Component,9664,Component 9664 (BONUS_TYPE_ADJUST),ExtData[3].Val6,3,9591,3485 (Press The Attack!),,C:\Users\Admin\Downloads\myps\data\bin\abilitycomponentexport.bin,byte 727969,Inferred requirement reference because ExtData[*].Val6 matches a known RequirementId row in abilityrequirementexport.bin.
9591,Inbound,Component,9670,Component 9670 (BONUS_TYPE_ADJUST),ExtData[4].Val6,4,9591,8020 (Stay Focused!),Heal,C:\Users\Admin\Downloads\myps\data\bin\abilitycomponentexport.bin,byte 729328,Inferred requirement reference because ExtData[*].Val6 matches a known RequirementId row in abilityrequirementexport.bin.
9591,Inbound,Component,9671,Component 9671 (BONUS_TYPE_ADJUST),ExtData[4].Val6,4,9591,3489 (Stay Focused!),Heal,C:\Users\Admin\Downloads\myps\data\bin\abilitycomponentexport.bin,byte 729626,Inferred requirement reference because ExtData[*].Val6 matches a known RequirementId row in abilityrequirementexport.bin.
9591,Inbound,Component,9689,Component 9689 (DEFENSIVE_STAT_CHANGE),ExtData[1].Val6,1,9591,8075 (Flawless Defense),,C:\Users\Admin\Downloads\myps\data\bin\abilitycomponentexport.bin,byte 733505,Inferred requirement reference because ExtData[*].Val6 matches a known RequirementId row in abilityrequirementexport.bin.
9591,Inbound,Component,9858,Component 9858 (EFFECT_BUFF),ExtData[2].Val6,2,9591,3491 (To Glory!),,C:\Users\Admin\Downloads\myps\data\bin\abilitycomponentexport.bin,byte 761427,Inferred requirement reference because ExtData[*].Val6 matches a known RequirementId row in abilityrequirementexport.bin.
9591,Inbound,Component,9859,Component 9859 (EFFECT_BUFF),ExtData[2].Val6,2,9591,8030 (To Glory!),,C:\Users\Admin\Downloads\myps\data\bin\abilitycomponentexport.bin,byte 761725,Inferred requirement reference because ExtData[*].Val6 matches a known RequirementId row in abilityrequirementexport.bin.
9591,Inbound,Component,18717,Component 18717 (EFFECT_BUFF),ExtData[3].Val6,3,9591,8030 (To Glory!),,C:\Users\Admin\Downloads\myps\data\bin\abilitycomponentexport.bin,byte 778425,Inferred requirement reference because ExtData[*].Val6 matches a known RequirementId row in abilityrequirementexport.bin.
9591,Inbound,Component,18718,Component 18718 (EFFECT_BUFF),ExtData[3].Val6,3,9591,3491 (To Glory!),,C:\Users\Admin\Downloads\myps\data\bin\abilitycomponentexport.bin,byte 778723,Inferred requirement reference because ExtData[*].Val6 matches a known RequirementId row in abilityrequirementexport.bin.
9591,Inbound,Component,18723,Component 18723 (AP_CHANGE),ExtData[2].Val6,2,9591,"3407 (Dreadful Terror), 8342 (Dreadful Terror)",,C:\Users\Admin\Downloads\myps\data\bin\abilitycomponentexport.bin,byte 779586,Inferred requirement reference because ExtData[*].Val6 matches a known RequirementId row in abilityrequirementexport.bin.
9591,Inbound,Component,18725,Component 18725 (EFFECT_BUFF),ExtData[3].Val6,3,9591,8342 (Dreadful Terror),,C:\Users\Admin\Downloads\myps\data\bin\abilitycomponentexport.bin,byte 779984,Inferred requirement reference because ExtData[*].Val6 matches a known RequirementId row in abilityrequirementexport.bin.
9591,Inbound,Component,18726,Component 18726 (EFFECT_BUFF),ExtData[3].Val6,3,9591,3407 (Dreadful Terror),,C:\Users\Admin\Downloads\myps\data\bin\abilitycomponentexport.bin,byte 780282,Inferred requirement reference because ExtData[*].Val6 matches a known RequirementId row in abilityrequirementexport.bin.
9591,Inbound,Component,18730,Component 18730 (EFFECT_BUFF),ExtData[2].Val6,2,9591,3407 (Dreadful Terror),,C:\Users\Admin\Downloads\myps\data\bin\abilitycomponentexport.bin,byte 780879,Inferred requirement reference because ExtData[*].Val6 matches a known RequirementId row in abilityrequirementexport.bin.
9591,Inbound,Component,18731,Component 18731 (EFFECT_BUFF),ExtData[2].Val6,2,9591,8342 (Dreadful Terror),,C:\Users\Admin\Downloads\myps\data\bin\abilitycomponentexport.bin,byte 781177,Inferred requirement reference because ExtData[*].Val6 matches a known RequirementId row in abilityrequirementexport.bin.
9592,Inbound,Component,19107,Component 19107 (SERVER_COMMAND),ExtData[0].Val6,0,9592,,,C:\Users\Admin\Downloads\myps\data\bin\abilitycomponentexport.bin,byte 1846667,Inferred requirement reference because ExtData[*].Val6 matches a known RequirementId row in abilityrequirementexport.bin.
9592,Inbound,Component,19116,Component 19116 (DISPEL_BUFF),ExtData[0].Val6,0,9592,14263 (Apprentice - Message ""OOR"" or Group Req Term),,C:\Users\Admin\Downloads\myps\data\bin\abilitycomponentexport.bin,byte 1847897,Inferred requirement reference because ExtData[*].Val6 matches a known RequirementId row in abilityrequirementexport.bin.
9593,Inbound,Component,26698,Component 26698 (IMMUNITY),ExtData[0].Val6,0,9593,24892 (Constant Agro),,C:\Users\Admin\Downloads\myps\data\bin\abilitycomponentexport.bin,byte 2854711,Inferred requirement reference because ExtData[*].Val6 matches a known RequirementId row in abilityrequirementexport.bin.
9593,Inbound,Requirement,9307,Requirement 9307,ExtData[2].Val6,2,9593,,,C:\Users\Admin\Downloads\myps\data\bin\abilityrequirementexport.bin,byte 30576,Inferred requirement reference because ExtData[*].Val6 matches a known RequirementId row in abilityrequirementexport.bin.
9593,Inbound,Requirement,9553,Requirement 9553,ExtData[0].Val6,0,9593,,,C:\Users\Admin\Downloads\myps\data\bin\abilityrequirementexport.bin,byte 47773,Inferred requirement reference because ExtData[*].Val6 matches a known RequirementId row in abilityrequirementexport.bin.
9594,Inbound,Requirement,9596,Requirement 9596,ExtData[0].Val6,0,9594,,,C:\Users\Admin\Downloads\myps\data\bin\abilityrequirementexport.bin,byte 51538,Inferred requirement reference because ExtData[*].Val6 matches a known RequirementId row in abilityrequirementexport.bin.
9595,Inbound,Requirement,9596,Requirement 9596,ExtData[1].Val6,1,9595,,,C:\Users\Admin\Downloads\myps\data\bin\abilityrequirementexport.bin,byte 51538,Inferred requirement reference because ExtData[*].Val6 matches a known RequirementId row in abilityrequirementexport.bin.
9596,Inbound,Component,17994,Component 17994 (IMMUNITY),ExtData[1].Val6,1,9596,14271 (Resolute Defense),"CrowdControl, Immunity",C:\Users\Admin\Downloads\myps\data\bin\abilitycomponentexport.bin,byte 1779275,Inferred requirement reference because ExtData[*].Val6 matches a known RequirementId row in abilityrequirementexport.bin.
9596,Inbound,Component,17996,Component 17996 (IMMUNITY),ExtData[6].Val6,6,9596,14271 (Resolute Defense),CrowdControl,C:\Users\Admin\Downloads\myps\data\bin\abilitycomponentexport.bin,byte 1779607,Inferred requirement reference because ExtData[*].Val6 matches a known RequirementId row in abilityrequirementexport.bin.
9596,Inbound,Component,17997,Component 17997 (IMMUNITY),ExtData[6].Val6,6,9596,14271 (Resolute Defense),CrowdControl,C:\Users\Admin\Downloads\myps\data\bin\abilitycomponentexport.bin,byte 1779971,Inferred requirement reference because ExtData[*].Val6 matches a known RequirementId row in abilityrequirementexport.bin.
9596,Inbound,Component,17998,Component 17998 (IMMUNITY),ExtData[6].Val6,6,9596,14271 (Resolute Defense),CrowdControl,C:\Users\Admin\Downloads\myps\data\bin\abilitycomponentexport.bin,byte 1780335,Inferred requirement reference because ExtData[*].Val6 matches a known RequirementId row in abilityrequirementexport.bin.
9596,Inbound,Component,17999,Component 17999 (IMMUNITY),ExtData[1].Val6,1,9596,14271 (Resolute Defense),CrowdControl,C:\Users\Admin\Downloads\myps\data\bin\abilitycomponentexport.bin,byte 1780699,Inferred requirement reference because ExtData[*].Val6 matches a known RequirementId row in abilityrequirementexport.bin.
9596,Inbound,Component,27832,Component 27832 (IMMUNITY),ExtData[1].Val6,1,9596,27832 (Resolute Defense),CrowdControl,C:\Users\Admin\Downloads\myps\data\bin\abilitycomponentexport.bin,byte 1871964,Inferred requirement reference because ExtData[*].Val6 matches a known RequirementId row in abilityrequirementexport.bin.
9596,Inbound,Component,27834,Component 27834 (IMMUNITY),ExtData[6].Val6,6,9596,27832 (Resolute Defense),CrowdControl,C:\Users\Admin\Downloads\myps\data\bin\abilitycomponentexport.bin,byte 1872296,Inferred requirement reference because ExtData[*].Val6 matches a known RequirementId row in abilityrequirementexport.bin.
9596,Inbound,Component,27835,Component 27835 (IMMUNITY),ExtData[6].Val6,6,9596,27832 (Resolute Defense),CrowdControl,C:\Users\Admin\Downloads\myps\data\bin\abilitycomponentexport.bin,byte 1872660,Inferred requirement reference because ExtData[*].Val6 matches a known RequirementId row in abilityrequirementexport.bin.
9596,Inbound,Component,27836,Component 27836 (IMMUNITY),ExtData[6].Val6,6,9596,27832 (Resolute Defense),CrowdControl,C:\Users\Admin\Downloads\myps\data\bin\abilitycomponentexport.bin,byte 1873024,Inferred requirement reference because ExtData[*].Val6 matches a known RequirementId row in abilityrequirementexport.bin.
9596,Inbound,Component,27837,Component 27837 (IMMUNITY),ExtData[1].Val6,1,9596,27832 (Resolute Defense),CrowdControl,C:\Users\Admin\Downloads\myps\data\bin\abilitycomponentexport.bin,byte 1873388,Inferred requirement reference because ExtData[*].Val6 matches a known RequirementId row in abilityrequirementexport.bin.
9596,Inbound,Component,28305,Component 28305 (IMMUNITY),ExtData[2].Val6,2,9596,28300 (Inexorable Force),"Immunity, Knockback, Knockdown, Root, Stagger",C:\Users\Admin\Downloads\myps\data\bin\abilitycomponentexport.bin,byte 1896870,Inferred requirement reference because ExtData[*].Val6 matches a known RequirementId row in abilityrequirementexport.bin.
9596,Inbound,Component,28306,Component 28306 (IMMUNITY),ExtData[3].Val6,3,9596,28300 (Inexorable Force),"Immunity, Knockback, Knockdown, Root, Stagger",C:\Users\Admin\Downloads\myps\data\bin\abilitycomponentexport.bin,byte 1897102,Inferred requirement reference because ExtData[*].Val6 matches a known RequirementId row in abilityrequirementexport.bin.
9596,Inbound,Component,28307,Component 28307 (IMMUNITY),ExtData[3].Val6,3,9596,28300 (Inexorable Force),"Immunity, Knockback, Knockdown, Root, Stagger",C:\Users\Admin\Downloads\myps\data\bin\abilitycomponentexport.bin,byte 1897367,Inferred requirement reference because ExtData[*].Val6 matches a known RequirementId row in abilityrequirementexport.bin.
9596,Inbound,Component,28308,Component 28308 (IMMUNITY),ExtData[1].Val6,1,9596,28300 (Inexorable Force),"Immunity, Knockback, Knockdown, Root, Stagger",C:\Users\Admin\Downloads\myps\data\bin\abilitycomponentexport.bin,byte 1897632,Inferred requirement reference because ExtData[*].Val6 matches a known RequirementId row in abilityrequirementexport.bin.
9596,Outbound,Requirement,9596,Requirement 9596,ExtData[0].Val6,0,9594,,,C:\Users\Admin\Downloads\myps\data\bin\abilityrequirementexport.bin,byte 51538,Inferred requirement reference because ExtData[*].Val6 matches a known RequirementId row in abilityrequirementexport.bin.
9596,Outbound,Requirement,9596,Requirement 9596,ExtData[1].Val6,1,9595,,,C:\Users\Admin\Downloads\myps\data\bin\abilityrequirementexport.bin,byte 51538,Inferred requirement reference because ExtData[*].Val6 matches a known RequirementId row in abilityrequirementexport.bin.
9597,Inbound,Component,9391,Component 9391 (AP_CHANGE),ExtData[3].Val6,3,9597,"3491 (To Glory!), 8030 (To Glory!)",,C:\Users\Admin\Downloads\myps\data\bin\abilitycomponentexport.bin,byte 680478,Inferred requirement reference because ExtData[*].Val6 matches a known RequirementId row in abilityrequirementexport.bin.
9597,Inbound,Component,18720,Component 18720 (EFFECT_BUFF),ExtData[0].Val6,0,9597,3051 (To Glory Blocker),,C:\Users\Admin\Downloads\myps\data\bin\abilitycomponentexport.bin,byte 779154,Inferred requirement reference because ExtData[*].Val6 matches a known RequirementId row in abilityrequirementexport.bin.
9597,Inbound,Requirement,9598,Requirement 9598,ExtData[0].Val6,0,9597,,,C:\Users\Admin\Downloads\myps\data\bin\abilityrequirementexport.bin,byte 51722,Inferred requirement reference because ExtData[*].Val6 matches a known RequirementId row in abilityrequirementexport.bin.
9598,Inbound,Component,9858,Component 9858 (EFFECT_BUFF),ExtData[3].Val6,3,9598,3491 (To Glory!),,C:\Users\Admin\Downloads\myps\data\bin\abilitycomponentexport.bin,byte 761427,Inferred requirement reference because ExtData[*].Val6 matches a known RequirementId row in abilityrequirementexport.bin.
9598,Inbound,Component,9859,Component 9859 (EFFECT_BUFF),ExtData[3].Val6,3,9598,8030 (To Glory!),,C:\Users\Admin\Downloads\myps\data\bin\abilitycomponentexport.bin,byte 761725,Inferred requirement reference because ExtData[*].Val6 matches a known RequirementId row in abilityrequirementexport.bin.
9598,Inbound,Component,18717,Component 18717 (EFFECT_BUFF),ExtData[4].Val6,4,9598,8030 (To Glory!),,C:\Users\Admin\Downloads\myps\data\bin\abilitycomponentexport.bin,byte 778425,Inferred requirement reference because ExtData[*].Val6 matches a known RequirementId row in abilityrequirementexport.bin.
9598,Inbound,Component,18718,Component 18718 (EFFECT_BUFF),ExtData[4].Val6,4,9598,3491 (To Glory!),,C:\Users\Admin\Downloads\myps\data\bin\abilitycomponentexport.bin,byte 778723,Inferred requirement reference because ExtData[*].Val6 matches a known RequirementId row in abilityrequirementexport.bin.
9598,Inbound,Component,18730,Component 18730 (EFFECT_BUFF),ExtData[3].Val6,3,9598,3407 (Dreadful Terror),,C:\Users\Admin\Downloads\myps\data\bin\abilitycomponentexport.bin,byte 780879,Inferred requirement reference because ExtData[*].Val6 matches a known RequirementId row in abilityrequirementexport.bin.
9598,Inbound,Component,18731,Component 18731 (EFFECT_BUFF),ExtData[3].Val6,3,9598,8342 (Dreadful Terror),,C:\Users\Admin\Downloads\myps\data\bin\abilitycomponentexport.bin,byte 781177,Inferred requirement reference because ExtData[*].Val6 matches a known RequirementId row in abilityrequirementexport.bin.
9598,Outbound,Requirement,9598,Requirement 9598,ExtData[0].Val6,0,9597,,,C:\Users\Admin\Downloads\myps\data\bin\abilityrequirementexport.bin,byte 51722,Inferred requirement reference because ExtData[*].Val6 matches a known RequirementId row in abilityrequirementexport.bin.
9599,Inbound,Component,18723,Component 18723 (AP_CHANGE),ExtData[3].Val6,3,9599,"3407 (Dreadful Terror), 8342 (Dreadful Terror)",,C:\Users\Admin\Downloads\myps\data\bin\abilitycomponentexport.bin,byte 779586,Inferred requirement reference because ExtData[*].Val6 matches a known RequirementId row in abilityrequirementexport.bin.
9599,Inbound,Component,18728,Component 18728 (EFFECT_BUFF),ExtData[0].Val6,0,9599,3052 (Dreadful Terror Blocker),,C:\Users\Admin\Downloads\myps\data\bin\abilitycomponentexport.bin,byte 780580,Inferred requirement reference because ExtData[*].Val6 matches a known RequirementId row in abilityrequirementexport.bin.
9599,Inbound,Requirement,9600,Requirement 9600,ExtData[0].Val6,0,9599,,,C:\Users\Admin\Downloads\myps\data\bin\abilityrequirementexport.bin,byte 51906,Inferred requirement reference because ExtData[*].Val6 matches a known RequirementId row in abilityrequirementexport.bin.
9600,Inbound,Component,18725,Component 18725 (EFFECT_BUFF),ExtData[4].Val6,4,9600,8342 (Dreadful Terror),,C:\Users\Admin\Downloads\myps\data\bin\abilitycomponentexport.bin,byte 779984,Inferred requirement reference because ExtData[*].Val6 matches a known RequirementId row in abilityrequirementexport.bin.
9600,Inbound,Component,18726,Component 18726 (EFFECT_BUFF),ExtData[4].Val6,4,9600,3407 (Dreadful Terror),,C:\Users\Admin\Downloads\myps\data\bin\abilitycomponentexport.bin,byte 780282,Inferred requirement reference because ExtData[*].Val6 matches a known RequirementId row in abilityrequirementexport.bin.
9600,Outbound,Requirement,9600,Requirement 9600,ExtData[0].Val6,0,9599,,,C:\Users\Admin\Downloads\myps\data\bin\abilityrequirementexport.bin,byte 51906,Inferred requirement reference because ExtData[*].Val6 matches a known RequirementId row in abilityrequirementexport.bin.
9601,Inbound,Component,12928,Component 12928 (STAT_CHANGE),ExtData[0].Val6,0,9601,9316 (Feeding On Weakness),"Damage, Heal",C:\Users\Admin\Downloads\myps\data\bin\abilitycomponentexport.bin,byte 1123053,Inferred requirement reference because ExtData[*].Val6 matches a known RequirementId row in abilityrequirementexport.bin.
9601,Inbound,Requirement,9602,Requirement 9602,ExtData[0].Val6,0,9601,,,C:\Users\Admin\Downloads\myps\data\bin\abilityrequirementexport.bin,byte 52090,Inferred requirement reference because ExtData[*].Val6 matches a known RequirementId row in abilityrequirementexport.bin.
9602,Inbound,Component,12710,Component 12710 (HEAL),ExtData[2].Val6,2,9602,9316 (Feeding On Weakness),"Damage, Heal",C:\Users\Admin\Downloads\myps\data\bin\abilitycomponentexport.bin,byte 1088194,Inferred requirement reference because ExtData[*].Val6 matches a known RequirementId row in abilityrequirementexport.bin.
9602,Inbound,Component,12711,Component 12711 (HEAL),ExtData[2].Val6,2,9602,9316 (Feeding On Weakness),"Damage, Heal",C:\Users\Admin\Downloads\myps\data\bin\abilitycomponentexport.bin,byte 1088459,Inferred requirement reference because ExtData[*].Val6 matches a known RequirementId row in abilityrequirementexport.bin.
9602,Inbound,Component,12712,Component 12712 (HEAL),ExtData[2].Val6,2,9602,9316 (Feeding On Weakness),"Damage, Heal",C:\Users\Admin\Downloads\myps\data\bin\abilitycomponentexport.bin,byte 1088724,Inferred requirement reference because ExtData[*].Val6 matches a known RequirementId row in abilityrequirementexport.bin.
9602,Inbound,Component,12953,Component 12953 (STAT_CHANGE),ExtData[0].Val6,0,9602,3073 (Brutal Smash),,C:\Users\Admin\Downloads\myps\data\bin\abilitycomponentexport.bin,byte 1126738,Inferred requirement reference because ExtData[*].Val6 matches a known RequirementId row in abilityrequirementexport.bin.
9602,Inbound,Component,12954,Component 12954 (STAT_CHANGE),ExtData[2].Val6,2,9602,3073 (Brutal Smash),,C:\Users\Admin\Downloads\myps\data\bin\abilitycomponentexport.bin,byte 1126904,Inferred requirement reference because ExtData[*].Val6 matches a known RequirementId row in abilityrequirementexport.bin.
9602,Inbound,Component,12955,Component 12955 (STAT_CHANGE),ExtData[2].Val6,2,9602,3073 (Brutal Smash),,C:\Users\Admin\Downloads\myps\data\bin\abilitycomponentexport.bin,byte 1127136,Inferred requirement reference because ExtData[*].Val6 matches a known RequirementId row in abilityrequirementexport.bin.
9602,Inbound,Component,12956,Component 12956 (STAT_CHANGE),ExtData[2].Val6,2,9602,3073 (Brutal Smash),,C:\Users\Admin\Downloads\myps\data\bin\abilitycomponentexport.bin,byte 1127368,Inferred requirement reference because ExtData[*].Val6 matches a known RequirementId row in abilityrequirementexport.bin.
9602,Inbound,Component,12957,Component 12957 (STAT_CHANGE),ExtData[2].Val6,2,9602,3073 (Brutal Smash),,C:\Users\Admin\Downloads\myps\data\bin\abilitycomponentexport.bin,byte 1127600,Inferred requirement reference because ExtData[*].Val6 matches a known RequirementId row in abilityrequirementexport.bin.
9602,Outbound,Requirement,9602,Requirement 9602,ExtData[0].Val6,0,9601,,,C:\Users\Admin\Downloads\myps\data\bin\abilityrequirementexport.bin,byte 52090,Inferred requirement reference because ExtData[*].Val6 matches a known RequirementId row in abilityrequirementexport.bin.
9603,Inbound,Ability,8167,Ability 8167 (Cauterize),ExtData[0].Val6,0,9603,8167 (Cauterize),,C:\Users\Admin\Downloads\myps\data\bin\abilityexport.bin,byte 1199296,Inferred requirement reference because ExtData[*].Val6 matches a known RequirementId row in abilityrequirementexport.bin.
9604,Inbound,Component,10694,Component 10694 (VELOCITY),ExtData[0].Val6,0,9604,10786 (Poisoned),,C:\Users\Admin\Downloads\myps\data\bin\abilitycomponentexport.bin,byte 1484004,Inferred requirement reference because ExtData[*].Val6 matches a known RequirementId row in abilityrequirementexport.bin.
9604,Inbound,Component,17984,Component 17984 (DAMAGE),ExtData[1].Val6,1,9604,10786 (Poisoned),,C:\Users\Admin\Downloads\myps\data\bin\abilitycomponentexport.bin,byte 1777681,Inferred requirement reference because ExtData[*].Val6 matches a known RequirementId row in abilityrequirementexport.bin.
9604,Inbound,Component,17985,Component 17985 (DAMAGE),ExtData[1].Val6,1,9604,10786 (Poisoned),,C:\Users\Admin\Downloads\myps\data\bin\abilitycomponentexport.bin,byte 1777880,Inferred requirement reference because ExtData[*].Val6 matches a known RequirementId row in abilityrequirementexport.bin.
9604,Inbound,Component,17986,Component 17986 (DAMAGE),ExtData[1].Val6,1,9604,10786 (Poisoned),,C:\Users\Admin\Downloads\myps\data\bin\abilitycomponentexport.bin,byte 1778079,Inferred requirement reference because ExtData[*].Val6 matches a known RequirementId row in abilityrequirementexport.bin.
9604,Inbound,Component,17987,Component 17987 (DISPEL_BUFF),ExtData[0].Val6,0,9604,10786 (Poisoned),,C:\Users\Admin\Downloads\myps\data\bin\abilitycomponentexport.bin,byte 1778311,Inferred requirement reference because ExtData[*].Val6 matches a known RequirementId row in abilityrequirementexport.bin.
9605,Inbound,Component,14753,Component 14753 (UPDATE_COUNTER),ExtData[0].Val6,0,9605,14976 (Battle Fatigue),,C:\Users\Admin\Downloads\myps\data\bin\abilitycomponentexport.bin,byte 1615111,Inferred requirement reference because ExtData[*].Val6 matches a known RequirementId row in abilityrequirementexport.bin.
9605,Inbound,Component,14755,Component 14755 (UPDATE_COUNTER),ExtData[0].Val6,0,9605,14025 (Battle Fatigue),,C:\Users\Admin\Downloads\myps\data\bin\abilitycomponentexport.bin,byte 1615443,Inferred requirement reference because ExtData[*].Val6 matches a known RequirementId row in abilityrequirementexport.bin.
9607,Inbound,Requirement,9608,Requirement 9608,ExtData[1].Val6,1,9607,,,C:\Users\Admin\Downloads\myps\data\bin\abilityrequirementexport.bin,byte 52609,Inferred requirement reference because ExtData[*].Val6 matches a known RequirementId row in abilityrequirementexport.bin.
9608,Inbound,Component,9276,Component 9276 (DAMAGE),ExtData[1].Val6,1,9608,8502 (Indigo Fire of Change),Damage,C:\Users\Admin\Downloads\myps\data\bin\abilitycomponentexport.bin,byte 660069,Inferred requirement reference because ExtData[*].Val6 matches a known RequirementId row in abilityrequirementexport.bin.
9608,Outbound,Requirement,9608,Requirement 9608,ExtData[1].Val6,1,9607,,,C:\Users\Admin\Downloads\myps\data\bin\abilityrequirementexport.bin,byte 52609,Inferred requirement reference because ExtData[*].Val6 matches a known RequirementId row in abilityrequirementexport.bin.
9610,Inbound,Ability,1932,Ability 1932 (Don' Feel Nuthin),ExtData[1].Val6,1,9610,1932 (Don' Feel Nuthin),Damage,C:\Users\Admin\Downloads\myps\data\bin\abilityexport.bin,byte 1169656,Inferred requirement reference because ExtData[*].Val6 matches a known RequirementId row in abilityrequirementexport.bin.
9610,Inbound,Ability,9268,Ability 9268 (Shield of Saphery),ExtData[2].Val6,2,9610,9268 (Shield of Saphery),Damage,C:\Users\Admin\Downloads\myps\data\bin\abilityexport.bin,byte 1304895,Inferred requirement reference because ExtData[*].Val6 matches a known RequirementId row in abilityrequirementexport.bin.
9611,Inbound,Component,19210,Component 19210 (EFFECT_BUFF),ExtData[1].Val6,1,9611,1543 (Lightning Rod),Damage,C:\Users\Admin\Downloads\myps\data\bin\abilitycomponentexport.bin,byte 438099,Inferred requirement reference because ExtData[*].Val6 matches a known RequirementId row in abilityrequirementexport.bin.
9612,Inbound,Component,19209,Component 19209 (EFFECT_BUFF),ExtData[1].Val6,1,9612,1544 (Bugman's Best),Heal,C:\Users\Admin\Downloads\myps\data\bin\abilitycomponentexport.bin,byte 437900,Inferred requirement reference because ExtData[*].Val6 matches a known RequirementId row in abilityrequirementexport.bin.
9613,Inbound,Component,19208,Component 19208 (APPLY_ABILITY),ExtData[2].Val6,2,9613,1544 (Bugman's Best),Heal,C:\Users\Admin\Downloads\myps\data\bin\abilitycomponentexport.bin,byte 437668,Inferred requirement reference because ExtData[*].Val6 matches a known RequirementId row in abilityrequirementexport.bin.
9614,Inbound,Ability,27826,Ability 27826 (Cleansing Wind),ExtData[1].Val6,1,9614,27826 (Cleansing Wind),,C:\Users\Admin\Downloads\myps\data\bin\abilityexport.bin,byte 992690,Inferred requirement reference because ExtData[*].Val6 matches a known RequirementId row in abilityrequirementexport.bin.
9615,Inbound,Component,28308,Component 28308 (IMMUNITY),ExtData[0].Val6,0,9615,28300 (Inexorable Force),"Immunity, Knockback, Knockdown, Root, Stagger",C:\Users\Admin\Downloads\myps\data\bin\abilitycomponentexport.bin,byte 1897632,Inferred requirement reference because ExtData[*].Val6 matches a known RequirementId row in abilityrequirementexport.bin.
9620,Inbound,Requirement,9622,Requirement 9622,ExtData[0].Val6,0,9620,,,C:\Users\Admin\Downloads\myps\data\bin\abilityrequirementexport.bin,byte 53562,Inferred requirement reference because ExtData[*].Val6 matches a known RequirementId row in abilityrequirementexport.bin.
9621,Inbound,Requirement,9622,Requirement 9622,ExtData[1].Val6,1,9621,,,C:\Users\Admin\Downloads\myps\data\bin\abilityrequirementexport.bin,byte 53562,Inferred requirement reference because ExtData[*].Val6 matches a known RequirementId row in abilityrequirementexport.bin.
9622,Inbound,Component,91,Component 91 (DAMAGE),ExtData[7].Val6,7,9622,,,C:\Users\Admin\Downloads\myps\data\bin\abilitycomponentexport.bin,byte 1148706,Inferred requirement reference because ExtData[*].Val6 matches a known RequirementId row in abilityrequirementexport.bin.
9622,Inbound,Component,92,Component 92 (DAMAGE),ExtData[7].Val6,7,9622,,,C:\Users\Admin\Downloads\myps\data\bin\abilitycomponentexport.bin,byte 1148938,Inferred requirement reference because ExtData[*].Val6 matches a known RequirementId row in abilityrequirementexport.bin.
9622,Inbound,Component,93,Component 93 (DAMAGE),ExtData[7].Val6,7,9622,,,C:\Users\Admin\Downloads\myps\data\bin\abilitycomponentexport.bin,byte 1149170,Inferred requirement reference because ExtData[*].Val6 matches a known RequirementId row in abilityrequirementexport.bin.
9622,Inbound,Component,94,Component 94 (DAMAGE),ExtData[7].Val6,7,9622,,,C:\Users\Admin\Downloads\myps\data\bin\abilitycomponentexport.bin,byte 1149402,Inferred requirement reference because ExtData[*].Val6 matches a known RequirementId row in abilityrequirementexport.bin.
9622,Inbound,Component,95,Component 95 (DAMAGE),ExtData[7].Val6,7,9622,,,C:\Users\Admin\Downloads\myps\data\bin\abilitycomponentexport.bin,byte 1149634,Inferred requirement reference because ExtData[*].Val6 matches a known RequirementId row in abilityrequirementexport.bin.
9622,Inbound,Component,96,Component 96 (DAMAGE),ExtData[7].Val6,7,9622,,,C:\Users\Admin\Downloads\myps\data\bin\abilitycomponentexport.bin,byte 1149866,Inferred requirement reference because ExtData[*].Val6 matches a known RequirementId row in abilityrequirementexport.bin.
9622,Inbound,Component,97,Component 97 (DAMAGE),ExtData[7].Val6,7,9622,,,C:\Users\Admin\Downloads\myps\data\bin\abilitycomponentexport.bin,byte 1150098,Inferred requirement reference because ExtData[*].Val6 matches a known RequirementId row in abilityrequirementexport.bin.
9622,Inbound,Component,98,Component 98 (DAMAGE),ExtData[7].Val6,7,9622,,,C:\Users\Admin\Downloads\myps\data\bin\abilitycomponentexport.bin,byte 1150330,Inferred requirement reference because ExtData[*].Val6 matches a known RequirementId row in abilityrequirementexport.bin.
9622,Inbound,Component,99,Component 99 (DAMAGE),ExtData[7].Val6,7,9622,,,C:\Users\Admin\Downloads\myps\data\bin\abilitycomponentexport.bin,byte 1150562,Inferred requirement reference because ExtData[*].Val6 matches a known RequirementId row in abilityrequirementexport.bin.
9622,Inbound,Component,145,Component 145 (DAMAGE),ExtData[7].Val6,7,9622,"1359 (Punishing Blow), 1666 (Wot armor?), 1824 (Git Em!), 8083 (Fervor), 8244 (Divine Assault), 8257 (Castigation), 8338 (Touch of Palsy), 9002 (Graceful Strike)","Damage, Heal, Silence",C:\Users\Admin\Downloads\myps\data\bin\abilitycomponentexport.bin,byte 1157367,Inferred requirement reference because ExtData[*].Val6 matches a known RequirementId row in abilityrequirementexport.bin.
9622,Inbound,Component,146,Component 146 (DAMAGE),ExtData[7].Val6,7,9622,"1355 (Grudging Blow), 1356 (Guarded Attack), 1357 (Vengeful Strike), 1362 (Kneecapper), 1431 (Relentless Strike), 1434 (Deep Wound), 1465 (Inevitable Doom), 1667 (Follow 'me Lead)","Damage, Heal, Snare",C:\Users\Admin\Downloads\myps\data\bin\abilitycomponentexport.bin,byte 1157599,Inferred requirement reference because ExtData[*].Val6 matches a known RequirementId row in abilityrequirementexport.bin.
9622,Inbound,Component,147,Component 147 (DAMAGE),ExtData[7].Val6,7,9622,"1354 (Heavy Blow), 1364 (Inspiring Attack), 1371 (Stone Breaker), 1664 (Clobber), 1669 (Tuffer 'n Nails), 1772 (Tired Already?), 8017 (Repel Darkness), 8018 (Smashing Counter)","Damage, Heal",C:\Users\Admin\Downloads\myps\data\bin\abilitycomponentexport.bin,byte 1157831,Inferred requirement reference because ExtData[*].Val6 matches a known RequirementId row in abilityrequirementexport.bin.
9622,Inbound,Component,148,Component 148 (DAMAGE),ExtData[7].Val6,7,9622,"1 (Ard Noggin), 3 (Bounce), 127 (Main Hand Weap), 128 (Off Hand Weap), 129 (Both Hand Weap), 130 (Tags on Main (Both have fx trails)), 131 (Tags on Off (Both have fx trails)), 1200 (Anim Tag Test - Instant)","Damage, Heal, Silence, Snare",C:\Users\Admin\Downloads\myps\data\bin\abilitycomponentexport.bin,byte 1158063,Inferred requirement reference because ExtData[*].Val6 matches a known RequirementId row in abilityrequirementexport.bin.
9622,Inbound,Component,149,Component 149 (DAMAGE),ExtData[7].Val6,7,9622,"1369 (Shield of Reprisal), 1381 (Avenging the Debt), 1437 (Spine Crusher), 1677 (Savin' Me Hide), 1691 (Not in da face!), 1749 (Go For Da Soft Spot), 3498 (Sub Ability), 9083 (Grim Slash)","Damage, Disarm, Heal, Immunity, Knockback, Knockdown, Silence, Stagger",C:\Users\Admin\Downloads\myps\data\bin\abilitycomponentexport.bin,byte 1158295,Inferred requirement reference because ExtData[*].Val6 matches a known RequirementId row in abilityrequirementexport.bin.
9622,Inbound,Component,150,Component 150 (DAMAGE),ExtData[7].Val6,7,9622,"8086 (Confess!), 8413 (Pulverize), 8424 (Thunderous Blow), 9019 (Dazzling Strike)","Damage, Disarm",C:\Users\Admin\Downloads\myps\data\bin\abilitycomponentexport.bin,byte 1158527,Inferred requirement reference because ExtData[*].Val6 matches a known RequirementId row in abilityrequirementexport.bin.
9622,Inbound,Component,151,Component 151 (DAMAGE),ExtData[7].Val6,7,9622,"1365 (Away With Ye), 9108 (Exploit Weakness)",Damage,C:\Users\Admin\Downloads\myps\data\bin\abilitycomponentexport.bin,byte 1158759,Inferred requirement reference because ExtData[*].Val6 matches a known RequirementId row in abilityrequirementexport.bin.
9622,Inbound,Component,152,Component 152 (DAMAGE),ExtData[7].Val6,7,9622,"8109 (Repel Blasphemy), 8115 (Pistol Whip), 9427 (Heart Seeker)",Damage,C:\Users\Admin\Downloads\myps\data\bin\abilitycomponentexport.bin,byte 1158991,Inferred requirement reference because ExtData[*].Val6 matches a known RequirementId row in abilityrequirementexport.bin.
9622,Inbound,Component,153,Component 153 (DAMAGE),ExtData[7].Val6,7,9622,,,C:\Users\Admin\Downloads\myps\data\bin\abilitycomponentexport.bin,byte 1159223,Inferred requirement reference because ExtData[*].Val6 matches a known RequirementId row in abilityrequirementexport.bin.
9622,Inbound,Component,155,Component 155 (DAMAGE),ExtData[7].Val6,7,9622,,,C:\Users\Admin\Downloads\myps\data\bin\abilitycomponentexport.bin,byte 1159455,Inferred requirement reference because ExtData[*].Val6 matches a known RequirementId row in abilityrequirementexport.bin.
9622,Inbound,Component,156,Component 156 (DAMAGE),ExtData[7].Val6,7,9622,,,C:\Users\Admin\Downloads\myps\data\bin\abilitycomponentexport.bin,byte 1159687,Inferred requirement reference because ExtData[*].Val6 matches a known RequirementId row in abilityrequirementexport.bin.
9622,Inbound,Component,157,Component 157 (DAMAGE),ExtData[7].Val6,7,9622,,,C:\Users\Admin\Downloads\myps\data\bin\abilitycomponentexport.bin,byte 1159919,Inferred requirement reference because ExtData[*].Val6 matches a known RequirementId row in abilityrequirementexport.bin.
9622,Inbound,Component,158,Component 158 (DAMAGE),ExtData[7].Val6,7,9622,,,C:\Users\Admin\Downloads\myps\data\bin\abilitycomponentexport.bin,byte 1160151,Inferred requirement reference because ExtData[*].Val6 matches a known RequirementId row in abilityrequirementexport.bin.
9622,Inbound,Component,159,Component 159 (DAMAGE),ExtData[7].Val6,7,9622,,,C:\Users\Admin\Downloads\myps\data\bin\abilitycomponentexport.bin,byte 1160383,Inferred requirement reference because ExtData[*].Val6 matches a known RequirementId row in abilityrequirementexport.bin.
9622,Inbound,Component,160,Component 160 (DAMAGE),ExtData[7].Val6,7,9622,,,C:\Users\Admin\Downloads\myps\data\bin\abilitycomponentexport.bin,byte 1160615,Inferred requirement reference because ExtData[*].Val6 matches a known RequirementId row in abilityrequirementexport.bin.
9622,Inbound,Component,161,Component 161 (DAMAGE),ExtData[7].Val6,7,9622,,,C:\Users\Admin\Downloads\myps\data\bin\abilitycomponentexport.bin,byte 1160847,Inferred requirement reference because ExtData[*].Val6 matches a known RequirementId row in abilityrequirementexport.bin.
9622,Inbound,Component,162,Component 162 (DAMAGE),ExtData[7].Val6,7,9622,,,C:\Users\Admin\Downloads\myps\data\bin\abilitycomponentexport.bin,byte 1161079,Inferred requirement reference because ExtData[*].Val6 matches a known RequirementId row in abilityrequirementexport.bin.
9622,Inbound,Component,163,Component 163 (DAMAGE),ExtData[7].Val6,7,9622,,,C:\Users\Admin\Downloads\myps\data\bin\abilitycomponentexport.bin,byte 1161311,Inferred requirement reference because ExtData[*].Val6 matches a known RequirementId row in abilityrequirementexport.bin.
9622,Inbound,Component,165,Component 165 (DAMAGE),ExtData[7].Val6,7,9622,,,C:\Users\Admin\Downloads\myps\data\bin\abilitycomponentexport.bin,byte 1161543,Inferred requirement reference because ExtData[*].Val6 matches a known RequirementId row in abilityrequirementexport.bin.
9622,Inbound,Component,166,Component 166 (DAMAGE),ExtData[7].Val6,7,9622,,,C:\Users\Admin\Downloads\myps\data\bin\abilitycomponentexport.bin,byte 1161775,Inferred requirement reference because ExtData[*].Val6 matches a known RequirementId row in abilityrequirementexport.bin.
9622,Inbound,Component,167,Component 167 (DAMAGE),ExtData[7].Val6,7,9622,,,C:\Users\Admin\Downloads\myps\data\bin\abilitycomponentexport.bin,byte 1162007,Inferred requirement reference because ExtData[*].Val6 matches a known RequirementId row in abilityrequirementexport.bin.
9622,Inbound,Component,168,Component 168 (DAMAGE),ExtData[7].Val6,7,9622,,,C:\Users\Admin\Downloads\myps\data\bin\abilitycomponentexport.bin,byte 1162239,Inferred requirement reference because ExtData[*].Val6 matches a known RequirementId row in abilityrequirementexport.bin.
9622,Inbound,Component,169,Component 169 (DAMAGE),ExtData[7].Val6,7,9622,,,C:\Users\Admin\Downloads\myps\data\bin\abilitycomponentexport.bin,byte 1162471,Inferred requirement reference because ExtData[*].Val6 matches a known RequirementId row in abilityrequirementexport.bin.
9622,Inbound,Component,170,Component 170 (DAMAGE),ExtData[7].Val6,7,9622,,,C:\Users\Admin\Downloads\myps\data\bin\abilitycomponentexport.bin,byte 1162703,Inferred requirement reference because ExtData[*].Val6 matches a known RequirementId row in abilityrequirementexport.bin.
9622,Inbound,Component,171,Component 171 (DAMAGE),ExtData[7].Val6,7,9622,,,C:\Users\Admin\Downloads\myps\data\bin\abilitycomponentexport.bin,byte 1162935,Inferred requirement reference because ExtData[*].Val6 matches a known RequirementId row in abilityrequirementexport.bin.
9622,Inbound,Component,172,Component 172 (DAMAGE),ExtData[7].Val6,7,9622,,,C:\Users\Admin\Downloads\myps\data\bin\abilitycomponentexport.bin,byte 1163167,Inferred requirement reference because ExtData[*].Val6 matches a known RequirementId row in abilityrequirementexport.bin.
9622,Inbound,Component,173,Component 173 (DAMAGE),ExtData[7].Val6,7,9622,,,C:\Users\Admin\Downloads\myps\data\bin\abilitycomponentexport.bin,byte 1163399,Inferred requirement reference because ExtData[*].Val6 matches a known RequirementId row in abilityrequirementexport.bin.
9622,Inbound,Component,175,Component 175 (DAMAGE),ExtData[7].Val6,7,9622,,,C:\Users\Admin\Downloads\myps\data\bin\abilitycomponentexport.bin,byte 1163631,Inferred requirement reference because ExtData[*].Val6 matches a known RequirementId row in abilityrequirementexport.bin.
9622,Inbound,Component,176,Component 176 (DAMAGE),ExtData[7].Val6,7,9622,,,C:\Users\Admin\Downloads\myps\data\bin\abilitycomponentexport.bin,byte 1163863,Inferred requirement reference because ExtData[*].Val6 matches a known RequirementId row in abilityrequirementexport.bin.
9622,Inbound,Component,177,Component 177 (DAMAGE),ExtData[7].Val6,7,9622,,,C:\Users\Admin\Downloads\myps\data\bin\abilitycomponentexport.bin,byte 1164095,Inferred requirement reference because ExtData[*].Val6 matches a known RequirementId row in abilityrequirementexport.bin.
9622,Inbound,Component,178,Component 178 (DAMAGE),ExtData[7].Val6,7,9622,,,C:\Users\Admin\Downloads\myps\data\bin\abilitycomponentexport.bin,byte 1164327,Inferred requirement reference because ExtData[*].Val6 matches a known RequirementId row in abilityrequirementexport.bin.
9622,Inbound,Component,179,Component 179 (DAMAGE),ExtData[7].Val6,7,9622,8112 (Punish The False),"Damage, Heal",C:\Users\Admin\Downloads\myps\data\bin\abilitycomponentexport.bin,byte 1164559,Inferred requirement reference because ExtData[*].Val6 matches a known RequirementId row in abilityrequirementexport.bin.
9622,Inbound,Component,180,Component 180 (DAMAGE),ExtData[7].Val6,7,9622,,,C:\Users\Admin\Downloads\myps\data\bin\abilitycomponentexport.bin,byte 1164791,Inferred requirement reference because ExtData[*].Val6 matches a known RequirementId row in abilityrequirementexport.bin.
9622,Inbound,Component,181,Component 181 (DAMAGE),ExtData[7].Val6,7,9622,,,C:\Users\Admin\Downloads\myps\data\bin\abilitycomponentexport.bin,byte 1165023,Inferred requirement reference because ExtData[*].Val6 matches a known RequirementId row in abilityrequirementexport.bin.
9622,Inbound,Component,182,Component 182 (DAMAGE),ExtData[7].Val6,7,9622,,,C:\Users\Admin\Downloads\myps\data\bin\abilitycomponentexport.bin,byte 1165255,Inferred requirement reference because ExtData[*].Val6 matches a known RequirementId row in abilityrequirementexport.bin.
9622,Inbound,Component,183,Component 183 (DAMAGE),ExtData[7].Val6,7,9622,,,C:\Users\Admin\Downloads\myps\data\bin\abilitycomponentexport.bin,byte 1165487,Inferred requirement reference because ExtData[*].Val6 matches a known RequirementId row in abilityrequirementexport.bin.
9622,Inbound,Component,538,Component 538 (DAMAGE),ExtData[7].Val6,7,9622,,,C:\Users\Admin\Downloads\myps\data\bin\abilitycomponentexport.bin,byte 6579,Inferred requirement reference because ExtData[*].Val6 matches a known RequirementId row in abilityrequirementexport.bin.
9622,Inbound,Component,539,Component 539 (DAMAGE),ExtData[7].Val6,7,9622,,,C:\Users\Admin\Downloads\myps\data\bin\abilitycomponentexport.bin,byte 6877,Inferred requirement reference because ExtData[*].Val6 matches a known RequirementId row in abilityrequirementexport.bin.
9622,Inbound,Component,540,Component 540 (DAMAGE),ExtData[7].Val6,7,9622,,,C:\Users\Admin\Downloads\myps\data\bin\abilitycomponentexport.bin,byte 7175,Inferred requirement reference because ExtData[*].Val6 matches a known RequirementId row in abilityrequirementexport.bin.
9622,Inbound,Component,561,Component 561 (DAMAGE),ExtData[7].Val6,7,9622,,,C:\Users\Admin\Downloads\myps\data\bin\abilitycomponentexport.bin,byte 11057,Inferred requirement reference because ExtData[*].Val6 matches a known RequirementId row in abilityrequirementexport.bin.
9622,Inbound,Component,575,Component 575 (DAMAGE),ExtData[7].Val6,7,9622,,,C:\Users\Admin\Downloads\myps\data\bin\abilitycomponentexport.bin,byte 13348,Inferred requirement reference because ExtData[*].Val6 matches a known RequirementId row in abilityrequirementexport.bin.
9622,Inbound,Component,579,Component 579 (DAMAGE),ExtData[7].Val6,7,9622,"1202 (Anim Tag Test - Channel), 1203 (Anim Tag Test - Channel), 1204 (Anim Tag Test - Channel), 1205 (Anim Tag Test - Channel), 1206 (Anim Tag Test - Channel), 1207 (Anim Tag Test - Channel), 1208 (Anim Tag Test - Channel), 1218 (Anim Tag Test - Channel)",,C:\Users\Admin\Downloads\myps\data\bin\abilitycomponentexport.bin,byte 14111,Inferred requirement reference because ExtData[*].Val6 matches a known RequirementId row in abilityrequirementexport.bin.
9622,Inbound,Component,588,Component 588 (DAMAGE),ExtData[7].Val6,7,9622,,,C:\Users\Admin\Downloads\myps\data\bin\abilitycomponentexport.bin,byte 15473,Inferred requirement reference because ExtData[*].Val6 matches a known RequirementId row in abilityrequirementexport.bin.
9622,Inbound,Component,686,Component 686 (DAMAGE),ExtData[7].Val6,7,9622,,,C:\Users\Admin\Downloads\myps\data\bin\abilitycomponentexport.bin,byte 31576,Inferred requirement reference because ExtData[*].Val6 matches a known RequirementId row in abilityrequirementexport.bin.
9622,Inbound,Component,705,Component 705 (DAMAGE),ExtData[7].Val6,7,9622,,,C:\Users\Admin\Downloads\myps\data\bin\abilitycomponentexport.bin,byte 34664,Inferred requirement reference because ExtData[*].Val6 matches a known RequirementId row in abilityrequirementexport.bin.
9622,Inbound,Component,723,Component 723 (DAMAGE),ExtData[7].Val6,7,9622,,,C:\Users\Admin\Downloads\myps\data\bin\abilitycomponentexport.bin,byte 37553,Inferred requirement reference because ExtData[*].Val6 matches a known RequirementId row in abilityrequirementexport.bin.
9622,Inbound,Component,727,Component 727 (DAMAGE),ExtData[7].Val6,7,9622,,,C:\Users\Admin\Downloads\myps\data\bin\abilitycomponentexport.bin,byte 38250,Inferred requirement reference because ExtData[*].Val6 matches a known RequirementId row in abilityrequirementexport.bin.
9622,Inbound,Component,1222,Component 1222 (DAMAGE),ExtData[7].Val6,7,9622,,,C:\Users\Admin\Downloads\myps\data\bin\abilitycomponentexport.bin,byte 119991,Inferred requirement reference because ExtData[*].Val6 matches a known RequirementId row in abilityrequirementexport.bin.
9622,Inbound,Component,1230,Component 1230 (DAMAGE),ExtData[7].Val6,7,9622,,,C:\Users\Admin\Downloads\myps\data\bin\abilitycomponentexport.bin,byte 121220,Inferred requirement reference because ExtData[*].Val6 matches a known RequirementId row in abilityrequirementexport.bin.
9622,Inbound,Component,1231,Component 1231 (DAMAGE),ExtData[7].Val6,7,9622,,,C:\Users\Admin\Downloads\myps\data\bin\abilitycomponentexport.bin,byte 121485,Inferred requirement reference because ExtData[*].Val6 matches a known RequirementId row in abilityrequirementexport.bin.
9622,Inbound,Component,1232,Component 1232 (DAMAGE),ExtData[7].Val6,7,9622,,,C:\Users\Admin\Downloads\myps\data\bin\abilitycomponentexport.bin,byte 121783,Inferred requirement reference because ExtData[*].Val6 matches a known RequirementId row in abilityrequirementexport.bin.
9622,Inbound,Component,1239,Component 1239 (DAMAGE),ExtData[7].Val6,7,9622,1361 (Shield Sweep),Damage,C:\Users\Admin\Downloads\myps\data\bin\abilitycomponentexport.bin,byte 123077,Inferred requirement reference because ExtData[*].Val6 matches a known RequirementId row in abilityrequirementexport.bin.
9622,Inbound,Component,1368,Component 1368 (DAMAGE),ExtData[7].Val6,7,9622,,,C:\Users\Admin\Downloads\myps\data\bin\abilitycomponentexport.bin,byte 144821,Inferred requirement reference because ExtData[*].Val6 matches a known RequirementId row in abilityrequirementexport.bin.
9622,Inbound,Component,1369,Component 1369 (DAMAGE),ExtData[7].Val6,7,9622,,,C:\Users\Admin\Downloads\myps\data\bin\abilitycomponentexport.bin,byte 145086,Inferred requirement reference because ExtData[*].Val6 matches a known RequirementId row in abilityrequirementexport.bin.
9622,Inbound,Component,1370,Component 1370 (DAMAGE),ExtData[7].Val6,7,9622,,,C:\Users\Admin\Downloads\myps\data\bin\abilitycomponentexport.bin,byte 145384,Inferred requirement reference because ExtData[*].Val6 matches a known RequirementId row in abilityrequirementexport.bin.
9622,Inbound,Component,1422,Component 1422 (DAMAGE),ExtData[7].Val6,7,9622,1385 (Grudge-Born Fury),Damage,C:\Users\Admin\Downloads\myps\data\bin\abilitycomponentexport.bin,byte 154742,Inferred requirement reference because ExtData[*].Val6 matches a known RequirementId row in abilityrequirementexport.bin.
9622,Inbound,Component,1464,Component 1464 (DAMAGE),ExtData[7].Val6,7,9622,1508 (Gun Blast),Damage,C:\Users\Admin\Downloads\myps\data\bin\abilitycomponentexport.bin,byte 161846,Inferred requirement reference because ExtData[*].Val6 matches a known RequirementId row in abilityrequirementexport.bin.
9622,Inbound,Component,1471,Component 1471 (DAMAGE),ExtData[7].Val6,7,9622,1513 (Friction Burn),Damage,C:\Users\Admin\Downloads\myps\data\bin\abilitycomponentexport.bin,byte 163008,Inferred requirement reference because ExtData[*].Val6 matches a known RequirementId row in abilityrequirementexport.bin.
9622,Inbound,Component,1475,Component 1475 (DAMAGE),ExtData[7].Val6,7,9622,1517 (Blunderbuss Blast),Damage,C:\Users\Admin\Downloads\myps\data\bin\abilitycomponentexport.bin,byte 163771,Inferred requirement reference because ExtData[*].Val6 matches a known RequirementId row in abilityrequirementexport.bin.
9622,Inbound,Component,1488,Component 1488 (DAMAGE),ExtData[7].Val6,7,9622,1536 (Crack Shot),"Damage, Disarm",C:\Users\Admin\Downloads\myps\data\bin\abilitycomponentexport.bin,byte 165764,Inferred requirement reference because ExtData[*].Val6 matches a known RequirementId row in abilityrequirementexport.bin.
9622,Inbound,Component,1492,Component 1492 (DAMAGE),ExtData[7].Val6,7,9622,1538 (Snipe),Damage,C:\Users\Admin\Downloads\myps\data\bin\abilitycomponentexport.bin,byte 166560,Inferred requirement reference because ExtData[*].Val6 matches a known RequirementId row in abilityrequirementexport.bin.
9622,Inbound,Component,1515,Component 1515 (DAMAGE),ExtData[7].Val6,7,9622,1672 (Big Swing),Damage,C:\Users\Admin\Downloads\myps\data\bin\abilitycomponentexport.bin,byte 170180,Inferred requirement reference because ExtData[*].Val6 matches a known RequirementId row in abilityrequirementexport.bin.
9622,Inbound,Component,1522,Component 1522 (DAMAGE),ExtData[7].Val6,7,9622,1678 (Da Big Un'),Damage,C:\Users\Admin\Downloads\myps\data\bin\abilitycomponentexport.bin,byte 171375,Inferred requirement reference because ExtData[*].Val6 matches a known RequirementId row in abilityrequirementexport.bin.
9622,Inbound,Component,1527,Component 1527 (DAMAGE),ExtData[7].Val6,7,9622,,,C:\Users\Admin\Downloads\myps\data\bin\abilitycomponentexport.bin,byte 172238,Inferred requirement reference because ExtData[*].Val6 matches a known RequirementId row in abilityrequirementexport.bin.
9622,Inbound,Component,1528,Component 1528 (DAMAGE),ExtData[7].Val6,7,9622,1690 (Ya Missed Me),Damage,C:\Users\Admin\Downloads\myps\data\bin\abilitycomponentexport.bin,byte 172470,Inferred requirement reference because ExtData[*].Val6 matches a known RequirementId row in abilityrequirementexport.bin.
9622,Inbound,Component,1543,Component 1543 (DAMAGE),ExtData[7].Val6,7,9622,1680 (Big Slash),Damage,C:\Users\Admin\Downloads\myps\data\bin\abilitycomponentexport.bin,byte 175059,Inferred requirement reference because ExtData[*].Val6 matches a known RequirementId row in abilityrequirementexport.bin.
9622,Inbound,Component,1544,Component 1544 (DAMAGE),ExtData[7].Val6,7,9622,1680 (Big Slash),Damage,C:\Users\Admin\Downloads\myps\data\bin\abilitycomponentexport.bin,byte 175324,Inferred requirement reference because ExtData[*].Val6 matches a known RequirementId row in abilityrequirementexport.bin.
9622,Inbound,Component,1803,Component 1803 (DAMAGE),ExtData[7].Val6,7,9622,1528 (Focused Fire),Damage,C:\Users\Admin\Downloads\myps\data\bin\abilitycomponentexport.bin,byte 218843,Inferred requirement reference because ExtData[*].Val6 matches a known RequirementId row in abilityrequirementexport.bin.
9622,Inbound,Component,1811,Component 1811 (DAMAGE),ExtData[7].Val6,7,9622,1822 (Yer Bleedin'!),Damage,C:\Users\Admin\Downloads\myps\data\bin\abilitycomponentexport.bin,byte 220005,Inferred requirement reference because ExtData[*].Val6 matches a known RequirementId row in abilityrequirementexport.bin.
9622,Inbound,Component,1812,Component 1812 (DAMAGE),ExtData[7].Val6,7,9622,1847 (Poison Arrer),Damage,C:\Users\Admin\Downloads\myps\data\bin\abilitycomponentexport.bin,byte 220237,Inferred requirement reference because ExtData[*].Val6 matches a known RequirementId row in abilityrequirementexport.bin.
9622,Inbound,Component,1816,Component 1816 (DAMAGE),ExtData[7].Val6,7,9622,1829 (Cut Ya!),Damage,C:\Users\Admin\Downloads\myps\data\bin\abilitycomponentexport.bin,byte 221033,Inferred requirement reference because ExtData[*].Val6 matches a known RequirementId row in abilityrequirementexport.bin.
9622,Inbound,Component,1820,Component 1820 (DAMAGE),ExtData[7].Val6,7,9622,1840 (Shoot Thru Ya),Damage,C:\Users\Admin\Downloads\myps\data\bin\abilitycomponentexport.bin,byte 221730,Inferred requirement reference because ExtData[*].Val6 matches a known RequirementId row in abilityrequirementexport.bin.
9622,Inbound,Component,1821,Component 1821 (DAMAGE),ExtData[7].Val6,7,9622,1834 (Lots o' Arrers),Damage,C:\Users\Admin\Downloads\myps\data\bin\abilitycomponentexport.bin,byte 221962,Inferred requirement reference because ExtData[*].Val6 matches a known RequirementId row in abilityrequirementexport.bin.
9622,Inbound,Component,1823,Component 1823 (DAMAGE),ExtData[7].Val6,7,9622,1823 (What Blocka?),Damage,C:\Users\Admin\Downloads\myps\data\bin\abilitycomponentexport.bin,byte 222360,Inferred requirement reference because ExtData[*].Val6 matches a known RequirementId row in abilityrequirementexport.bin.
9622,Inbound,Component,1826,Component 1826 (DAMAGE),ExtData[7].Val6,7,9622,1848 (Finish 'em Off),Damage,C:\Users\Admin\Downloads\myps\data\bin\abilitycomponentexport.bin,byte 222924,Inferred requirement reference because ExtData[*].Val6 matches a known RequirementId row in abilityrequirementexport.bin.
9622,Inbound,Component,1827,Component 1827 (DAMAGE),ExtData[7].Val6,7,9622,1848 (Finish 'em Off),Damage,C:\Users\Admin\Downloads\myps\data\bin\abilitycomponentexport.bin,byte 223189,Inferred requirement reference because ExtData[*].Val6 matches a known RequirementId row in abilityrequirementexport.bin.
9622,Inbound,Component,1828,Component 1828 (DAMAGE),ExtData[7].Val6,7,9622,,,C:\Users\Admin\Downloads\myps\data\bin\abilitycomponentexport.bin,byte 223454,Inferred requirement reference because ExtData[*].Val6 matches a known RequirementId row in abilityrequirementexport.bin.
9622,Inbound,Component,1831,Component 1831 (DAMAGE),ExtData[7].Val6,7,9622,1853 (Rotten Arrer),"Damage, Heal",C:\Users\Admin\Downloads\myps\data\bin\abilitycomponentexport.bin,byte 224018,Inferred requirement reference because ExtData[*].Val6 matches a known RequirementId row in abilityrequirementexport.bin.
9622,Inbound,Component,1842,Component 1842 (DAMAGE),ExtData[7].Val6,7,9622,1833 (Explodin' Arrer),Damage,C:\Users\Admin\Downloads\myps\data\bin\abilitycomponentexport.bin,byte 226075,Inferred requirement reference because ExtData[*].Val6 matches a known RequirementId row in abilityrequirementexport.bin.
9622,Inbound,Component,1843,Component 1843 (DAMAGE),ExtData[7].Val6,7,9622,1833 (Explodin' Arrer),Damage,C:\Users\Admin\Downloads\myps\data\bin\abilitycomponentexport.bin,byte 226340,Inferred requirement reference because ExtData[*].Val6 matches a known RequirementId row in abilityrequirementexport.bin.
9622,Inbound,Component,1858,Component 1858 (DAMAGE),ExtData[7].Val6,7,9622,,,C:\Users\Admin\Downloads\myps\data\bin\abilitycomponentexport.bin,byte 228764,Inferred requirement reference because ExtData[*].Val6 matches a known RequirementId row in abilityrequirementexport.bin.
9622,Inbound,Component,1880,Component 1880 (DAMAGE),ExtData[7].Val6,7,9622,1520 (Hip Shot),Damage,C:\Users\Admin\Downloads\myps\data\bin\abilitycomponentexport.bin,byte 232383,Inferred requirement reference because ExtData[*].Val6 matches a known RequirementId row in abilityrequirementexport.bin.
9622,Inbound,Component,1908,Component 1908 (DAMAGE),ExtData[7].Val6,7,9622,1846 (Shrapnel Arrer),Damage,C:\Users\Admin\Downloads\myps\data\bin\abilitycomponentexport.bin,byte 237129,Inferred requirement reference because ExtData[*].Val6 matches a known RequirementId row in abilityrequirementexport.bin.
9622,Inbound,Component,1998,Component 1998 (DAMAGE),ExtData[7].Val6,7,9622,,,C:\Users\Admin\Downloads\myps\data\bin\abilitycomponentexport.bin,byte 253817,Inferred requirement reference because ExtData[*].Val6 matches a known RequirementId row in abilityrequirementexport.bin.
9622,Inbound,Component,2293,Component 2293 (DAMAGE),ExtData[7].Val6,7,9622,,,C:\Users\Admin\Downloads\myps\data\bin\abilitycomponentexport.bin,byte 1224972,Inferred requirement reference because ExtData[*].Val6 matches a known RequirementId row in abilityrequirementexport.bin.
9622,Inbound,Component,3005,Component 3005 (DAMAGE),ExtData[7].Val6,7,9622,1358 (Binding Grudge),Damage,C:\Users\Admin\Downloads\myps\data\bin\abilitycomponentexport.bin,byte 254946,Inferred requirement reference because ExtData[*].Val6 matches a known RequirementId row in abilityrequirementexport.bin.
9622,Inbound,Component,3006,Component 3006 (DAMAGE),ExtData[7].Val6,7,9622,1358 (Binding Grudge),Damage,C:\Users\Admin\Downloads\myps\data\bin\abilitycomponentexport.bin,byte 255244,Inferred requirement reference because ExtData[*].Val6 matches a known RequirementId row in abilityrequirementexport.bin.
9622,Inbound,Component,3007,Component 3007 (DAMAGE),ExtData[7].Val6,7,9622,1358 (Binding Grudge),Damage,C:\Users\Admin\Downloads\myps\data\bin\abilitycomponentexport.bin,byte 255575,Inferred requirement reference because ExtData[*].Val6 matches a known RequirementId row in abilityrequirementexport.bin.
9622,Inbound,Component,3008,Component 3008 (DAMAGE),ExtData[7].Val6,7,9622,"1358 (Binding Grudge), 3590 (Runic Swiftness)",Damage,C:\Users\Admin\Downloads\myps\data\bin\abilitycomponentexport.bin,byte 255906,Inferred requirement reference because ExtData[*].Val6 matches a known RequirementId row in abilityrequirementexport.bin.
9622,Inbound,Component,3009,Component 3009 (DAMAGE),ExtData[7].Val6,7,9622,1358 (Binding Grudge),Damage,C:\Users\Admin\Downloads\myps\data\bin\abilitycomponentexport.bin,byte 256237,Inferred requirement reference because ExtData[*].Val6 matches a known RequirementId row in abilityrequirementexport.bin.
9622,Inbound,Component,3018,Component 3018 (DAMAGE),ExtData[7].Val6,7,9622,1366 (Rune-Etched Axe),Damage,C:\Users\Admin\Downloads\myps\data\bin\abilitycomponentexport.bin,byte 258325,Inferred requirement reference because ExtData[*].Val6 matches a known RequirementId row in abilityrequirementexport.bin.
9622,Inbound,Component,3019,Component 3019 (DAMAGE),ExtData[7].Val6,7,9622,1366 (Rune-Etched Axe),Damage,C:\Users\Admin\Downloads\myps\data\bin\abilitycomponentexport.bin,byte 258623,Inferred requirement reference because ExtData[*].Val6 matches a known RequirementId row in abilityrequirementexport.bin.
9622,Inbound,Component,3020,Component 3020 (DAMAGE),ExtData[7].Val6,7,9622,1366 (Rune-Etched Axe),Damage,C:\Users\Admin\Downloads\myps\data\bin\abilitycomponentexport.bin,byte 258921,Inferred requirement reference because ExtData[*].Val6 matches a known RequirementId row in abilityrequirementexport.bin.
9622,Inbound,Component,3021,Component 3021 (DAMAGE),ExtData[7].Val6,7,9622,1366 (Rune-Etched Axe),Damage,C:\Users\Admin\Downloads\myps\data\bin\abilitycomponentexport.bin,byte 259219,Inferred requirement reference because ExtData[*].Val6 matches a known RequirementId row in abilityrequirementexport.bin.
9622,Inbound,Component,3022,Component 3022 (DAMAGE),ExtData[7].Val6,7,9622,3177 (Rune-Etched Axe),,C:\Users\Admin\Downloads\myps\data\bin\abilitycomponentexport.bin,byte 259517,Inferred requirement reference because ExtData[*].Val6 matches a known RequirementId row in abilityrequirementexport.bin.
9622,Inbound,Component,3042,Component 3042 (DAMAGE),ExtData[7].Val6,7,9622,,,C:\Users\Admin\Downloads\myps\data\bin\abilitycomponentexport.bin,byte 263266,Inferred requirement reference because ExtData[*].Val6 matches a known RequirementId row in abilityrequirementexport.bin.
9622,Inbound,Component,3043,Component 3043 (DAMAGE),ExtData[7].Val6,7,9622,1838 (Don't Hit Me!),Damage,C:\Users\Admin\Downloads\myps\data\bin\abilitycomponentexport.bin,byte 263531,Inferred requirement reference because ExtData[*].Val6 matches a known RequirementId row in abilityrequirementexport.bin.
9622,Inbound,Component,3044,Component 3044 (DAMAGE),ExtData[7].Val6,7,9622,1865 (Drop That!!),,C:\Users\Admin\Downloads\myps\data\bin\abilitycomponentexport.bin,byte 263763,Inferred requirement reference because ExtData[*].Val6 matches a known RequirementId row in abilityrequirementexport.bin.
9622,Inbound,Component,3045,Component 3045 (DAMAGE),ExtData[7].Val6,7,9622,,,C:\Users\Admin\Downloads\myps\data\bin\abilitycomponentexport.bin,byte 264028,Inferred requirement reference because ExtData[*].Val6 matches a known RequirementId row in abilityrequirementexport.bin.
9622,Inbound,Component,3046,Component 3046 (DAMAGE),ExtData[7].Val6,7,9622,1865 (Drop That!!),,C:\Users\Admin\Downloads\myps\data\bin\abilitycomponentexport.bin,byte 264326,Inferred requirement reference because ExtData[*].Val6 matches a known RequirementId row in abilityrequirementexport.bin.
9622,Inbound,Component,3047,Component 3047 (DAMAGE),ExtData[7].Val6,7,9622,,,C:\Users\Admin\Downloads\myps\data\bin\abilitycomponentexport.bin,byte 264624,Inferred requirement reference because ExtData[*].Val6 matches a known RequirementId row in abilityrequirementexport.bin.
9622,Inbound,Component,3048,Component 3048 (DAMAGE),ExtData[7].Val6,7,9622,,,C:\Users\Admin\Downloads\myps\data\bin\abilitycomponentexport.bin,byte 264922,Inferred requirement reference because ExtData[*].Val6 matches a known RequirementId row in abilityrequirementexport.bin.
9622,Inbound,Component,3049,Component 3049 (DAMAGE),ExtData[7].Val6,7,9622,,,C:\Users\Admin\Downloads\myps\data\bin\abilitycomponentexport.bin,byte 265220,Inferred requirement reference because ExtData[*].Val6 matches a known RequirementId row in abilityrequirementexport.bin.
9622,Inbound,Component,3065,Component 3065 (DAMAGE),ExtData[7].Val6,7,9622,1826 (Run 'n Shoot),Damage,C:\Users\Admin\Downloads\myps\data\bin\abilitycomponentexport.bin,byte 268041,Inferred requirement reference because ExtData[*].Val6 matches a known RequirementId row in abilityrequirementexport.bin.
9622,Inbound,Component,3066,Component 3066 (DAMAGE),ExtData[7].Val6,7,9622,1826 (Run 'n Shoot),Damage,C:\Users\Admin\Downloads\myps\data\bin\abilitycomponentexport.bin,byte 268273,Inferred requirement reference because ExtData[*].Val6 matches a known RequirementId row in abilityrequirementexport.bin.
9622,Inbound,Component,3151,Component 3151 (DAMAGE),ExtData[7].Val6,7,9622,,,C:\Users\Admin\Downloads\myps\data\bin\abilitycomponentexport.bin,byte 283307,Inferred requirement reference because ExtData[*].Val6 matches a known RequirementId row in abilityrequirementexport.bin.
9622,Inbound,Component,3152,Component 3152 (DAMAGE),ExtData[7].Val6,7,9622,,,C:\Users\Admin\Downloads\myps\data\bin\abilitycomponentexport.bin,byte 283572,Inferred requirement reference because ExtData[*].Val6 matches a known RequirementId row in abilityrequirementexport.bin.
9622,Inbound,Component,3160,Component 3160 (DAMAGE),ExtData[7].Val6,7,9622,1683 (Shut Yer Face),"Damage, Silence",C:\Users\Admin\Downloads\myps\data\bin\abilitycomponentexport.bin,byte 284999,Inferred requirement reference because ExtData[*].Val6 matches a known RequirementId row in abilityrequirementexport.bin.
9622,Inbound,Component,3161,Component 3161 (DAMAGE),ExtData[7].Val6,7,9622,1683 (Shut Yer Face),"Damage, Silence",C:\Users\Admin\Downloads\myps\data\bin\abilitycomponentexport.bin,byte 285264,Inferred requirement reference because ExtData[*].Val6 matches a known RequirementId row in abilityrequirementexport.bin.
9622,Inbound,Component,3222,Component 3222 (DAMAGE),ExtData[7].Val6,7,9622,1541 (Phosphorous Shells),Damage,C:\Users\Admin\Downloads\myps\data\bin\abilitycomponentexport.bin,byte 295324,Inferred requirement reference because ExtData[*].Val6 matches a known RequirementId row in abilityrequirementexport.bin.
9622,Inbound,Component,3287,Component 3287 (DAMAGE),ExtData[7].Val6,7,9622,2 (Big Claw),Damage,C:\Users\Admin\Downloads\myps\data\bin\abilitycomponentexport.bin,byte 305487,Inferred requirement reference because ExtData[*].Val6 matches a known RequirementId row in abilityrequirementexport.bin.
9622,Inbound,Component,3297,Component 3297 (DAMAGE),ExtData[7].Val6,7,9622,1851 (Big Bouncin!),Damage,C:\Users\Admin\Downloads\myps\data\bin\abilitycomponentexport.bin,byte 307213,Inferred requirement reference because ExtData[*].Val6 matches a known RequirementId row in abilityrequirementexport.bin.
9622,Inbound,Component,3317,Component 3317 (DAMAGE),ExtData[7].Val6,7,9622,,,C:\Users\Admin\Downloads\myps\data\bin\abilitycomponentexport.bin,byte 310665,Inferred requirement reference because ExtData[*].Val6 matches a known RequirementId row in abilityrequirementexport.bin.
9622,Inbound,Component,3356,Component 3356 (DAMAGE),ExtData[7].Val6,7,9622,1821 (Plink),Damage,C:\Users\Admin\Downloads\myps\data\bin\abilitycomponentexport.bin,byte 317568,Inferred requirement reference because ExtData[*].Val6 matches a known RequirementId row in abilityrequirementexport.bin.
9622,Inbound,Component,3357,Component 3357 (DAMAGE),ExtData[7].Val6,7,9622,1839 (Choking Arrer),"Damage, Silence",C:\Users\Admin\Downloads\myps\data\bin\abilitycomponentexport.bin,byte 317800,Inferred requirement reference because ExtData[*].Val6 matches a known RequirementId row in abilityrequirementexport.bin.
9622,Inbound,Component,3358,Component 3358 (DAMAGE),ExtData[7].Val6,7,9622,"1825 (Stop Runnin!), 1835 (Not So Fast!)","Damage, Snare",C:\Users\Admin\Downloads\myps\data\bin\abilitycomponentexport.bin,byte 318032,Inferred requirement reference because ExtData[*].Val6 matches a known RequirementId row in abilityrequirementexport.bin.
9622,Inbound,Component,3359,Component 3359 (DAMAGE),ExtData[7].Val6,7,9622,1854 (Behind Ya!),Damage,C:\Users\Admin\Downloads\myps\data\bin\abilitycomponentexport.bin,byte 318264,Inferred requirement reference because ExtData[*].Val6 matches a known RequirementId row in abilityrequirementexport.bin.
9622,Inbound,Component,3412,Component 3412 (DAMAGE),ExtData[7].Val6,7,9622,1689 (T'ree Hit Combo),"Damage, Stun",C:\Users\Admin\Downloads\myps\data\bin\abilitycomponentexport.bin,byte 326171,Inferred requirement reference because ExtData[*].Val6 matches a known RequirementId row in abilityrequirementexport.bin.
9622,Inbound,Component,3444,Component 3444 (DAMAGE),ExtData[7].Val6,7,9622,1688 (Down Ya Go),Damage,C:\Users\Admin\Downloads\myps\data\bin\abilitycomponentexport.bin,byte 331153,Inferred requirement reference because ExtData[*].Val6 matches a known RequirementId row in abilityrequirementexport.bin.
9622,Inbound,Component,3458,Component 3458 (DAMAGE),ExtData[7].Val6,7,9622,,,C:\Users\Admin\Downloads\myps\data\bin\abilitycomponentexport.bin,byte 333079,Inferred requirement reference because ExtData[*].Val6 matches a known RequirementId row in abilityrequirementexport.bin.
9622,Inbound,Component,3459,Component 3459 (DAMAGE),ExtData[7].Val6,7,9622,,,C:\Users\Admin\Downloads\myps\data\bin\abilitycomponentexport.bin,byte 333344,Inferred requirement reference because ExtData[*].Val6 matches a known RequirementId row in abilityrequirementexport.bin.
9622,Inbound,Component,3462,Component 3462 (DAMAGE),ExtData[7].Val6,7,9622,1773 (No More Helpin'),"Damage, Heal",C:\Users\Admin\Downloads\myps\data\bin\abilitycomponentexport.bin,byte 333941,Inferred requirement reference because ExtData[*].Val6 matches a known RequirementId row in abilityrequirementexport.bin.
9622,Inbound,Component,3463,Component 3463 (DAMAGE),ExtData[7].Val6,7,9622,,,C:\Users\Admin\Downloads\myps\data\bin\abilitycomponentexport.bin,byte 334206,Inferred requirement reference because ExtData[*].Val6 matches a known RequirementId row in abilityrequirementexport.bin.
9622,Inbound,Component,3467,Component 3467 (DAMAGE),ExtData[7].Val6,7,9622,15523 (Training Ability 1),Damage,C:\Users\Admin\Downloads\myps\data\bin\abilitycomponentexport.bin,byte 335002,Inferred requirement reference because ExtData[*].Val6 matches a known RequirementId row in abilityrequirementexport.bin.
9622,Inbound,Component,3468,Component 3468 (DAMAGE),ExtData[7].Val6,7,9622,3283 (Yer All Bleedin' Now),Damage,C:\Users\Admin\Downloads\myps\data\bin\abilitycomponentexport.bin,byte 335300,Inferred requirement reference because ExtData[*].Val6 matches a known RequirementId row in abilityrequirementexport.bin.
9622,Inbound,Component,3469,Component 3469 (DAMAGE),ExtData[7].Val6,7,9622,3339 (Yer All Bleedin' Now),Damage,C:\Users\Admin\Downloads\myps\data\bin\abilitycomponentexport.bin,byte 335532,Inferred requirement reference because ExtData[*].Val6 matches a known RequirementId row in abilityrequirementexport.bin.
9622,Inbound,Component,3470,Component 3470 (DAMAGE),ExtData[7].Val6,7,9622,3340 (Yer All Bleedin' Now),Damage,C:\Users\Admin\Downloads\myps\data\bin\abilitycomponentexport.bin,byte 335764,Inferred requirement reference because ExtData[*].Val6 matches a known RequirementId row in abilityrequirementexport.bin.
9622,Inbound,Component,3471,Component 3471 (DAMAGE),ExtData[7].Val6,7,9622,3341 (Yer All Bleedin' Now),Damage,C:\Users\Admin\Downloads\myps\data\bin\abilitycomponentexport.bin,byte 335996,Inferred requirement reference because ExtData[*].Val6 matches a known RequirementId row in abilityrequirementexport.bin.
9622,Inbound,Component,3472,Component 3472 (DAMAGE),ExtData[7].Val6,7,9622,1750 (Try An' Hurt Me),Damage,C:\Users\Admin\Downloads\myps\data\bin\abilitycomponentexport.bin,byte 336228,Inferred requirement reference because ExtData[*].Val6 matches a known RequirementId row in abilityrequirementexport.bin.
9622,Inbound,Component,3473,Component 3473 (DAMAGE),ExtData[7].Val6,7,9622,,,C:\Users\Admin\Downloads\myps\data\bin\abilitycomponentexport.bin,byte 336493,Inferred requirement reference because ExtData[*].Val6 matches a known RequirementId row in abilityrequirementexport.bin.
9622,Inbound,Component,3475,Component 3475 (DAMAGE),ExtData[7].Val6,7,9622,1751 (Weaklin' Killa),Damage,C:\Users\Admin\Downloads\myps\data\bin\abilitycomponentexport.bin,byte 336957,Inferred requirement reference because ExtData[*].Val6 matches a known RequirementId row in abilityrequirementexport.bin.
9622,Inbound,Component,3476,Component 3476 (DAMAGE),ExtData[7].Val6,7,9622,,,C:\Users\Admin\Downloads\myps\data\bin\abilitycomponentexport.bin,byte 337222,Inferred requirement reference because ExtData[*].Val6 matches a known RequirementId row in abilityrequirementexport.bin.
9622,Inbound,Component,3504,Component 3504 (DAMAGE),ExtData[7].Val6,7,9622,"3161 (Lotsa Choppin), 3164 (Flurry)",,C:\Users\Admin\Downloads\myps\data\bin\abilitycomponentexport.bin,byte 342562,Inferred requirement reference because ExtData[*].Val6 matches a known RequirementId row in abilityrequirementexport.bin.
9622,Inbound,Component,3505,Component 3505 (DAMAGE),ExtData[7].Val6,7,9622,"3161 (Lotsa Choppin), 3164 (Flurry)",,C:\Users\Admin\Downloads\myps\data\bin\abilitycomponentexport.bin,byte 342893,Inferred requirement reference because ExtData[*].Val6 matches a known RequirementId row in abilityrequirementexport.bin.
9622,Inbound,Component,3506,Component 3506 (DAMAGE),ExtData[7].Val6,7,9622,"3161 (Lotsa Choppin), 3164 (Flurry)",,C:\Users\Admin\Downloads\myps\data\bin\abilitycomponentexport.bin,byte 343191,Inferred requirement reference because ExtData[*].Val6 matches a known RequirementId row in abilityrequirementexport.bin.
9622,Inbound,Component,3507,Component 3507 (DAMAGE),ExtData[7].Val6,7,9622,,,C:\Users\Admin\Downloads\myps\data\bin\abilitycomponentexport.bin,byte 343456,Inferred requirement reference because ExtData[*].Val6 matches a known RequirementId row in abilityrequirementexport.bin.
9622,Inbound,Component,3508,Component 3508 (DAMAGE),ExtData[7].Val6,7,9622,,,C:\Users\Admin\Downloads\myps\data\bin\abilitycomponentexport.bin,byte 343721,Inferred requirement reference because ExtData[*].Val6 matches a known RequirementId row in abilityrequirementexport.bin.
9622,Inbound,Component,3509,Component 3509 (DAMAGE),ExtData[7].Val6,7,9622,"3160 (Lotsa Choppin), 3162 (Lotsa Choppin), 3163 (Flurry), 3165 (Flurry)",,C:\Users\Admin\Downloads\myps\data\bin\abilitycomponentexport.bin,byte 343986,Inferred requirement reference because ExtData[*].Val6 matches a known RequirementId row in abilityrequirementexport.bin.
9622,Inbound,Component,3510,Component 3510 (DAMAGE),ExtData[7].Val6,7,9622,"3160 (Lotsa Choppin), 3162 (Lotsa Choppin), 3163 (Flurry), 3165 (Flurry)",,C:\Users\Admin\Downloads\myps\data\bin\abilitycomponentexport.bin,byte 344317,Inferred requirement reference because ExtData[*].Val6 matches a known RequirementId row in abilityrequirementexport.bin.
9622,Inbound,Component,3511,Component 3511 (DAMAGE),ExtData[7].Val6,7,9622,"3160 (Lotsa Choppin), 3162 (Lotsa Choppin), 3163 (Flurry), 3165 (Flurry)",,C:\Users\Admin\Downloads\myps\data\bin\abilitycomponentexport.bin,byte 344615,Inferred requirement reference because ExtData[*].Val6 matches a known RequirementId row in abilityrequirementexport.bin.
9622,Inbound,Component,3512,Component 3512 (DAMAGE),ExtData[7].Val6,7,9622,"3160 (Lotsa Choppin), 3163 (Flurry)",,C:\Users\Admin\Downloads\myps\data\bin\abilitycomponentexport.bin,byte 344880,Inferred requirement reference because ExtData[*].Val6 matches a known RequirementId row in abilityrequirementexport.bin.
9622,Inbound,Component,3513,Component 3513 (DAMAGE),ExtData[7].Val6,7,9622,"3160 (Lotsa Choppin), 3163 (Flurry)",,C:\Users\Admin\Downloads\myps\data\bin\abilitycomponentexport.bin,byte 345178,Inferred requirement reference because ExtData[*].Val6 matches a known RequirementId row in abilityrequirementexport.bin.
9622,Inbound,Component,3533,Component 3533 (DAMAGE),ExtData[7].Val6,7,9622,3293 (Wild Choppin'),,C:\Users\Admin\Downloads\myps\data\bin\abilitycomponentexport.bin,byte 348597,Inferred requirement reference because ExtData[*].Val6 matches a known RequirementId row in abilityrequirementexport.bin.
9622,Inbound,Component,3534,Component 3534 (DAMAGE),ExtData[7].Val6,7,9622,3293 (Wild Choppin'),,C:\Users\Admin\Downloads\myps\data\bin\abilitycomponentexport.bin,byte 348895,Inferred requirement reference because ExtData[*].Val6 matches a known RequirementId row in abilityrequirementexport.bin.
9622,Inbound,Component,3535,Component 3535 (DAMAGE),ExtData[7].Val6,7,9622,3293 (Wild Choppin'),,C:\Users\Admin\Downloads\myps\data\bin\abilitycomponentexport.bin,byte 349193,Inferred requirement reference because ExtData[*].Val6 matches a known RequirementId row in abilityrequirementexport.bin.
9622,Inbound,Component,3536,Component 3536 (DAMAGE),ExtData[7].Val6,7,9622,,,C:\Users\Admin\Downloads\myps\data\bin\abilitycomponentexport.bin,byte 349491,Inferred requirement reference because ExtData[*].Val6 matches a known RequirementId row in abilityrequirementexport.bin.
9622,Inbound,Component,3538,Component 3538 (DAMAGE),ExtData[7].Val6,7,9622,3294 (Wild Choppin'),,C:\Users\Admin\Downloads\myps\data\bin\abilitycomponentexport.bin,byte 349955,Inferred requirement reference because ExtData[*].Val6 matches a known RequirementId row in abilityrequirementexport.bin.
9622,Inbound,Component,3539,Component 3539 (DAMAGE),ExtData[7].Val6,7,9622,3294 (Wild Choppin'),,C:\Users\Admin\Downloads\myps\data\bin\abilitycomponentexport.bin,byte 350253,Inferred requirement reference because ExtData[*].Val6 matches a known RequirementId row in abilityrequirementexport.bin.
9622,Inbound,Component,3540,Component 3540 (DAMAGE),ExtData[7].Val6,7,9622,3294 (Wild Choppin'),,C:\Users\Admin\Downloads\myps\data\bin\abilitycomponentexport.bin,byte 350551,Inferred requirement reference because ExtData[*].Val6 matches a known RequirementId row in abilityrequirementexport.bin.
9622,Inbound,Component,3541,Component 3541 (DAMAGE),ExtData[7].Val6,7,9622,3294 (Wild Choppin'),,C:\Users\Admin\Downloads\myps\data\bin\abilitycomponentexport.bin,byte 350849,Inferred requirement reference because ExtData[*].Val6 matches a known RequirementId row in abilityrequirementexport.bin.
9622,Inbound,Component,3545,Component 3545 (DAMAGE),ExtData[7].Val6,7,9622,1762 (Bring It On),Damage,C:\Users\Admin\Downloads\myps\data\bin\abilitycomponentexport.bin,byte 351711,Inferred requirement reference because ExtData[*].Val6 matches a known RequirementId row in abilityrequirementexport.bin.
9622,Inbound,Component,3551,Component 3551 (DAMAGE),ExtData[7].Val6,7,9622,1761 (Reckless Blow),Damage,C:\Users\Admin\Downloads\myps\data\bin\abilitycomponentexport.bin,byte 352740,Inferred requirement reference because ExtData[*].Val6 matches a known RequirementId row in abilityrequirementexport.bin.
9622,Inbound,Component,3562,Component 3562 (EFFECT_BUFF),ExtData[7].Val6,7,9622,3299 (Bleed Em Out),Damage,C:\Users\Admin\Downloads\myps\data\bin\abilitycomponentexport.bin,byte 354467,Inferred requirement reference because ExtData[*].Val6 matches a known RequirementId row in abilityrequirementexport.bin.
9622,Inbound,Component,3563,Component 3563 (DAMAGE),ExtData[7].Val6,7,9622,3300 (Bleed Em Out),,C:\Users\Admin\Downloads\myps\data\bin\abilitycomponentexport.bin,byte 354732,Inferred requirement reference because ExtData[*].Val6 matches a known RequirementId row in abilityrequirementexport.bin.
9622,Inbound,Component,3564,Component 3564 (DAMAGE),ExtData[7].Val6,7,9622,3300 (Bleed Em Out),,C:\Users\Admin\Downloads\myps\data\bin\abilitycomponentexport.bin,byte 354964,Inferred requirement reference because ExtData[*].Val6 matches a known RequirementId row in abilityrequirementexport.bin.
9622,Inbound,Component,3565,Component 3565 (DAMAGE),ExtData[7].Val6,7,9622,3300 (Bleed Em Out),,C:\Users\Admin\Downloads\myps\data\bin\abilitycomponentexport.bin,byte 355196,Inferred requirement reference because ExtData[*].Val6 matches a known RequirementId row in abilityrequirementexport.bin.
9622,Inbound,Component,3566,Component 3566 (DAMAGE),ExtData[7].Val6,7,9622,3300 (Bleed Em Out),,C:\Users\Admin\Downloads\myps\data\bin\abilitycomponentexport.bin,byte 355428,Inferred requirement reference because ExtData[*].Val6 matches a known RequirementId row in abilityrequirementexport.bin.
9622,Inbound,Component,3567,Component 3567 (DAMAGE),ExtData[7].Val6,7,9622,3300 (Bleed Em Out),,C:\Users\Admin\Downloads\myps\data\bin\abilitycomponentexport.bin,byte 355660,Inferred requirement reference because ExtData[*].Val6 matches a known RequirementId row in abilityrequirementexport.bin.
9622,Inbound,Component,3571,Component 3571 (DAMAGE),ExtData[7].Val6,7,9622,3301 (Bleed Em Out),,C:\Users\Admin\Downloads\myps\data\bin\abilitycomponentexport.bin,byte 356423,Inferred requirement reference because ExtData[*].Val6 matches a known RequirementId row in abilityrequirementexport.bin.
9622,Inbound,Component,3572,Component 3572 (DAMAGE),ExtData[7].Val6,7,9622,3301 (Bleed Em Out),,C:\Users\Admin\Downloads\myps\data\bin\abilitycomponentexport.bin,byte 356655,Inferred requirement reference because ExtData[*].Val6 matches a known RequirementId row in abilityrequirementexport.bin.
9622,Inbound,Component,3573,Component 3573 (DAMAGE),ExtData[7].Val6,7,9622,3301 (Bleed Em Out),,C:\Users\Admin\Downloads\myps\data\bin\abilitycomponentexport.bin,byte 356887,Inferred requirement reference because ExtData[*].Val6 matches a known RequirementId row in abilityrequirementexport.bin.
9622,Inbound,Component,3574,Component 3574 (DAMAGE),ExtData[7].Val6,7,9622,3301 (Bleed Em Out),,C:\Users\Admin\Downloads\myps\data\bin\abilitycomponentexport.bin,byte 357119,Inferred requirement reference because ExtData[*].Val6 matches a known RequirementId row in abilityrequirementexport.bin.
9622,Inbound,Component,3577,Component 3577 (DAMAGE),ExtData[7].Val6,7,9622,,,C:\Users\Admin\Downloads\myps\data\bin\abilitycomponentexport.bin,byte 357716,Inferred requirement reference because ExtData[*].Val6 matches a known RequirementId row in abilityrequirementexport.bin.
9622,Inbound,Component,3578,Component 3578 (DAMAGE),ExtData[7].Val6,7,9622,1774 (Wot's Da Rush?),"Damage, Snare",C:\Users\Admin\Downloads\myps\data\bin\abilitycomponentexport.bin,byte 358014,Inferred requirement reference because ExtData[*].Val6 matches a known RequirementId row in abilityrequirementexport.bin.
9622,Inbound,Component,3587,Component 3587 (DAMAGE),ExtData[7].Val6,7,9622,"1776 (Git To Da Choppa), 3286 (Git To Da Choppa)",Damage,C:\Users\Admin\Downloads\myps\data\bin\abilitycomponentexport.bin,byte 359838,Inferred requirement reference because ExtData[*].Val6 matches a known RequirementId row in abilityrequirementexport.bin.
9622,Inbound,Component,3588,Component 3588 (DAMAGE),ExtData[7].Val6,7,9622,3285 (Git To Da Choppa),,C:\Users\Admin\Downloads\myps\data\bin\abilitycomponentexport.bin,byte 360070,Inferred requirement reference because ExtData[*].Val6 matches a known RequirementId row in abilityrequirementexport.bin.
9622,Inbound,Component,3604,Component 3604 (DAMAGE),ExtData[7].Val6,7,9622,,,C:\Users\Admin\Downloads\myps\data\bin\abilitycomponentexport.bin,byte 362759,Inferred requirement reference because ExtData[*].Val6 matches a known RequirementId row in abilityrequirementexport.bin.
9622,Inbound,Component,3632,Component 3632 (DAMAGE),ExtData[7].Val6,7,9622,3301 (Bleed Em Out),,C:\Users\Admin\Downloads\myps\data\bin\abilitycomponentexport.bin,byte 367275,Inferred requirement reference because ExtData[*].Val6 matches a known RequirementId row in abilityrequirementexport.bin.
9622,Inbound,Component,3633,Component 3633 (DAMAGE),ExtData[7].Val6,7,9622,3300 (Bleed Em Out),,C:\Users\Admin\Downloads\myps\data\bin\abilitycomponentexport.bin,byte 367507,Inferred requirement reference because ExtData[*].Val6 matches a known RequirementId row in abilityrequirementexport.bin.
9622,Inbound,Component,3634,Component 3634 (DAMAGE),ExtData[7].Val6,7,9622,3301 (Bleed Em Out),,C:\Users\Admin\Downloads\myps\data\bin\abilitycomponentexport.bin,byte 367772,Inferred requirement reference because ExtData[*].Val6 matches a known RequirementId row in abilityrequirementexport.bin.
9622,Inbound,Component,3638,Component 3638 (DAMAGE),ExtData[7].Val6,7,9622,,,C:\Users\Admin\Downloads\myps\data\bin\abilitycomponentexport.bin,byte 368667,Inferred requirement reference because ExtData[*].Val6 matches a known RequirementId row in abilityrequirementexport.bin.
9622,Inbound,Component,3639,Component 3639 (DAMAGE),ExtData[7].Val6,7,9622,,,C:\Users\Admin\Downloads\myps\data\bin\abilitycomponentexport.bin,byte 368932,Inferred requirement reference because ExtData[*].Val6 matches a known RequirementId row in abilityrequirementexport.bin.
9622,Inbound,Component,3640,Component 3640 (DAMAGE),ExtData[7].Val6,7,9622,3284 (Yer All Bleedin' Now),Damage,C:\Users\Admin\Downloads\myps\data\bin\abilitycomponentexport.bin,byte 369197,Inferred requirement reference because ExtData[*].Val6 matches a known RequirementId row in abilityrequirementexport.bin.
9622,Inbound,Component,3641,Component 3641 (DAMAGE),ExtData[7].Val6,7,9622,3284 (Yer All Bleedin' Now),Damage,C:\Users\Admin\Downloads\myps\data\bin\abilitycomponentexport.bin,byte 369462,Inferred requirement reference because ExtData[*].Val6 matches a known RequirementId row in abilityrequirementexport.bin.
9622,Inbound,Component,3642,Component 3642 (DAMAGE),ExtData[7].Val6,7,9622,3284 (Yer All Bleedin' Now),Damage,C:\Users\Admin\Downloads\myps\data\bin\abilitycomponentexport.bin,byte 369760,Inferred requirement reference because ExtData[*].Val6 matches a known RequirementId row in abilityrequirementexport.bin.
9622,Inbound,Component,3643,Component 3643 (DAMAGE),ExtData[7].Val6,7,9622,3284 (Yer All Bleedin' Now),Damage,C:\Users\Admin\Downloads\myps\data\bin\abilitycomponentexport.bin,byte 370091,Inferred requirement reference because ExtData[*].Val6 matches a known RequirementId row in abilityrequirementexport.bin.
9622,Inbound,Component,3646,Component 3646 (DAMAGE),ExtData[7].Val6,7,9622,"1443 (Incapacitate), 1755 (Sit Down!)",Damage,C:\Users\Admin\Downloads\myps\data\bin\abilitycomponentexport.bin,byte 370787,Inferred requirement reference because ExtData[*].Val6 matches a known RequirementId row in abilityrequirementexport.bin.
9622,Inbound,Component,3648,Component 3648 (EFFECT_BUFF),ExtData[7].Val6,7,9622,3306 (Bleed Em Out),Damage,C:\Users\Admin\Downloads\myps\data\bin\abilitycomponentexport.bin,byte 371218,Inferred requirement reference because ExtData[*].Val6 matches a known RequirementId row in abilityrequirementexport.bin.
9622,Inbound,Component,3666,Component 3666 (DAMAGE),ExtData[7].Val6,7,9622,,,C:\Users\Admin\Downloads\myps\data\bin\abilitycomponentexport.bin,byte 374305,Inferred requirement reference because ExtData[*].Val6 matches a known RequirementId row in abilityrequirementexport.bin.
9622,Inbound,Component,3667,Component 3667 (DAMAGE),ExtData[7].Val6,7,9622,1744 (Don't Go Nowhere),"Damage, Snare",C:\Users\Admin\Downloads\myps\data\bin\abilitycomponentexport.bin,byte 374570,Inferred requirement reference because ExtData[*].Val6 matches a known RequirementId row in abilityrequirementexport.bin.
9622,Inbound,Component,3668,Component 3668 (DAMAGE),ExtData[7].Val6,7,9622,,,C:\Users\Admin\Downloads\myps\data\bin\abilitycomponentexport.bin,byte 374802,Inferred requirement reference because ExtData[*].Val6 matches a known RequirementId row in abilityrequirementexport.bin.
9622,Inbound,Component,3672,Component 3672 (DAMAGE),ExtData[7].Val6,7,9622,1768 (Furious Choppin'),"Damage, Heal",C:\Users\Admin\Downloads\myps\data\bin\abilitycomponentexport.bin,byte 375730,Inferred requirement reference because ExtData[*].Val6 matches a known RequirementId row in abilityrequirementexport.bin.
9622,Inbound,Component,3673,Component 3673 (DAMAGE),ExtData[7].Val6,7,9622,,,C:\Users\Admin\Downloads\myps\data\bin\abilitycomponentexport.bin,byte 375962,Inferred requirement reference because ExtData[*].Val6 matches a known RequirementId row in abilityrequirementexport.bin.
9622,Inbound,Component,3703,Component 3703 (DAMAGE),ExtData[7].Val6,7,9622,,,C:\Users\Admin\Downloads\myps\data\bin\abilitycomponentexport.bin,byte 380707,Inferred requirement reference because ExtData[*].Val6 matches a known RequirementId row in abilityrequirementexport.bin.
9622,Inbound,Component,3704,Component 3704 (DAMAGE),ExtData[7].Val6,7,9622,1432 (Slow Down),Damage,C:\Users\Admin\Downloads\myps\data\bin\abilitycomponentexport.bin,byte 381005,Inferred requirement reference because ExtData[*].Val6 matches a known RequirementId row in abilityrequirementexport.bin.
9622,Inbound,Component,3709,Component 3709 (DAMAGE),ExtData[7].Val6,7,9622,,,C:\Users\Admin\Downloads\myps\data\bin\abilitycomponentexport.bin,byte 381868,Inferred requirement reference because ExtData[*].Val6 matches a known RequirementId row in abilityrequirementexport.bin.
9622,Inbound,Component,3711,Component 3711 (DAMAGE),ExtData[7].Val6,7,9622,3346 (Onslaught),Damage,C:\Users\Admin\Downloads\myps\data\bin\abilitycomponentexport.bin,byte 382299,Inferred requirement reference because ExtData[*].Val6 matches a known RequirementId row in abilityrequirementexport.bin.
9622,Inbound,Component,3712,Component 3712 (DAMAGE),ExtData[7].Val6,7,9622,3347 (Onslaught),Damage,C:\Users\Admin\Downloads\myps\data\bin\abilitycomponentexport.bin,byte 382531,Inferred requirement reference because ExtData[*].Val6 matches a known RequirementId row in abilityrequirementexport.bin.
9622,Inbound,Component,3713,Component 3713 (DAMAGE),ExtData[7].Val6,7,9622,3348 (Onslaught),Damage,C:\Users\Admin\Downloads\myps\data\bin\abilitycomponentexport.bin,byte 382763,Inferred requirement reference because ExtData[*].Val6 matches a known RequirementId row in abilityrequirementexport.bin.
9622,Inbound,Component,3714,Component 3714 (DAMAGE),ExtData[7].Val6,7,9622,3349 (Onslaught),Damage,C:\Users\Admin\Downloads\myps\data\bin\abilitycomponentexport.bin,byte 382995,Inferred requirement reference because ExtData[*].Val6 matches a known RequirementId row in abilityrequirementexport.bin.
9622,Inbound,Component,3732,Component 3732 (DAMAGE),ExtData[7].Val6,7,9622,,,C:\Users\Admin\Downloads\myps\data\bin\abilitycomponentexport.bin,byte 386312,Inferred requirement reference because ExtData[*].Val6 matches a known RequirementId row in abilityrequirementexport.bin.
9622,Inbound,Component,3760,Component 3760 (DAMAGE),ExtData[7].Val6,7,9622,1464 (Shatter Limbs),Damage,C:\Users\Admin\Downloads\myps\data\bin\abilitycomponentexport.bin,byte 391587,Inferred requirement reference because ExtData[*].Val6 matches a known RequirementId row in abilityrequirementexport.bin.
9622,Inbound,Component,3761,Component 3761 (DAMAGE),ExtData[7].Val6,7,9622,1438 (Enervating Blow),Damage,C:\Users\Admin\Downloads\myps\data\bin\abilitycomponentexport.bin,byte 391819,Inferred requirement reference because ExtData[*].Val6 matches a known RequirementId row in abilityrequirementexport.bin.
9622,Inbound,Component,3762,Component 3762 (DAMAGE),ExtData[7].Val6,7,9622,,,C:\Users\Admin\Downloads\myps\data\bin\abilitycomponentexport.bin,byte 392084,Inferred requirement reference because ExtData[*].Val6 matches a known RequirementId row in abilityrequirementexport.bin.
9622,Inbound,Component,3764,Component 3764 (DAMAGE),ExtData[7].Val6,7,9622,1439 (Deathblow),Damage,C:\Users\Admin\Downloads\myps\data\bin\abilitycomponentexport.bin,byte 392515,Inferred requirement reference because ExtData[*].Val6 matches a known RequirementId row in abilityrequirementexport.bin.
9622,Inbound,Component,3765,Component 3765 (DAMAGE),ExtData[7].Val6,7,9622,,,C:\Users\Admin\Downloads\myps\data\bin\abilitycomponentexport.bin,byte 392780,Inferred requirement reference because ExtData[*].Val6 matches a known RequirementId row in abilityrequirementexport.bin.
9622,Inbound,Component,3771,Component 3771 (DAMAGE),ExtData[7].Val6,7,9622,1449 (Precarious Assault),Damage,C:\Users\Admin\Downloads\myps\data\bin\abilitycomponentexport.bin,byte 393875,Inferred requirement reference because ExtData[*].Val6 matches a known RequirementId row in abilityrequirementexport.bin.
9622,Inbound,Component,3772,Component 3772 (DAMAGE),ExtData[7].Val6,7,9622,,,C:\Users\Admin\Downloads\myps\data\bin\abilitycomponentexport.bin,byte 394107,Inferred requirement reference because ExtData[*].Val6 matches a known RequirementId row in abilityrequirementexport.bin.
9622,Inbound,Component,3775,Component 3775 (DAMAGE),ExtData[7].Val6,7,9622,1450 (Retribution),Damage,C:\Users\Admin\Downloads\myps\data\bin\abilitycomponentexport.bin,byte 394671,Inferred requirement reference because ExtData[*].Val6 matches a known RequirementId row in abilityrequirementexport.bin.
9622,Inbound,Component,3777,Component 3777 (DAMAGE),ExtData[7].Val6,7,9622,1457 (Rune of Absorption),"Damage, Heal",C:\Users\Admin\Downloads\myps\data\bin\abilitycomponentexport.bin,byte 395069,Inferred requirement reference because ExtData[*].Val6 matches a known RequirementId row in abilityrequirementexport.bin.
9622,Inbound,Component,3790,Component 3790 (DAMAGE),ExtData[7].Val6,7,9622,3317 (Wild Swing),,C:\Users\Admin\Downloads\myps\data\bin\abilitycomponentexport.bin,byte 397227,Inferred requirement reference because ExtData[*].Val6 matches a known RequirementId row in abilityrequirementexport.bin.
9622,Inbound,Component,3791,Component 3791 (DAMAGE),ExtData[7].Val6,7,9622,3317 (Wild Swing),,C:\Users\Admin\Downloads\myps\data\bin\abilitycomponentexport.bin,byte 397492,Inferred requirement reference because ExtData[*].Val6 matches a known RequirementId row in abilityrequirementexport.bin.
9622,Inbound,Component,3792,Component 3792 (DAMAGE),ExtData[7].Val6,7,9622,3317 (Wild Swing),,C:\Users\Admin\Downloads\myps\data\bin\abilitycomponentexport.bin,byte 397790,Inferred requirement reference because ExtData[*].Val6 matches a known RequirementId row in abilityrequirementexport.bin.
9622,Inbound,Component,3793,Component 3793 (DAMAGE),ExtData[7].Val6,7,9622,3317 (Wild Swing),,C:\Users\Admin\Downloads\myps\data\bin\abilitycomponentexport.bin,byte 398121,Inferred requirement reference because ExtData[*].Val6 matches a known RequirementId row in abilityrequirementexport.bin.
9622,Inbound,Component,3794,Component 3794 (DAMAGE),ExtData[7].Val6,7,9622,3317 (Wild Swing),,C:\Users\Admin\Downloads\myps\data\bin\abilitycomponentexport.bin,byte 398485,Inferred requirement reference because ExtData[*].Val6 matches a known RequirementId row in abilityrequirementexport.bin.
9622,Inbound,Component,3795,Component 3795 (DAMAGE),ExtData[7].Val6,7,9622,3318 (Wild Swing),,C:\Users\Admin\Downloads\myps\data\bin\abilitycomponentexport.bin,byte 398849,Inferred requirement reference because ExtData[*].Val6 matches a known RequirementId row in abilityrequirementexport.bin.
9622,Inbound,Component,3796,Component 3796 (DAMAGE),ExtData[7].Val6,7,9622,3318 (Wild Swing),,C:\Users\Admin\Downloads\myps\data\bin\abilitycomponentexport.bin,byte 399114,Inferred requirement reference because ExtData[*].Val6 matches a known RequirementId row in abilityrequirementexport.bin.
9622,Inbound,Component,3797,Component 3797 (DAMAGE),ExtData[7].Val6,7,9622,3318 (Wild Swing),,C:\Users\Admin\Downloads\myps\data\bin\abilitycomponentexport.bin,byte 399412,Inferred requirement reference because ExtData[*].Val6 matches a known RequirementId row in abilityrequirementexport.bin.
9622,Inbound,Component,3798,Component 3798 (DAMAGE),ExtData[7].Val6,7,9622,3318 (Wild Swing),,C:\Users\Admin\Downloads\myps\data\bin\abilitycomponentexport.bin,byte 399743,Inferred requirement reference because ExtData[*].Val6 matches a known RequirementId row in abilityrequirementexport.bin.
9622,Inbound,Component,3799,Component 3799 (DAMAGE),ExtData[7].Val6,7,9622,3318 (Wild Swing),,C:\Users\Admin\Downloads\myps\data\bin\abilitycomponentexport.bin,byte 400107,Inferred requirement reference because ExtData[*].Val6 matches a known RequirementId row in abilityrequirementexport.bin.
9622,Inbound,Component,3802,Component 3802 (DAMAGE),ExtData[7].Val6,7,9622,1460 (Cleft In Twain),Damage,C:\Users\Admin\Downloads\myps\data\bin\abilitycomponentexport.bin,byte 400869,Inferred requirement reference because ExtData[*].Val6 matches a known RequirementId row in abilityrequirementexport.bin.
9622,Inbound,Component,3803,Component 3803 (DAMAGE),ExtData[7].Val6,7,9622,,,C:\Users\Admin\Downloads\myps\data\bin\abilitycomponentexport.bin,byte 401101,Inferred requirement reference because ExtData[*].Val6 matches a known RequirementId row in abilityrequirementexport.bin.
9622,Inbound,Component,3804,Component 3804 (DAMAGE),ExtData[7].Val6,7,9622,1463 (No Escape),"Damage, Snare",C:\Users\Admin\Downloads\myps\data\bin\abilitycomponentexport.bin,byte 401333,Inferred requirement reference because ExtData[*].Val6 matches a known RequirementId row in abilityrequirementexport.bin.
9622,Inbound,Component,3805,Component 3805 (DAMAGE),ExtData[7].Val6,7,9622,,,C:\Users\Admin\Downloads\myps\data\bin\abilitycomponentexport.bin,byte 401565,Inferred requirement reference because ExtData[*].Val6 matches a known RequirementId row in abilityrequirementexport.bin.
9622,Inbound,Component,3811,Component 3811 (DAMAGE),ExtData[7].Val6,7,9622,1461 (Devastate),Damage,C:\Users\Admin\Downloads\myps\data\bin\abilitycomponentexport.bin,byte 402990,Inferred requirement reference because ExtData[*].Val6 matches a known RequirementId row in abilityrequirementexport.bin.
9622,Inbound,Component,3813,Component 3813 (DAMAGE),ExtData[7].Val6,7,9622,1462 (Spellbreaker),Damage,C:\Users\Admin\Downloads\myps\data\bin\abilitycomponentexport.bin,byte 403388,Inferred requirement reference because ExtData[*].Val6 matches a known RequirementId row in abilityrequirementexport.bin.
9622,Inbound,Component,3824,Component 3824 (DAMAGE),ExtData[7].Val6,7,9622,"3320 (Inevitable Doom), 3321 (Inevitable Doom), 3322 (Inevitable Doom), 3323 (Inevitable Doom), 3325 (Inevitable Doom), 3326 (Inevitable Doom)",,C:\Users\Admin\Downloads\myps\data\bin\abilitycomponentexport.bin,byte 405940,Inferred requirement reference because ExtData[*].Val6 matches a known RequirementId row in abilityrequirementexport.bin.
9622,Inbound,Component,3825,Component 3825 (DAMAGE),ExtData[7].Val6,7,9622,,,C:\Users\Admin\Downloads\myps\data\bin\abilitycomponentexport.bin,byte 406172,Inferred requirement reference because ExtData[*].Val6 matches a known RequirementId row in abilityrequirementexport.bin.
9622,Inbound,Component,3859,Component 3859 (DAMAGE),ExtData[7].Val6,7,9622,3342 (Onslaught),Damage,C:\Users\Admin\Downloads\myps\data\bin\abilitycomponentexport.bin,byte 411981,Inferred requirement reference because ExtData[*].Val6 matches a known RequirementId row in abilityrequirementexport.bin.
9622,Inbound,Component,3860,Component 3860 (DAMAGE),ExtData[7].Val6,7,9622,3343 (Onslaught),Damage,C:\Users\Admin\Downloads\myps\data\bin\abilitycomponentexport.bin,byte 412213,Inferred requirement reference because ExtData[*].Val6 matches a known RequirementId row in abilityrequirementexport.bin.
9622,Inbound,Component,3861,Component 3861 (DAMAGE),ExtData[7].Val6,7,9622,3344 (Onslaught),Damage,C:\Users\Admin\Downloads\myps\data\bin\abilitycomponentexport.bin,byte 412445,Inferred requirement reference because ExtData[*].Val6 matches a known RequirementId row in abilityrequirementexport.bin.
9622,Inbound,Component,3862,Component 3862 (DAMAGE),ExtData[7].Val6,7,9622,3345 (Onslaught),Damage,C:\Users\Admin\Downloads\myps\data\bin\abilitycomponentexport.bin,byte 412677,Inferred requirement reference because ExtData[*].Val6 matches a known RequirementId row in abilityrequirementexport.bin.
9622,Inbound,Component,3864,Component 3864 (DAMAGE),ExtData[7].Val6,7,9622,,,C:\Users\Admin\Downloads\myps\data\bin\abilitycomponentexport.bin,byte 413075,Inferred requirement reference because ExtData[*].Val6 matches a known RequirementId row in abilityrequirementexport.bin.
9622,Inbound,Component,3876,Component 3876 (DAMAGE),ExtData[7].Val6,7,9622,,,C:\Users\Admin\Downloads\myps\data\bin\abilitycomponentexport.bin,byte 415034,Inferred requirement reference because ExtData[*].Val6 matches a known RequirementId row in abilityrequirementexport.bin.
9622,Inbound,Component,3892,Component 3892 (DAMAGE),ExtData[7].Val6,7,9622,1850 (Bad Gas!),Damage,C:\Users\Admin\Downloads\myps\data\bin\abilitycomponentexport.bin,byte 418053,Inferred requirement reference because ExtData[*].Val6 matches a known RequirementId row in abilityrequirementexport.bin.
9622,Inbound,Component,8066,Component 8066 (DAMAGE),ExtData[7].Val6,7,9622,,,C:\Users\Admin\Downloads\myps\data\bin\abilitycomponentexport.bin,byte 452943,Inferred requirement reference because ExtData[*].Val6 matches a known RequirementId row in abilityrequirementexport.bin.
9622,Inbound,Component,8295,Component 8295 (DAMAGE),ExtData[7].Val6,7,9622,3668 (Sweeping Impact),,C:\Users\Admin\Downloads\myps\data\bin\abilitycomponentexport.bin,byte 490990,Inferred requirement reference because ExtData[*].Val6 matches a known RequirementId row in abilityrequirementexport.bin.
9622,Inbound,Component,8298,Component 8298 (DAMAGE),ExtData[7].Val6,7,9622,3669 (Sweeping Impact),,C:\Users\Admin\Downloads\myps\data\bin\abilitycomponentexport.bin,byte 491521,Inferred requirement reference because ExtData[*].Val6 matches a known RequirementId row in abilityrequirementexport.bin.
9622,Inbound,Component,8314,Component 8314 (DAMAGE),ExtData[7].Val6,7,9622,,,C:\Users\Admin\Downloads\myps\data\bin\abilitycomponentexport.bin,byte 494078,Inferred requirement reference because ExtData[*].Val6 matches a known RequirementId row in abilityrequirementexport.bin.
9622,Inbound,Component,8362,Component 8362 (DAMAGE),ExtData[7].Val6,7,9622,,,C:\Users\Admin\Downloads\myps\data\bin\abilitycomponentexport.bin,byte 501848,Inferred requirement reference because ExtData[*].Val6 matches a known RequirementId row in abilityrequirementexport.bin.
9622,Inbound,Component,8451,Component 8451 (DAMAGE),ExtData[7].Val6,7,9622,8406 (Convulsive Slashing),Damage,C:\Users\Admin\Downloads\myps\data\bin\abilitycomponentexport.bin,byte 517084,Inferred requirement reference because ExtData[*].Val6 matches a known RequirementId row in abilityrequirementexport.bin.
9622,Inbound,Component,8490,Component 8490 (DAMAGE),ExtData[7].Val6,7,9622,,,C:\Users\Admin\Downloads\myps\data\bin\abilitycomponentexport.bin,byte 523723,Inferred requirement reference because ExtData[*].Val6 matches a known RequirementId row in abilityrequirementexport.bin.
9622,Inbound,Component,8491,Component 8491 (DAMAGE),ExtData[7].Val6,7,9622,8409 (Demolition),Damage,C:\Users\Admin\Downloads\myps\data\bin\abilitycomponentexport.bin,byte 523955,Inferred requirement reference because ExtData[*].Val6 matches a known RequirementId row in abilityrequirementexport.bin.
9622,Inbound,Component,8492,Component 8492 (DAMAGE),ExtData[7].Val6,7,9622,,,C:\Users\Admin\Downloads\myps\data\bin\abilitycomponentexport.bin,byte 524220,Inferred requirement reference because ExtData[*].Val6 matches a known RequirementId row in abilityrequirementexport.bin.
9622,Inbound,Component,8528,Component 8528 (DAMAGE),ExtData[7].Val6,7,9622,8418 (Cutting Claw),Damage,C:\Users\Admin\Downloads\myps\data\bin\abilitycomponentexport.bin,byte 530526,Inferred requirement reference because ExtData[*].Val6 matches a known RequirementId row in abilityrequirementexport.bin.
9622,Inbound,Component,8531,Component 8531 (DAMAGE),ExtData[7].Val6,7,9622,8422 (Wave of Terror),Damage,C:\Users\Admin\Downloads\myps\data\bin\abilitycomponentexport.bin,byte 531057,Inferred requirement reference because ExtData[*].Val6 matches a known RequirementId row in abilityrequirementexport.bin.
9622,Inbound,Component,8533,Component 8533 (DAMAGE),ExtData[7].Val6,7,9622,8423 (Concussive Jolt),Damage,C:\Users\Admin\Downloads\myps\data\bin\abilitycomponentexport.bin,byte 531455,Inferred requirement reference because ExtData[*].Val6 matches a known RequirementId row in abilityrequirementexport.bin.
9622,Inbound,Component,8536,Component 8536 (DAMAGE),ExtData[7].Val6,7,9622,8425 (Wrecking Ball),Damage,C:\Users\Admin\Downloads\myps\data\bin\abilitycomponentexport.bin,byte 532019,Inferred requirement reference because ExtData[*].Val6 matches a known RequirementId row in abilityrequirementexport.bin.
9622,Inbound,Component,8537,Component 8537 (DAMAGE),ExtData[7].Val6,7,9622,8419 (Draining Swipe),Damage,C:\Users\Admin\Downloads\myps\data\bin\abilitycomponentexport.bin,byte 532251,Inferred requirement reference because ExtData[*].Val6 matches a known RequirementId row in abilityrequirementexport.bin.
9622,Inbound,Component,8562,Component 8562 (DAMAGE),ExtData[7].Val6,7,9622,8409 (Demolition),Damage,C:\Users\Admin\Downloads\myps\data\bin\abilitycomponentexport.bin,byte 536632,Inferred requirement reference because ExtData[*].Val6 matches a known RequirementId row in abilityrequirementexport.bin.
9622,Inbound,Component,8741,Component 8741 (DAMAGE),ExtData[7].Val6,7,9622,8082 (Absolution),Damage,C:\Users\Admin\Downloads\myps\data\bin\abilitycomponentexport.bin,byte 569283,Inferred requirement reference because ExtData[*].Val6 matches a known RequirementId row in abilityrequirementexport.bin.
9622,Inbound,Component,8742,Component 8742 (DAMAGE),ExtData[7].Val6,7,9622,8082 (Absolution),Damage,C:\Users\Admin\Downloads\myps\data\bin\abilitycomponentexport.bin,byte 569548,Inferred requirement reference because ExtData[*].Val6 matches a known RequirementId row in abilityrequirementexport.bin.
9622,Inbound,Component,8743,Component 8743 (DAMAGE),ExtData[7].Val6,7,9622,8082 (Absolution),Damage,C:\Users\Admin\Downloads\myps\data\bin\abilitycomponentexport.bin,byte 569813,Inferred requirement reference because ExtData[*].Val6 matches a known RequirementId row in abilityrequirementexport.bin.
9622,Inbound,Component,8744,Component 8744 (DAMAGE),ExtData[7].Val6,7,9622,8082 (Absolution),Damage,C:\Users\Admin\Downloads\myps\data\bin\abilitycomponentexport.bin,byte 570078,Inferred requirement reference because ExtData[*].Val6 matches a known RequirementId row in abilityrequirementexport.bin.
9622,Inbound,Component,8745,Component 8745 (DAMAGE),ExtData[7].Val6,7,9622,8082 (Absolution),Damage,C:\Users\Admin\Downloads\myps\data\bin\abilitycomponentexport.bin,byte 570343,Inferred requirement reference because ExtData[*].Val6 matches a known RequirementId row in abilityrequirementexport.bin.
9622,Inbound,Component,8752,Component 8752 (DAMAGE),ExtData[7].Val6,7,9622,,,C:\Users\Admin\Downloads\myps\data\bin\abilitycomponentexport.bin,byte 571505,Inferred requirement reference because ExtData[*].Val6 matches a known RequirementId row in abilityrequirementexport.bin.
9622,Inbound,Component,8776,Component 8776 (DAMAGE),ExtData[7].Val6,7,9622,"8250 (Smite), 9566 (Essence Lash)",Damage,C:\Users\Admin\Downloads\myps\data\bin\abilitycomponentexport.bin,byte 575654,Inferred requirement reference because ExtData[*].Val6 matches a known RequirementId row in abilityrequirementexport.bin.
9622,Inbound,Component,8814,Component 8814 (DAMAGE),ExtData[7].Val6,7,9622,8272 (Hammer of Sigmar),Damage,C:\Users\Admin\Downloads\myps\data\bin\abilitycomponentexport.bin,byte 581764,Inferred requirement reference because ExtData[*].Val6 matches a known RequirementId row in abilityrequirementexport.bin.
9622,Inbound,Component,8815,Component 8815 (DAMAGE),ExtData[7].Val6,7,9622,3786 (Hammer of Sigmar),,C:\Users\Admin\Downloads\myps\data\bin\abilitycomponentexport.bin,byte 582029,Inferred requirement reference because ExtData[*].Val6 matches a known RequirementId row in abilityrequirementexport.bin.
9622,Inbound,Component,8862,Component 8862 (APPLY_ABILITY),ExtData[7].Val6,7,9622,8272 (Hammer of Sigmar),Damage,C:\Users\Admin\Downloads\myps\data\bin\abilitycomponentexport.bin,byte 589368,Inferred requirement reference because ExtData[*].Val6 matches a known RequirementId row in abilityrequirementexport.bin.
9622,Inbound,Component,8872,Component 8872 (DAMAGE),ExtData[7].Val6,7,9622,8320 (Seeping Wound),Damage,C:\Users\Admin\Downloads\myps\data\bin\abilitycomponentexport.bin,byte 591160,Inferred requirement reference because ExtData[*].Val6 matches a known RequirementId row in abilityrequirementexport.bin.
9622,Inbound,Component,8873,Component 8873 (AP_CHANGE),ExtData[7].Val6,7,9622,,,C:\Users\Admin\Downloads\myps\data\bin\abilitycomponentexport.bin,byte 591392,Inferred requirement reference because ExtData[*].Val6 matches a known RequirementId row in abilityrequirementexport.bin.
9622,Inbound,Component,8884,Component 8884 (DAMAGE),ExtData[7].Val6,7,9622,8324 (Dizzying Blow),"Damage, Snare",C:\Users\Admin\Downloads\myps\data\bin\abilitycomponentexport.bin,byte 593185,Inferred requirement reference because ExtData[*].Val6 matches a known RequirementId row in abilityrequirementexport.bin.
9622,Inbound,Component,8885,Component 8885 (DAMAGE),ExtData[7].Val6,7,9622,8324 (Dizzying Blow),"Damage, Snare",C:\Users\Admin\Downloads\myps\data\bin\abilitycomponentexport.bin,byte 593450,Inferred requirement reference because ExtData[*].Val6 matches a known RequirementId row in abilityrequirementexport.bin.
9622,Inbound,Component,8886,Component 8886 (DAMAGE),ExtData[7].Val6,7,9622,8343 (Relentless),Damage,C:\Users\Admin\Downloads\myps\data\bin\abilitycomponentexport.bin,byte 593715,Inferred requirement reference because ExtData[*].Val6 matches a known RequirementId row in abilityrequirementexport.bin.
9622,Inbound,Component,8891,Component 8891 (CASTTIME_CHANGE),ExtData[7].Val6,7,9622,,,C:\Users\Admin\Downloads\myps\data\bin\abilitycomponentexport.bin,byte 594578,Inferred requirement reference because ExtData[*].Val6 matches a known RequirementId row in abilityrequirementexport.bin.
9622,Inbound,Component,8892,Component 8892 (DAMAGE),ExtData[7].Val6,7,9622,8331 (Blast Wave),Damage,C:\Users\Admin\Downloads\myps\data\bin\abilitycomponentexport.bin,byte 594843,Inferred requirement reference because ExtData[*].Val6 matches a known RequirementId row in abilityrequirementexport.bin.
9622,Inbound,Component,8897,Component 8897 (DAMAGE),ExtData[7].Val6,7,9622,8377 (Warping Embrace),Damage,C:\Users\Admin\Downloads\myps\data\bin\abilitycomponentexport.bin,byte 595706,Inferred requirement reference because ExtData[*].Val6 matches a known RequirementId row in abilityrequirementexport.bin.
9622,Inbound,Component,8902,Component 8902 (VELOCITY),ExtData[7].Val6,7,9622,"8320 (Seeping Wound), 13257 (Blood Strike), 13261 (Achilles Tear)","Damage, Snare",C:\Users\Admin\Downloads\myps\data\bin\abilitycomponentexport.bin,byte 596503,Inferred requirement reference because ExtData[*].Val6 matches a known RequirementId row in abilityrequirementexport.bin.
9622,Inbound,Component,8953,Component 8953 (DAMAGE),ExtData[7].Val6,7,9622,8087 (Trial By Pain),Damage,C:\Users\Admin\Downloads\myps\data\bin\abilitycomponentexport.bin,byte 605200,Inferred requirement reference because ExtData[*].Val6 matches a known RequirementId row in abilityrequirementexport.bin.
9622,Inbound,Component,8954,Component 8954 (DAMAGE),ExtData[7].Val6,7,9622,8087 (Trial By Pain),Damage,C:\Users\Admin\Downloads\myps\data\bin\abilitycomponentexport.bin,byte 605465,Inferred requirement reference because ExtData[*].Val6 matches a known RequirementId row in abilityrequirementexport.bin.
9622,Inbound,Component,8955,Component 8955 (DAMAGE),ExtData[7].Val6,7,9622,8087 (Trial By Pain),Damage,C:\Users\Admin\Downloads\myps\data\bin\abilitycomponentexport.bin,byte 605730,Inferred requirement reference because ExtData[*].Val6 matches a known RequirementId row in abilityrequirementexport.bin.
9622,Inbound,Component,8956,Component 8956 (DAMAGE),ExtData[7].Val6,7,9622,8087 (Trial By Pain),Damage,C:\Users\Admin\Downloads\myps\data\bin\abilitycomponentexport.bin,byte 605995,Inferred requirement reference because ExtData[*].Val6 matches a known RequirementId row in abilityrequirementexport.bin.
9622,Inbound,Component,8957,Component 8957 (DAMAGE),ExtData[7].Val6,7,9622,8087 (Trial By Pain),Damage,C:\Users\Admin\Downloads\myps\data\bin\abilitycomponentexport.bin,byte 606260,Inferred requirement reference because ExtData[*].Val6 matches a known RequirementId row in abilityrequirementexport.bin.
9622,Inbound,Component,8970,Component 8970 (DAMAGE),ExtData[7].Val6,7,9622,8097 (Seeker's Blade),Damage,C:\Users\Admin\Downloads\myps\data\bin\abilitycomponentexport.bin,byte 608385,Inferred requirement reference because ExtData[*].Val6 matches a known RequirementId row in abilityrequirementexport.bin.
9622,Inbound,Component,8980,Component 8980 (DAMAGE),ExtData[7].Val6,7,9622,8110 (Dragon Gun),Damage,C:\Users\Admin\Downloads\myps\data\bin\abilitycomponentexport.bin,byte 610012,Inferred requirement reference because ExtData[*].Val6 matches a known RequirementId row in abilityrequirementexport.bin.
9622,Inbound,Component,8981,Component 8981 (DAMAGE),ExtData[7].Val6,7,9622,8110 (Dragon Gun),Damage,C:\Users\Admin\Downloads\myps\data\bin\abilitycomponentexport.bin,byte 610277,Inferred requirement reference because ExtData[*].Val6 matches a known RequirementId row in abilityrequirementexport.bin.
9622,Inbound,Component,8982,Component 8982 (DAMAGE),ExtData[7].Val6,7,9622,8110 (Dragon Gun),Damage,C:\Users\Admin\Downloads\myps\data\bin\abilitycomponentexport.bin,byte 610542,Inferred requirement reference because ExtData[*].Val6 matches a known RequirementId row in abilityrequirementexport.bin.
9622,Inbound,Component,8983,Component 8983 (DAMAGE),ExtData[7].Val6,7,9622,8110 (Dragon Gun),Damage,C:\Users\Admin\Downloads\myps\data\bin\abilitycomponentexport.bin,byte 610807,Inferred requirement reference because ExtData[*].Val6 matches a known RequirementId row in abilityrequirementexport.bin.
9622,Inbound,Component,8984,Component 8984 (DAMAGE),ExtData[7].Val6,7,9622,8110 (Dragon Gun),Damage,C:\Users\Admin\Downloads\myps\data\bin\abilitycomponentexport.bin,byte 611072,Inferred requirement reference because ExtData[*].Val6 matches a known RequirementId row in abilityrequirementexport.bin.
9622,Inbound,Component,9006,Component 9006 (DAMAGE),ExtData[7].Val6,7,9622,8097 (Seeker's Blade),Damage,C:\Users\Admin\Downloads\myps\data\bin\abilitycomponentexport.bin,byte 614691,Inferred requirement reference because ExtData[*].Val6 matches a known RequirementId row in abilityrequirementexport.bin.
9622,Inbound,Component,9007,Component 9007 (DAMAGE),ExtData[7].Val6,7,9622,3782 (Blessed Bullets of Purity),,C:\Users\Admin\Downloads\myps\data\bin\abilitycomponentexport.bin,byte 614956,Inferred requirement reference because ExtData[*].Val6 matches a known RequirementId row in abilityrequirementexport.bin.
9622,Inbound,Component,9008,Component 9008 (DAMAGE),ExtData[7].Val6,7,9622,,,C:\Users\Admin\Downloads\myps\data\bin\abilitycomponentexport.bin,byte 615188,Inferred requirement reference because ExtData[*].Val6 matches a known RequirementId row in abilityrequirementexport.bin.
9622,Inbound,Component,9012,Component 9012 (DAMAGE),ExtData[7].Val6,7,9622,,,C:\Users\Admin\Downloads\myps\data\bin\abilitycomponentexport.bin,byte 615951,Inferred requirement reference because ExtData[*].Val6 matches a known RequirementId row in abilityrequirementexport.bin.
9622,Inbound,Component,9013,Component 9013 (DAMAGE),ExtData[7].Val6,7,9622,,,C:\Users\Admin\Downloads\myps\data\bin\abilitycomponentexport.bin,byte 616216,Inferred requirement reference because ExtData[*].Val6 matches a known RequirementId row in abilityrequirementexport.bin.
9622,Inbound,Component,9054,Component 9054 (DAMAGE),ExtData[7].Val6,7,9622,8344 (Rending Blade),Damage,C:\Users\Admin\Downloads\myps\data\bin\abilitycomponentexport.bin,byte 623120,Inferred requirement reference because ExtData[*].Val6 matches a known RequirementId row in abilityrequirementexport.bin.
9622,Inbound,Component,9097,Component 9097 (DAMAGE),ExtData[7].Val6,7,9622,"3054 (Lacerate), 3055 (Castigation)",,C:\Users\Admin\Downloads\myps\data\bin\abilitycomponentexport.bin,byte 630390,Inferred requirement reference because ExtData[*].Val6 matches a known RequirementId row in abilityrequirementexport.bin.
9622,Inbound,Component,9112,Component 9112 (DAMAGE),ExtData[7].Val6,7,9622,,,C:\Users\Admin\Downloads\myps\data\bin\abilitycomponentexport.bin,byte 632913,Inferred requirement reference because ExtData[*].Val6 matches a known RequirementId row in abilityrequirementexport.bin.
9622,Inbound,Component,9181,Component 9181 (DAMAGE),ExtData[7].Val6,7,9622,8085 (Torment),Damage,C:\Users\Admin\Downloads\myps\data\bin\abilitycomponentexport.bin,byte 644432,Inferred requirement reference because ExtData[*].Val6 matches a known RequirementId row in abilityrequirementexport.bin.
9622,Inbound,Component,9182,Component 9182 (DAMAGE),ExtData[7].Val6,7,9622,8085 (Torment),Damage,C:\Users\Admin\Downloads\myps\data\bin\abilitycomponentexport.bin,byte 644697,Inferred requirement reference because ExtData[*].Val6 matches a known RequirementId row in abilityrequirementexport.bin.
9622,Inbound,Component,9187,Component 9187 (DAMAGE),ExtData[7].Val6,7,9622,8420 (Guillotine),"Damage, Heal",C:\Users\Admin\Downloads\myps\data\bin\abilitycomponentexport.bin,byte 645593,Inferred requirement reference because ExtData[*].Val6 matches a known RequirementId row in abilityrequirementexport.bin.
9622,Inbound,Component,9329,Component 9329 (DAMAGE),ExtData[7].Val6,7,9622,8100 (Silence The Heretic),"Damage, Silence",C:\Users\Admin\Downloads\myps\data\bin\abilitycomponentexport.bin,byte 668998,Inferred requirement reference because ExtData[*].Val6 matches a known RequirementId row in abilityrequirementexport.bin.
9622,Inbound,Component,9331,Component 9331 (DAMAGE),ExtData[7].Val6,7,9622,3983 (Exit Wound),,C:\Users\Admin\Downloads\myps\data\bin\abilitycomponentexport.bin,byte 669462,Inferred requirement reference because ExtData[*].Val6 matches a known RequirementId row in abilityrequirementexport.bin.
9622,Inbound,Component,9332,Component 9332 (DAMAGE),ExtData[7].Val6,7,9622,3984 (Exit Wound),,C:\Users\Admin\Downloads\myps\data\bin\abilitycomponentexport.bin,byte 669694,Inferred requirement reference because ExtData[*].Val6 matches a known RequirementId row in abilityrequirementexport.bin.
9622,Inbound,Component,9333,Component 9333 (DAMAGE),ExtData[7].Val6,7,9622,3985 (Exit Wound),,C:\Users\Admin\Downloads\myps\data\bin\abilitycomponentexport.bin,byte 669926,Inferred requirement reference because ExtData[*].Val6 matches a known RequirementId row in abilityrequirementexport.bin.
9622,Inbound,Component,9334,Component 9334 (DAMAGE),ExtData[7].Val6,7,9622,3986 (Exit Wound),,C:\Users\Admin\Downloads\myps\data\bin\abilitycomponentexport.bin,byte 670158,Inferred requirement reference because ExtData[*].Val6 matches a known RequirementId row in abilityrequirementexport.bin.
9622,Inbound,Component,9335,Component 9335 (DAMAGE),ExtData[7].Val6,7,9622,3987 (Exit Wound),,C:\Users\Admin\Downloads\myps\data\bin\abilitycomponentexport.bin,byte 670390,Inferred requirement reference because ExtData[*].Val6 matches a known RequirementId row in abilityrequirementexport.bin.
9622,Inbound,Component,9466,Component 9466 (DAMAGE),ExtData[7].Val6,7,9622,8005 (Precision Strike),Damage,C:\Users\Admin\Downloads\myps\data\bin\abilitycomponentexport.bin,byte 693749,Inferred requirement reference because ExtData[*].Val6 matches a known RequirementId row in abilityrequirementexport.bin.
9622,Inbound,Component,9507,Component 9507 (DAMAGE),ExtData[7].Val6,7,9622,8026 (Arcing Swing),Damage,C:\Users\Admin\Downloads\myps\data\bin\abilitycomponentexport.bin,byte 700785,Inferred requirement reference because ExtData[*].Val6 matches a known RequirementId row in abilityrequirementexport.bin.
9622,Inbound,Component,9508,Component 9508 (DAMAGE),ExtData[7].Val6,7,9622,8031 (Myrmidia's Fury),Damage,C:\Users\Admin\Downloads\myps\data\bin\abilitycomponentexport.bin,byte 701017,Inferred requirement reference because ExtData[*].Val6 matches a known RequirementId row in abilityrequirementexport.bin.
9622,Inbound,Component,9537,Component 9537 (DAMAGE),ExtData[7].Val6,7,9622,8038 (Heaven's Fury),"Damage, Stagger",C:\Users\Admin\Downloads\myps\data\bin\abilitycomponentexport.bin,byte 705666,Inferred requirement reference because ExtData[*].Val6 matches a known RequirementId row in abilityrequirementexport.bin.
9622,Inbound,Component,9544,Component 9544 (DAMAGE),ExtData[7].Val6,7,9622,8081 (Razor Strike),Damage,C:\Users\Admin\Downloads\myps\data\bin\abilitycomponentexport.bin,byte 706828,Inferred requirement reference because ExtData[*].Val6 matches a known RequirementId row in abilityrequirementexport.bin.
9622,Inbound,Component,9545,Component 9545 (DAMAGE),ExtData[7].Val6,7,9622,8081 (Razor Strike),Damage,C:\Users\Admin\Downloads\myps\data\bin\abilitycomponentexport.bin,byte 707126,Inferred requirement reference because ExtData[*].Val6 matches a known RequirementId row in abilityrequirementexport.bin.
9622,Inbound,Component,9643,Component 9643 (DAMAGE),ExtData[7].Val6,7,9622,8319 (Cleave),Damage,C:\Users\Admin\Downloads\myps\data\bin\abilitycomponentexport.bin,byte 724087,Inferred requirement reference because ExtData[*].Val6 matches a known RequirementId row in abilityrequirementexport.bin.
9622,Inbound,Component,9661,Component 9661 (DAMAGE),ExtData[7].Val6,7,9622,,,C:\Users\Admin\Downloads\myps\data\bin\abilitycomponentexport.bin,byte 727240,Inferred requirement reference because ExtData[*].Val6 matches a known RequirementId row in abilityrequirementexport.bin.
9622,Inbound,Component,9665,Component 9665 (DAMAGE),ExtData[7].Val6,7,9622,,,C:\Users\Admin\Downloads\myps\data\bin\abilitycomponentexport.bin,byte 728234,Inferred requirement reference because ExtData[*].Val6 matches a known RequirementId row in abilityrequirementexport.bin.
9622,Inbound,Component,9672,Component 9672 (DAMAGE),ExtData[7].Val6,7,9622,8009 (Vicious Slash),Damage,C:\Users\Admin\Downloads\myps\data\bin\abilitycomponentexport.bin,byte 729924,Inferred requirement reference because ExtData[*].Val6 matches a known RequirementId row in abilityrequirementexport.bin.
9622,Inbound,Component,9673,Component 9673 (DAMAGE),ExtData[7].Val6,7,9622,8009 (Vicious Slash),Damage,C:\Users\Admin\Downloads\myps\data\bin\abilitycomponentexport.bin,byte 730189,Inferred requirement reference because ExtData[*].Val6 matches a known RequirementId row in abilityrequirementexport.bin.
9622,Inbound,Component,9674,Component 9674 (DAMAGE),ExtData[7].Val6,7,9622,3214 (Vicious Slash),Damage,C:\Users\Admin\Downloads\myps\data\bin\abilitycomponentexport.bin,byte 730454,Inferred requirement reference because ExtData[*].Val6 matches a known RequirementId row in abilityrequirementexport.bin.
9622,Inbound,Component,9680,Component 9680 (DAMAGE),ExtData[7].Val6,7,9622,8037 (Unbalancing Attack),Damage,C:\Users\Admin\Downloads\myps\data\bin\abilitycomponentexport.bin,byte 731846,Inferred requirement reference because ExtData[*].Val6 matches a known RequirementId row in abilityrequirementexport.bin.
9622,Inbound,Component,9681,Component 9681 (DAMAGE),ExtData[7].Val6,7,9622,8037 (Unbalancing Attack),Damage,C:\Users\Admin\Downloads\myps\data\bin\abilitycomponentexport.bin,byte 732111,Inferred requirement reference because ExtData[*].Val6 matches a known RequirementId row in abilityrequirementexport.bin.
9622,Inbound,Component,9709,Component 9709 (DAMAGE),ExtData[7].Val6,7,9622,"3002 (Blessed Bullets of Confession), 3783 (Blessed Bullets of Cleansing)",,C:\Users\Admin\Downloads\myps\data\bin\abilitycomponentexport.bin,byte 736858,Inferred requirement reference because ExtData[*].Val6 matches a known RequirementId row in abilityrequirementexport.bin.
9622,Inbound,Component,9784,Component 9784 (DAMAGE),ExtData[7].Val6,7,9622,"8114 (Van Horstmann's Speculum), 9423 (Elixir of Blades)",Damage,C:\Users\Admin\Downloads\myps\data\bin\abilitycomponentexport.bin,byte 748846,Inferred requirement reference because ExtData[*].Val6 matches a known RequirementId row in abilityrequirementexport.bin.
9622,Inbound,Component,9803,Component 9803 (DAMAGE),ExtData[7].Val6,7,9622,,,C:\Users\Admin\Downloads\myps\data\bin\abilitycomponentexport.bin,byte 751901,Inferred requirement reference because ExtData[*].Val6 matches a known RequirementId row in abilityrequirementexport.bin.
9622,Inbound,Component,9804,Component 9804 (DAMAGE),ExtData[7].Val6,7,9622,,,C:\Users\Admin\Downloads\myps\data\bin\abilitycomponentexport.bin,byte 752166,Inferred requirement reference because ExtData[*].Val6 matches a known RequirementId row in abilityrequirementexport.bin.
9622,Inbound,Component,9825,Component 9825 (DAMAGE),ExtData[7].Val6,7,9622,8012 (Crippling Blow),"Damage, Snare",C:\Users\Admin\Downloads\myps\data\bin\abilitycomponentexport.bin,byte 755718,Inferred requirement reference because ExtData[*].Val6 matches a known RequirementId row in abilityrequirementexport.bin.
9622,Inbound,Component,9826,Component 9826 (DAMAGE),ExtData[7].Val6,7,9622,8012 (Crippling Blow),"Damage, Snare",C:\Users\Admin\Downloads\myps\data\bin\abilitycomponentexport.bin,byte 755983,Inferred requirement reference because ExtData[*].Val6 matches a known RequirementId row in abilityrequirementexport.bin.
9622,Inbound,Component,9837,Component 9837 (DAMAGE),ExtData[7].Val6,7,9622,8007 (Blazing Blade),Damage,C:\Users\Admin\Downloads\myps\data\bin\abilitycomponentexport.bin,byte 757941,Inferred requirement reference because ExtData[*].Val6 matches a known RequirementId row in abilityrequirementexport.bin.
9622,Inbound,Component,9838,Component 9838 (DAMAGE),ExtData[7].Val6,7,9622,8007 (Blazing Blade),Damage,C:\Users\Admin\Downloads\myps\data\bin\abilitycomponentexport.bin,byte 758206,Inferred requirement reference because ExtData[*].Val6 matches a known RequirementId row in abilityrequirementexport.bin.
9622,Inbound,Component,11079,Component 11079 (DAMAGE),ExtData[7].Val6,7,9622,,,C:\Users\Admin\Downloads\myps\data\bin\abilitycomponentexport.bin,byte 802658,Inferred requirement reference because ExtData[*].Val6 matches a known RequirementId row in abilityrequirementexport.bin.
9622,Inbound,Component,11090,Component 11090 (DAMAGE),ExtData[7].Val6,7,9622,,,C:\Users\Admin\Downloads\myps\data\bin\abilitycomponentexport.bin,byte 804550,Inferred requirement reference because ExtData[*].Val6 matches a known RequirementId row in abilityrequirementexport.bin.
9622,Inbound,Component,11091,Component 11091 (DAMAGE),ExtData[7].Val6,7,9622,,,C:\Users\Admin\Downloads\myps\data\bin\abilitycomponentexport.bin,byte 804815,Inferred requirement reference because ExtData[*].Val6 matches a known RequirementId row in abilityrequirementexport.bin.
9622,Inbound,Component,11092,Component 11092 (DAMAGE),ExtData[7].Val6,7,9622,,,C:\Users\Admin\Downloads\myps\data\bin\abilitycomponentexport.bin,byte 805080,Inferred requirement reference because ExtData[*].Val6 matches a known RequirementId row in abilityrequirementexport.bin.
9622,Inbound,Component,11097,Component 11097 (DAMAGE),ExtData[7].Val6,7,9622,,,C:\Users\Admin\Downloads\myps\data\bin\abilitycomponentexport.bin,byte 806108,Inferred requirement reference because ExtData[*].Val6 matches a known RequirementId row in abilityrequirementexport.bin.
9622,Inbound,Component,11098,Component 11098 (DAMAGE),ExtData[7].Val6,7,9622,,,C:\Users\Admin\Downloads\myps\data\bin\abilitycomponentexport.bin,byte 806373,Inferred requirement reference because ExtData[*].Val6 matches a known RequirementId row in abilityrequirementexport.bin.
9622,Inbound,Component,11099,Component 11099 (DAMAGE),ExtData[7].Val6,7,9622,3536 (Ensorcelled Blow),,C:\Users\Admin\Downloads\myps\data\bin\abilitycomponentexport.bin,byte 806638,Inferred requirement reference because ExtData[*].Val6 matches a known RequirementId row in abilityrequirementexport.bin.
9622,Inbound,Component,11101,Component 11101 (DAMAGE),ExtData[7].Val6,7,9622,"3537 (Ether Dance), 9026 (Ether Dance)",Damage,C:\Users\Admin\Downloads\myps\data\bin\abilitycomponentexport.bin,byte 807069,Inferred requirement reference because ExtData[*].Val6 matches a known RequirementId row in abilityrequirementexport.bin.
9622,Inbound,Component,11102,Component 11102 (DAMAGE),ExtData[7].Val6,7,9622,3537 (Ether Dance),Damage,C:\Users\Admin\Downloads\myps\data\bin\abilitycomponentexport.bin,byte 807301,Inferred requirement reference because ExtData[*].Val6 matches a known RequirementId row in abilityrequirementexport.bin.
9622,Inbound,Component,11103,Component 11103 (DAMAGE),ExtData[7].Val6,7,9622,,,C:\Users\Admin\Downloads\myps\data\bin\abilitycomponentexport.bin,byte 807566,Inferred requirement reference because ExtData[*].Val6 matches a known RequirementId row in abilityrequirementexport.bin.
9622,Inbound,Component,11122,Component 11122 (DAMAGE),ExtData[7].Val6,7,9622,3541 (Crashing Wave),Damage,C:\Users\Admin\Downloads\myps\data\bin\abilitycomponentexport.bin,byte 810786,Inferred requirement reference because ExtData[*].Val6 matches a known RequirementId row in abilityrequirementexport.bin.
9622,Inbound,Component,11123,Component 11123 (DAMAGE),ExtData[7].Val6,7,9622,3540 (Dazzling Strike),,C:\Users\Admin\Downloads\myps\data\bin\abilitycomponentexport.bin,byte 811018,Inferred requirement reference because ExtData[*].Val6 matches a known RequirementId row in abilityrequirementexport.bin.
9622,Inbound,Component,11124,Component 11124 (DAMAGE),ExtData[7].Val6,7,9622,3540 (Dazzling Strike),,C:\Users\Admin\Downloads\myps\data\bin\abilitycomponentexport.bin,byte 811283,Inferred requirement reference because ExtData[*].Val6 matches a known RequirementId row in abilityrequirementexport.bin.
9622,Inbound,Component,11142,Component 11142 (DAMAGE),ExtData[7].Val6,7,9622,9025 (Phoenix's Wing),Damage,C:\Users\Admin\Downloads\myps\data\bin\abilitycomponentexport.bin,byte 814601,Inferred requirement reference because ExtData[*].Val6 matches a known RequirementId row in abilityrequirementexport.bin.
9622,Inbound,Component,11201,Component 11201 (DAMAGE),ExtData[7].Val6,7,9622,,,C:\Users\Admin\Downloads\myps\data\bin\abilitycomponentexport.bin,byte 824593,Inferred requirement reference because ExtData[*].Val6 matches a known RequirementId row in abilityrequirementexport.bin.
9622,Inbound,Component,11202,Component 11202 (DAMAGE),ExtData[7].Val6,7,9622,,,C:\Users\Admin\Downloads\myps\data\bin\abilitycomponentexport.bin,byte 824858,Inferred requirement reference because ExtData[*].Val6 matches a known RequirementId row in abilityrequirementexport.bin.
9622,Inbound,Component,11203,Component 11203 (DAMAGE),ExtData[7].Val6,7,9622,,,C:\Users\Admin\Downloads\myps\data\bin\abilitycomponentexport.bin,byte 825123,Inferred requirement reference because ExtData[*].Val6 matches a known RequirementId row in abilityrequirementexport.bin.
9622,Inbound,Component,11216,Component 11216 (DAMAGE),ExtData[7].Val6,7,9622,,,C:\Users\Admin\Downloads\myps\data\bin\abilitycomponentexport.bin,byte 827116,Inferred requirement reference because ExtData[*].Val6 matches a known RequirementId row in abilityrequirementexport.bin.
9622,Inbound,Component,11217,Component 11217 (DAMAGE),ExtData[7].Val6,7,9622,,,C:\Users\Admin\Downloads\myps\data\bin\abilitycomponentexport.bin,byte 827381,Inferred requirement reference because ExtData[*].Val6 matches a known RequirementId row in abilityrequirementexport.bin.
9622,Inbound,Component,11296,Component 11296 (DAMAGE),ExtData[7].Val6,7,9622,9410 (Puncture),Damage,C:\Users\Admin\Downloads\myps\data\bin\abilitycomponentexport.bin,byte 841419,Inferred requirement reference because ExtData[*].Val6 matches a known RequirementId row in abilityrequirementexport.bin.
9622,Inbound,Component,11297,Component 11297 (DAMAGE),ExtData[7].Val6,7,9622,9410 (Puncture),Damage,C:\Users\Admin\Downloads\myps\data\bin\abilitycomponentexport.bin,byte 841684,Inferred requirement reference because ExtData[*].Val6 matches a known RequirementId row in abilityrequirementexport.bin.
9622,Inbound,Component,11298,Component 11298 (DAMAGE),ExtData[7].Val6,7,9622,9410 (Puncture),Damage,C:\Users\Admin\Downloads\myps\data\bin\abilitycomponentexport.bin,byte 841949,Inferred requirement reference because ExtData[*].Val6 matches a known RequirementId row in abilityrequirementexport.bin.
9622,Inbound,Component,11299,Component 11299 (DAMAGE),ExtData[7].Val6,7,9622,9410 (Puncture),Damage,C:\Users\Admin\Downloads\myps\data\bin\abilitycomponentexport.bin,byte 842214,Inferred requirement reference because ExtData[*].Val6 matches a known RequirementId row in abilityrequirementexport.bin.
9622,Inbound,Component,11300,Component 11300 (DAMAGE),ExtData[7].Val6,7,9622,9410 (Puncture),Damage,C:\Users\Admin\Downloads\myps\data\bin\abilitycomponentexport.bin,byte 842479,Inferred requirement reference because ExtData[*].Val6 matches a known RequirementId row in abilityrequirementexport.bin.
9622,Inbound,Component,11304,Component 11304 (DAMAGE),ExtData[7].Val6,7,9622,9082 (Eagle Eye),Damage,C:\Users\Admin\Downloads\myps\data\bin\abilitycomponentexport.bin,byte 843143,Inferred requirement reference because ExtData[*].Val6 matches a known RequirementId row in abilityrequirementexport.bin.
9622,Inbound,Component,11305,Component 11305 (DAMAGE),ExtData[7].Val6,7,9622,,,C:\Users\Admin\Downloads\myps\data\bin\abilitycomponentexport.bin,byte 843375,Inferred requirement reference because ExtData[*].Val6 matches a known RequirementId row in abilityrequirementexport.bin.
9622,Inbound,Component,11307,Component 11307 (DAMAGE),ExtData[7].Val6,7,9622,,,C:\Users\Admin\Downloads\myps\data\bin\abilitycomponentexport.bin,byte 843773,Inferred requirement reference because ExtData[*].Val6 matches a known RequirementId row in abilityrequirementexport.bin.
9622,Inbound,Component,11308,Component 11308 (DAMAGE),ExtData[7].Val6,7,9622,,,C:\Users\Admin\Downloads\myps\data\bin\abilitycomponentexport.bin,byte 844038,Inferred requirement reference because ExtData[*].Val6 matches a known RequirementId row in abilityrequirementexport.bin.
9622,Inbound,Component,11309,Component 11309 (DAMAGE),ExtData[7].Val6,7,9622,,,C:\Users\Admin\Downloads\myps\data\bin\abilitycomponentexport.bin,byte 844303,Inferred requirement reference because ExtData[*].Val6 matches a known RequirementId row in abilityrequirementexport.bin.
9622,Inbound,Component,11312,Component 11312 (DAMAGE),ExtData[7].Val6,7,9622,,,C:\Users\Admin\Downloads\myps\data\bin\abilitycomponentexport.bin,byte 844933,Inferred requirement reference because ExtData[*].Val6 matches a known RequirementId row in abilityrequirementexport.bin.
9622,Inbound,Component,11314,Component 11314 (DAMAGE),ExtData[7].Val6,7,9622,,,C:\Users\Admin\Downloads\myps\data\bin\abilitycomponentexport.bin,byte 845364,Inferred requirement reference because ExtData[*].Val6 matches a known RequirementId row in abilityrequirementexport.bin.
9622,Inbound,Component,11316,Component 11316 (DAMAGE),ExtData[7].Val6,7,9622,,,C:\Users\Admin\Downloads\myps\data\bin\abilitycomponentexport.bin,byte 845795,Inferred requirement reference because ExtData[*].Val6 matches a known RequirementId row in abilityrequirementexport.bin.
9622,Inbound,Component,11317,Component 11317 (DAMAGE),ExtData[7].Val6,7,9622,,,C:\Users\Admin\Downloads\myps\data\bin\abilitycomponentexport.bin,byte 846060,Inferred requirement reference because ExtData[*].Val6 matches a known RequirementId row in abilityrequirementexport.bin.
9622,Inbound,Component,11318,Component 11318 (DAMAGE),ExtData[7].Val6,7,9622,,,C:\Users\Admin\Downloads\myps\data\bin\abilitycomponentexport.bin,byte 846325,Inferred requirement reference because ExtData[*].Val6 matches a known RequirementId row in abilityrequirementexport.bin.
9622,Inbound,Component,11325,Component 11325 (DAMAGE),ExtData[7].Val6,7,9622,,,C:\Users\Admin\Downloads\myps\data\bin\abilitycomponentexport.bin,byte 847487,Inferred requirement reference because ExtData[*].Val6 matches a known RequirementId row in abilityrequirementexport.bin.
9622,Inbound,Component,11328,Component 11328 (DAMAGE),ExtData[7].Val6,7,9622,,,C:\Users\Admin\Downloads\myps\data\bin\abilitycomponentexport.bin,byte 848018,Inferred requirement reference because ExtData[*].Val6 matches a known RequirementId row in abilityrequirementexport.bin.
9622,Inbound,Component,11329,Component 11329 (DAMAGE),ExtData[7].Val6,7,9622,,,C:\Users\Admin\Downloads\myps\data\bin\abilitycomponentexport.bin,byte 848250,Inferred requirement reference because ExtData[*].Val6 matches a known RequirementId row in abilityrequirementexport.bin.
9622,Inbound,Component,11331,Component 11331 (DAMAGE),ExtData[7].Val6,7,9622,,,C:\Users\Admin\Downloads\myps\data\bin\abilitycomponentexport.bin,byte 848648,Inferred requirement reference because ExtData[*].Val6 matches a known RequirementId row in abilityrequirementexport.bin.
9622,Inbound,Component,11345,Component 11345 (DAMAGE),ExtData[7].Val6,7,9622,,,C:\Users\Admin\Downloads\myps\data\bin\abilitycomponentexport.bin,byte 851137,Inferred requirement reference because ExtData[*].Val6 matches a known RequirementId row in abilityrequirementexport.bin.
9622,Inbound,Component,11441,Component 11441 (DAMAGE),ExtData[7].Val6,7,9622,,,C:\Users\Admin\Downloads\myps\data\bin\abilitycomponentexport.bin,byte 867832,Inferred requirement reference because ExtData[*].Val6 matches a known RequirementId row in abilityrequirementexport.bin.
9622,Inbound,Component,11564,Component 11564 (DAMAGE),ExtData[7].Val6,7,9622,,,C:\Users\Admin\Downloads\myps\data\bin\abilitycomponentexport.bin,byte 888283,Inferred requirement reference because ExtData[*].Val6 matches a known RequirementId row in abilityrequirementexport.bin.
9622,Inbound,Component,11581,Component 11581 (DAMAGE),ExtData[7].Val6,7,9622,9031 (Gryphon's Lash),Damage,C:\Users\Admin\Downloads\myps\data\bin\abilitycomponentexport.bin,byte 891633,Inferred requirement reference because ExtData[*].Val6 matches a known RequirementId row in abilityrequirementexport.bin.
9622,Inbound,Component,11625,Component 11625 (DAMAGE),ExtData[7].Val6,7,9622,9399 (Ruthless Assault),Damage,C:\Users\Admin\Downloads\myps\data\bin\abilitycomponentexport.bin,byte 898074,Inferred requirement reference because ExtData[*].Val6 matches a known RequirementId row in abilityrequirementexport.bin.
9622,Inbound,Component,11626,Component 11626 (DAMAGE),ExtData[7].Val6,7,9622,9399 (Ruthless Assault),Damage,C:\Users\Admin\Downloads\myps\data\bin\abilitycomponentexport.bin,byte 898339,Inferred requirement reference because ExtData[*].Val6 matches a known RequirementId row in abilityrequirementexport.bin.
9622,Inbound,Component,11627,Component 11627 (DAMAGE),ExtData[7].Val6,7,9622,9399 (Ruthless Assault),Damage,C:\Users\Admin\Downloads\myps\data\bin\abilitycomponentexport.bin,byte 898604,Inferred requirement reference because ExtData[*].Val6 matches a known RequirementId row in abilityrequirementexport.bin.
9622,Inbound,Component,11628,Component 11628 (DAMAGE),ExtData[7].Val6,7,9622,9399 (Ruthless Assault),Damage,C:\Users\Admin\Downloads\myps\data\bin\abilitycomponentexport.bin,byte 898869,Inferred requirement reference because ExtData[*].Val6 matches a known RequirementId row in abilityrequirementexport.bin.
9622,Inbound,Component,11629,Component 11629 (DAMAGE),ExtData[7].Val6,7,9622,9399 (Ruthless Assault),Damage,C:\Users\Admin\Downloads\myps\data\bin\abilitycomponentexport.bin,byte 899134,Inferred requirement reference because ExtData[*].Val6 matches a known RequirementId row in abilityrequirementexport.bin.
9622,Inbound,Component,11632,Component 11632 (DAMAGE),ExtData[7].Val6,7,9622,9421 (Pierce Armor),Damage,C:\Users\Admin\Downloads\myps\data\bin\abilitycomponentexport.bin,byte 899731,Inferred requirement reference because ExtData[*].Val6 matches a known RequirementId row in abilityrequirementexport.bin.
9622,Inbound,Component,11672,Component 11672 (DAMAGE),ExtData[7].Val6,7,9622,,,C:\Users\Admin\Downloads\myps\data\bin\abilitycomponentexport.bin,byte 906338,Inferred requirement reference because ExtData[*].Val6 matches a known RequirementId row in abilityrequirementexport.bin.
9622,Inbound,Component,11673,Component 11673 (DAMAGE),ExtData[7].Val6,7,9622,,,C:\Users\Admin\Downloads\myps\data\bin\abilitycomponentexport.bin,byte 906603,Inferred requirement reference because ExtData[*].Val6 matches a known RequirementId row in abilityrequirementexport.bin.
9622,Inbound,Component,11700,Component 11700 (DAMAGE),ExtData[7].Val6,7,9622,3735 (Gusting Wind),,C:\Users\Admin\Downloads\myps\data\bin\abilitycomponentexport.bin,byte 911151,Inferred requirement reference because ExtData[*].Val6 matches a known RequirementId row in abilityrequirementexport.bin.
9622,Inbound,Component,11701,Component 11701 (DAMAGE),ExtData[7].Val6,7,9622,3579 (Intimidating Blow),,C:\Users\Admin\Downloads\myps\data\bin\abilitycomponentexport.bin,byte 911416,Inferred requirement reference because ExtData[*].Val6 matches a known RequirementId row in abilityrequirementexport.bin.
9622,Inbound,Component,11702,Component 11702 (DAMAGE),ExtData[7].Val6,7,9622,3579 (Intimidating Blow),,C:\Users\Admin\Downloads\myps\data\bin\abilitycomponentexport.bin,byte 911681,Inferred requirement reference because ExtData[*].Val6 matches a known RequirementId row in abilityrequirementexport.bin.
9622,Inbound,Component,11765,Component 11765 (DAMAGE),ExtData[7].Val6,7,9622,,,C:\Users\Admin\Downloads\myps\data\bin\abilitycomponentexport.bin,byte 921906,Inferred requirement reference because ExtData[*].Val6 matches a known RequirementId row in abilityrequirementexport.bin.
9622,Inbound,Component,11766,Component 11766 (DAMAGE),ExtData[7].Val6,7,9622,,,C:\Users\Admin\Downloads\myps\data\bin\abilitycomponentexport.bin,byte 922138,Inferred requirement reference because ExtData[*].Val6 matches a known RequirementId row in abilityrequirementexport.bin.
9622,Inbound,Component,11769,Component 11769 (DAMAGE),ExtData[7].Val6,7,9622,,,C:\Users\Admin\Downloads\myps\data\bin\abilitycomponentexport.bin,byte 922702,Inferred requirement reference because ExtData[*].Val6 matches a known RequirementId row in abilityrequirementexport.bin.
9622,Inbound,Component,11777,Component 11777 (DAMAGE),ExtData[7].Val6,7,9622,9084 (Broadhead Arrow),Damage,C:\Users\Admin\Downloads\myps\data\bin\abilitycomponentexport.bin,byte 924228,Inferred requirement reference because ExtData[*].Val6 matches a known RequirementId row in abilityrequirementexport.bin.
9622,Inbound,Component,11782,Component 11782 (DAMAGE),ExtData[7].Val6,7,9622,9091 (Draw Blood),Damage,C:\Users\Admin\Downloads\myps\data\bin\abilitycomponentexport.bin,byte 925190,Inferred requirement reference because ExtData[*].Val6 matches a known RequirementId row in abilityrequirementexport.bin.
9622,Inbound,Component,11783,Component 11783 (DAMAGE),ExtData[7].Val6,7,9622,,,C:\Users\Admin\Downloads\myps\data\bin\abilitycomponentexport.bin,byte 925422,Inferred requirement reference because ExtData[*].Val6 matches a known RequirementId row in abilityrequirementexport.bin.
9622,Inbound,Component,11784,Component 11784 (DAMAGE),ExtData[7].Val6,7,9622,,,C:\Users\Admin\Downloads\myps\data\bin\abilitycomponentexport.bin,byte 925687,Inferred requirement reference because ExtData[*].Val6 matches a known RequirementId row in abilityrequirementexport.bin.
9622,Inbound,Component,11791,Component 11791 (DAMAGE),ExtData[7].Val6,7,9622,9100 (Lileath's Arrow),Damage,C:\Users\Admin\Downloads\myps\data\bin\abilitycomponentexport.bin,byte 926915,Inferred requirement reference because ExtData[*].Val6 matches a known RequirementId row in abilityrequirementexport.bin.
9622,Inbound,Component,11792,Component 11792 (DAMAGE),ExtData[7].Val6,7,9622,9101 (Rapid Fire),Damage,C:\Users\Admin\Downloads\myps\data\bin\abilitycomponentexport.bin,byte 927147,Inferred requirement reference because ExtData[*].Val6 matches a known RequirementId row in abilityrequirementexport.bin.
9622,Inbound,Component,11795,Component 11795 (DAMAGE),ExtData[7].Val6,7,9622,"3929 (Glass Arrow), 9103 (Glass Arrow)",Damage,C:\Users\Admin\Downloads\myps\data\bin\abilitycomponentexport.bin,byte 927711,Inferred requirement reference because ExtData[*].Val6 matches a known RequirementId row in abilityrequirementexport.bin.
9622,Inbound,Component,11796,Component 11796 (DAMAGE),ExtData[7].Val6,7,9622,,,C:\Users\Admin\Downloads\myps\data\bin\abilitycomponentexport.bin,byte 927943,Inferred requirement reference because ExtData[*].Val6 matches a known RequirementId row in abilityrequirementexport.bin.
9622,Inbound,Component,11797,Component 11797 (DAMAGE),ExtData[7].Val6,7,9622,9105 (Fell The Weak),Damage,C:\Users\Admin\Downloads\myps\data\bin\abilitycomponentexport.bin,byte 928175,Inferred requirement reference because ExtData[*].Val6 matches a known RequirementId row in abilityrequirementexport.bin.
9622,Inbound,Component,11798,Component 11798 (DAMAGE),ExtData[7].Val6,7,9622,9105 (Fell The Weak),Damage,C:\Users\Admin\Downloads\myps\data\bin\abilitycomponentexport.bin,byte 928440,Inferred requirement reference because ExtData[*].Val6 matches a known RequirementId row in abilityrequirementexport.bin.
9622,Inbound,Component,11802,Component 11802 (DAMAGE),ExtData[7].Val6,7,9622,,,C:\Users\Admin\Downloads\myps\data\bin\abilitycomponentexport.bin,byte 929401,Inferred requirement reference because ExtData[*].Val6 matches a known RequirementId row in abilityrequirementexport.bin.
9622,Inbound,Component,11804,Component 11804 (DAMAGE),ExtData[7].Val6,7,9622,9107 (Sweeping Slash),Damage,C:\Users\Admin\Downloads\myps\data\bin\abilitycomponentexport.bin,byte 929799,Inferred requirement reference because ExtData[*].Val6 matches a known RequirementId row in abilityrequirementexport.bin.
9622,Inbound,Component,11806,Component 11806 (DAMAGE),ExtData[7].Val6,7,9622,9109 (Shadow Sting),"Damage, Heal",C:\Users\Admin\Downloads\myps\data\bin\abilitycomponentexport.bin,byte 930197,Inferred requirement reference because ExtData[*].Val6 matches a known RequirementId row in abilityrequirementexport.bin.
9622,Inbound,Component,11808,Component 11808 (DAMAGE),ExtData[7].Val6,7,9622,9110 (Flanking Shot),Damage,C:\Users\Admin\Downloads\myps\data\bin\abilitycomponentexport.bin,byte 930628,Inferred requirement reference because ExtData[*].Val6 matches a known RequirementId row in abilityrequirementexport.bin.
9622,Inbound,Component,11810,Component 11810 (DAMAGE),ExtData[7].Val6,7,9622,9111 (Barrage),Damage,C:\Users\Admin\Downloads\myps\data\bin\abilitycomponentexport.bin,byte 931059,Inferred requirement reference because ExtData[*].Val6 matches a known RequirementId row in abilityrequirementexport.bin.
9622,Inbound,Component,11821,Component 11821 (DAMAGE),ExtData[7].Val6,7,9622,,,C:\Users\Admin\Downloads\myps\data\bin\abilitycomponentexport.bin,byte 933050,Inferred requirement reference because ExtData[*].Val6 matches a known RequirementId row in abilityrequirementexport.bin.
9622,Inbound,Component,11822,Component 11822 (DAMAGE),ExtData[7].Val6,7,9622,,,C:\Users\Admin\Downloads\myps\data\bin\abilitycomponentexport.bin,byte 933315,Inferred requirement reference because ExtData[*].Val6 matches a known RequirementId row in abilityrequirementexport.bin.
9622,Inbound,Component,11829,Component 11829 (DAMAGE),ExtData[7].Val6,7,9622,9086 (Brutal Assault),Damage,C:\Users\Admin\Downloads\myps\data\bin\abilitycomponentexport.bin,byte 934576,Inferred requirement reference because ExtData[*].Val6 matches a known RequirementId row in abilityrequirementexport.bin.
9622,Inbound,Component,11830,Component 11830 (DAMAGE),ExtData[7].Val6,7,9622,9086 (Brutal Assault),Damage,C:\Users\Admin\Downloads\myps\data\bin\abilitycomponentexport.bin,byte 934841,Inferred requirement reference because ExtData[*].Val6 matches a known RequirementId row in abilityrequirementexport.bin.
9622,Inbound,Component,11836,Component 11836 (DAMAGE),ExtData[7].Val6,7,9622,,,C:\Users\Admin\Downloads\myps\data\bin\abilitycomponentexport.bin,byte 935837,Inferred requirement reference because ExtData[*].Val6 matches a known RequirementId row in abilityrequirementexport.bin.
9622,Inbound,Component,11882,Component 11882 (DAMAGE),ExtData[7].Val6,7,9622,3813 (Puncture),,C:\Users\Admin\Downloads\myps\data\bin\abilitycomponentexport.bin,byte 942780,Inferred requirement reference because ExtData[*].Val6 matches a known RequirementId row in abilityrequirementexport.bin.
9622,Inbound,Component,11883,Component 11883 (DAMAGE),ExtData[7].Val6,7,9622,3814 (Puncture),,C:\Users\Admin\Downloads\myps\data\bin\abilitycomponentexport.bin,byte 943012,Inferred requirement reference because ExtData[*].Val6 matches a known RequirementId row in abilityrequirementexport.bin.
9622,Inbound,Component,11884,Component 11884 (DAMAGE),ExtData[7].Val6,7,9622,3815 (Puncture),,C:\Users\Admin\Downloads\myps\data\bin\abilitycomponentexport.bin,byte 943244,Inferred requirement reference because ExtData[*].Val6 matches a known RequirementId row in abilityrequirementexport.bin.
9622,Inbound,Component,11885,Component 11885 (DAMAGE),ExtData[7].Val6,7,9622,3816 (Puncture),,C:\Users\Admin\Downloads\myps\data\bin\abilitycomponentexport.bin,byte 943476,Inferred requirement reference because ExtData[*].Val6 matches a known RequirementId row in abilityrequirementexport.bin.
9622,Inbound,Component,11886,Component 11886 (DAMAGE),ExtData[7].Val6,7,9622,3817 (Puncture),,C:\Users\Admin\Downloads\myps\data\bin\abilitycomponentexport.bin,byte 943708,Inferred requirement reference because ExtData[*].Val6 matches a known RequirementId row in abilityrequirementexport.bin.
9622,Inbound,Component,11889,Component 11889 (DAMAGE),ExtData[7].Val6,7,9622,,,C:\Users\Admin\Downloads\myps\data\bin\abilitycomponentexport.bin,byte 944239,Inferred requirement reference because ExtData[*].Val6 matches a known RequirementId row in abilityrequirementexport.bin.
9622,Inbound,Component,11896,Component 11896 (DAMAGE),ExtData[7].Val6,7,9622,"3931 (Heart Render Toxin), 3988 (Sacrificial Stab)",,C:\Users\Admin\Downloads\myps\data\bin\abilitycomponentexport.bin,byte 944936,Inferred requirement reference because ExtData[*].Val6 matches a known RequirementId row in abilityrequirementexport.bin.
9622,Inbound,Component,11897,Component 11897 (DAMAGE),ExtData[7].Val6,7,9622,"3932 (Heart Render Toxin), 3989 (Sacrificial Stab)",,C:\Users\Admin\Downloads\myps\data\bin\abilitycomponentexport.bin,byte 945168,Inferred requirement reference because ExtData[*].Val6 matches a known RequirementId row in abilityrequirementexport.bin.
9622,Inbound,Component,11898,Component 11898 (DAMAGE),ExtData[7].Val6,7,9622,"3933 (Heart Render Toxin), 3990 (Sacrificial Stab)",,C:\Users\Admin\Downloads\myps\data\bin\abilitycomponentexport.bin,byte 945400,Inferred requirement reference because ExtData[*].Val6 matches a known RequirementId row in abilityrequirementexport.bin.
9622,Inbound,Component,11899,Component 11899 (DAMAGE),ExtData[7].Val6,7,9622,"3934 (Heart Render Toxin), 3991 (Sacrificial Stab)",,C:\Users\Admin\Downloads\myps\data\bin\abilitycomponentexport.bin,byte 945632,Inferred requirement reference because ExtData[*].Val6 matches a known RequirementId row in abilityrequirementexport.bin.
9622,Inbound,Component,11900,Component 11900 (DAMAGE),ExtData[7].Val6,7,9622,"3935 (Heart Render Toxin), 3992 (Sacrificial Stab)",,C:\Users\Admin\Downloads\myps\data\bin\abilitycomponentexport.bin,byte 945864,Inferred requirement reference because ExtData[*].Val6 matches a known RequirementId row in abilityrequirementexport.bin.
9622,Inbound,Component,11902,Component 11902 (DAMAGE),ExtData[7].Val6,7,9622,,,C:\Users\Admin\Downloads\myps\data\bin\abilitycomponentexport.bin,byte 946229,Inferred requirement reference because ExtData[*].Val6 matches a known RequirementId row in abilityrequirementexport.bin.
9622,Inbound,Component,11908,Component 11908 (DAMAGE),ExtData[7].Val6,7,9622,,,C:\Users\Admin\Downloads\myps\data\bin\abilitycomponentexport.bin,byte 947126,Inferred requirement reference because ExtData[*].Val6 matches a known RequirementId row in abilityrequirementexport.bin.
9622,Inbound,Component,11909,Component 11909 (DAMAGE),ExtData[7].Val6,7,9622,,,C:\Users\Admin\Downloads\myps\data\bin\abilitycomponentexport.bin,byte 947358,Inferred requirement reference because ExtData[*].Val6 matches a known RequirementId row in abilityrequirementexport.bin.
9622,Inbound,Component,11915,Component 11915 (DAMAGE),ExtData[7].Val6,7,9622,,,C:\Users\Admin\Downloads\myps\data\bin\abilitycomponentexport.bin,byte 948453,Inferred requirement reference because ExtData[*].Val6 matches a known RequirementId row in abilityrequirementexport.bin.
9622,Inbound,Component,11921,Component 11921 (DAMAGE),ExtData[7].Val6,7,9622,3536 (Ensorcelled Blow),,C:\Users\Admin\Downloads\myps\data\bin\abilitycomponentexport.bin,byte 949383,Inferred requirement reference because ExtData[*].Val6 matches a known RequirementId row in abilityrequirementexport.bin.
9622,Inbound,Component,11922,Component 11922 (DAMAGE),ExtData[7].Val6,7,9622,3735 (Gusting Wind),,C:\Users\Admin\Downloads\myps\data\bin\abilitycomponentexport.bin,byte 949648,Inferred requirement reference because ExtData[*].Val6 matches a known RequirementId row in abilityrequirementexport.bin.
9622,Inbound,Component,11923,Component 11923 (DAMAGE),ExtData[7].Val6,7,9622,3539 (Whispering Wind),Damage,C:\Users\Admin\Downloads\myps\data\bin\abilitycomponentexport.bin,byte 949913,Inferred requirement reference because ExtData[*].Val6 matches a known RequirementId row in abilityrequirementexport.bin.
9622,Inbound,Component,11926,Component 11926 (DAMAGE),ExtData[7].Val6,7,9622,,,C:\Users\Admin\Downloads\myps\data\bin\abilitycomponentexport.bin,byte 950444,Inferred requirement reference because ExtData[*].Val6 matches a known RequirementId row in abilityrequirementexport.bin.
9622,Inbound,Component,11978,Component 11978 (DAMAGE),ExtData[7].Val6,7,9622,,,C:\Users\Admin\Downloads\myps\data\bin\abilitycomponentexport.bin,byte 958545,Inferred requirement reference because ExtData[*].Val6 matches a known RequirementId row in abilityrequirementexport.bin.
9622,Inbound,Component,11979,Component 11979 (DAMAGE),ExtData[7].Val6,7,9622,,,C:\Users\Admin\Downloads\myps\data\bin\abilitycomponentexport.bin,byte 958777,Inferred requirement reference because ExtData[*].Val6 matches a known RequirementId row in abilityrequirementexport.bin.
9622,Inbound,Component,11985,Component 11985 (DAMAGE),ExtData[7].Val6,7,9622,9012 (Gusting Wind),Damage,C:\Users\Admin\Downloads\myps\data\bin\abilitycomponentexport.bin,byte 959740,Inferred requirement reference because ExtData[*].Val6 matches a known RequirementId row in abilityrequirementexport.bin.
9622,Inbound,Component,12000,Component 12000 (DAMAGE),ExtData[7].Val6,7,9622,9576 (Wracking Agony),Damage,C:\Users\Admin\Downloads\myps\data\bin\abilitycomponentexport.bin,byte 962362,Inferred requirement reference because ExtData[*].Val6 matches a known RequirementId row in abilityrequirementexport.bin.
9622,Inbound,Component,12001,Component 12001 (DAMAGE),ExtData[7].Val6,7,9622,9576 (Wracking Agony),Damage,C:\Users\Admin\Downloads\myps\data\bin\abilitycomponentexport.bin,byte 962627,Inferred requirement reference because ExtData[*].Val6 matches a known RequirementId row in abilityrequirementexport.bin.
9622,Inbound,Component,12017,Component 12017 (DAMAGE),ExtData[7].Val6,7,9622,9106 (Swift Strikes),Damage,C:\Users\Admin\Downloads\myps\data\bin\abilitycomponentexport.bin,byte 965415,Inferred requirement reference because ExtData[*].Val6 matches a known RequirementId row in abilityrequirementexport.bin.
9622,Inbound,Component,12018,Component 12018 (DAMAGE),ExtData[7].Val6,7,9622,9106 (Swift Strikes),Damage,C:\Users\Admin\Downloads\myps\data\bin\abilitycomponentexport.bin,byte 965680,Inferred requirement reference because ExtData[*].Val6 matches a known RequirementId row in abilityrequirementexport.bin.
9622,Inbound,Component,12021,Component 12021 (DAMAGE),ExtData[7].Val6,7,9622,9408 (Agonizing Wound),Damage,C:\Users\Admin\Downloads\myps\data\bin\abilitycomponentexport.bin,byte 966111,Inferred requirement reference because ExtData[*].Val6 matches a known RequirementId row in abilityrequirementexport.bin.
9622,Inbound,Component,12022,Component 12022 (DAMAGE),ExtData[7].Val6,7,9622,9408 (Agonizing Wound),Damage,C:\Users\Admin\Downloads\myps\data\bin\abilitycomponentexport.bin,byte 966409,Inferred requirement reference because ExtData[*].Val6 matches a known RequirementId row in abilityrequirementexport.bin.
9622,Inbound,Component,12023,Component 12023 (DAMAGE),ExtData[7].Val6,7,9622,9409 (Throat Slitter),"Damage, Silence",C:\Users\Admin\Downloads\myps\data\bin\abilitycomponentexport.bin,byte 966674,Inferred requirement reference because ExtData[*].Val6 matches a known RequirementId row in abilityrequirementexport.bin.
9622,Inbound,Component,12025,Component 12025 (DAMAGE),ExtData[7].Val6,7,9622,,,C:\Users\Admin\Downloads\myps\data\bin\abilitycomponentexport.bin,byte 967072,Inferred requirement reference because ExtData[*].Val6 matches a known RequirementId row in abilityrequirementexport.bin.
9622,Inbound,Component,12037,Component 12037 (DAMAGE),ExtData[7].Val6,7,9622,,,C:\Users\Admin\Downloads\myps\data\bin\abilitycomponentexport.bin,byte 968898,Inferred requirement reference because ExtData[*].Val6 matches a known RequirementId row in abilityrequirementexport.bin.
9622,Inbound,Component,12040,Component 12040 (DAMAGE),ExtData[7].Val6,7,9622,3581 (On Your Knees!),,C:\Users\Admin\Downloads\myps\data\bin\abilitycomponentexport.bin,byte 969462,Inferred requirement reference because ExtData[*].Val6 matches a known RequirementId row in abilityrequirementexport.bin.
9622,Inbound,Component,12041,Component 12041 (DAMAGE),ExtData[7].Val6,7,9622,3581 (On Your Knees!),,C:\Users\Admin\Downloads\myps\data\bin\abilitycomponentexport.bin,byte 969694,Inferred requirement reference because ExtData[*].Val6 matches a known RequirementId row in abilityrequirementexport.bin.
9622,Inbound,Component,12042,Component 12042 (DAMAGE),ExtData[7].Val6,7,9622,3582 (On Your Knees!),,C:\Users\Admin\Downloads\myps\data\bin\abilitycomponentexport.bin,byte 969926,Inferred requirement reference because ExtData[*].Val6 matches a known RequirementId row in abilityrequirementexport.bin.
9622,Inbound,Component,12043,Component 12043 (DAMAGE),ExtData[7].Val6,7,9622,3582 (On Your Knees!),,C:\Users\Admin\Downloads\myps\data\bin\abilitycomponentexport.bin,byte 970158,Inferred requirement reference because ExtData[*].Val6 matches a known RequirementId row in abilityrequirementexport.bin.
9622,Inbound,Component,12044,Component 12044 (DAMAGE),ExtData[7].Val6,7,9622,3583 (On Your Knees!),,C:\Users\Admin\Downloads\myps\data\bin\abilitycomponentexport.bin,byte 970390,Inferred requirement reference because ExtData[*].Val6 matches a known RequirementId row in abilityrequirementexport.bin.
9622,Inbound,Component,12045,Component 12045 (DAMAGE),ExtData[7].Val6,7,9622,3583 (On Your Knees!),,C:\Users\Admin\Downloads\myps\data\bin\abilitycomponentexport.bin,byte 970622,Inferred requirement reference because ExtData[*].Val6 matches a known RequirementId row in abilityrequirementexport.bin.
9622,Inbound,Component,12046,Component 12046 (DAMAGE),ExtData[7].Val6,7,9622,3584 (On Your Knees!),,C:\Users\Admin\Downloads\myps\data\bin\abilitycomponentexport.bin,byte 970854,Inferred requirement reference because ExtData[*].Val6 matches a known RequirementId row in abilityrequirementexport.bin.
9622,Inbound,Component,12047,Component 12047 (DAMAGE),ExtData[7].Val6,7,9622,3584 (On Your Knees!),,C:\Users\Admin\Downloads\myps\data\bin\abilitycomponentexport.bin,byte 971086,Inferred requirement reference because ExtData[*].Val6 matches a known RequirementId row in abilityrequirementexport.bin.
9622,Inbound,Component,12048,Component 12048 (DAMAGE),ExtData[7].Val6,7,9622,3585 (On Your Knees!),,C:\Users\Admin\Downloads\myps\data\bin\abilitycomponentexport.bin,byte 971318,Inferred requirement reference because ExtData[*].Val6 matches a known RequirementId row in abilityrequirementexport.bin.
9622,Inbound,Component,12049,Component 12049 (DAMAGE),ExtData[7].Val6,7,9622,3585 (On Your Knees!),,C:\Users\Admin\Downloads\myps\data\bin\abilitycomponentexport.bin,byte 971550,Inferred requirement reference because ExtData[*].Val6 matches a known RequirementId row in abilityrequirementexport.bin.
9622,Inbound,Component,12050,Component 12050 (DAMAGE),ExtData[7].Val6,7,9622,"3931 (Heart Render Toxin), 3988 (Sacrificial Stab)",,C:\Users\Admin\Downloads\myps\data\bin\abilitycomponentexport.bin,byte 971782,Inferred requirement reference because ExtData[*].Val6 matches a known RequirementId row in abilityrequirementexport.bin.
9622,Inbound,Component,12051,Component 12051 (DAMAGE),ExtData[7].Val6,7,9622,"3932 (Heart Render Toxin), 3989 (Sacrificial Stab)",,C:\Users\Admin\Downloads\myps\data\bin\abilitycomponentexport.bin,byte 972014,Inferred requirement reference because ExtData[*].Val6 matches a known RequirementId row in abilityrequirementexport.bin.
9622,Inbound,Component,12052,Component 12052 (DAMAGE),ExtData[7].Val6,7,9622,"3933 (Heart Render Toxin), 3990 (Sacrificial Stab)",,C:\Users\Admin\Downloads\myps\data\bin\abilitycomponentexport.bin,byte 972246,Inferred requirement reference because ExtData[*].Val6 matches a known RequirementId row in abilityrequirementexport.bin.
9622,Inbound,Component,12053,Component 12053 (DAMAGE),ExtData[7].Val6,7,9622,"3934 (Heart Render Toxin), 3991 (Sacrificial Stab)",,C:\Users\Admin\Downloads\myps\data\bin\abilitycomponentexport.bin,byte 972478,Inferred requirement reference because ExtData[*].Val6 matches a known RequirementId row in abilityrequirementexport.bin.
9622,Inbound,Component,12054,Component 12054 (DAMAGE),ExtData[7].Val6,7,9622,"3935 (Heart Render Toxin), 3992 (Sacrificial Stab)",,C:\Users\Admin\Downloads\myps\data\bin\abilitycomponentexport.bin,byte 972710,Inferred requirement reference because ExtData[*].Val6 matches a known RequirementId row in abilityrequirementexport.bin.
9622,Inbound,Component,12169,Component 12169 (DAMAGE),ExtData[7].Val6,7,9622,"1824 (Git Em!), 9163 (Coordinated Strike)",Damage,C:\Users\Admin\Downloads\myps\data\bin\abilitycomponentexport.bin,byte 995263,Inferred requirement reference because ExtData[*].Val6 matches a known RequirementId row in abilityrequirementexport.bin.
9622,Inbound,Component,12173,Component 12173 (DAMAGE),ExtData[7].Val6,7,9622,,,C:\Users\Admin\Downloads\myps\data\bin\abilitycomponentexport.bin,byte 995993,Inferred requirement reference because ExtData[*].Val6 matches a known RequirementId row in abilityrequirementexport.bin.
9622,Inbound,Component,12174,Component 12174 (DAMAGE),ExtData[7].Val6,7,9622,,,C:\Users\Admin\Downloads\myps\data\bin\abilitycomponentexport.bin,byte 996258,Inferred requirement reference because ExtData[*].Val6 matches a known RequirementId row in abilityrequirementexport.bin.
9622,Inbound,Component,12200,Component 12200 (DAMAGE),ExtData[7].Val6,7,9622,9176 (Slashing Blade),Damage,C:\Users\Admin\Downloads\myps\data\bin\abilitycomponentexport.bin,byte 1000805,Inferred requirement reference because ExtData[*].Val6 matches a known RequirementId row in abilityrequirementexport.bin.
9622,Inbound,Component,12204,Component 12204 (DAMAGE),ExtData[7].Val6,7,9622,9186 (Pounce),Damage,C:\Users\Admin\Downloads\myps\data\bin\abilitycomponentexport.bin,byte 1001469,Inferred requirement reference because ExtData[*].Val6 matches a known RequirementId row in abilityrequirementexport.bin.
9622,Inbound,Component,12209,Component 12209 (DAMAGE),ExtData[7].Val6,7,9622,9188 (Whirling Axe),Damage,C:\Users\Admin\Downloads\myps\data\bin\abilitycomponentexport.bin,byte 1002332,Inferred requirement reference because ExtData[*].Val6 matches a known RequirementId row in abilityrequirementexport.bin.
9622,Inbound,Component,12211,Component 12211 (DAMAGE),ExtData[7].Val6,7,9622,9190 (Cull The Weak),Damage,C:\Users\Admin\Downloads\myps\data\bin\abilitycomponentexport.bin,byte 1002730,Inferred requirement reference because ExtData[*].Val6 matches a known RequirementId row in abilityrequirementexport.bin.
9622,Inbound,Component,12213,Component 12213 (DAMAGE),ExtData[7].Val6,7,9622,,,C:\Users\Admin\Downloads\myps\data\bin\abilitycomponentexport.bin,byte 1003161,Inferred requirement reference because ExtData[*].Val6 matches a known RequirementId row in abilityrequirementexport.bin.
9622,Inbound,Component,12338,Component 12338 (DAMAGE),ExtData[7].Val6,7,9622,9318 (Crippling Anger),Damage,C:\Users\Admin\Downloads\myps\data\bin\abilitycomponentexport.bin,byte 1024439,Inferred requirement reference because ExtData[*].Val6 matches a known RequirementId row in abilityrequirementexport.bin.
9622,Inbound,Component,12341,Component 12341 (DAMAGE),ExtData[7].Val6,7,9622,9320 (Murderous Wrath),Damage,C:\Users\Admin\Downloads\myps\data\bin\abilitycomponentexport.bin,byte 1024937,Inferred requirement reference because ExtData[*].Val6 matches a known RequirementId row in abilityrequirementexport.bin.
9622,Inbound,Component,12347,Component 12347 (DAMAGE),ExtData[7].Val6,7,9622,9323 (Monstrous Rending),Damage,C:\Users\Admin\Downloads\myps\data\bin\abilitycomponentexport.bin,byte 1026296,Inferred requirement reference because ExtData[*].Val6 matches a known RequirementId row in abilityrequirementexport.bin.
9622,Inbound,Component,12364,Component 12364 (DAMAGE),ExtData[7].Val6,7,9622,,,C:\Users\Admin\Downloads\myps\data\bin\abilitycomponentexport.bin,byte 1029514,Inferred requirement reference because ExtData[*].Val6 matches a known RequirementId row in abilityrequirementexport.bin.
9622,Inbound,Component,12372,Component 12372 (DAMAGE),ExtData[7].Val6,7,9622,9342 (Blade of Ruin),Damage,C:\Users\Admin\Downloads\myps\data\bin\abilitycomponentexport.bin,byte 1030941,Inferred requirement reference because ExtData[*].Val6 matches a known RequirementId row in abilityrequirementexport.bin.
9622,Inbound,Component,12373,Component 12373 (DAMAGE),ExtData[7].Val6,7,9622,9343 (Enraged Beating),Damage,C:\Users\Admin\Downloads\myps\data\bin\abilitycomponentexport.bin,byte 1031173,Inferred requirement reference because ExtData[*].Val6 matches a known RequirementId row in abilityrequirementexport.bin.
9622,Inbound,Component,12374,Component 12374 (DAMAGE),ExtData[7].Val6,7,9622,9344 (Crimson Death),Damage,C:\Users\Admin\Downloads\myps\data\bin\abilitycomponentexport.bin,byte 1031405,Inferred requirement reference because ExtData[*].Val6 matches a known RequirementId row in abilityrequirementexport.bin.
9622,Inbound,Component,12469,Component 12469 (DAMAGE),ExtData[7].Val6,7,9622,9167 (Lion's Fury),Damage,C:\Users\Admin\Downloads\myps\data\bin\abilitycomponentexport.bin,byte 1047703,Inferred requirement reference because ExtData[*].Val6 matches a known RequirementId row in abilityrequirementexport.bin.
9622,Inbound,Component,12470,Component 12470 (DAMAGE),ExtData[7].Val6,7,9622,9167 (Lion's Fury),Damage,C:\Users\Admin\Downloads\myps\data\bin\abilitycomponentexport.bin,byte 1047968,Inferred requirement reference because ExtData[*].Val6 matches a known RequirementId row in abilityrequirementexport.bin.
9622,Inbound,Component,12552,Component 12552 (DAMAGE),ExtData[7].Val6,7,9622,9400 (Sever Limb),"Damage, Disarm",C:\Users\Admin\Downloads\myps\data\bin\abilitycomponentexport.bin,byte 1061179,Inferred requirement reference because ExtData[*].Val6 matches a known RequirementId row in abilityrequirementexport.bin.
9622,Inbound,Component,12553,Component 12553 (DAMAGE),ExtData[7].Val6,7,9622,,,C:\Users\Admin\Downloads\myps\data\bin\abilitycomponentexport.bin,byte 1061411,Inferred requirement reference because ExtData[*].Val6 matches a known RequirementId row in abilityrequirementexport.bin.
9622,Inbound,Component,12588,Component 12588 (DAMAGE),ExtData[7].Val6,7,9622,9093 (Spiral-Fletched Arrow),Damage,C:\Users\Admin\Downloads\myps\data\bin\abilitycomponentexport.bin,byte 1067650,Inferred requirement reference because ExtData[*].Val6 matches a known RequirementId row in abilityrequirementexport.bin.
9622,Inbound,Component,12589,Component 12589 (DAMAGE),ExtData[7].Val6,7,9622,9093 (Spiral-Fletched Arrow),Damage,C:\Users\Admin\Downloads\myps\data\bin\abilitycomponentexport.bin,byte 1067882,Inferred requirement reference because ExtData[*].Val6 matches a known RequirementId row in abilityrequirementexport.bin.
9622,Inbound,Component,12628,Component 12628 (DAMAGE),ExtData[7].Val6,7,9622,"1374 (Sever Blessing), 1733 (Shatter Enchantment), 8101 (Sever Blessing), 8251 (Purge), 8339 (Sever Blessing), 9034 (Shatter Enchantment), 9337 (Shatter Enchantment), 9413 (Sever Blessing)",Damage,C:\Users\Admin\Downloads\myps\data\bin\abilitycomponentexport.bin,byte 1074090,Inferred requirement reference because ExtData[*].Val6 matches a known RequirementId row in abilityrequirementexport.bin.
9622,Inbound,Component,12631,Component 12631 (DAMAGE),ExtData[7].Val6,7,9622,9104 (Acid Arrow),Damage,C:\Users\Admin\Downloads\myps\data\bin\abilitycomponentexport.bin,byte 1074654,Inferred requirement reference because ExtData[*].Val6 matches a known RequirementId row in abilityrequirementexport.bin.
9622,Inbound,Component,12808,Component 12808 (DAMAGE),ExtData[7].Val6,7,9622,9398 (Slice),Damage,C:\Users\Admin\Downloads\myps\data\bin\abilitycomponentexport.bin,byte 1104524,Inferred requirement reference because ExtData[*].Val6 matches a known RequirementId row in abilityrequirementexport.bin.
9622,Inbound,Component,12809,Component 12809 (DAMAGE),ExtData[7].Val6,7,9622,9398 (Slice),Damage,C:\Users\Admin\Downloads\myps\data\bin\abilitycomponentexport.bin,byte 1104756,Inferred requirement reference because ExtData[*].Val6 matches a known RequirementId row in abilityrequirementexport.bin.
9622,Inbound,Component,12916,Component 12916 (DAMAGE),ExtData[7].Val6,7,9622,9006 (Dragon's Talon),Damage,C:\Users\Admin\Downloads\myps\data\bin\abilitycomponentexport.bin,byte 1121525,Inferred requirement reference because ExtData[*].Val6 matches a known RequirementId row in abilityrequirementexport.bin.
9622,Inbound,Component,12963,Component 12963 (DAMAGE),ExtData[7].Val6,7,9622,9192 (Force Opportunity),Damage,C:\Users\Admin\Downloads\myps\data\bin\abilitycomponentexport.bin,byte 1128827,Inferred requirement reference because ExtData[*].Val6 matches a known RequirementId row in abilityrequirementexport.bin.
9622,Inbound,Component,12964,Component 12964 (DAMAGE),ExtData[7].Val6,7,9622,9087 (Takedown),"Damage, Snare",C:\Users\Admin\Downloads\myps\data\bin\abilitycomponentexport.bin,byte 1129059,Inferred requirement reference because ExtData[*].Val6 matches a known RequirementId row in abilityrequirementexport.bin.
9622,Inbound,Component,12965,Component 12965 (DAMAGE),ExtData[7].Val6,7,9622,9095 (Throat Shot),"Damage, Silence",C:\Users\Admin\Downloads\myps\data\bin\abilitycomponentexport.bin,byte 1129291,Inferred requirement reference because ExtData[*].Val6 matches a known RequirementId row in abilityrequirementexport.bin.
9622,Inbound,Component,12966,Component 12966 (DAMAGE),ExtData[7].Val6,7,9622,9165 (Sundering Chop),Damage,C:\Users\Admin\Downloads\myps\data\bin\abilitycomponentexport.bin,byte 1129523,Inferred requirement reference because ExtData[*].Val6 matches a known RequirementId row in abilityrequirementexport.bin.
9622,Inbound,Component,12975,Component 12975 (DAMAGE),ExtData[7].Val6,7,9622,9096 (Eye Shot),Damage,C:\Users\Admin\Downloads\myps\data\bin\abilitycomponentexport.bin,byte 1131248,Inferred requirement reference because ExtData[*].Val6 matches a known RequirementId row in abilityrequirementexport.bin.
9622,Inbound,Component,18780,Component 18780 (DAMAGE),ExtData[7].Val6,7,9622,8399 (Impale),Damage,C:\Users\Admin\Downloads\myps\data\bin\abilitycomponentexport.bin,byte 788251,Inferred requirement reference because ExtData[*].Val6 matches a known RequirementId row in abilityrequirementexport.bin.
9622,Inbound,Component,18906,Component 18906 (DAMAGE),ExtData[7].Val6,7,9622,3810 (Kiss of Agony),,C:\Users\Admin\Downloads\myps\data\bin\abilitycomponentexport.bin,byte 1132377,Inferred requirement reference because ExtData[*].Val6 matches a known RequirementId row in abilityrequirementexport.bin.
9622,Inbound,Component,18910,Component 18910 (DAMAGE),ExtData[7].Val6,7,9622,3811 (Kiss of Death),,C:\Users\Admin\Downloads\myps\data\bin\abilitycomponentexport.bin,byte 1132974,Inferred requirement reference because ExtData[*].Val6 matches a known RequirementId row in abilityrequirementexport.bin.
9622,Inbound,Component,18917,Component 18917 (DAMAGE),ExtData[7].Val6,7,9622,3812 (Kiss of Betrayal),,C:\Users\Admin\Downloads\myps\data\bin\abilitycomponentexport.bin,byte 1134202,Inferred requirement reference because ExtData[*].Val6 matches a known RequirementId row in abilityrequirementexport.bin.
9622,Inbound,Component,27604,Component 27604 (DAMAGE),ExtData[7].Val6,7,9622,"27603 (Shattering Attack), 27635 (Shattering Attack), 27667 (Shattering Swing), 27699 (Shattering Attack), 27731 (Shattering Attack), 27763 (Shattering Attack)",Damage,C:\Users\Admin\Downloads\myps\data\bin\abilitycomponentexport.bin,byte 1856032,Inferred requirement reference because ExtData[*].Val6 matches a known RequirementId row in abilityrequirementexport.bin.
9622,Inbound,Component,27606,Component 27606 (DAMAGE),ExtData[7].Val6,7,9622,"27605 (Get Away!), 27637 (Get Away!), 27669 (Get Out!), 27701 (Get Away!), 27733 (Get Away!), 27765 (Get Away!)",Damage,C:\Users\Admin\Downloads\myps\data\bin\abilitycomponentexport.bin,byte 1856430,Inferred requirement reference because ExtData[*].Val6 matches a known RequirementId row in abilityrequirementexport.bin.
9622,Inbound,Component,27608,Component 27608 (DAMAGE),ExtData[7].Val6,7,9622,"27610 (Wild Slash), 27642 (Wild Slash)",Damage,C:\Users\Admin\Downloads\myps\data\bin\abilitycomponentexport.bin,byte 1856828,Inferred requirement reference because ExtData[*].Val6 matches a known RequirementId row in abilityrequirementexport.bin.
9622,Inbound,Component,27609,Component 27609 (DAMAGE),ExtData[7].Val6,7,9622,"27611 (Bleed Em!), 27643 (Bleed Em!)",Damage,C:\Users\Admin\Downloads\myps\data\bin\abilitycomponentexport.bin,byte 1857060,Inferred requirement reference because ExtData[*].Val6 matches a known RequirementId row in abilityrequirementexport.bin.
9622,Inbound,Component,27610,Component 27610 (DAMAGE),ExtData[7].Val6,7,9622,"27612 (Reckless Swing), 27644 (Reckless Swing)",Damage,C:\Users\Admin\Downloads\myps\data\bin\abilitycomponentexport.bin,byte 1857292,Inferred requirement reference because ExtData[*].Val6 matches a known RequirementId row in abilityrequirementexport.bin.
9622,Inbound,Component,27614,Component 27614 (DAMAGE),ExtData[7].Val6,7,9622,"27618 (Shoot Em!), 27650 (Shoot Em!)",Damage,C:\Users\Admin\Downloads\myps\data\bin\abilitycomponentexport.bin,byte 1858022,Inferred requirement reference because ExtData[*].Val6 matches a known RequirementId row in abilityrequirementexport.bin.
9622,Inbound,Component,27618,Component 27618 (DAMAGE),ExtData[7].Val6,7,9622,"27621 (Long Shot), 27653 (Long Shot)",Damage,C:\Users\Admin\Downloads\myps\data\bin\abilitycomponentexport.bin,byte 1858752,Inferred requirement reference because ExtData[*].Val6 matches a known RequirementId row in abilityrequirementexport.bin.
9622,Inbound,Component,27651,Component 27651 (DAMAGE),ExtData[7].Val6,7,9622,"27749 (Get Down!), 27773 (Get Down!)",Damage,C:\Users\Admin\Downloads\myps\data\bin\abilitycomponentexport.bin,byte 1864164,Inferred requirement reference because ExtData[*].Val6 matches a known RequirementId row in abilityrequirementexport.bin.
9622,Inbound,Component,27658,Component 27658 (DAMAGE),ExtData[7].Val6,7,9622,"27740 (Piercing Arrows), 27780 (Wave of Doom)",Damage,C:\Users\Admin\Downloads\myps\data\bin\abilitycomponentexport.bin,byte 1865458,Inferred requirement reference because ExtData[*].Val6 matches a known RequirementId row in abilityrequirementexport.bin.
9622,Inbound,Component,27660,Component 27660 (DAMAGE),ExtData[7].Val6,7,9622,"27742 (Frontal Barrage), 27782 (Shards of Ice)",Damage,C:\Users\Admin\Downloads\myps\data\bin\abilitycomponentexport.bin,byte 1865856,Inferred requirement reference because ExtData[*].Val6 matches a known RequirementId row in abilityrequirementexport.bin.
9622,Outbound,Requirement,9622,Requirement 9622,ExtData[0].Val6,0,9620,,,C:\Users\Admin\Downloads\myps\data\bin\abilityrequirementexport.bin,byte 53562,Inferred requirement reference because ExtData[*].Val6 matches a known RequirementId row in abilityrequirementexport.bin.
9622,Outbound,Requirement,9622,Requirement 9622,ExtData[1].Val6,1,9621,,,C:\Users\Admin\Downloads\myps\data\bin\abilityrequirementexport.bin,byte 53562,Inferred requirement reference because ExtData[*].Val6 matches a known RequirementId row in abilityrequirementexport.bin.
9623,Inbound,Requirement,9625,Requirement 9625,ExtData[0].Val6,0,9623,,,C:\Users\Admin\Downloads\myps\data\bin\abilityrequirementexport.bin,byte 53838,Inferred requirement reference because ExtData[*].Val6 matches a known RequirementId row in abilityrequirementexport.bin.
9624,Inbound,Requirement,9625,Requirement 9625,ExtData[1].Val6,1,9624,,,C:\Users\Admin\Downloads\myps\data\bin\abilityrequirementexport.bin,byte 53838,Inferred requirement reference because ExtData[*].Val6 matches a known RequirementId row in abilityrequirementexport.bin.
9625,Inbound,Component,91,Component 91 (DAMAGE),ExtData[6].Val6,6,9625,,,C:\Users\Admin\Downloads\myps\data\bin\abilitycomponentexport.bin,byte 1148706,Inferred requirement reference because ExtData[*].Val6 matches a known RequirementId row in abilityrequirementexport.bin.
9625,Inbound,Component,92,Component 92 (DAMAGE),ExtData[6].Val6,6,9625,,,C:\Users\Admin\Downloads\myps\data\bin\abilitycomponentexport.bin,byte 1148938,Inferred requirement reference because ExtData[*].Val6 matches a known RequirementId row in abilityrequirementexport.bin.
9625,Inbound,Component,93,Component 93 (DAMAGE),ExtData[6].Val6,6,9625,,,C:\Users\Admin\Downloads\myps\data\bin\abilitycomponentexport.bin,byte 1149170,Inferred requirement reference because ExtData[*].Val6 matches a known RequirementId row in abilityrequirementexport.bin.
9625,Inbound,Component,94,Component 94 (DAMAGE),ExtData[6].Val6,6,9625,,,C:\Users\Admin\Downloads\myps\data\bin\abilitycomponentexport.bin,byte 1149402,Inferred requirement reference because ExtData[*].Val6 matches a known RequirementId row in abilityrequirementexport.bin.
9625,Inbound,Component,95,Component 95 (DAMAGE),ExtData[6].Val6,6,9625,,,C:\Users\Admin\Downloads\myps\data\bin\abilitycomponentexport.bin,byte 1149634,Inferred requirement reference because ExtData[*].Val6 matches a known RequirementId row in abilityrequirementexport.bin.
9625,Inbound,Component,96,Component 96 (DAMAGE),ExtData[6].Val6,6,9625,,,C:\Users\Admin\Downloads\myps\data\bin\abilitycomponentexport.bin,byte 1149866,Inferred requirement reference because ExtData[*].Val6 matches a known RequirementId row in abilityrequirementexport.bin.
9625,Inbound,Component,97,Component 97 (DAMAGE),ExtData[6].Val6,6,9625,,,C:\Users\Admin\Downloads\myps\data\bin\abilitycomponentexport.bin,byte 1150098,Inferred requirement reference because ExtData[*].Val6 matches a known RequirementId row in abilityrequirementexport.bin.
9625,Inbound,Component,98,Component 98 (DAMAGE),ExtData[6].Val6,6,9625,,,C:\Users\Admin\Downloads\myps\data\bin\abilitycomponentexport.bin,byte 1150330,Inferred requirement reference because ExtData[*].Val6 matches a known RequirementId row in abilityrequirementexport.bin.
9625,Inbound,Component,99,Component 99 (DAMAGE),ExtData[6].Val6,6,9625,,,C:\Users\Admin\Downloads\myps\data\bin\abilitycomponentexport.bin,byte 1150562,Inferred requirement reference because ExtData[*].Val6 matches a known RequirementId row in abilityrequirementexport.bin.
9625,Inbound,Component,145,Component 145 (DAMAGE),ExtData[6].Val6,6,9625,"1359 (Punishing Blow), 1666 (Wot armor?), 1824 (Git Em!), 8083 (Fervor), 8244 (Divine Assault), 8257 (Castigation), 8338 (Touch of Palsy), 9002 (Graceful Strike)","Damage, Heal, Silence",C:\Users\Admin\Downloads\myps\data\bin\abilitycomponentexport.bin,byte 1157367,Inferred requirement reference because ExtData[*].Val6 matches a known RequirementId row in abilityrequirementexport.bin.
9625,Inbound,Component,146,Component 146 (DAMAGE),ExtData[6].Val6,6,9625,"1355 (Grudging Blow), 1356 (Guarded Attack), 1357 (Vengeful Strike), 1362 (Kneecapper), 1431 (Relentless Strike), 1434 (Deep Wound), 1465 (Inevitable Doom), 1667 (Follow 'me Lead)","Damage, Heal, Snare",C:\Users\Admin\Downloads\myps\data\bin\abilitycomponentexport.bin,byte 1157599,Inferred requirement reference because ExtData[*].Val6 matches a known RequirementId row in abilityrequirementexport.bin.
9625,Inbound,Component,147,Component 147 (DAMAGE),ExtData[6].Val6,6,9625,"1354 (Heavy Blow), 1364 (Inspiring Attack), 1371 (Stone Breaker), 1664 (Clobber), 1669 (Tuffer 'n Nails), 1772 (Tired Already?), 8017 (Repel Darkness), 8018 (Smashing Counter)","Damage, Heal",C:\Users\Admin\Downloads\myps\data\bin\abilitycomponentexport.bin,byte 1157831,Inferred requirement reference because ExtData[*].Val6 matches a known RequirementId row in abilityrequirementexport.bin.
9625,Inbound,Component,148,Component 148 (DAMAGE),ExtData[6].Val6,6,9625,"1 (Ard Noggin), 3 (Bounce), 127 (Main Hand Weap), 128 (Off Hand Weap), 129 (Both Hand Weap), 130 (Tags on Main (Both have fx trails)), 131 (Tags on Off (Both have fx trails)), 1200 (Anim Tag Test - Instant)","Damage, Heal, Silence, Snare",C:\Users\Admin\Downloads\myps\data\bin\abilitycomponentexport.bin,byte 1158063,Inferred requirement reference because ExtData[*].Val6 matches a known RequirementId row in abilityrequirementexport.bin.
9625,Inbound,Component,149,Component 149 (DAMAGE),ExtData[6].Val6,6,9625,"1369 (Shield of Reprisal), 1381 (Avenging the Debt), 1437 (Spine Crusher), 1677 (Savin' Me Hide), 1691 (Not in da face!), 1749 (Go For Da Soft Spot), 3498 (Sub Ability), 9083 (Grim Slash)","Damage, Disarm, Heal, Immunity, Knockback, Knockdown, Silence, Stagger",C:\Users\Admin\Downloads\myps\data\bin\abilitycomponentexport.bin,byte 1158295,Inferred requirement reference because ExtData[*].Val6 matches a known RequirementId row in abilityrequirementexport.bin.
9625,Inbound,Component,150,Component 150 (DAMAGE),ExtData[6].Val6,6,9625,"8086 (Confess!), 8413 (Pulverize), 8424 (Thunderous Blow), 9019 (Dazzling Strike)","Damage, Disarm",C:\Users\Admin\Downloads\myps\data\bin\abilitycomponentexport.bin,byte 1158527,Inferred requirement reference because ExtData[*].Val6 matches a known RequirementId row in abilityrequirementexport.bin.
9625,Inbound,Component,151,Component 151 (DAMAGE),ExtData[6].Val6,6,9625,"1365 (Away With Ye), 9108 (Exploit Weakness)",Damage,C:\Users\Admin\Downloads\myps\data\bin\abilitycomponentexport.bin,byte 1158759,Inferred requirement reference because ExtData[*].Val6 matches a known RequirementId row in abilityrequirementexport.bin.
9625,Inbound,Component,152,Component 152 (DAMAGE),ExtData[6].Val6,6,9625,"8109 (Repel Blasphemy), 8115 (Pistol Whip), 9427 (Heart Seeker)",Damage,C:\Users\Admin\Downloads\myps\data\bin\abilitycomponentexport.bin,byte 1158991,Inferred requirement reference because ExtData[*].Val6 matches a known RequirementId row in abilityrequirementexport.bin.
9625,Inbound,Component,153,Component 153 (DAMAGE),ExtData[6].Val6,6,9625,,,C:\Users\Admin\Downloads\myps\data\bin\abilitycomponentexport.bin,byte 1159223,Inferred requirement reference because ExtData[*].Val6 matches a known RequirementId row in abilityrequirementexport.bin.
9625,Inbound,Component,155,Component 155 (DAMAGE),ExtData[6].Val6,6,9625,,,C:\Users\Admin\Downloads\myps\data\bin\abilitycomponentexport.bin,byte 1159455,Inferred requirement reference because ExtData[*].Val6 matches a known RequirementId row in abilityrequirementexport.bin.
9625,Inbound,Component,156,Component 156 (DAMAGE),ExtData[6].Val6,6,9625,,,C:\Users\Admin\Downloads\myps\data\bin\abilitycomponentexport.bin,byte 1159687,Inferred requirement reference because ExtData[*].Val6 matches a known RequirementId row in abilityrequirementexport.bin.
9625,Inbound,Component,157,Component 157 (DAMAGE),ExtData[6].Val6,6,9625,,,C:\Users\Admin\Downloads\myps\data\bin\abilitycomponentexport.bin,byte 1159919,Inferred requirement reference because ExtData[*].Val6 matches a known RequirementId row in abilityrequirementexport.bin.
9625,Inbound,Component,158,Component 158 (DAMAGE),ExtData[6].Val6,6,9625,,,C:\Users\Admin\Downloads\myps\data\bin\abilitycomponentexport.bin,byte 1160151,Inferred requirement reference because ExtData[*].Val6 matches a known RequirementId row in abilityrequirementexport.bin.
9625,Inbound,Component,159,Component 159 (DAMAGE),ExtData[6].Val6,6,9625,,,C:\Users\Admin\Downloads\myps\data\bin\abilitycomponentexport.bin,byte 1160383,Inferred requirement reference because ExtData[*].Val6 matches a known RequirementId row in abilityrequirementexport.bin.
9625,Inbound,Component,160,Component 160 (DAMAGE),ExtData[6].Val6,6,9625,,,C:\Users\Admin\Downloads\myps\data\bin\abilitycomponentexport.bin,byte 1160615,Inferred requirement reference because ExtData[*].Val6 matches a known RequirementId row in abilityrequirementexport.bin.
9625,Inbound,Component,161,Component 161 (DAMAGE),ExtData[6].Val6,6,9625,,,C:\Users\Admin\Downloads\myps\data\bin\abilitycomponentexport.bin,byte 1160847,Inferred requirement reference because ExtData[*].Val6 matches a known RequirementId row in abilityrequirementexport.bin.
9625,Inbound,Component,162,Component 162 (DAMAGE),ExtData[6].Val6,6,9625,,,C:\Users\Admin\Downloads\myps\data\bin\abilitycomponentexport.bin,byte 1161079,Inferred requirement reference because ExtData[*].Val6 matches a known RequirementId row in abilityrequirementexport.bin.
9625,Inbound,Component,163,Component 163 (DAMAGE),ExtData[6].Val6,6,9625,,,C:\Users\Admin\Downloads\myps\data\bin\abilitycomponentexport.bin,byte 1161311,Inferred requirement reference because ExtData[*].Val6 matches a known RequirementId row in abilityrequirementexport.bin.
9625,Inbound,Component,165,Component 165 (DAMAGE),ExtData[6].Val6,6,9625,,,C:\Users\Admin\Downloads\myps\data\bin\abilitycomponentexport.bin,byte 1161543,Inferred requirement reference because ExtData[*].Val6 matches a known RequirementId row in abilityrequirementexport.bin.
9625,Inbound,Component,166,Component 166 (DAMAGE),ExtData[6].Val6,6,9625,,,C:\Users\Admin\Downloads\myps\data\bin\abilitycomponentexport.bin,byte 1161775,Inferred requirement reference because ExtData[*].Val6 matches a known RequirementId row in abilityrequirementexport.bin.
9625,Inbound,Component,167,Component 167 (DAMAGE),ExtData[6].Val6,6,9625,,,C:\Users\Admin\Downloads\myps\data\bin\abilitycomponentexport.bin,byte 1162007,Inferred requirement reference because ExtData[*].Val6 matches a known RequirementId row in abilityrequirementexport.bin.
9625,Inbound,Component,168,Component 168 (DAMAGE),ExtData[6].Val6,6,9625,,,C:\Users\Admin\Downloads\myps\data\bin\abilitycomponentexport.bin,byte 1162239,Inferred requirement reference because ExtData[*].Val6 matches a known RequirementId row in abilityrequirementexport.bin.
9625,Inbound,Component,169,Component 169 (DAMAGE),ExtData[6].Val6,6,9625,,,C:\Users\Admin\Downloads\myps\data\bin\abilitycomponentexport.bin,byte 1162471,Inferred requirement reference because ExtData[*].Val6 matches a known RequirementId row in abilityrequirementexport.bin.
9625,Inbound,Component,170,Component 170 (DAMAGE),ExtData[6].Val6,6,9625,,,C:\Users\Admin\Downloads\myps\data\bin\abilitycomponentexport.bin,byte 1162703,Inferred requirement reference because ExtData[*].Val6 matches a known RequirementId row in abilityrequirementexport.bin.
9625,Inbound,Component,171,Component 171 (DAMAGE),ExtData[6].Val6,6,9625,,,C:\Users\Admin\Downloads\myps\data\bin\abilitycomponentexport.bin,byte 1162935,Inferred requirement reference because ExtData[*].Val6 matches a known RequirementId row in abilityrequirementexport.bin.
9625,Inbound,Component,172,Component 172 (DAMAGE),ExtData[6].Val6,6,9625,,,C:\Users\Admin\Downloads\myps\data\bin\abilitycomponentexport.bin,byte 1163167,Inferred requirement reference because ExtData[*].Val6 matches a known RequirementId row in abilityrequirementexport.bin.
9625,Inbound,Component,173,Component 173 (DAMAGE),ExtData[6].Val6,6,9625,,,C:\Users\Admin\Downloads\myps\data\bin\abilitycomponentexport.bin,byte 1163399,Inferred requirement reference because ExtData[*].Val6 matches a known RequirementId row in abilityrequirementexport.bin.
9625,Inbound,Component,175,Component 175 (DAMAGE),ExtData[6].Val6,6,9625,,,C:\Users\Admin\Downloads\myps\data\bin\abilitycomponentexport.bin,byte 1163631,Inferred requirement reference because ExtData[*].Val6 matches a known RequirementId row in abilityrequirementexport.bin.
9625,Inbound,Component,176,Component 176 (DAMAGE),ExtData[6].Val6,6,9625,,,C:\Users\Admin\Downloads\myps\data\bin\abilitycomponentexport.bin,byte 1163863,Inferred requirement reference because ExtData[*].Val6 matches a known RequirementId row in abilityrequirementexport.bin.
9625,Inbound,Component,177,Component 177 (DAMAGE),ExtData[6].Val6,6,9625,,,C:\Users\Admin\Downloads\myps\data\bin\abilitycomponentexport.bin,byte 1164095,Inferred requirement reference because ExtData[*].Val6 matches a known RequirementId row in abilityrequirementexport.bin.
9625,Inbound,Component,178,Component 178 (DAMAGE),ExtData[6].Val6,6,9625,,,C:\Users\Admin\Downloads\myps\data\bin\abilitycomponentexport.bin,byte 1164327,Inferred requirement reference because ExtData[*].Val6 matches a known RequirementId row in abilityrequirementexport.bin.
9625,Inbound,Component,179,Component 179 (DAMAGE),ExtData[6].Val6,6,9625,8112 (Punish The False),"Damage, Heal",C:\Users\Admin\Downloads\myps\data\bin\abilitycomponentexport.bin,byte 1164559,Inferred requirement reference because ExtData[*].Val6 matches a known RequirementId row in abilityrequirementexport.bin.
9625,Inbound,Component,180,Component 180 (DAMAGE),ExtData[6].Val6,6,9625,,,C:\Users\Admin\Downloads\myps\data\bin\abilitycomponentexport.bin,byte 1164791,Inferred requirement reference because ExtData[*].Val6 matches a known RequirementId row in abilityrequirementexport.bin.
9625,Inbound,Component,181,Component 181 (DAMAGE),ExtData[6].Val6,6,9625,,,C:\Users\Admin\Downloads\myps\data\bin\abilitycomponentexport.bin,byte 1165023,Inferred requirement reference because ExtData[*].Val6 matches a known RequirementId row in abilityrequirementexport.bin.
9625,Inbound,Component,182,Component 182 (DAMAGE),ExtData[6].Val6,6,9625,,,C:\Users\Admin\Downloads\myps\data\bin\abilitycomponentexport.bin,byte 1165255,Inferred requirement reference because ExtData[*].Val6 matches a known RequirementId row in abilityrequirementexport.bin.
9625,Inbound,Component,183,Component 183 (DAMAGE),ExtData[6].Val6,6,9625,,,C:\Users\Admin\Downloads\myps\data\bin\abilitycomponentexport.bin,byte 1165487,Inferred requirement reference because ExtData[*].Val6 matches a known RequirementId row in abilityrequirementexport.bin.
9625,Inbound,Component,538,Component 538 (DAMAGE),ExtData[6].Val6,6,9625,,,C:\Users\Admin\Downloads\myps\data\bin\abilitycomponentexport.bin,byte 6579,Inferred requirement reference because ExtData[*].Val6 matches a known RequirementId row in abilityrequirementexport.bin.
9625,Inbound,Component,539,Component 539 (DAMAGE),ExtData[6].Val6,6,9625,,,C:\Users\Admin\Downloads\myps\data\bin\abilitycomponentexport.bin,byte 6877,Inferred requirement reference because ExtData[*].Val6 matches a known RequirementId row in abilityrequirementexport.bin.
9625,Inbound,Component,540,Component 540 (DAMAGE),ExtData[6].Val6,6,9625,,,C:\Users\Admin\Downloads\myps\data\bin\abilitycomponentexport.bin,byte 7175,Inferred requirement reference because ExtData[*].Val6 matches a known RequirementId row in abilityrequirementexport.bin.
9625,Inbound,Component,561,Component 561 (DAMAGE),ExtData[6].Val6,6,9625,,,C:\Users\Admin\Downloads\myps\data\bin\abilitycomponentexport.bin,byte 11057,Inferred requirement reference because ExtData[*].Val6 matches a known RequirementId row in abilityrequirementexport.bin.
9625,Inbound,Component,575,Component 575 (DAMAGE),ExtData[6].Val6,6,9625,,,C:\Users\Admin\Downloads\myps\data\bin\abilitycomponentexport.bin,byte 13348,Inferred requirement reference because ExtData[*].Val6 matches a known RequirementId row in abilityrequirementexport.bin.
9625,Inbound,Component,579,Component 579 (DAMAGE),ExtData[6].Val6,6,9625,"1202 (Anim Tag Test - Channel), 1203 (Anim Tag Test - Channel), 1204 (Anim Tag Test - Channel), 1205 (Anim Tag Test - Channel), 1206 (Anim Tag Test - Channel), 1207 (Anim Tag Test - Channel), 1208 (Anim Tag Test - Channel), 1218 (Anim Tag Test - Channel)",,C:\Users\Admin\Downloads\myps\data\bin\abilitycomponentexport.bin,byte 14111,Inferred requirement reference because ExtData[*].Val6 matches a known RequirementId row in abilityrequirementexport.bin.
9625,Inbound,Component,588,Component 588 (DAMAGE),ExtData[6].Val6,6,9625,,,C:\Users\Admin\Downloads\myps\data\bin\abilitycomponentexport.bin,byte 15473,Inferred requirement reference because ExtData[*].Val6 matches a known RequirementId row in abilityrequirementexport.bin.
9625,Inbound,Component,686,Component 686 (DAMAGE),ExtData[6].Val6,6,9625,,,C:\Users\Admin\Downloads\myps\data\bin\abilitycomponentexport.bin,byte 31576,Inferred requirement reference because ExtData[*].Val6 matches a known RequirementId row in abilityrequirementexport.bin.
9625,Inbound,Component,705,Component 705 (DAMAGE),ExtData[6].Val6,6,9625,,,C:\Users\Admin\Downloads\myps\data\bin\abilitycomponentexport.bin,byte 34664,Inferred requirement reference because ExtData[*].Val6 matches a known RequirementId row in abilityrequirementexport.bin.
9625,Inbound,Component,723,Component 723 (DAMAGE),ExtData[6].Val6,6,9625,,,C:\Users\Admin\Downloads\myps\data\bin\abilitycomponentexport.bin,byte 37553,Inferred requirement reference because ExtData[*].Val6 matches a known RequirementId row in abilityrequirementexport.bin.
9625,Inbound,Component,727,Component 727 (DAMAGE),ExtData[6].Val6,6,9625,,,C:\Users\Admin\Downloads\myps\data\bin\abilitycomponentexport.bin,byte 38250,Inferred requirement reference because ExtData[*].Val6 matches a known RequirementId row in abilityrequirementexport.bin.
9625,Inbound,Component,1222,Component 1222 (DAMAGE),ExtData[6].Val6,6,9625,,,C:\Users\Admin\Downloads\myps\data\bin\abilitycomponentexport.bin,byte 119991,Inferred requirement reference because ExtData[*].Val6 matches a known RequirementId row in abilityrequirementexport.bin.
9625,Inbound,Component,1230,Component 1230 (DAMAGE),ExtData[6].Val6,6,9625,,,C:\Users\Admin\Downloads\myps\data\bin\abilitycomponentexport.bin,byte 121220,Inferred requirement reference because ExtData[*].Val6 matches a known RequirementId row in abilityrequirementexport.bin.
9625,Inbound,Component,1231,Component 1231 (DAMAGE),ExtData[6].Val6,6,9625,,,C:\Users\Admin\Downloads\myps\data\bin\abilitycomponentexport.bin,byte 121485,Inferred requirement reference because ExtData[*].Val6 matches a known RequirementId row in abilityrequirementexport.bin.
9625,Inbound,Component,1232,Component 1232 (DAMAGE),ExtData[6].Val6,6,9625,,,C:\Users\Admin\Downloads\myps\data\bin\abilitycomponentexport.bin,byte 121783,Inferred requirement reference because ExtData[*].Val6 matches a known RequirementId row in abilityrequirementexport.bin.
9625,Inbound,Component,1239,Component 1239 (DAMAGE),ExtData[6].Val6,6,9625,1361 (Shield Sweep),Damage,C:\Users\Admin\Downloads\myps\data\bin\abilitycomponentexport.bin,byte 123077,Inferred requirement reference because ExtData[*].Val6 matches a known RequirementId row in abilityrequirementexport.bin.
9625,Inbound,Component,1368,Component 1368 (DAMAGE),ExtData[6].Val6,6,9625,,,C:\Users\Admin\Downloads\myps\data\bin\abilitycomponentexport.bin,byte 144821,Inferred requirement reference because ExtData[*].Val6 matches a known RequirementId row in abilityrequirementexport.bin.
9625,Inbound,Component,1369,Component 1369 (DAMAGE),ExtData[6].Val6,6,9625,,,C:\Users\Admin\Downloads\myps\data\bin\abilitycomponentexport.bin,byte 145086,Inferred requirement reference because ExtData[*].Val6 matches a known RequirementId row in abilityrequirementexport.bin.
9625,Inbound,Component,1370,Component 1370 (DAMAGE),ExtData[6].Val6,6,9625,,,C:\Users\Admin\Downloads\myps\data\bin\abilitycomponentexport.bin,byte 145384,Inferred requirement reference because ExtData[*].Val6 matches a known RequirementId row in abilityrequirementexport.bin.
9625,Inbound,Component,1422,Component 1422 (DAMAGE),ExtData[6].Val6,6,9625,1385 (Grudge-Born Fury),Damage,C:\Users\Admin\Downloads\myps\data\bin\abilitycomponentexport.bin,byte 154742,Inferred requirement reference because ExtData[*].Val6 matches a known RequirementId row in abilityrequirementexport.bin.
9625,Inbound,Component,1464,Component 1464 (DAMAGE),ExtData[6].Val6,6,9625,1508 (Gun Blast),Damage,C:\Users\Admin\Downloads\myps\data\bin\abilitycomponentexport.bin,byte 161846,Inferred requirement reference because ExtData[*].Val6 matches a known RequirementId row in abilityrequirementexport.bin.
9625,Inbound,Component,1471,Component 1471 (DAMAGE),ExtData[6].Val6,6,9625,1513 (Friction Burn),Damage,C:\Users\Admin\Downloads\myps\data\bin\abilitycomponentexport.bin,byte 163008,Inferred requirement reference because ExtData[*].Val6 matches a known RequirementId row in abilityrequirementexport.bin.
9625,Inbound,Component,1475,Component 1475 (DAMAGE),ExtData[6].Val6,6,9625,1517 (Blunderbuss Blast),Damage,C:\Users\Admin\Downloads\myps\data\bin\abilitycomponentexport.bin,byte 163771,Inferred requirement reference because ExtData[*].Val6 matches a known RequirementId row in abilityrequirementexport.bin.
9625,Inbound,Component,1488,Component 1488 (DAMAGE),ExtData[6].Val6,6,9625,1536 (Crack Shot),"Damage, Disarm",C:\Users\Admin\Downloads\myps\data\bin\abilitycomponentexport.bin,byte 165764,Inferred requirement reference because ExtData[*].Val6 matches a known RequirementId row in abilityrequirementexport.bin.
9625,Inbound,Component,1492,Component 1492 (DAMAGE),ExtData[6].Val6,6,9625,1538 (Snipe),Damage,C:\Users\Admin\Downloads\myps\data\bin\abilitycomponentexport.bin,byte 166560,Inferred requirement reference because ExtData[*].Val6 matches a known RequirementId row in abilityrequirementexport.bin.
9625,Inbound,Component,1515,Component 1515 (DAMAGE),ExtData[6].Val6,6,9625,1672 (Big Swing),Damage,C:\Users\Admin\Downloads\myps\data\bin\abilitycomponentexport.bin,byte 170180,Inferred requirement reference because ExtData[*].Val6 matches a known RequirementId row in abilityrequirementexport.bin.
9625,Inbound,Component,1522,Component 1522 (DAMAGE),ExtData[6].Val6,6,9625,1678 (Da Big Un'),Damage,C:\Users\Admin\Downloads\myps\data\bin\abilitycomponentexport.bin,byte 171375,Inferred requirement reference because ExtData[*].Val6 matches a known RequirementId row in abilityrequirementexport.bin.
9625,Inbound,Component,1527,Component 1527 (DAMAGE),ExtData[6].Val6,6,9625,,,C:\Users\Admin\Downloads\myps\data\bin\abilitycomponentexport.bin,byte 172238,Inferred requirement reference because ExtData[*].Val6 matches a known RequirementId row in abilityrequirementexport.bin.
9625,Inbound,Component,1528,Component 1528 (DAMAGE),ExtData[6].Val6,6,9625,1690 (Ya Missed Me),Damage,C:\Users\Admin\Downloads\myps\data\bin\abilitycomponentexport.bin,byte 172470,Inferred requirement reference because ExtData[*].Val6 matches a known RequirementId row in abilityrequirementexport.bin.
9625,Inbound,Component,1543,Component 1543 (DAMAGE),ExtData[6].Val6,6,9625,1680 (Big Slash),Damage,C:\Users\Admin\Downloads\myps\data\bin\abilitycomponentexport.bin,byte 175059,Inferred requirement reference because ExtData[*].Val6 matches a known RequirementId row in abilityrequirementexport.bin.
9625,Inbound,Component,1544,Component 1544 (DAMAGE),ExtData[6].Val6,6,9625,1680 (Big Slash),Damage,C:\Users\Admin\Downloads\myps\data\bin\abilitycomponentexport.bin,byte 175324,Inferred requirement reference because ExtData[*].Val6 matches a known RequirementId row in abilityrequirementexport.bin.
9625,Inbound,Component,1803,Component 1803 (DAMAGE),ExtData[6].Val6,6,9625,1528 (Focused Fire),Damage,C:\Users\Admin\Downloads\myps\data\bin\abilitycomponentexport.bin,byte 218843,Inferred requirement reference because ExtData[*].Val6 matches a known RequirementId row in abilityrequirementexport.bin.
9625,Inbound,Component,1811,Component 1811 (DAMAGE),ExtData[6].Val6,6,9625,1822 (Yer Bleedin'!),Damage,C:\Users\Admin\Downloads\myps\data\bin\abilitycomponentexport.bin,byte 220005,Inferred requirement reference because ExtData[*].Val6 matches a known RequirementId row in abilityrequirementexport.bin.
9625,Inbound,Component,1812,Component 1812 (DAMAGE),ExtData[6].Val6,6,9625,1847 (Poison Arrer),Damage,C:\Users\Admin\Downloads\myps\data\bin\abilitycomponentexport.bin,byte 220237,Inferred requirement reference because ExtData[*].Val6 matches a known RequirementId row in abilityrequirementexport.bin.
9625,Inbound,Component,1816,Component 1816 (DAMAGE),ExtData[6].Val6,6,9625,1829 (Cut Ya!),Damage,C:\Users\Admin\Downloads\myps\data\bin\abilitycomponentexport.bin,byte 221033,Inferred requirement reference because ExtData[*].Val6 matches a known RequirementId row in abilityrequirementexport.bin.
9625,Inbound,Component,1820,Component 1820 (DAMAGE),ExtData[6].Val6,6,9625,1840 (Shoot Thru Ya),Damage,C:\Users\Admin\Downloads\myps\data\bin\abilitycomponentexport.bin,byte 221730,Inferred requirement reference because ExtData[*].Val6 matches a known RequirementId row in abilityrequirementexport.bin.
9625,Inbound,Component,1821,Component 1821 (DAMAGE),ExtData[6].Val6,6,9625,1834 (Lots o' Arrers),Damage,C:\Users\Admin\Downloads\myps\data\bin\abilitycomponentexport.bin,byte 221962,Inferred requirement reference because ExtData[*].Val6 matches a known RequirementId row in abilityrequirementexport.bin.
9625,Inbound,Component,1823,Component 1823 (DAMAGE),ExtData[6].Val6,6,9625,1823 (What Blocka?),Damage,C:\Users\Admin\Downloads\myps\data\bin\abilitycomponentexport.bin,byte 222360,Inferred requirement reference because ExtData[*].Val6 matches a known RequirementId row in abilityrequirementexport.bin.
9625,Inbound,Component,1826,Component 1826 (DAMAGE),ExtData[6].Val6,6,9625,1848 (Finish 'em Off),Damage,C:\Users\Admin\Downloads\myps\data\bin\abilitycomponentexport.bin,byte 222924,Inferred requirement reference because ExtData[*].Val6 matches a known RequirementId row in abilityrequirementexport.bin.
9625,Inbound,Component,1827,Component 1827 (DAMAGE),ExtData[6].Val6,6,9625,1848 (Finish 'em Off),Damage,C:\Users\Admin\Downloads\myps\data\bin\abilitycomponentexport.bin,byte 223189,Inferred requirement reference because ExtData[*].Val6 matches a known RequirementId row in abilityrequirementexport.bin.
9625,Inbound,Component,1828,Component 1828 (DAMAGE),ExtData[6].Val6,6,9625,,,C:\Users\Admin\Downloads\myps\data\bin\abilitycomponentexport.bin,byte 223454,Inferred requirement reference because ExtData[*].Val6 matches a known RequirementId row in abilityrequirementexport.bin.
9625,Inbound,Component,1831,Component 1831 (DAMAGE),ExtData[6].Val6,6,9625,1853 (Rotten Arrer),"Damage, Heal",C:\Users\Admin\Downloads\myps\data\bin\abilitycomponentexport.bin,byte 224018,Inferred requirement reference because ExtData[*].Val6 matches a known RequirementId row in abilityrequirementexport.bin.
9625,Inbound,Component,1842,Component 1842 (DAMAGE),ExtData[6].Val6,6,9625,1833 (Explodin' Arrer),Damage,C:\Users\Admin\Downloads\myps\data\bin\abilitycomponentexport.bin,byte 226075,Inferred requirement reference because ExtData[*].Val6 matches a known RequirementId row in abilityrequirementexport.bin.
9625,Inbound,Component,1843,Component 1843 (DAMAGE),ExtData[6].Val6,6,9625,1833 (Explodin' Arrer),Damage,C:\Users\Admin\Downloads\myps\data\bin\abilitycomponentexport.bin,byte 226340,Inferred requirement reference because ExtData[*].Val6 matches a known RequirementId row in abilityrequirementexport.bin.
9625,Inbound,Component,1858,Component 1858 (DAMAGE),ExtData[6].Val6,6,9625,,,C:\Users\Admin\Downloads\myps\data\bin\abilitycomponentexport.bin,byte 228764,Inferred requirement reference because ExtData[*].Val6 matches a known RequirementId row in abilityrequirementexport.bin.
9625,Inbound,Component,1880,Component 1880 (DAMAGE),ExtData[6].Val6,6,9625,1520 (Hip Shot),Damage,C:\Users\Admin\Downloads\myps\data\bin\abilitycomponentexport.bin,byte 232383,Inferred requirement reference because ExtData[*].Val6 matches a known RequirementId row in abilityrequirementexport.bin.
9625,Inbound,Component,1908,Component 1908 (DAMAGE),ExtData[6].Val6,6,9625,1846 (Shrapnel Arrer),Damage,C:\Users\Admin\Downloads\myps\data\bin\abilitycomponentexport.bin,byte 237129,Inferred requirement reference because ExtData[*].Val6 matches a known RequirementId row in abilityrequirementexport.bin.
9625,Inbound,Component,1998,Component 1998 (DAMAGE),ExtData[6].Val6,6,9625,,,C:\Users\Admin\Downloads\myps\data\bin\abilitycomponentexport.bin,byte 253817,Inferred requirement reference because ExtData[*].Val6 matches a known RequirementId row in abilityrequirementexport.bin.
9625,Inbound,Component,2293,Component 2293 (DAMAGE),ExtData[6].Val6,6,9625,,,C:\Users\Admin\Downloads\myps\data\bin\abilitycomponentexport.bin,byte 1224972,Inferred requirement reference because ExtData[*].Val6 matches a known RequirementId row in abilityrequirementexport.bin.
9625,Inbound,Component,3005,Component 3005 (DAMAGE),ExtData[6].Val6,6,9625,1358 (Binding Grudge),Damage,C:\Users\Admin\Downloads\myps\data\bin\abilitycomponentexport.bin,byte 254946,Inferred requirement reference because ExtData[*].Val6 matches a known RequirementId row in abilityrequirementexport.bin.
9625,Inbound,Component,3006,Component 3006 (DAMAGE),ExtData[6].Val6,6,9625,1358 (Binding Grudge),Damage,C:\Users\Admin\Downloads\myps\data\bin\abilitycomponentexport.bin,byte 255244,Inferred requirement reference because ExtData[*].Val6 matches a known RequirementId row in abilityrequirementexport.bin.
9625,Inbound,Component,3007,Component 3007 (DAMAGE),ExtData[6].Val6,6,9625,1358 (Binding Grudge),Damage,C:\Users\Admin\Downloads\myps\data\bin\abilitycomponentexport.bin,byte 255575,Inferred requirement reference because ExtData[*].Val6 matches a known RequirementId row in abilityrequirementexport.bin.
9625,Inbound,Component,3008,Component 3008 (DAMAGE),ExtData[6].Val6,6,9625,"1358 (Binding Grudge), 3590 (Runic Swiftness)",Damage,C:\Users\Admin\Downloads\myps\data\bin\abilitycomponentexport.bin,byte 255906,Inferred requirement reference because ExtData[*].Val6 matches a known RequirementId row in abilityrequirementexport.bin.
9625,Inbound,Component,3009,Component 3009 (DAMAGE),ExtData[6].Val6,6,9625,1358 (Binding Grudge),Damage,C:\Users\Admin\Downloads\myps\data\bin\abilitycomponentexport.bin,byte 256237,Inferred requirement reference because ExtData[*].Val6 matches a known RequirementId row in abilityrequirementexport.bin.
9625,Inbound,Component,3018,Component 3018 (DAMAGE),ExtData[6].Val6,6,9625,1366 (Rune-Etched Axe),Damage,C:\Users\Admin\Downloads\myps\data\bin\abilitycomponentexport.bin,byte 258325,Inferred requirement reference because ExtData[*].Val6 matches a known RequirementId row in abilityrequirementexport.bin.
9625,Inbound,Component,3019,Component 3019 (DAMAGE),ExtData[6].Val6,6,9625,1366 (Rune-Etched Axe),Damage,C:\Users\Admin\Downloads\myps\data\bin\abilitycomponentexport.bin,byte 258623,Inferred requirement reference because ExtData[*].Val6 matches a known RequirementId row in abilityrequirementexport.bin.
9625,Inbound,Component,3020,Component 3020 (DAMAGE),ExtData[6].Val6,6,9625,1366 (Rune-Etched Axe),Damage,C:\Users\Admin\Downloads\myps\data\bin\abilitycomponentexport.bin,byte 258921,Inferred requirement reference because ExtData[*].Val6 matches a known RequirementId row in abilityrequirementexport.bin.
9625,Inbound,Component,3021,Component 3021 (DAMAGE),ExtData[6].Val6,6,9625,1366 (Rune-Etched Axe),Damage,C:\Users\Admin\Downloads\myps\data\bin\abilitycomponentexport.bin,byte 259219,Inferred requirement reference because ExtData[*].Val6 matches a known RequirementId row in abilityrequirementexport.bin.
9625,Inbound,Component,3022,Component 3022 (DAMAGE),ExtData[6].Val6,6,9625,3177 (Rune-Etched Axe),,C:\Users\Admin\Downloads\myps\data\bin\abilitycomponentexport.bin,byte 259517,Inferred requirement reference because ExtData[*].Val6 matches a known RequirementId row in abilityrequirementexport.bin.
9625,Inbound,Component,3042,Component 3042 (DAMAGE),ExtData[6].Val6,6,9625,,,C:\Users\Admin\Downloads\myps\data\bin\abilitycomponentexport.bin,byte 263266,Inferred requirement reference because ExtData[*].Val6 matches a known RequirementId row in abilityrequirementexport.bin.
9625,Inbound,Component,3043,Component 3043 (DAMAGE),ExtData[6].Val6,6,9625,1838 (Don't Hit Me!),Damage,C:\Users\Admin\Downloads\myps\data\bin\abilitycomponentexport.bin,byte 263531,Inferred requirement reference because ExtData[*].Val6 matches a known RequirementId row in abilityrequirementexport.bin.
9625,Inbound,Component,3044,Component 3044 (DAMAGE),ExtData[6].Val6,6,9625,1865 (Drop That!!),,C:\Users\Admin\Downloads\myps\data\bin\abilitycomponentexport.bin,byte 263763,Inferred requirement reference because ExtData[*].Val6 matches a known RequirementId row in abilityrequirementexport.bin.
9625,Inbound,Component,3045,Component 3045 (DAMAGE),ExtData[6].Val6,6,9625,,,C:\Users\Admin\Downloads\myps\data\bin\abilitycomponentexport.bin,byte 264028,Inferred requirement reference because ExtData[*].Val6 matches a known RequirementId row in abilityrequirementexport.bin.
9625,Inbound,Component,3046,Component 3046 (DAMAGE),ExtData[6].Val6,6,9625,1865 (Drop That!!),,C:\Users\Admin\Downloads\myps\data\bin\abilitycomponentexport.bin,byte 264326,Inferred requirement reference because ExtData[*].Val6 matches a known RequirementId row in abilityrequirementexport.bin.
9625,Inbound,Component,3047,Component 3047 (DAMAGE),ExtData[6].Val6,6,9625,,,C:\Users\Admin\Downloads\myps\data\bin\abilitycomponentexport.bin,byte 264624,Inferred requirement reference because ExtData[*].Val6 matches a known RequirementId row in abilityrequirementexport.bin.
9625,Inbound,Component,3048,Component 3048 (DAMAGE),ExtData[6].Val6,6,9625,,,C:\Users\Admin\Downloads\myps\data\bin\abilitycomponentexport.bin,byte 264922,Inferred requirement reference because ExtData[*].Val6 matches a known RequirementId row in abilityrequirementexport.bin.
9625,Inbound,Component,3049,Component 3049 (DAMAGE),ExtData[6].Val6,6,9625,,,C:\Users\Admin\Downloads\myps\data\bin\abilitycomponentexport.bin,byte 265220,Inferred requirement reference because ExtData[*].Val6 matches a known RequirementId row in abilityrequirementexport.bin.
9625,Inbound,Component,3065,Component 3065 (DAMAGE),ExtData[6].Val6,6,9625,1826 (Run 'n Shoot),Damage,C:\Users\Admin\Downloads\myps\data\bin\abilitycomponentexport.bin,byte 268041,Inferred requirement reference because ExtData[*].Val6 matches a known RequirementId row in abilityrequirementexport.bin.
9625,Inbound,Component,3066,Component 3066 (DAMAGE),ExtData[6].Val6,6,9625,1826 (Run 'n Shoot),Damage,C:\Users\Admin\Downloads\myps\data\bin\abilitycomponentexport.bin,byte 268273,Inferred requirement reference because ExtData[*].Val6 matches a known RequirementId row in abilityrequirementexport.bin.
9625,Inbound,Component,3151,Component 3151 (DAMAGE),ExtData[6].Val6,6,9625,,,C:\Users\Admin\Downloads\myps\data\bin\abilitycomponentexport.bin,byte 283307,Inferred requirement reference because ExtData[*].Val6 matches a known RequirementId row in abilityrequirementexport.bin.
9625,Inbound,Component,3152,Component 3152 (DAMAGE),ExtData[6].Val6,6,9625,,,C:\Users\Admin\Downloads\myps\data\bin\abilitycomponentexport.bin,byte 283572,Inferred requirement reference because ExtData[*].Val6 matches a known RequirementId row in abilityrequirementexport.bin.
9625,Inbound,Component,3160,Component 3160 (DAMAGE),ExtData[6].Val6,6,9625,1683 (Shut Yer Face),"Damage, Silence",C:\Users\Admin\Downloads\myps\data\bin\abilitycomponentexport.bin,byte 284999,Inferred requirement reference because ExtData[*].Val6 matches a known RequirementId row in abilityrequirementexport.bin.
9625,Inbound,Component,3161,Component 3161 (DAMAGE),ExtData[6].Val6,6,9625,1683 (Shut Yer Face),"Damage, Silence",C:\Users\Admin\Downloads\myps\data\bin\abilitycomponentexport.bin,byte 285264,Inferred requirement reference because ExtData[*].Val6 matches a known RequirementId row in abilityrequirementexport.bin.
9625,Inbound,Component,3222,Component 3222 (DAMAGE),ExtData[6].Val6,6,9625,1541 (Phosphorous Shells),Damage,C:\Users\Admin\Downloads\myps\data\bin\abilitycomponentexport.bin,byte 295324,Inferred requirement reference because ExtData[*].Val6 matches a known RequirementId row in abilityrequirementexport.bin.
9625,Inbound,Component,3287,Component 3287 (DAMAGE),ExtData[6].Val6,6,9625,2 (Big Claw),Damage,C:\Users\Admin\Downloads\myps\data\bin\abilitycomponentexport.bin,byte 305487,Inferred requirement reference because ExtData[*].Val6 matches a known RequirementId row in abilityrequirementexport.bin.
9625,Inbound,Component,3297,Component 3297 (DAMAGE),ExtData[6].Val6,6,9625,1851 (Big Bouncin!),Damage,C:\Users\Admin\Downloads\myps\data\bin\abilitycomponentexport.bin,byte 307213,Inferred requirement reference because ExtData[*].Val6 matches a known RequirementId row in abilityrequirementexport.bin.
9625,Inbound,Component,3317,Component 3317 (DAMAGE),ExtData[6].Val6,6,9625,,,C:\Users\Admin\Downloads\myps\data\bin\abilitycomponentexport.bin,byte 310665,Inferred requirement reference because ExtData[*].Val6 matches a known RequirementId row in abilityrequirementexport.bin.
9625,Inbound,Component,3356,Component 3356 (DAMAGE),ExtData[6].Val6,6,9625,1821 (Plink),Damage,C:\Users\Admin\Downloads\myps\data\bin\abilitycomponentexport.bin,byte 317568,Inferred requirement reference because ExtData[*].Val6 matches a known RequirementId row in abilityrequirementexport.bin.
9625,Inbound,Component,3357,Component 3357 (DAMAGE),ExtData[6].Val6,6,9625,1839 (Choking Arrer),"Damage, Silence",C:\Users\Admin\Downloads\myps\data\bin\abilitycomponentexport.bin,byte 317800,Inferred requirement reference because ExtData[*].Val6 matches a known RequirementId row in abilityrequirementexport.bin.
9625,Inbound,Component,3358,Component 3358 (DAMAGE),ExtData[6].Val6,6,9625,"1825 (Stop Runnin!), 1835 (Not So Fast!)","Damage, Snare",C:\Users\Admin\Downloads\myps\data\bin\abilitycomponentexport.bin,byte 318032,Inferred requirement reference because ExtData[*].Val6 matches a known RequirementId row in abilityrequirementexport.bin.
9625,Inbound,Component,3359,Component 3359 (DAMAGE),ExtData[6].Val6,6,9625,1854 (Behind Ya!),Damage,C:\Users\Admin\Downloads\myps\data\bin\abilitycomponentexport.bin,byte 318264,Inferred requirement reference because ExtData[*].Val6 matches a known RequirementId row in abilityrequirementexport.bin.
9625,Inbound,Component,3412,Component 3412 (DAMAGE),ExtData[6].Val6,6,9625,1689 (T'ree Hit Combo),"Damage, Stun",C:\Users\Admin\Downloads\myps\data\bin\abilitycomponentexport.bin,byte 326171,Inferred requirement reference because ExtData[*].Val6 matches a known RequirementId row in abilityrequirementexport.bin.
9625,Inbound,Component,3444,Component 3444 (DAMAGE),ExtData[6].Val6,6,9625,1688 (Down Ya Go),Damage,C:\Users\Admin\Downloads\myps\data\bin\abilitycomponentexport.bin,byte 331153,Inferred requirement reference because ExtData[*].Val6 matches a known RequirementId row in abilityrequirementexport.bin.
9625,Inbound,Component,3458,Component 3458 (DAMAGE),ExtData[6].Val6,6,9625,,,C:\Users\Admin\Downloads\myps\data\bin\abilitycomponentexport.bin,byte 333079,Inferred requirement reference because ExtData[*].Val6 matches a known RequirementId row in abilityrequirementexport.bin.
9625,Inbound,Component,3459,Component 3459 (DAMAGE),ExtData[6].Val6,6,9625,,,C:\Users\Admin\Downloads\myps\data\bin\abilitycomponentexport.bin,byte 333344,Inferred requirement reference because ExtData[*].Val6 matches a known RequirementId row in abilityrequirementexport.bin.
9625,Inbound,Component,3462,Component 3462 (DAMAGE),ExtData[6].Val6,6,9625,1773 (No More Helpin'),"Damage, Heal",C:\Users\Admin\Downloads\myps\data\bin\abilitycomponentexport.bin,byte 333941,Inferred requirement reference because ExtData[*].Val6 matches a known RequirementId row in abilityrequirementexport.bin.
9625,Inbound,Component,3463,Component 3463 (DAMAGE),ExtData[6].Val6,6,9625,,,C:\Users\Admin\Downloads\myps\data\bin\abilitycomponentexport.bin,byte 334206,Inferred requirement reference because ExtData[*].Val6 matches a known RequirementId row in abilityrequirementexport.bin.
9625,Inbound,Component,3467,Component 3467 (DAMAGE),ExtData[6].Val6,6,9625,15523 (Training Ability 1),Damage,C:\Users\Admin\Downloads\myps\data\bin\abilitycomponentexport.bin,byte 335002,Inferred requirement reference because ExtData[*].Val6 matches a known RequirementId row in abilityrequirementexport.bin.
9625,Inbound,Component,3468,Component 3468 (DAMAGE),ExtData[6].Val6,6,9625,3283 (Yer All Bleedin' Now),Damage,C:\Users\Admin\Downloads\myps\data\bin\abilitycomponentexport.bin,byte 335300,Inferred requirement reference because ExtData[*].Val6 matches a known RequirementId row in abilityrequirementexport.bin.
9625,Inbound,Component,3469,Component 3469 (DAMAGE),ExtData[6].Val6,6,9625,3339 (Yer All Bleedin' Now),Damage,C:\Users\Admin\Downloads\myps\data\bin\abilitycomponentexport.bin,byte 335532,Inferred requirement reference because ExtData[*].Val6 matches a known RequirementId row in abilityrequirementexport.bin.
9625,Inbound,Component,3470,Component 3470 (DAMAGE),ExtData[6].Val6,6,9625,3340 (Yer All Bleedin' Now),Damage,C:\Users\Admin\Downloads\myps\data\bin\abilitycomponentexport.bin,byte 335764,Inferred requirement reference because ExtData[*].Val6 matches a known RequirementId row in abilityrequirementexport.bin.
9625,Inbound,Component,3471,Component 3471 (DAMAGE),ExtData[6].Val6,6,9625,3341 (Yer All Bleedin' Now),Damage,C:\Users\Admin\Downloads\myps\data\bin\abilitycomponentexport.bin,byte 335996,Inferred requirement reference because ExtData[*].Val6 matches a known RequirementId row in abilityrequirementexport.bin.
9625,Inbound,Component,3472,Component 3472 (DAMAGE),ExtData[6].Val6,6,9625,1750 (Try An' Hurt Me),Damage,C:\Users\Admin\Downloads\myps\data\bin\abilitycomponentexport.bin,byte 336228,Inferred requirement reference because ExtData[*].Val6 matches a known RequirementId row in abilityrequirementexport.bin.
9625,Inbound,Component,3473,Component 3473 (DAMAGE),ExtData[6].Val6,6,9625,,,C:\Users\Admin\Downloads\myps\data\bin\abilitycomponentexport.bin,byte 336493,Inferred requirement reference because ExtData[*].Val6 matches a known RequirementId row in abilityrequirementexport.bin.
9625,Inbound,Component,3475,Component 3475 (DAMAGE),ExtData[6].Val6,6,9625,1751 (Weaklin' Killa),Damage,C:\Users\Admin\Downloads\myps\data\bin\abilitycomponentexport.bin,byte 336957,Inferred requirement reference because ExtData[*].Val6 matches a known RequirementId row in abilityrequirementexport.bin.
9625,Inbound,Component,3476,Component 3476 (DAMAGE),ExtData[6].Val6,6,9625,,,C:\Users\Admin\Downloads\myps\data\bin\abilitycomponentexport.bin,byte 337222,Inferred requirement reference because ExtData[*].Val6 matches a known RequirementId row in abilityrequirementexport.bin.
9625,Inbound,Component,3504,Component 3504 (DAMAGE),ExtData[6].Val6,6,9625,"3161 (Lotsa Choppin), 3164 (Flurry)",,C:\Users\Admin\Downloads\myps\data\bin\abilitycomponentexport.bin,byte 342562,Inferred requirement reference because ExtData[*].Val6 matches a known RequirementId row in abilityrequirementexport.bin.
9625,Inbound,Component,3505,Component 3505 (DAMAGE),ExtData[6].Val6,6,9625,"3161 (Lotsa Choppin), 3164 (Flurry)",,C:\Users\Admin\Downloads\myps\data\bin\abilitycomponentexport.bin,byte 342893,Inferred requirement reference because ExtData[*].Val6 matches a known RequirementId row in abilityrequirementexport.bin.
9625,Inbound,Component,3506,Component 3506 (DAMAGE),ExtData[6].Val6,6,9625,"3161 (Lotsa Choppin), 3164 (Flurry)",,C:\Users\Admin\Downloads\myps\data\bin\abilitycomponentexport.bin,byte 343191,Inferred requirement reference because ExtData[*].Val6 matches a known RequirementId row in abilityrequirementexport.bin.
9625,Inbound,Component,3507,Component 3507 (DAMAGE),ExtData[6].Val6,6,9625,,,C:\Users\Admin\Downloads\myps\data\bin\abilitycomponentexport.bin,byte 343456,Inferred requirement reference because ExtData[*].Val6 matches a known RequirementId row in abilityrequirementexport.bin.
9625,Inbound,Component,3508,Component 3508 (DAMAGE),ExtData[6].Val6,6,9625,,,C:\Users\Admin\Downloads\myps\data\bin\abilitycomponentexport.bin,byte 343721,Inferred requirement reference because ExtData[*].Val6 matches a known RequirementId row in abilityrequirementexport.bin.
9625,Inbound,Component,3509,Component 3509 (DAMAGE),ExtData[6].Val6,6,9625,"3160 (Lotsa Choppin), 3162 (Lotsa Choppin), 3163 (Flurry), 3165 (Flurry)",,C:\Users\Admin\Downloads\myps\data\bin\abilitycomponentexport.bin,byte 343986,Inferred requirement reference because ExtData[*].Val6 matches a known RequirementId row in abilityrequirementexport.bin.
9625,Inbound,Component,3510,Component 3510 (DAMAGE),ExtData[6].Val6,6,9625,"3160 (Lotsa Choppin), 3162 (Lotsa Choppin), 3163 (Flurry), 3165 (Flurry)",,C:\Users\Admin\Downloads\myps\data\bin\abilitycomponentexport.bin,byte 344317,Inferred requirement reference because ExtData[*].Val6 matches a known RequirementId row in abilityrequirementexport.bin.
9625,Inbound,Component,3511,Component 3511 (DAMAGE),ExtData[6].Val6,6,9625,"3160 (Lotsa Choppin), 3162 (Lotsa Choppin), 3163 (Flurry), 3165 (Flurry)",,C:\Users\Admin\Downloads\myps\data\bin\abilitycomponentexport.bin,byte 344615,Inferred requirement reference because ExtData[*].Val6 matches a known RequirementId row in abilityrequirementexport.bin.
9625,Inbound,Component,3512,Component 3512 (DAMAGE),ExtData[6].Val6,6,9625,"3160 (Lotsa Choppin), 3163 (Flurry)",,C:\Users\Admin\Downloads\myps\data\bin\abilitycomponentexport.bin,byte 344880,Inferred requirement reference because ExtData[*].Val6 matches a known RequirementId row in abilityrequirementexport.bin.
9625,Inbound,Component,3513,Component 3513 (DAMAGE),ExtData[6].Val6,6,9625,"3160 (Lotsa Choppin), 3163 (Flurry)",,C:\Users\Admin\Downloads\myps\data\bin\abilitycomponentexport.bin,byte 345178,Inferred requirement reference because ExtData[*].Val6 matches a known RequirementId row in abilityrequirementexport.bin.
9625,Inbound,Component,3533,Component 3533 (DAMAGE),ExtData[6].Val6,6,9625,3293 (Wild Choppin'),,C:\Users\Admin\Downloads\myps\data\bin\abilitycomponentexport.bin,byte 348597,Inferred requirement reference because ExtData[*].Val6 matches a known RequirementId row in abilityrequirementexport.bin.
9625,Inbound,Component,3534,Component 3534 (DAMAGE),ExtData[6].Val6,6,9625,3293 (Wild Choppin'),,C:\Users\Admin\Downloads\myps\data\bin\abilitycomponentexport.bin,byte 348895,Inferred requirement reference because ExtData[*].Val6 matches a known RequirementId row in abilityrequirementexport.bin.
9625,Inbound,Component,3535,Component 3535 (DAMAGE),ExtData[6].Val6,6,9625,3293 (Wild Choppin'),,C:\Users\Admin\Downloads\myps\data\bin\abilitycomponentexport.bin,byte 349193,Inferred requirement reference because ExtData[*].Val6 matches a known RequirementId row in abilityrequirementexport.bin.
9625,Inbound,Component,3536,Component 3536 (DAMAGE),ExtData[6].Val6,6,9625,,,C:\Users\Admin\Downloads\myps\data\bin\abilitycomponentexport.bin,byte 349491,Inferred requirement reference because ExtData[*].Val6 matches a known RequirementId row in abilityrequirementexport.bin.
9625,Inbound,Component,3538,Component 3538 (DAMAGE),ExtData[6].Val6,6,9625,3294 (Wild Choppin'),,C:\Users\Admin\Downloads\myps\data\bin\abilitycomponentexport.bin,byte 349955,Inferred requirement reference because ExtData[*].Val6 matches a known RequirementId row in abilityrequirementexport.bin.
9625,Inbound,Component,3539,Component 3539 (DAMAGE),ExtData[6].Val6,6,9625,3294 (Wild Choppin'),,C:\Users\Admin\Downloads\myps\data\bin\abilitycomponentexport.bin,byte 350253,Inferred requirement reference because ExtData[*].Val6 matches a known RequirementId row in abilityrequirementexport.bin.
9625,Inbound,Component,3540,Component 3540 (DAMAGE),ExtData[6].Val6,6,9625,3294 (Wild Choppin'),,C:\Users\Admin\Downloads\myps\data\bin\abilitycomponentexport.bin,byte 350551,Inferred requirement reference because ExtData[*].Val6 matches a known RequirementId row in abilityrequirementexport.bin.
9625,Inbound,Component,3541,Component 3541 (DAMAGE),ExtData[6].Val6,6,9625,3294 (Wild Choppin'),,C:\Users\Admin\Downloads\myps\data\bin\abilitycomponentexport.bin,byte 350849,Inferred requirement reference because ExtData[*].Val6 matches a known RequirementId row in abilityrequirementexport.bin.
9625,Inbound,Component,3545,Component 3545 (DAMAGE),ExtData[6].Val6,6,9625,1762 (Bring It On),Damage,C:\Users\Admin\Downloads\myps\data\bin\abilitycomponentexport.bin,byte 351711,Inferred requirement reference because ExtData[*].Val6 matches a known RequirementId row in abilityrequirementexport.bin.
9625,Inbound,Component,3551,Component 3551 (DAMAGE),ExtData[6].Val6,6,9625,1761 (Reckless Blow),Damage,C:\Users\Admin\Downloads\myps\data\bin\abilitycomponentexport.bin,byte 352740,Inferred requirement reference because ExtData[*].Val6 matches a known RequirementId row in abilityrequirementexport.bin.
9625,Inbound,Component,3562,Component 3562 (EFFECT_BUFF),ExtData[6].Val6,6,9625,3299 (Bleed Em Out),Damage,C:\Users\Admin\Downloads\myps\data\bin\abilitycomponentexport.bin,byte 354467,Inferred requirement reference because ExtData[*].Val6 matches a known RequirementId row in abilityrequirementexport.bin.
9625,Inbound,Component,3563,Component 3563 (DAMAGE),ExtData[6].Val6,6,9625,3300 (Bleed Em Out),,C:\Users\Admin\Downloads\myps\data\bin\abilitycomponentexport.bin,byte 354732,Inferred requirement reference because ExtData[*].Val6 matches a known RequirementId row in abilityrequirementexport.bin.
9625,Inbound,Component,3564,Component 3564 (DAMAGE),ExtData[6].Val6,6,9625,3300 (Bleed Em Out),,C:\Users\Admin\Downloads\myps\data\bin\abilitycomponentexport.bin,byte 354964,Inferred requirement reference because ExtData[*].Val6 matches a known RequirementId row in abilityrequirementexport.bin.
9625,Inbound,Component,3565,Component 3565 (DAMAGE),ExtData[6].Val6,6,9625,3300 (Bleed Em Out),,C:\Users\Admin\Downloads\myps\data\bin\abilitycomponentexport.bin,byte 355196,Inferred requirement reference because ExtData[*].Val6 matches a known RequirementId row in abilityrequirementexport.bin.
9625,Inbound,Component,3566,Component 3566 (DAMAGE),ExtData[6].Val6,6,9625,3300 (Bleed Em Out),,C:\Users\Admin\Downloads\myps\data\bin\abilitycomponentexport.bin,byte 355428,Inferred requirement reference because ExtData[*].Val6 matches a known RequirementId row in abilityrequirementexport.bin.
9625,Inbound,Component,3567,Component 3567 (DAMAGE),ExtData[6].Val6,6,9625,3300 (Bleed Em Out),,C:\Users\Admin\Downloads\myps\data\bin\abilitycomponentexport.bin,byte 355660,Inferred requirement reference because ExtData[*].Val6 matches a known RequirementId row in abilityrequirementexport.bin.
9625,Inbound,Component,3571,Component 3571 (DAMAGE),ExtData[6].Val6,6,9625,3301 (Bleed Em Out),,C:\Users\Admin\Downloads\myps\data\bin\abilitycomponentexport.bin,byte 356423,Inferred requirement reference because ExtData[*].Val6 matches a known RequirementId row in abilityrequirementexport.bin.
9625,Inbound,Component,3572,Component 3572 (DAMAGE),ExtData[6].Val6,6,9625,3301 (Bleed Em Out),,C:\Users\Admin\Downloads\myps\data\bin\abilitycomponentexport.bin,byte 356655,Inferred requirement reference because ExtData[*].Val6 matches a known RequirementId row in abilityrequirementexport.bin.
9625,Inbound,Component,3573,Component 3573 (DAMAGE),ExtData[6].Val6,6,9625,3301 (Bleed Em Out),,C:\Users\Admin\Downloads\myps\data\bin\abilitycomponentexport.bin,byte 356887,Inferred requirement reference because ExtData[*].Val6 matches a known RequirementId row in abilityrequirementexport.bin.
9625,Inbound,Component,3574,Component 3574 (DAMAGE),ExtData[6].Val6,6,9625,3301 (Bleed Em Out),,C:\Users\Admin\Downloads\myps\data\bin\abilitycomponentexport.bin,byte 357119,Inferred requirement reference because ExtData[*].Val6 matches a known RequirementId row in abilityrequirementexport.bin.
9625,Inbound,Component,3577,Component 3577 (DAMAGE),ExtData[6].Val6,6,9625,,,C:\Users\Admin\Downloads\myps\data\bin\abilitycomponentexport.bin,byte 357716,Inferred requirement reference because ExtData[*].Val6 matches a known RequirementId row in abilityrequirementexport.bin.
9625,Inbound,Component,3578,Component 3578 (DAMAGE),ExtData[6].Val6,6,9625,1774 (Wot's Da Rush?),"Damage, Snare",C:\Users\Admin\Downloads\myps\data\bin\abilitycomponentexport.bin,byte 358014,Inferred requirement reference because ExtData[*].Val6 matches a known RequirementId row in abilityrequirementexport.bin.
9625,Inbound,Component,3587,Component 3587 (DAMAGE),ExtData[6].Val6,6,9625,"1776 (Git To Da Choppa), 3286 (Git To Da Choppa)",Damage,C:\Users\Admin\Downloads\myps\data\bin\abilitycomponentexport.bin,byte 359838,Inferred requirement reference because ExtData[*].Val6 matches a known RequirementId row in abilityrequirementexport.bin.
9625,Inbound,Component,3588,Component 3588 (DAMAGE),ExtData[6].Val6,6,9625,3285 (Git To Da Choppa),,C:\Users\Admin\Downloads\myps\data\bin\abilitycomponentexport.bin,byte 360070,Inferred requirement reference because ExtData[*].Val6 matches a known RequirementId row in abilityrequirementexport.bin.
9625,Inbound,Component,3604,Component 3604 (DAMAGE),ExtData[6].Val6,6,9625,,,C:\Users\Admin\Downloads\myps\data\bin\abilitycomponentexport.bin,byte 362759,Inferred requirement reference because ExtData[*].Val6 matches a known RequirementId row in abilityrequirementexport.bin.
9625,Inbound,Component,3632,Component 3632 (DAMAGE),ExtData[6].Val6,6,9625,3301 (Bleed Em Out),,C:\Users\Admin\Downloads\myps\data\bin\abilitycomponentexport.bin,byte 367275,Inferred requirement reference because ExtData[*].Val6 matches a known RequirementId row in abilityrequirementexport.bin.
9625,Inbound,Component,3633,Component 3633 (DAMAGE),ExtData[6].Val6,6,9625,3300 (Bleed Em Out),,C:\Users\Admin\Downloads\myps\data\bin\abilitycomponentexport.bin,byte 367507,Inferred requirement reference because ExtData[*].Val6 matches a known RequirementId row in abilityrequirementexport.bin.
9625,Inbound,Component,3634,Component 3634 (DAMAGE),ExtData[6].Val6,6,9625,3301 (Bleed Em Out),,C:\Users\Admin\Downloads\myps\data\bin\abilitycomponentexport.bin,byte 367772,Inferred requirement reference because ExtData[*].Val6 matches a known RequirementId row in abilityrequirementexport.bin.
9625,Inbound,Component,3638,Component 3638 (DAMAGE),ExtData[6].Val6,6,9625,,,C:\Users\Admin\Downloads\myps\data\bin\abilitycomponentexport.bin,byte 368667,Inferred requirement reference because ExtData[*].Val6 matches a known RequirementId row in abilityrequirementexport.bin.
9625,Inbound,Component,3639,Component 3639 (DAMAGE),ExtData[6].Val6,6,9625,,,C:\Users\Admin\Downloads\myps\data\bin\abilitycomponentexport.bin,byte 368932,Inferred requirement reference because ExtData[*].Val6 matches a known RequirementId row in abilityrequirementexport.bin.
9625,Inbound,Component,3640,Component 3640 (DAMAGE),ExtData[6].Val6,6,9625,3284 (Yer All Bleedin' Now),Damage,C:\Users\Admin\Downloads\myps\data\bin\abilitycomponentexport.bin,byte 369197,Inferred requirement reference because ExtData[*].Val6 matches a known RequirementId row in abilityrequirementexport.bin.
9625,Inbound,Component,3641,Component 3641 (DAMAGE),ExtData[6].Val6,6,9625,3284 (Yer All Bleedin' Now),Damage,C:\Users\Admin\Downloads\myps\data\bin\abilitycomponentexport.bin,byte 369462,Inferred requirement reference because ExtData[*].Val6 matches a known RequirementId row in abilityrequirementexport.bin.
9625,Inbound,Component,3642,Component 3642 (DAMAGE),ExtData[6].Val6,6,9625,3284 (Yer All Bleedin' Now),Damage,C:\Users\Admin\Downloads\myps\data\bin\abilitycomponentexport.bin,byte 369760,Inferred requirement reference because ExtData[*].Val6 matches a known RequirementId row in abilityrequirementexport.bin.
9625,Inbound,Component,3643,Component 3643 (DAMAGE),ExtData[6].Val6,6,9625,3284 (Yer All Bleedin' Now),Damage,C:\Users\Admin\Downloads\myps\data\bin\abilitycomponentexport.bin,byte 370091,Inferred requirement reference because ExtData[*].Val6 matches a known RequirementId row in abilityrequirementexport.bin.
9625,Inbound,Component,3646,Component 3646 (DAMAGE),ExtData[6].Val6,6,9625,"1443 (Incapacitate), 1755 (Sit Down!)",Damage,C:\Users\Admin\Downloads\myps\data\bin\abilitycomponentexport.bin,byte 370787,Inferred requirement reference because ExtData[*].Val6 matches a known RequirementId row in abilityrequirementexport.bin.
9625,Inbound,Component,3648,Component 3648 (EFFECT_BUFF),ExtData[6].Val6,6,9625,3306 (Bleed Em Out),Damage,C:\Users\Admin\Downloads\myps\data\bin\abilitycomponentexport.bin,byte 371218,Inferred requirement reference because ExtData[*].Val6 matches a known RequirementId row in abilityrequirementexport.bin.
9625,Inbound,Component,3666,Component 3666 (DAMAGE),ExtData[6].Val6,6,9625,,,C:\Users\Admin\Downloads\myps\data\bin\abilitycomponentexport.bin,byte 374305,Inferred requirement reference because ExtData[*].Val6 matches a known RequirementId row in abilityrequirementexport.bin.
9625,Inbound,Component,3667,Component 3667 (DAMAGE),ExtData[6].Val6,6,9625,1744 (Don't Go Nowhere),"Damage, Snare",C:\Users\Admin\Downloads\myps\data\bin\abilitycomponentexport.bin,byte 374570,Inferred requirement reference because ExtData[*].Val6 matches a known RequirementId row in abilityrequirementexport.bin.
9625,Inbound,Component,3668,Component 3668 (DAMAGE),ExtData[6].Val6,6,9625,,,C:\Users\Admin\Downloads\myps\data\bin\abilitycomponentexport.bin,byte 374802,Inferred requirement reference because ExtData[*].Val6 matches a known RequirementId row in abilityrequirementexport.bin.
9625,Inbound,Component,3672,Component 3672 (DAMAGE),ExtData[6].Val6,6,9625,1768 (Furious Choppin'),"Damage, Heal",C:\Users\Admin\Downloads\myps\data\bin\abilitycomponentexport.bin,byte 375730,Inferred requirement reference because ExtData[*].Val6 matches a known RequirementId row in abilityrequirementexport.bin.
9625,Inbound,Component,3673,Component 3673 (DAMAGE),ExtData[6].Val6,6,9625,,,C:\Users\Admin\Downloads\myps\data\bin\abilitycomponentexport.bin,byte 375962,Inferred requirement reference because ExtData[*].Val6 matches a known RequirementId row in abilityrequirementexport.bin.
9625,Inbound,Component,3703,Component 3703 (DAMAGE),ExtData[6].Val6,6,9625,,,C:\Users\Admin\Downloads\myps\data\bin\abilitycomponentexport.bin,byte 380707,Inferred requirement reference because ExtData[*].Val6 matches a known RequirementId row in abilityrequirementexport.bin.
9625,Inbound,Component,3704,Component 3704 (DAMAGE),ExtData[6].Val6,6,9625,1432 (Slow Down),Damage,C:\Users\Admin\Downloads\myps\data\bin\abilitycomponentexport.bin,byte 381005,Inferred requirement reference because ExtData[*].Val6 matches a known RequirementId row in abilityrequirementexport.bin.
9625,Inbound,Component,3709,Component 3709 (DAMAGE),ExtData[6].Val6,6,9625,,,C:\Users\Admin\Downloads\myps\data\bin\abilitycomponentexport.bin,byte 381868,Inferred requirement reference because ExtData[*].Val6 matches a known RequirementId row in abilityrequirementexport.bin.
9625,Inbound,Component,3711,Component 3711 (DAMAGE),ExtData[6].Val6,6,9625,3346 (Onslaught),Damage,C:\Users\Admin\Downloads\myps\data\bin\abilitycomponentexport.bin,byte 382299,Inferred requirement reference because ExtData[*].Val6 matches a known RequirementId row in abilityrequirementexport.bin.
9625,Inbound,Component,3712,Component 3712 (DAMAGE),ExtData[6].Val6,6,9625,3347 (Onslaught),Damage,C:\Users\Admin\Downloads\myps\data\bin\abilitycomponentexport.bin,byte 382531,Inferred requirement reference because ExtData[*].Val6 matches a known RequirementId row in abilityrequirementexport.bin.
9625,Inbound,Component,3713,Component 3713 (DAMAGE),ExtData[6].Val6,6,9625,3348 (Onslaught),Damage,C:\Users\Admin\Downloads\myps\data\bin\abilitycomponentexport.bin,byte 382763,Inferred requirement reference because ExtData[*].Val6 matches a known RequirementId row in abilityrequirementexport.bin.
9625,Inbound,Component,3714,Component 3714 (DAMAGE),ExtData[6].Val6,6,9625,3349 (Onslaught),Damage,C:\Users\Admin\Downloads\myps\data\bin\abilitycomponentexport.bin,byte 382995,Inferred requirement reference because ExtData[*].Val6 matches a known RequirementId row in abilityrequirementexport.bin.
9625,Inbound,Component,3732,Component 3732 (DAMAGE),ExtData[6].Val6,6,9625,,,C:\Users\Admin\Downloads\myps\data\bin\abilitycomponentexport.bin,byte 386312,Inferred requirement reference because ExtData[*].Val6 matches a known RequirementId row in abilityrequirementexport.bin.
9625,Inbound,Component,3760,Component 3760 (DAMAGE),ExtData[6].Val6,6,9625,1464 (Shatter Limbs),Damage,C:\Users\Admin\Downloads\myps\data\bin\abilitycomponentexport.bin,byte 391587,Inferred requirement reference because ExtData[*].Val6 matches a known RequirementId row in abilityrequirementexport.bin.
9625,Inbound,Component,3761,Component 3761 (DAMAGE),ExtData[6].Val6,6,9625,1438 (Enervating Blow),Damage,C:\Users\Admin\Downloads\myps\data\bin\abilitycomponentexport.bin,byte 391819,Inferred requirement reference because ExtData[*].Val6 matches a known RequirementId row in abilityrequirementexport.bin.
9625,Inbound,Component,3762,Component 3762 (DAMAGE),ExtData[6].Val6,6,9625,,,C:\Users\Admin\Downloads\myps\data\bin\abilitycomponentexport.bin,byte 392084,Inferred requirement reference because ExtData[*].Val6 matches a known RequirementId row in abilityrequirementexport.bin.
9625,Inbound,Component,3764,Component 3764 (DAMAGE),ExtData[6].Val6,6,9625,1439 (Deathblow),Damage,C:\Users\Admin\Downloads\myps\data\bin\abilitycomponentexport.bin,byte 392515,Inferred requirement reference because ExtData[*].Val6 matches a known RequirementId row in abilityrequirementexport.bin.
9625,Inbound,Component,3765,Component 3765 (DAMAGE),ExtData[6].Val6,6,9625,,,C:\Users\Admin\Downloads\myps\data\bin\abilitycomponentexport.bin,byte 392780,Inferred requirement reference because ExtData[*].Val6 matches a known RequirementId row in abilityrequirementexport.bin.
9625,Inbound,Component,3771,Component 3771 (DAMAGE),ExtData[6].Val6,6,9625,1449 (Precarious Assault),Damage,C:\Users\Admin\Downloads\myps\data\bin\abilitycomponentexport.bin,byte 393875,Inferred requirement reference because ExtData[*].Val6 matches a known RequirementId row in abilityrequirementexport.bin.
9625,Inbound,Component,3772,Component 3772 (DAMAGE),ExtData[6].Val6,6,9625,,,C:\Users\Admin\Downloads\myps\data\bin\abilitycomponentexport.bin,byte 394107,Inferred requirement reference because ExtData[*].Val6 matches a known RequirementId row in abilityrequirementexport.bin.
9625,Inbound,Component,3775,Component 3775 (DAMAGE),ExtData[6].Val6,6,9625,1450 (Retribution),Damage,C:\Users\Admin\Downloads\myps\data\bin\abilitycomponentexport.bin,byte 394671,Inferred requirement reference because ExtData[*].Val6 matches a known RequirementId row in abilityrequirementexport.bin.
9625,Inbound,Component,3777,Component 3777 (DAMAGE),ExtData[6].Val6,6,9625,1457 (Rune of Absorption),"Damage, Heal",C:\Users\Admin\Downloads\myps\data\bin\abilitycomponentexport.bin,byte 395069,Inferred requirement reference because ExtData[*].Val6 matches a known RequirementId row in abilityrequirementexport.bin.
9625,Inbound,Component,3790,Component 3790 (DAMAGE),ExtData[6].Val6,6,9625,3317 (Wild Swing),,C:\Users\Admin\Downloads\myps\data\bin\abilitycomponentexport.bin,byte 397227,Inferred requirement reference because ExtData[*].Val6 matches a known RequirementId row in abilityrequirementexport.bin.
9625,Inbound,Component,3791,Component 3791 (DAMAGE),ExtData[6].Val6,6,9625,3317 (Wild Swing),,C:\Users\Admin\Downloads\myps\data\bin\abilitycomponentexport.bin,byte 397492,Inferred requirement reference because ExtData[*].Val6 matches a known RequirementId row in abilityrequirementexport.bin.
9625,Inbound,Component,3792,Component 3792 (DAMAGE),ExtData[6].Val6,6,9625,3317 (Wild Swing),,C:\Users\Admin\Downloads\myps\data\bin\abilitycomponentexport.bin,byte 397790,Inferred requirement reference because ExtData[*].Val6 matches a known RequirementId row in abilityrequirementexport.bin.
9625,Inbound,Component,3793,Component 3793 (DAMAGE),ExtData[6].Val6,6,9625,3317 (Wild Swing),,C:\Users\Admin\Downloads\myps\data\bin\abilitycomponentexport.bin,byte 398121,Inferred requirement reference because ExtData[*].Val6 matches a known RequirementId row in abilityrequirementexport.bin.
9625,Inbound,Component,3794,Component 3794 (DAMAGE),ExtData[6].Val6,6,9625,3317 (Wild Swing),,C:\Users\Admin\Downloads\myps\data\bin\abilitycomponentexport.bin,byte 398485,Inferred requirement reference because ExtData[*].Val6 matches a known RequirementId row in abilityrequirementexport.bin.
9625,Inbound,Component,3795,Component 3795 (DAMAGE),ExtData[6].Val6,6,9625,3318 (Wild Swing),,C:\Users\Admin\Downloads\myps\data\bin\abilitycomponentexport.bin,byte 398849,Inferred requirement reference because ExtData[*].Val6 matches a known RequirementId row in abilityrequirementexport.bin.
9625,Inbound,Component,3796,Component 3796 (DAMAGE),ExtData[6].Val6,6,9625,3318 (Wild Swing),,C:\Users\Admin\Downloads\myps\data\bin\abilitycomponentexport.bin,byte 399114,Inferred requirement reference because ExtData[*].Val6 matches a known RequirementId row in abilityrequirementexport.bin.
9625,Inbound,Component,3797,Component 3797 (DAMAGE),ExtData[6].Val6,6,9625,3318 (Wild Swing),,C:\Users\Admin\Downloads\myps\data\bin\abilitycomponentexport.bin,byte 399412,Inferred requirement reference because ExtData[*].Val6 matches a known RequirementId row in abilityrequirementexport.bin.
9625,Inbound,Component,3798,Component 3798 (DAMAGE),ExtData[6].Val6,6,9625,3318 (Wild Swing),,C:\Users\Admin\Downloads\myps\data\bin\abilitycomponentexport.bin,byte 399743,Inferred requirement reference because ExtData[*].Val6 matches a known RequirementId row in abilityrequirementexport.bin.
9625,Inbound,Component,3799,Component 3799 (DAMAGE),ExtData[6].Val6,6,9625,3318 (Wild Swing),,C:\Users\Admin\Downloads\myps\data\bin\abilitycomponentexport.bin,byte 400107,Inferred requirement reference because ExtData[*].Val6 matches a known RequirementId row in abilityrequirementexport.bin.
9625,Inbound,Component,3802,Component 3802 (DAMAGE),ExtData[6].Val6,6,9625,1460 (Cleft In Twain),Damage,C:\Users\Admin\Downloads\myps\data\bin\abilitycomponentexport.bin,byte 400869,Inferred requirement reference because ExtData[*].Val6 matches a known RequirementId row in abilityrequirementexport.bin.
9625,Inbound,Component,3803,Component 3803 (DAMAGE),ExtData[6].Val6,6,9625,,,C:\Users\Admin\Downloads\myps\data\bin\abilitycomponentexport.bin,byte 401101,Inferred requirement reference because ExtData[*].Val6 matches a known RequirementId row in abilityrequirementexport.bin.
9625,Inbound,Component,3804,Component 3804 (DAMAGE),ExtData[6].Val6,6,9625,1463 (No Escape),"Damage, Snare",C:\Users\Admin\Downloads\myps\data\bin\abilitycomponentexport.bin,byte 401333,Inferred requirement reference because ExtData[*].Val6 matches a known RequirementId row in abilityrequirementexport.bin.
9625,Inbound,Component,3805,Component 3805 (DAMAGE),ExtData[6].Val6,6,9625,,,C:\Users\Admin\Downloads\myps\data\bin\abilitycomponentexport.bin,byte 401565,Inferred requirement reference because ExtData[*].Val6 matches a known RequirementId row in abilityrequirementexport.bin.
9625,Inbound,Component,3811,Component 3811 (DAMAGE),ExtData[6].Val6,6,9625,1461 (Devastate),Damage,C:\Users\Admin\Downloads\myps\data\bin\abilitycomponentexport.bin,byte 402990,Inferred requirement reference because ExtData[*].Val6 matches a known RequirementId row in abilityrequirementexport.bin.
9625,Inbound,Component,3813,Component 3813 (DAMAGE),ExtData[6].Val6,6,9625,1462 (Spellbreaker),Damage,C:\Users\Admin\Downloads\myps\data\bin\abilitycomponentexport.bin,byte 403388,Inferred requirement reference because ExtData[*].Val6 matches a known RequirementId row in abilityrequirementexport.bin.
9625,Inbound,Component,3824,Component 3824 (DAMAGE),ExtData[6].Val6,6,9625,"3320 (Inevitable Doom), 3321 (Inevitable Doom), 3322 (Inevitable Doom), 3323 (Inevitable Doom), 3325 (Inevitable Doom), 3326 (Inevitable Doom)",,C:\Users\Admin\Downloads\myps\data\bin\abilitycomponentexport.bin,byte 405940,Inferred requirement reference because ExtData[*].Val6 matches a known RequirementId row in abilityrequirementexport.bin.
9625,Inbound,Component,3825,Component 3825 (DAMAGE),ExtData[6].Val6,6,9625,,,C:\Users\Admin\Downloads\myps\data\bin\abilitycomponentexport.bin,byte 406172,Inferred requirement reference because ExtData[*].Val6 matches a known RequirementId row in abilityrequirementexport.bin.
9625,Inbound,Component,3859,Component 3859 (DAMAGE),ExtData[6].Val6,6,9625,3342 (Onslaught),Damage,C:\Users\Admin\Downloads\myps\data\bin\abilitycomponentexport.bin,byte 411981,Inferred requirement reference because ExtData[*].Val6 matches a known RequirementId row in abilityrequirementexport.bin.
9625,Inbound,Component,3860,Component 3860 (DAMAGE),ExtData[6].Val6,6,9625,3343 (Onslaught),Damage,C:\Users\Admin\Downloads\myps\data\bin\abilitycomponentexport.bin,byte 412213,Inferred requirement reference because ExtData[*].Val6 matches a known RequirementId row in abilityrequirementexport.bin.
9625,Inbound,Component,3861,Component 3861 (DAMAGE),ExtData[6].Val6,6,9625,3344 (Onslaught),Damage,C:\Users\Admin\Downloads\myps\data\bin\abilitycomponentexport.bin,byte 412445,Inferred requirement reference because ExtData[*].Val6 matches a known RequirementId row in abilityrequirementexport.bin.
9625,Inbound,Component,3862,Component 3862 (DAMAGE),ExtData[6].Val6,6,9625,3345 (Onslaught),Damage,C:\Users\Admin\Downloads\myps\data\bin\abilitycomponentexport.bin,byte 412677,Inferred requirement reference because ExtData[*].Val6 matches a known RequirementId row in abilityrequirementexport.bin.
9625,Inbound,Component,3864,Component 3864 (DAMAGE),ExtData[6].Val6,6,9625,,,C:\Users\Admin\Downloads\myps\data\bin\abilitycomponentexport.bin,byte 413075,Inferred requirement reference because ExtData[*].Val6 matches a known RequirementId row in abilityrequirementexport.bin.
9625,Inbound,Component,3876,Component 3876 (DAMAGE),ExtData[6].Val6,6,9625,,,C:\Users\Admin\Downloads\myps\data\bin\abilitycomponentexport.bin,byte 415034,Inferred requirement reference because ExtData[*].Val6 matches a known RequirementId row in abilityrequirementexport.bin.
9625,Inbound,Component,3892,Component 3892 (DAMAGE),ExtData[6].Val6,6,9625,1850 (Bad Gas!),Damage,C:\Users\Admin\Downloads\myps\data\bin\abilitycomponentexport.bin,byte 418053,Inferred requirement reference because ExtData[*].Val6 matches a known RequirementId row in abilityrequirementexport.bin.
9625,Inbound,Component,8066,Component 8066 (DAMAGE),ExtData[6].Val6,6,9625,,,C:\Users\Admin\Downloads\myps\data\bin\abilitycomponentexport.bin,byte 452943,Inferred requirement reference because ExtData[*].Val6 matches a known RequirementId row in abilityrequirementexport.bin.
9625,Inbound,Component,8295,Component 8295 (DAMAGE),ExtData[6].Val6,6,9625,3668 (Sweeping Impact),,C:\Users\Admin\Downloads\myps\data\bin\abilitycomponentexport.bin,byte 490990,Inferred requirement reference because ExtData[*].Val6 matches a known RequirementId row in abilityrequirementexport.bin.
9625,Inbound,Component,8298,Component 8298 (DAMAGE),ExtData[6].Val6,6,9625,3669 (Sweeping Impact),,C:\Users\Admin\Downloads\myps\data\bin\abilitycomponentexport.bin,byte 491521,Inferred requirement reference because ExtData[*].Val6 matches a known RequirementId row in abilityrequirementexport.bin.
9625,Inbound,Component,8314,Component 8314 (DAMAGE),ExtData[6].Val6,6,9625,,,C:\Users\Admin\Downloads\myps\data\bin\abilitycomponentexport.bin,byte 494078,Inferred requirement reference because ExtData[*].Val6 matches a known RequirementId row in abilityrequirementexport.bin.
9625,Inbound,Component,8362,Component 8362 (DAMAGE),ExtData[6].Val6,6,9625,,,C:\Users\Admin\Downloads\myps\data\bin\abilitycomponentexport.bin,byte 501848,Inferred requirement reference because ExtData[*].Val6 matches a known RequirementId row in abilityrequirementexport.bin.
9625,Inbound,Component,8451,Component 8451 (DAMAGE),ExtData[6].Val6,6,9625,8406 (Convulsive Slashing),Damage,C:\Users\Admin\Downloads\myps\data\bin\abilitycomponentexport.bin,byte 517084,Inferred requirement reference because ExtData[*].Val6 matches a known RequirementId row in abilityrequirementexport.bin.
9625,Inbound,Component,8490,Component 8490 (DAMAGE),ExtData[6].Val6,6,9625,,,C:\Users\Admin\Downloads\myps\data\bin\abilitycomponentexport.bin,byte 523723,Inferred requirement reference because ExtData[*].Val6 matches a known RequirementId row in abilityrequirementexport.bin.
9625,Inbound,Component,8491,Component 8491 (DAMAGE),ExtData[6].Val6,6,9625,8409 (Demolition),Damage,C:\Users\Admin\Downloads\myps\data\bin\abilitycomponentexport.bin,byte 523955,Inferred requirement reference because ExtData[*].Val6 matches a known RequirementId row in abilityrequirementexport.bin.
9625,Inbound,Component,8492,Component 8492 (DAMAGE),ExtData[6].Val6,6,9625,,,C:\Users\Admin\Downloads\myps\data\bin\abilitycomponentexport.bin,byte 524220,Inferred requirement reference because ExtData[*].Val6 matches a known RequirementId row in abilityrequirementexport.bin.
9625,Inbound,Component,8528,Component 8528 (DAMAGE),ExtData[6].Val6,6,9625,8418 (Cutting Claw),Damage,C:\Users\Admin\Downloads\myps\data\bin\abilitycomponentexport.bin,byte 530526,Inferred requirement reference because ExtData[*].Val6 matches a known RequirementId row in abilityrequirementexport.bin.
9625,Inbound,Component,8531,Component 8531 (DAMAGE),ExtData[6].Val6,6,9625,8422 (Wave of Terror),Damage,C:\Users\Admin\Downloads\myps\data\bin\abilitycomponentexport.bin,byte 531057,Inferred requirement reference because ExtData[*].Val6 matches a known RequirementId row in abilityrequirementexport.bin.
9625,Inbound,Component,8533,Component 8533 (DAMAGE),ExtData[6].Val6,6,9625,8423 (Concussive Jolt),Damage,C:\Users\Admin\Downloads\myps\data\bin\abilitycomponentexport.bin,byte 531455,Inferred requirement reference because ExtData[*].Val6 matches a known RequirementId row in abilityrequirementexport.bin.
9625,Inbound,Component,8536,Component 8536 (DAMAGE),ExtData[6].Val6,6,9625,8425 (Wrecking Ball),Damage,C:\Users\Admin\Downloads\myps\data\bin\abilitycomponentexport.bin,byte 532019,Inferred requirement reference because ExtData[*].Val6 matches a known RequirementId row in abilityrequirementexport.bin.
9625,Inbound,Component,8537,Component 8537 (DAMAGE),ExtData[6].Val6,6,9625,8419 (Draining Swipe),Damage,C:\Users\Admin\Downloads\myps\data\bin\abilitycomponentexport.bin,byte 532251,Inferred requirement reference because ExtData[*].Val6 matches a known RequirementId row in abilityrequirementexport.bin.
9625,Inbound,Component,8562,Component 8562 (DAMAGE),ExtData[6].Val6,6,9625,8409 (Demolition),Damage,C:\Users\Admin\Downloads\myps\data\bin\abilitycomponentexport.bin,byte 536632,Inferred requirement reference because ExtData[*].Val6 matches a known RequirementId row in abilityrequirementexport.bin.
9625,Inbound,Component,8741,Component 8741 (DAMAGE),ExtData[6].Val6,6,9625,8082 (Absolution),Damage,C:\Users\Admin\Downloads\myps\data\bin\abilitycomponentexport.bin,byte 569283,Inferred requirement reference because ExtData[*].Val6 matches a known RequirementId row in abilityrequirementexport.bin.
9625,Inbound,Component,8742,Component 8742 (DAMAGE),ExtData[6].Val6,6,9625,8082 (Absolution),Damage,C:\Users\Admin\Downloads\myps\data\bin\abilitycomponentexport.bin,byte 569548,Inferred requirement reference because ExtData[*].Val6 matches a known RequirementId row in abilityrequirementexport.bin.
9625,Inbound,Component,8743,Component 8743 (DAMAGE),ExtData[6].Val6,6,9625,8082 (Absolution),Damage,C:\Users\Admin\Downloads\myps\data\bin\abilitycomponentexport.bin,byte 569813,Inferred requirement reference because ExtData[*].Val6 matches a known RequirementId row in abilityrequirementexport.bin.
9625,Inbound,Component,8744,Component 8744 (DAMAGE),ExtData[6].Val6,6,9625,8082 (Absolution),Damage,C:\Users\Admin\Downloads\myps\data\bin\abilitycomponentexport.bin,byte 570078,Inferred requirement reference because ExtData[*].Val6 matches a known RequirementId row in abilityrequirementexport.bin.
9625,Inbound,Component,8745,Component 8745 (DAMAGE),ExtData[6].Val6,6,9625,8082 (Absolution),Damage,C:\Users\Admin\Downloads\myps\data\bin\abilitycomponentexport.bin,byte 570343,Inferred requirement reference because ExtData[*].Val6 matches a known RequirementId row in abilityrequirementexport.bin.
9625,Inbound,Component,8752,Component 8752 (DAMAGE),ExtData[6].Val6,6,9625,,,C:\Users\Admin\Downloads\myps\data\bin\abilitycomponentexport.bin,byte 571505,Inferred requirement reference because ExtData[*].Val6 matches a known RequirementId row in abilityrequirementexport.bin.
9625,Inbound,Component,8776,Component 8776 (DAMAGE),ExtData[6].Val6,6,9625,"8250 (Smite), 9566 (Essence Lash)",Damage,C:\Users\Admin\Downloads\myps\data\bin\abilitycomponentexport.bin,byte 575654,Inferred requirement reference because ExtData[*].Val6 matches a known RequirementId row in abilityrequirementexport.bin.
9625,Inbound,Component,8814,Component 8814 (DAMAGE),ExtData[6].Val6,6,9625,8272 (Hammer of Sigmar),Damage,C:\Users\Admin\Downloads\myps\data\bin\abilitycomponentexport.bin,byte 581764,Inferred requirement reference because ExtData[*].Val6 matches a known RequirementId row in abilityrequirementexport.bin.
9625,Inbound,Component,8815,Component 8815 (DAMAGE),ExtData[6].Val6,6,9625,3786 (Hammer of Sigmar),,C:\Users\Admin\Downloads\myps\data\bin\abilitycomponentexport.bin,byte 582029,Inferred requirement reference because ExtData[*].Val6 matches a known RequirementId row in abilityrequirementexport.bin.
9625,Inbound,Component,8862,Component 8862 (APPLY_ABILITY),ExtData[6].Val6,6,9625,8272 (Hammer of Sigmar),Damage,C:\Users\Admin\Downloads\myps\data\bin\abilitycomponentexport.bin,byte 589368,Inferred requirement reference because ExtData[*].Val6 matches a known RequirementId row in abilityrequirementexport.bin.
9625,Inbound,Component,8872,Component 8872 (DAMAGE),ExtData[6].Val6,6,9625,8320 (Seeping Wound),Damage,C:\Users\Admin\Downloads\myps\data\bin\abilitycomponentexport.bin,byte 591160,Inferred requirement reference because ExtData[*].Val6 matches a known RequirementId row in abilityrequirementexport.bin.
9625,Inbound,Component,8873,Component 8873 (AP_CHANGE),ExtData[6].Val6,6,9625,,,C:\Users\Admin\Downloads\myps\data\bin\abilitycomponentexport.bin,byte 591392,Inferred requirement reference because ExtData[*].Val6 matches a known RequirementId row in abilityrequirementexport.bin.
9625,Inbound,Component,8884,Component 8884 (DAMAGE),ExtData[6].Val6,6,9625,8324 (Dizzying Blow),"Damage, Snare",C:\Users\Admin\Downloads\myps\data\bin\abilitycomponentexport.bin,byte 593185,Inferred requirement reference because ExtData[*].Val6 matches a known RequirementId row in abilityrequirementexport.bin.
9625,Inbound,Component,8885,Component 8885 (DAMAGE),ExtData[6].Val6,6,9625,8324 (Dizzying Blow),"Damage, Snare",C:\Users\Admin\Downloads\myps\data\bin\abilitycomponentexport.bin,byte 593450,Inferred requirement reference because ExtData[*].Val6 matches a known RequirementId row in abilityrequirementexport.bin.
9625,Inbound,Component,8886,Component 8886 (DAMAGE),ExtData[6].Val6,6,9625,8343 (Relentless),Damage,C:\Users\Admin\Downloads\myps\data\bin\abilitycomponentexport.bin,byte 593715,Inferred requirement reference because ExtData[*].Val6 matches a known RequirementId row in abilityrequirementexport.bin.
9625,Inbound,Component,8891,Component 8891 (CASTTIME_CHANGE),ExtData[6].Val6,6,9625,,,C:\Users\Admin\Downloads\myps\data\bin\abilitycomponentexport.bin,byte 594578,Inferred requirement reference because ExtData[*].Val6 matches a known RequirementId row in abilityrequirementexport.bin.
9625,Inbound,Component,8892,Component 8892 (DAMAGE),ExtData[6].Val6,6,9625,8331 (Blast Wave),Damage,C:\Users\Admin\Downloads\myps\data\bin\abilitycomponentexport.bin,byte 594843,Inferred requirement reference because ExtData[*].Val6 matches a known RequirementId row in abilityrequirementexport.bin.
9625,Inbound,Component,8897,Component 8897 (DAMAGE),ExtData[6].Val6,6,9625,8377 (Warping Embrace),Damage,C:\Users\Admin\Downloads\myps\data\bin\abilitycomponentexport.bin,byte 595706,Inferred requirement reference because ExtData[*].Val6 matches a known RequirementId row in abilityrequirementexport.bin.
9625,Inbound,Component,8902,Component 8902 (VELOCITY),ExtData[6].Val6,6,9625,"8320 (Seeping Wound), 13257 (Blood Strike), 13261 (Achilles Tear)","Damage, Snare",C:\Users\Admin\Downloads\myps\data\bin\abilitycomponentexport.bin,byte 596503,Inferred requirement reference because ExtData[*].Val6 matches a known RequirementId row in abilityrequirementexport.bin.
9625,Inbound,Component,8953,Component 8953 (DAMAGE),ExtData[6].Val6,6,9625,8087 (Trial By Pain),Damage,C:\Users\Admin\Downloads\myps\data\bin\abilitycomponentexport.bin,byte 605200,Inferred requirement reference because ExtData[*].Val6 matches a known RequirementId row in abilityrequirementexport.bin.
9625,Inbound,Component,8954,Component 8954 (DAMAGE),ExtData[6].Val6,6,9625,8087 (Trial By Pain),Damage,C:\Users\Admin\Downloads\myps\data\bin\abilitycomponentexport.bin,byte 605465,Inferred requirement reference because ExtData[*].Val6 matches a known RequirementId row in abilityrequirementexport.bin.
9625,Inbound,Component,8955,Component 8955 (DAMAGE),ExtData[6].Val6,6,9625,8087 (Trial By Pain),Damage,C:\Users\Admin\Downloads\myps\data\bin\abilitycomponentexport.bin,byte 605730,Inferred requirement reference because ExtData[*].Val6 matches a known RequirementId row in abilityrequirementexport.bin.
9625,Inbound,Component,8956,Component 8956 (DAMAGE),ExtData[6].Val6,6,9625,8087 (Trial By Pain),Damage,C:\Users\Admin\Downloads\myps\data\bin\abilitycomponentexport.bin,byte 605995,Inferred requirement reference because ExtData[*].Val6 matches a known RequirementId row in abilityrequirementexport.bin.
9625,Inbound,Component,8957,Component 8957 (DAMAGE),ExtData[6].Val6,6,9625,8087 (Trial By Pain),Damage,C:\Users\Admin\Downloads\myps\data\bin\abilitycomponentexport.bin,byte 606260,Inferred requirement reference because ExtData[*].Val6 matches a known RequirementId row in abilityrequirementexport.bin.
9625,Inbound,Component,8970,Component 8970 (DAMAGE),ExtData[6].Val6,6,9625,8097 (Seeker's Blade),Damage,C:\Users\Admin\Downloads\myps\data\bin\abilitycomponentexport.bin,byte 608385,Inferred requirement reference because ExtData[*].Val6 matches a known RequirementId row in abilityrequirementexport.bin.
9625,Inbound,Component,8980,Component 8980 (DAMAGE),ExtData[6].Val6,6,9625,8110 (Dragon Gun),Damage,C:\Users\Admin\Downloads\myps\data\bin\abilitycomponentexport.bin,byte 610012,Inferred requirement reference because ExtData[*].Val6 matches a known RequirementId row in abilityrequirementexport.bin.
9625,Inbound,Component,8981,Component 8981 (DAMAGE),ExtData[6].Val6,6,9625,8110 (Dragon Gun),Damage,C:\Users\Admin\Downloads\myps\data\bin\abilitycomponentexport.bin,byte 610277,Inferred requirement reference because ExtData[*].Val6 matches a known RequirementId row in abilityrequirementexport.bin.
9625,Inbound,Component,8982,Component 8982 (DAMAGE),ExtData[6].Val6,6,9625,8110 (Dragon Gun),Damage,C:\Users\Admin\Downloads\myps\data\bin\abilitycomponentexport.bin,byte 610542,Inferred requirement reference because ExtData[*].Val6 matches a known RequirementId row in abilityrequirementexport.bin.
9625,Inbound,Component,8983,Component 8983 (DAMAGE),ExtData[6].Val6,6,9625,8110 (Dragon Gun),Damage,C:\Users\Admin\Downloads\myps\data\bin\abilitycomponentexport.bin,byte 610807,Inferred requirement reference because ExtData[*].Val6 matches a known RequirementId row in abilityrequirementexport.bin.
9625,Inbound,Component,8984,Component 8984 (DAMAGE),ExtData[6].Val6,6,9625,8110 (Dragon Gun),Damage,C:\Users\Admin\Downloads\myps\data\bin\abilitycomponentexport.bin,byte 611072,Inferred requirement reference because ExtData[*].Val6 matches a known RequirementId row in abilityrequirementexport.bin.
9625,Inbound,Component,9006,Component 9006 (DAMAGE),ExtData[6].Val6,6,9625,8097 (Seeker's Blade),Damage,C:\Users\Admin\Downloads\myps\data\bin\abilitycomponentexport.bin,byte 614691,Inferred requirement reference because ExtData[*].Val6 matches a known RequirementId row in abilityrequirementexport.bin.
9625,Inbound,Component,9007,Component 9007 (DAMAGE),ExtData[6].Val6,6,9625,3782 (Blessed Bullets of Purity),,C:\Users\Admin\Downloads\myps\data\bin\abilitycomponentexport.bin,byte 614956,Inferred requirement reference because ExtData[*].Val6 matches a known RequirementId row in abilityrequirementexport.bin.
9625,Inbound,Component,9008,Component 9008 (DAMAGE),ExtData[6].Val6,6,9625,,,C:\Users\Admin\Downloads\myps\data\bin\abilitycomponentexport.bin,byte 615188,Inferred requirement reference because ExtData[*].Val6 matches a known RequirementId row in abilityrequirementexport.bin.
9625,Inbound,Component,9012,Component 9012 (DAMAGE),ExtData[6].Val6,6,9625,,,C:\Users\Admin\Downloads\myps\data\bin\abilitycomponentexport.bin,byte 615951,Inferred requirement reference because ExtData[*].Val6 matches a known RequirementId row in abilityrequirementexport.bin.
9625,Inbound,Component,9013,Component 9013 (DAMAGE),ExtData[6].Val6,6,9625,,,C:\Users\Admin\Downloads\myps\data\bin\abilitycomponentexport.bin,byte 616216,Inferred requirement reference because ExtData[*].Val6 matches a known RequirementId row in abilityrequirementexport.bin.
9625,Inbound,Component,9054,Component 9054 (DAMAGE),ExtData[6].Val6,6,9625,8344 (Rending Blade),Damage,C:\Users\Admin\Downloads\myps\data\bin\abilitycomponentexport.bin,byte 623120,Inferred requirement reference because ExtData[*].Val6 matches a known RequirementId row in abilityrequirementexport.bin.
9625,Inbound,Component,9097,Component 9097 (DAMAGE),ExtData[6].Val6,6,9625,"3054 (Lacerate), 3055 (Castigation)",,C:\Users\Admin\Downloads\myps\data\bin\abilitycomponentexport.bin,byte 630390,Inferred requirement reference because ExtData[*].Val6 matches a known RequirementId row in abilityrequirementexport.bin.
9625,Inbound,Component,9112,Component 9112 (DAMAGE),ExtData[6].Val6,6,9625,,,C:\Users\Admin\Downloads\myps\data\bin\abilitycomponentexport.bin,byte 632913,Inferred requirement reference because ExtData[*].Val6 matches a known RequirementId row in abilityrequirementexport.bin.
9625,Inbound,Component,9181,Component 9181 (DAMAGE),ExtData[6].Val6,6,9625,8085 (Torment),Damage,C:\Users\Admin\Downloads\myps\data\bin\abilitycomponentexport.bin,byte 644432,Inferred requirement reference because ExtData[*].Val6 matches a known RequirementId row in abilityrequirementexport.bin.
9625,Inbound,Component,9182,Component 9182 (DAMAGE),ExtData[6].Val6,6,9625,8085 (Torment),Damage,C:\Users\Admin\Downloads\myps\data\bin\abilitycomponentexport.bin,byte 644697,Inferred requirement reference because ExtData[*].Val6 matches a known RequirementId row in abilityrequirementexport.bin.
9625,Inbound,Component,9187,Component 9187 (DAMAGE),ExtData[6].Val6,6,9625,8420 (Guillotine),"Damage, Heal",C:\Users\Admin\Downloads\myps\data\bin\abilitycomponentexport.bin,byte 645593,Inferred requirement reference because ExtData[*].Val6 matches a known RequirementId row in abilityrequirementexport.bin.
9625,Inbound,Component,9329,Component 9329 (DAMAGE),ExtData[6].Val6,6,9625,8100 (Silence The Heretic),"Damage, Silence",C:\Users\Admin\Downloads\myps\data\bin\abilitycomponentexport.bin,byte 668998,Inferred requirement reference because ExtData[*].Val6 matches a known RequirementId row in abilityrequirementexport.bin.
9625,Inbound,Component,9331,Component 9331 (DAMAGE),ExtData[6].Val6,6,9625,3983 (Exit Wound),,C:\Users\Admin\Downloads\myps\data\bin\abilitycomponentexport.bin,byte 669462,Inferred requirement reference because ExtData[*].Val6 matches a known RequirementId row in abilityrequirementexport.bin.
9625,Inbound,Component,9332,Component 9332 (DAMAGE),ExtData[6].Val6,6,9625,3984 (Exit Wound),,C:\Users\Admin\Downloads\myps\data\bin\abilitycomponentexport.bin,byte 669694,Inferred requirement reference because ExtData[*].Val6 matches a known RequirementId row in abilityrequirementexport.bin.
9625,Inbound,Component,9333,Component 9333 (DAMAGE),ExtData[6].Val6,6,9625,3985 (Exit Wound),,C:\Users\Admin\Downloads\myps\data\bin\abilitycomponentexport.bin,byte 669926,Inferred requirement reference because ExtData[*].Val6 matches a known RequirementId row in abilityrequirementexport.bin.
9625,Inbound,Component,9334,Component 9334 (DAMAGE),ExtData[6].Val6,6,9625,3986 (Exit Wound),,C:\Users\Admin\Downloads\myps\data\bin\abilitycomponentexport.bin,byte 670158,Inferred requirement reference because ExtData[*].Val6 matches a known RequirementId row in abilityrequirementexport.bin.
9625,Inbound,Component,9335,Component 9335 (DAMAGE),ExtData[6].Val6,6,9625,3987 (Exit Wound),,C:\Users\Admin\Downloads\myps\data\bin\abilitycomponentexport.bin,byte 670390,Inferred requirement reference because ExtData[*].Val6 matches a known RequirementId row in abilityrequirementexport.bin.
9625,Inbound,Component,9466,Component 9466 (DAMAGE),ExtData[6].Val6,6,9625,8005 (Precision Strike),Damage,C:\Users\Admin\Downloads\myps\data\bin\abilitycomponentexport.bin,byte 693749,Inferred requirement reference because ExtData[*].Val6 matches a known RequirementId row in abilityrequirementexport.bin.
9625,Inbound,Component,9507,Component 9507 (DAMAGE),ExtData[6].Val6,6,9625,8026 (Arcing Swing),Damage,C:\Users\Admin\Downloads\myps\data\bin\abilitycomponentexport.bin,byte 700785,Inferred requirement reference because ExtData[*].Val6 matches a known RequirementId row in abilityrequirementexport.bin.
9625,Inbound,Component,9508,Component 9508 (DAMAGE),ExtData[6].Val6,6,9625,8031 (Myrmidia's Fury),Damage,C:\Users\Admin\Downloads\myps\data\bin\abilitycomponentexport.bin,byte 701017,Inferred requirement reference because ExtData[*].Val6 matches a known RequirementId row in abilityrequirementexport.bin.
9625,Inbound,Component,9537,Component 9537 (DAMAGE),ExtData[6].Val6,6,9625,8038 (Heaven's Fury),"Damage, Stagger",C:\Users\Admin\Downloads\myps\data\bin\abilitycomponentexport.bin,byte 705666,Inferred requirement reference because ExtData[*].Val6 matches a known RequirementId row in abilityrequirementexport.bin.
9625,Inbound,Component,9544,Component 9544 (DAMAGE),ExtData[6].Val6,6,9625,8081 (Razor Strike),Damage,C:\Users\Admin\Downloads\myps\data\bin\abilitycomponentexport.bin,byte 706828,Inferred requirement reference because ExtData[*].Val6 matches a known RequirementId row in abilityrequirementexport.bin.
9625,Inbound,Component,9545,Component 9545 (DAMAGE),ExtData[6].Val6,6,9625,8081 (Razor Strike),Damage,C:\Users\Admin\Downloads\myps\data\bin\abilitycomponentexport.bin,byte 707126,Inferred requirement reference because ExtData[*].Val6 matches a known RequirementId row in abilityrequirementexport.bin.
9625,Inbound,Component,9643,Component 9643 (DAMAGE),ExtData[6].Val6,6,9625,8319 (Cleave),Damage,C:\Users\Admin\Downloads\myps\data\bin\abilitycomponentexport.bin,byte 724087,Inferred requirement reference because ExtData[*].Val6 matches a known RequirementId row in abilityrequirementexport.bin.
9625,Inbound,Component,9661,Component 9661 (DAMAGE),ExtData[6].Val6,6,9625,,,C:\Users\Admin\Downloads\myps\data\bin\abilitycomponentexport.bin,byte 727240,Inferred requirement reference because ExtData[*].Val6 matches a known RequirementId row in abilityrequirementexport.bin.
9625,Inbound,Component,9665,Component 9665 (DAMAGE),ExtData[6].Val6,6,9625,,,C:\Users\Admin\Downloads\myps\data\bin\abilitycomponentexport.bin,byte 728234,Inferred requirement reference because ExtData[*].Val6 matches a known RequirementId row in abilityrequirementexport.bin.
9625,Inbound,Component,9672,Component 9672 (DAMAGE),ExtData[6].Val6,6,9625,8009 (Vicious Slash),Damage,C:\Users\Admin\Downloads\myps\data\bin\abilitycomponentexport.bin,byte 729924,Inferred requirement reference because ExtData[*].Val6 matches a known RequirementId row in abilityrequirementexport.bin.
9625,Inbound,Component,9673,Component 9673 (DAMAGE),ExtData[6].Val6,6,9625,8009 (Vicious Slash),Damage,C:\Users\Admin\Downloads\myps\data\bin\abilitycomponentexport.bin,byte 730189,Inferred requirement reference because ExtData[*].Val6 matches a known RequirementId row in abilityrequirementexport.bin.
9625,Inbound,Component,9674,Component 9674 (DAMAGE),ExtData[6].Val6,6,9625,3214 (Vicious Slash),Damage,C:\Users\Admin\Downloads\myps\data\bin\abilitycomponentexport.bin,byte 730454,Inferred requirement reference because ExtData[*].Val6 matches a known RequirementId row in abilityrequirementexport.bin.
9625,Inbound,Component,9680,Component 9680 (DAMAGE),ExtData[6].Val6,6,9625,8037 (Unbalancing Attack),Damage,C:\Users\Admin\Downloads\myps\data\bin\abilitycomponentexport.bin,byte 731846,Inferred requirement reference because ExtData[*].Val6 matches a known RequirementId row in abilityrequirementexport.bin.
9625,Inbound,Component,9681,Component 9681 (DAMAGE),ExtData[6].Val6,6,9625,8037 (Unbalancing Attack),Damage,C:\Users\Admin\Downloads\myps\data\bin\abilitycomponentexport.bin,byte 732111,Inferred requirement reference because ExtData[*].Val6 matches a known RequirementId row in abilityrequirementexport.bin.
9625,Inbound,Component,9709,Component 9709 (DAMAGE),ExtData[6].Val6,6,9625,"3002 (Blessed Bullets of Confession), 3783 (Blessed Bullets of Cleansing)",,C:\Users\Admin\Downloads\myps\data\bin\abilitycomponentexport.bin,byte 736858,Inferred requirement reference because ExtData[*].Val6 matches a known RequirementId row in abilityrequirementexport.bin.
9625,Inbound,Component,9784,Component 9784 (DAMAGE),ExtData[6].Val6,6,9625,"8114 (Van Horstmann's Speculum), 9423 (Elixir of Blades)",Damage,C:\Users\Admin\Downloads\myps\data\bin\abilitycomponentexport.bin,byte 748846,Inferred requirement reference because ExtData[*].Val6 matches a known RequirementId row in abilityrequirementexport.bin.
9625,Inbound,Component,9803,Component 9803 (DAMAGE),ExtData[6].Val6,6,9625,,,C:\Users\Admin\Downloads\myps\data\bin\abilitycomponentexport.bin,byte 751901,Inferred requirement reference because ExtData[*].Val6 matches a known RequirementId row in abilityrequirementexport.bin.
9625,Inbound,Component,9804,Component 9804 (DAMAGE),ExtData[6].Val6,6,9625,,,C:\Users\Admin\Downloads\myps\data\bin\abilitycomponentexport.bin,byte 752166,Inferred requirement reference because ExtData[*].Val6 matches a known RequirementId row in abilityrequirementexport.bin.
9625,Inbound,Component,9825,Component 9825 (DAMAGE),ExtData[6].Val6,6,9625,8012 (Crippling Blow),"Damage, Snare",C:\Users\Admin\Downloads\myps\data\bin\abilitycomponentexport.bin,byte 755718,Inferred requirement reference because ExtData[*].Val6 matches a known RequirementId row in abilityrequirementexport.bin.
9625,Inbound,Component,9826,Component 9826 (DAMAGE),ExtData[6].Val6,6,9625,8012 (Crippling Blow),"Damage, Snare",C:\Users\Admin\Downloads\myps\data\bin\abilitycomponentexport.bin,byte 755983,Inferred requirement reference because ExtData[*].Val6 matches a known RequirementId row in abilityrequirementexport.bin.
9625,Inbound,Component,9837,Component 9837 (DAMAGE),ExtData[6].Val6,6,9625,8007 (Blazing Blade),Damage,C:\Users\Admin\Downloads\myps\data\bin\abilitycomponentexport.bin,byte 757941,Inferred requirement reference because ExtData[*].Val6 matches a known RequirementId row in abilityrequirementexport.bin.
9625,Inbound,Component,9838,Component 9838 (DAMAGE),ExtData[6].Val6,6,9625,8007 (Blazing Blade),Damage,C:\Users\Admin\Downloads\myps\data\bin\abilitycomponentexport.bin,byte 758206,Inferred requirement reference because ExtData[*].Val6 matches a known RequirementId row in abilityrequirementexport.bin.
9625,Inbound,Component,11079,Component 11079 (DAMAGE),ExtData[6].Val6,6,9625,,,C:\Users\Admin\Downloads\myps\data\bin\abilitycomponentexport.bin,byte 802658,Inferred requirement reference because ExtData[*].Val6 matches a known RequirementId row in abilityrequirementexport.bin.
9625,Inbound,Component,11090,Component 11090 (DAMAGE),ExtData[6].Val6,6,9625,,,C:\Users\Admin\Downloads\myps\data\bin\abilitycomponentexport.bin,byte 804550,Inferred requirement reference because ExtData[*].Val6 matches a known RequirementId row in abilityrequirementexport.bin.
9625,Inbound,Component,11091,Component 11091 (DAMAGE),ExtData[6].Val6,6,9625,,,C:\Users\Admin\Downloads\myps\data\bin\abilitycomponentexport.bin,byte 804815,Inferred requirement reference because ExtData[*].Val6 matches a known RequirementId row in abilityrequirementexport.bin.
9625,Inbound,Component,11092,Component 11092 (DAMAGE),ExtData[6].Val6,6,9625,,,C:\Users\Admin\Downloads\myps\data\bin\abilitycomponentexport.bin,byte 805080,Inferred requirement reference because ExtData[*].Val6 matches a known RequirementId row in abilityrequirementexport.bin.
9625,Inbound,Component,11097,Component 11097 (DAMAGE),ExtData[6].Val6,6,9625,,,C:\Users\Admin\Downloads\myps\data\bin\abilitycomponentexport.bin,byte 806108,Inferred requirement reference because ExtData[*].Val6 matches a known RequirementId row in abilityrequirementexport.bin.
9625,Inbound,Component,11098,Component 11098 (DAMAGE),ExtData[6].Val6,6,9625,,,C:\Users\Admin\Downloads\myps\data\bin\abilitycomponentexport.bin,byte 806373,Inferred requirement reference because ExtData[*].Val6 matches a known RequirementId row in abilityrequirementexport.bin.
9625,Inbound,Component,11099,Component 11099 (DAMAGE),ExtData[6].Val6,6,9625,3536 (Ensorcelled Blow),,C:\Users\Admin\Downloads\myps\data\bin\abilitycomponentexport.bin,byte 806638,Inferred requirement reference because ExtData[*].Val6 matches a known RequirementId row in abilityrequirementexport.bin.
9625,Inbound,Component,11101,Component 11101 (DAMAGE),ExtData[6].Val6,6,9625,"3537 (Ether Dance), 9026 (Ether Dance)",Damage,C:\Users\Admin\Downloads\myps\data\bin\abilitycomponentexport.bin,byte 807069,Inferred requirement reference because ExtData[*].Val6 matches a known RequirementId row in abilityrequirementexport.bin.
9625,Inbound,Component,11102,Component 11102 (DAMAGE),ExtData[6].Val6,6,9625,3537 (Ether Dance),Damage,C:\Users\Admin\Downloads\myps\data\bin\abilitycomponentexport.bin,byte 807301,Inferred requirement reference because ExtData[*].Val6 matches a known RequirementId row in abilityrequirementexport.bin.
9625,Inbound,Component,11103,Component 11103 (DAMAGE),ExtData[6].Val6,6,9625,,,C:\Users\Admin\Downloads\myps\data\bin\abilitycomponentexport.bin,byte 807566,Inferred requirement reference because ExtData[*].Val6 matches a known RequirementId row in abilityrequirementexport.bin.
9625,Inbound,Component,11122,Component 11122 (DAMAGE),ExtData[6].Val6,6,9625,3541 (Crashing Wave),Damage,C:\Users\Admin\Downloads\myps\data\bin\abilitycomponentexport.bin,byte 810786,Inferred requirement reference because ExtData[*].Val6 matches a known RequirementId row in abilityrequirementexport.bin.
9625,Inbound,Component,11123,Component 11123 (DAMAGE),ExtData[6].Val6,6,9625,3540 (Dazzling Strike),,C:\Users\Admin\Downloads\myps\data\bin\abilitycomponentexport.bin,byte 811018,Inferred requirement reference because ExtData[*].Val6 matches a known RequirementId row in abilityrequirementexport.bin.
9625,Inbound,Component,11124,Component 11124 (DAMAGE),ExtData[6].Val6,6,9625,3540 (Dazzling Strike),,C:\Users\Admin\Downloads\myps\data\bin\abilitycomponentexport.bin,byte 811283,Inferred requirement reference because ExtData[*].Val6 matches a known RequirementId row in abilityrequirementexport.bin.
9625,Inbound,Component,11142,Component 11142 (DAMAGE),ExtData[6].Val6,6,9625,9025 (Phoenix's Wing),Damage,C:\Users\Admin\Downloads\myps\data\bin\abilitycomponentexport.bin,byte 814601,Inferred requirement reference because ExtData[*].Val6 matches a known RequirementId row in abilityrequirementexport.bin.
9625,Inbound,Component,11201,Component 11201 (DAMAGE),ExtData[6].Val6,6,9625,,,C:\Users\Admin\Downloads\myps\data\bin\abilitycomponentexport.bin,byte 824593,Inferred requirement reference because ExtData[*].Val6 matches a known RequirementId row in abilityrequirementexport.bin.
9625,Inbound,Component,11202,Component 11202 (DAMAGE),ExtData[6].Val6,6,9625,,,C:\Users\Admin\Downloads\myps\data\bin\abilitycomponentexport.bin,byte 824858,Inferred requirement reference because ExtData[*].Val6 matches a known RequirementId row in abilityrequirementexport.bin.
9625,Inbound,Component,11203,Component 11203 (DAMAGE),ExtData[6].Val6,6,9625,,,C:\Users\Admin\Downloads\myps\data\bin\abilitycomponentexport.bin,byte 825123,Inferred requirement reference because ExtData[*].Val6 matches a known RequirementId row in abilityrequirementexport.bin.
9625,Inbound,Component,11216,Component 11216 (DAMAGE),ExtData[6].Val6,6,9625,,,C:\Users\Admin\Downloads\myps\data\bin\abilitycomponentexport.bin,byte 827116,Inferred requirement reference because ExtData[*].Val6 matches a known RequirementId row in abilityrequirementexport.bin.
9625,Inbound,Component,11217,Component 11217 (DAMAGE),ExtData[6].Val6,6,9625,,,C:\Users\Admin\Downloads\myps\data\bin\abilitycomponentexport.bin,byte 827381,Inferred requirement reference because ExtData[*].Val6 matches a known RequirementId row in abilityrequirementexport.bin.
9625,Inbound,Component,11296,Component 11296 (DAMAGE),ExtData[6].Val6,6,9625,9410 (Puncture),Damage,C:\Users\Admin\Downloads\myps\data\bin\abilitycomponentexport.bin,byte 841419,Inferred requirement reference because ExtData[*].Val6 matches a known RequirementId row in abilityrequirementexport.bin.
9625,Inbound,Component,11297,Component 11297 (DAMAGE),ExtData[6].Val6,6,9625,9410 (Puncture),Damage,C:\Users\Admin\Downloads\myps\data\bin\abilitycomponentexport.bin,byte 841684,Inferred requirement reference because ExtData[*].Val6 matches a known RequirementId row in abilityrequirementexport.bin.
9625,Inbound,Component,11298,Component 11298 (DAMAGE),ExtData[6].Val6,6,9625,9410 (Puncture),Damage,C:\Users\Admin\Downloads\myps\data\bin\abilitycomponentexport.bin,byte 841949,Inferred requirement reference because ExtData[*].Val6 matches a known RequirementId row in abilityrequirementexport.bin.
9625,Inbound,Component,11299,Component 11299 (DAMAGE),ExtData[6].Val6,6,9625,9410 (Puncture),Damage,C:\Users\Admin\Downloads\myps\data\bin\abilitycomponentexport.bin,byte 842214,Inferred requirement reference because ExtData[*].Val6 matches a known RequirementId row in abilityrequirementexport.bin.
9625,Inbound,Component,11300,Component 11300 (DAMAGE),ExtData[6].Val6,6,9625,9410 (Puncture),Damage,C:\Users\Admin\Downloads\myps\data\bin\abilitycomponentexport.bin,byte 842479,Inferred requirement reference because ExtData[*].Val6 matches a known RequirementId row in abilityrequirementexport.bin.
9625,Inbound,Component,11304,Component 11304 (DAMAGE),ExtData[6].Val6,6,9625,9082 (Eagle Eye),Damage,C:\Users\Admin\Downloads\myps\data\bin\abilitycomponentexport.bin,byte 843143,Inferred requirement reference because ExtData[*].Val6 matches a known RequirementId row in abilityrequirementexport.bin.
9625,Inbound,Component,11305,Component 11305 (DAMAGE),ExtData[6].Val6,6,9625,,,C:\Users\Admin\Downloads\myps\data\bin\abilitycomponentexport.bin,byte 843375,Inferred requirement reference because ExtData[*].Val6 matches a known RequirementId row in abilityrequirementexport.bin.
9625,Inbound,Component,11307,Component 11307 (DAMAGE),ExtData[6].Val6,6,9625,,,C:\Users\Admin\Downloads\myps\data\bin\abilitycomponentexport.bin,byte 843773,Inferred requirement reference because ExtData[*].Val6 matches a known RequirementId row in abilityrequirementexport.bin.
9625,Inbound,Component,11308,Component 11308 (DAMAGE),ExtData[6].Val6,6,9625,,,C:\Users\Admin\Downloads\myps\data\bin\abilitycomponentexport.bin,byte 844038,Inferred requirement reference because ExtData[*].Val6 matches a known RequirementId row in abilityrequirementexport.bin.
9625,Inbound,Component,11309,Component 11309 (DAMAGE),ExtData[6].Val6,6,9625,,,C:\Users\Admin\Downloads\myps\data\bin\abilitycomponentexport.bin,byte 844303,Inferred requirement reference because ExtData[*].Val6 matches a known RequirementId row in abilityrequirementexport.bin.
9625,Inbound,Component,11312,Component 11312 (DAMAGE),ExtData[6].Val6,6,9625,,,C:\Users\Admin\Downloads\myps\data\bin\abilitycomponentexport.bin,byte 844933,Inferred requirement reference because ExtData[*].Val6 matches a known RequirementId row in abilityrequirementexport.bin.
9625,Inbound,Component,11314,Component 11314 (DAMAGE),ExtData[6].Val6,6,9625,,,C:\Users\Admin\Downloads\myps\data\bin\abilitycomponentexport.bin,byte 845364,Inferred requirement reference because ExtData[*].Val6 matches a known RequirementId row in abilityrequirementexport.bin.
9625,Inbound,Component,11316,Component 11316 (DAMAGE),ExtData[6].Val6,6,9625,,,C:\Users\Admin\Downloads\myps\data\bin\abilitycomponentexport.bin,byte 845795,Inferred requirement reference because ExtData[*].Val6 matches a known RequirementId row in abilityrequirementexport.bin.
9625,Inbound,Component,11317,Component 11317 (DAMAGE),ExtData[6].Val6,6,9625,,,C:\Users\Admin\Downloads\myps\data\bin\abilitycomponentexport.bin,byte 846060,Inferred requirement reference because ExtData[*].Val6 matches a known RequirementId row in abilityrequirementexport.bin.
9625,Inbound,Component,11318,Component 11318 (DAMAGE),ExtData[6].Val6,6,9625,,,C:\Users\Admin\Downloads\myps\data\bin\abilitycomponentexport.bin,byte 846325,Inferred requirement reference because ExtData[*].Val6 matches a known RequirementId row in abilityrequirementexport.bin.
9625,Inbound,Component,11325,Component 11325 (DAMAGE),ExtData[6].Val6,6,9625,,,C:\Users\Admin\Downloads\myps\data\bin\abilitycomponentexport.bin,byte 847487,Inferred requirement reference because ExtData[*].Val6 matches a known RequirementId row in abilityrequirementexport.bin.
9625,Inbound,Component,11328,Component 11328 (DAMAGE),ExtData[6].Val6,6,9625,,,C:\Users\Admin\Downloads\myps\data\bin\abilitycomponentexport.bin,byte 848018,Inferred requirement reference because ExtData[*].Val6 matches a known RequirementId row in abilityrequirementexport.bin.
9625,Inbound,Component,11329,Component 11329 (DAMAGE),ExtData[6].Val6,6,9625,,,C:\Users\Admin\Downloads\myps\data\bin\abilitycomponentexport.bin,byte 848250,Inferred requirement reference because ExtData[*].Val6 matches a known RequirementId row in abilityrequirementexport.bin.
9625,Inbound,Component,11331,Component 11331 (DAMAGE),ExtData[6].Val6,6,9625,,,C:\Users\Admin\Downloads\myps\data\bin\abilitycomponentexport.bin,byte 848648,Inferred requirement reference because ExtData[*].Val6 matches a known RequirementId row in abilityrequirementexport.bin.
9625,Inbound,Component,11345,Component 11345 (DAMAGE),ExtData[6].Val6,6,9625,,,C:\Users\Admin\Downloads\myps\data\bin\abilitycomponentexport.bin,byte 851137,Inferred requirement reference because ExtData[*].Val6 matches a known RequirementId row in abilityrequirementexport.bin.
9625,Inbound,Component,11441,Component 11441 (DAMAGE),ExtData[6].Val6,6,9625,,,C:\Users\Admin\Downloads\myps\data\bin\abilitycomponentexport.bin,byte 867832,Inferred requirement reference because ExtData[*].Val6 matches a known RequirementId row in abilityrequirementexport.bin.
9625,Inbound,Component,11564,Component 11564 (DAMAGE),ExtData[6].Val6,6,9625,,,C:\Users\Admin\Downloads\myps\data\bin\abilitycomponentexport.bin,byte 888283,Inferred requirement reference because ExtData[*].Val6 matches a known RequirementId row in abilityrequirementexport.bin.
9625,Inbound,Component,11581,Component 11581 (DAMAGE),ExtData[6].Val6,6,9625,9031 (Gryphon's Lash),Damage,C:\Users\Admin\Downloads\myps\data\bin\abilitycomponentexport.bin,byte 891633,Inferred requirement reference because ExtData[*].Val6 matches a known RequirementId row in abilityrequirementexport.bin.
9625,Inbound,Component,11625,Component 11625 (DAMAGE),ExtData[6].Val6,6,9625,9399 (Ruthless Assault),Damage,C:\Users\Admin\Downloads\myps\data\bin\abilitycomponentexport.bin,byte 898074,Inferred requirement reference because ExtData[*].Val6 matches a known RequirementId row in abilityrequirementexport.bin.
9625,Inbound,Component,11626,Component 11626 (DAMAGE),ExtData[6].Val6,6,9625,9399 (Ruthless Assault),Damage,C:\Users\Admin\Downloads\myps\data\bin\abilitycomponentexport.bin,byte 898339,Inferred requirement reference because ExtData[*].Val6 matches a known RequirementId row in abilityrequirementexport.bin.
9625,Inbound,Component,11627,Component 11627 (DAMAGE),ExtData[6].Val6,6,9625,9399 (Ruthless Assault),Damage,C:\Users\Admin\Downloads\myps\data\bin\abilitycomponentexport.bin,byte 898604,Inferred requirement reference because ExtData[*].Val6 matches a known RequirementId row in abilityrequirementexport.bin.
9625,Inbound,Component,11628,Component 11628 (DAMAGE),ExtData[6].Val6,6,9625,9399 (Ruthless Assault),Damage,C:\Users\Admin\Downloads\myps\data\bin\abilitycomponentexport.bin,byte 898869,Inferred requirement reference because ExtData[*].Val6 matches a known RequirementId row in abilityrequirementexport.bin.
9625,Inbound,Component,11629,Component 11629 (DAMAGE),ExtData[6].Val6,6,9625,9399 (Ruthless Assault),Damage,C:\Users\Admin\Downloads\myps\data\bin\abilitycomponentexport.bin,byte 899134,Inferred requirement reference because ExtData[*].Val6 matches a known RequirementId row in abilityrequirementexport.bin.
9625,Inbound,Component,11632,Component 11632 (DAMAGE),ExtData[6].Val6,6,9625,9421 (Pierce Armor),Damage,C:\Users\Admin\Downloads\myps\data\bin\abilitycomponentexport.bin,byte 899731,Inferred requirement reference because ExtData[*].Val6 matches a known RequirementId row in abilityrequirementexport.bin.
9625,Inbound,Component,11672,Component 11672 (DAMAGE),ExtData[6].Val6,6,9625,,,C:\Users\Admin\Downloads\myps\data\bin\abilitycomponentexport.bin,byte 906338,Inferred requirement reference because ExtData[*].Val6 matches a known RequirementId row in abilityrequirementexport.bin.
9625,Inbound,Component,11673,Component 11673 (DAMAGE),ExtData[6].Val6,6,9625,,,C:\Users\Admin\Downloads\myps\data\bin\abilitycomponentexport.bin,byte 906603,Inferred requirement reference because ExtData[*].Val6 matches a known RequirementId row in abilityrequirementexport.bin.
9625,Inbound,Component,11700,Component 11700 (DAMAGE),ExtData[6].Val6,6,9625,3735 (Gusting Wind),,C:\Users\Admin\Downloads\myps\data\bin\abilitycomponentexport.bin,byte 911151,Inferred requirement reference because ExtData[*].Val6 matches a known RequirementId row in abilityrequirementexport.bin.
9625,Inbound,Component,11701,Component 11701 (DAMAGE),ExtData[6].Val6,6,9625,3579 (Intimidating Blow),,C:\Users\Admin\Downloads\myps\data\bin\abilitycomponentexport.bin,byte 911416,Inferred requirement reference because ExtData[*].Val6 matches a known RequirementId row in abilityrequirementexport.bin.
9625,Inbound,Component,11702,Component 11702 (DAMAGE),ExtData[6].Val6,6,9625,3579 (Intimidating Blow),,C:\Users\Admin\Downloads\myps\data\bin\abilitycomponentexport.bin,byte 911681,Inferred requirement reference because ExtData[*].Val6 matches a known RequirementId row in abilityrequirementexport.bin.
9625,Inbound,Component,11765,Component 11765 (DAMAGE),ExtData[6].Val6,6,9625,,,C:\Users\Admin\Downloads\myps\data\bin\abilitycomponentexport.bin,byte 921906,Inferred requirement reference because ExtData[*].Val6 matches a known RequirementId row in abilityrequirementexport.bin.
9625,Inbound,Component,11766,Component 11766 (DAMAGE),ExtData[6].Val6,6,9625,,,C:\Users\Admin\Downloads\myps\data\bin\abilitycomponentexport.bin,byte 922138,Inferred requirement reference because ExtData[*].Val6 matches a known RequirementId row in abilityrequirementexport.bin.
9625,Inbound,Component,11769,Component 11769 (DAMAGE),ExtData[6].Val6,6,9625,,,C:\Users\Admin\Downloads\myps\data\bin\abilitycomponentexport.bin,byte 922702,Inferred requirement reference because ExtData[*].Val6 matches a known RequirementId row in abilityrequirementexport.bin.
9625,Inbound,Component,11777,Component 11777 (DAMAGE),ExtData[6].Val6,6,9625,9084 (Broadhead Arrow),Damage,C:\Users\Admin\Downloads\myps\data\bin\abilitycomponentexport.bin,byte 924228,Inferred requirement reference because ExtData[*].Val6 matches a known RequirementId row in abilityrequirementexport.bin.
9625,Inbound,Component,11782,Component 11782 (DAMAGE),ExtData[6].Val6,6,9625,9091 (Draw Blood),Damage,C:\Users\Admin\Downloads\myps\data\bin\abilitycomponentexport.bin,byte 925190,Inferred requirement reference because ExtData[*].Val6 matches a known RequirementId row in abilityrequirementexport.bin.
9625,Inbound,Component,11783,Component 11783 (DAMAGE),ExtData[6].Val6,6,9625,,,C:\Users\Admin\Downloads\myps\data\bin\abilitycomponentexport.bin,byte 925422,Inferred requirement reference because ExtData[*].Val6 matches a known RequirementId row in abilityrequirementexport.bin.
9625,Inbound,Component,11784,Component 11784 (DAMAGE),ExtData[6].Val6,6,9625,,,C:\Users\Admin\Downloads\myps\data\bin\abilitycomponentexport.bin,byte 925687,Inferred requirement reference because ExtData[*].Val6 matches a known RequirementId row in abilityrequirementexport.bin.
9625,Inbound,Component,11791,Component 11791 (DAMAGE),ExtData[6].Val6,6,9625,9100 (Lileath's Arrow),Damage,C:\Users\Admin\Downloads\myps\data\bin\abilitycomponentexport.bin,byte 926915,Inferred requirement reference because ExtData[*].Val6 matches a known RequirementId row in abilityrequirementexport.bin.
9625,Inbound,Component,11792,Component 11792 (DAMAGE),ExtData[6].Val6,6,9625,9101 (Rapid Fire),Damage,C:\Users\Admin\Downloads\myps\data\bin\abilitycomponentexport.bin,byte 927147,Inferred requirement reference because ExtData[*].Val6 matches a known RequirementId row in abilityrequirementexport.bin.
9625,Inbound,Component,11795,Component 11795 (DAMAGE),ExtData[6].Val6,6,9625,"3929 (Glass Arrow), 9103 (Glass Arrow)",Damage,C:\Users\Admin\Downloads\myps\data\bin\abilitycomponentexport.bin,byte 927711,Inferred requirement reference because ExtData[*].Val6 matches a known RequirementId row in abilityrequirementexport.bin.
9625,Inbound,Component,11796,Component 11796 (DAMAGE),ExtData[6].Val6,6,9625,,,C:\Users\Admin\Downloads\myps\data\bin\abilitycomponentexport.bin,byte 927943,Inferred requirement reference because ExtData[*].Val6 matches a known RequirementId row in abilityrequirementexport.bin.
9625,Inbound,Component,11797,Component 11797 (DAMAGE),ExtData[6].Val6,6,9625,9105 (Fell The Weak),Damage,C:\Users\Admin\Downloads\myps\data\bin\abilitycomponentexport.bin,byte 928175,Inferred requirement reference because ExtData[*].Val6 matches a known RequirementId row in abilityrequirementexport.bin.
9625,Inbound,Component,11798,Component 11798 (DAMAGE),ExtData[6].Val6,6,9625,9105 (Fell The Weak),Damage,C:\Users\Admin\Downloads\myps\data\bin\abilitycomponentexport.bin,byte 928440,Inferred requirement reference because ExtData[*].Val6 matches a known RequirementId row in abilityrequirementexport.bin.
9625,Inbound,Component,11802,Component 11802 (DAMAGE),ExtData[6].Val6,6,9625,,,C:\Users\Admin\Downloads\myps\data\bin\abilitycomponentexport.bin,byte 929401,Inferred requirement reference because ExtData[*].Val6 matches a known RequirementId row in abilityrequirementexport.bin.
9625,Inbound,Component,11804,Component 11804 (DAMAGE),ExtData[6].Val6,6,9625,9107 (Sweeping Slash),Damage,C:\Users\Admin\Downloads\myps\data\bin\abilitycomponentexport.bin,byte 929799,Inferred requirement reference because ExtData[*].Val6 matches a known RequirementId row in abilityrequirementexport.bin.
9625,Inbound,Component,11806,Component 11806 (DAMAGE),ExtData[6].Val6,6,9625,9109 (Shadow Sting),"Damage, Heal",C:\Users\Admin\Downloads\myps\data\bin\abilitycomponentexport.bin,byte 930197,Inferred requirement reference because ExtData[*].Val6 matches a known RequirementId row in abilityrequirementexport.bin.
9625,Inbound,Component,11808,Component 11808 (DAMAGE),ExtData[6].Val6,6,9625,9110 (Flanking Shot),Damage,C:\Users\Admin\Downloads\myps\data\bin\abilitycomponentexport.bin,byte 930628,Inferred requirement reference because ExtData[*].Val6 matches a known RequirementId row in abilityrequirementexport.bin.
9625,Inbound,Component,11810,Component 11810 (DAMAGE),ExtData[6].Val6,6,9625,9111 (Barrage),Damage,C:\Users\Admin\Downloads\myps\data\bin\abilitycomponentexport.bin,byte 931059,Inferred requirement reference because ExtData[*].Val6 matches a known RequirementId row in abilityrequirementexport.bin.
9625,Inbound,Component,11821,Component 11821 (DAMAGE),ExtData[6].Val6,6,9625,,,C:\Users\Admin\Downloads\myps\data\bin\abilitycomponentexport.bin,byte 933050,Inferred requirement reference because ExtData[*].Val6 matches a known RequirementId row in abilityrequirementexport.bin.
9625,Inbound,Component,11822,Component 11822 (DAMAGE),ExtData[6].Val6,6,9625,,,C:\Users\Admin\Downloads\myps\data\bin\abilitycomponentexport.bin,byte 933315,Inferred requirement reference because ExtData[*].Val6 matches a known RequirementId row in abilityrequirementexport.bin.
9625,Inbound,Component,11829,Component 11829 (DAMAGE),ExtData[6].Val6,6,9625,9086 (Brutal Assault),Damage,C:\Users\Admin\Downloads\myps\data\bin\abilitycomponentexport.bin,byte 934576,Inferred requirement reference because ExtData[*].Val6 matches a known RequirementId row in abilityrequirementexport.bin.
9625,Inbound,Component,11830,Component 11830 (DAMAGE),ExtData[6].Val6,6,9625,9086 (Brutal Assault),Damage,C:\Users\Admin\Downloads\myps\data\bin\abilitycomponentexport.bin,byte 934841,Inferred requirement reference because ExtData[*].Val6 matches a known RequirementId row in abilityrequirementexport.bin.
9625,Inbound,Component,11836,Component 11836 (DAMAGE),ExtData[6].Val6,6,9625,,,C:\Users\Admin\Downloads\myps\data\bin\abilitycomponentexport.bin,byte 935837,Inferred requirement reference because ExtData[*].Val6 matches a known RequirementId row in abilityrequirementexport.bin.
9625,Inbound,Component,11882,Component 11882 (DAMAGE),ExtData[6].Val6,6,9625,3813 (Puncture),,C:\Users\Admin\Downloads\myps\data\bin\abilitycomponentexport.bin,byte 942780,Inferred requirement reference because ExtData[*].Val6 matches a known RequirementId row in abilityrequirementexport.bin.
9625,Inbound,Component,11883,Component 11883 (DAMAGE),ExtData[6].Val6,6,9625,3814 (Puncture),,C:\Users\Admin\Downloads\myps\data\bin\abilitycomponentexport.bin,byte 943012,Inferred requirement reference because ExtData[*].Val6 matches a known RequirementId row in abilityrequirementexport.bin.
9625,Inbound,Component,11884,Component 11884 (DAMAGE),ExtData[6].Val6,6,9625,3815 (Puncture),,C:\Users\Admin\Downloads\myps\data\bin\abilitycomponentexport.bin,byte 943244,Inferred requirement reference because ExtData[*].Val6 matches a known RequirementId row in abilityrequirementexport.bin.
9625,Inbound,Component,11885,Component 11885 (DAMAGE),ExtData[6].Val6,6,9625,3816 (Puncture),,C:\Users\Admin\Downloads\myps\data\bin\abilitycomponentexport.bin,byte 943476,Inferred requirement reference because ExtData[*].Val6 matches a known RequirementId row in abilityrequirementexport.bin.
9625,Inbound,Component,11886,Component 11886 (DAMAGE),ExtData[6].Val6,6,9625,3817 (Puncture),,C:\Users\Admin\Downloads\myps\data\bin\abilitycomponentexport.bin,byte 943708,Inferred requirement reference because ExtData[*].Val6 matches a known RequirementId row in abilityrequirementexport.bin.
9625,Inbound,Component,11889,Component 11889 (DAMAGE),ExtData[6].Val6,6,9625,,,C:\Users\Admin\Downloads\myps\data\bin\abilitycomponentexport.bin,byte 944239,Inferred requirement reference because ExtData[*].Val6 matches a known RequirementId row in abilityrequirementexport.bin.
9625,Inbound,Component,11896,Component 11896 (DAMAGE),ExtData[6].Val6,6,9625,"3931 (Heart Render Toxin), 3988 (Sacrificial Stab)",,C:\Users\Admin\Downloads\myps\data\bin\abilitycomponentexport.bin,byte 944936,Inferred requirement reference because ExtData[*].Val6 matches a known RequirementId row in abilityrequirementexport.bin.
9625,Inbound,Component,11897,Component 11897 (DAMAGE),ExtData[6].Val6,6,9625,"3932 (Heart Render Toxin), 3989 (Sacrificial Stab)",,C:\Users\Admin\Downloads\myps\data\bin\abilitycomponentexport.bin,byte 945168,Inferred requirement reference because ExtData[*].Val6 matches a known RequirementId row in abilityrequirementexport.bin.
9625,Inbound,Component,11898,Component 11898 (DAMAGE),ExtData[6].Val6,6,9625,"3933 (Heart Render Toxin), 3990 (Sacrificial Stab)",,C:\Users\Admin\Downloads\myps\data\bin\abilitycomponentexport.bin,byte 945400,Inferred requirement reference because ExtData[*].Val6 matches a known RequirementId row in abilityrequirementexport.bin.
9625,Inbound,Component,11899,Component 11899 (DAMAGE),ExtData[6].Val6,6,9625,"3934 (Heart Render Toxin), 3991 (Sacrificial Stab)",,C:\Users\Admin\Downloads\myps\data\bin\abilitycomponentexport.bin,byte 945632,Inferred requirement reference because ExtData[*].Val6 matches a known RequirementId row in abilityrequirementexport.bin.
9625,Inbound,Component,11900,Component 11900 (DAMAGE),ExtData[6].Val6,6,9625,"3935 (Heart Render Toxin), 3992 (Sacrificial Stab)",,C:\Users\Admin\Downloads\myps\data\bin\abilitycomponentexport.bin,byte 945864,Inferred requirement reference because ExtData[*].Val6 matches a known RequirementId row in abilityrequirementexport.bin.
9625,Inbound,Component,11902,Component 11902 (DAMAGE),ExtData[6].Val6,6,9625,,,C:\Users\Admin\Downloads\myps\data\bin\abilitycomponentexport.bin,byte 946229,Inferred requirement reference because ExtData[*].Val6 matches a known RequirementId row in abilityrequirementexport.bin.
9625,Inbound,Component,11908,Component 11908 (DAMAGE),ExtData[6].Val6,6,9625,,,C:\Users\Admin\Downloads\myps\data\bin\abilitycomponentexport.bin,byte 947126,Inferred requirement reference because ExtData[*].Val6 matches a known RequirementId row in abilityrequirementexport.bin.
9625,Inbound,Component,11909,Component 11909 (DAMAGE),ExtData[6].Val6,6,9625,,,C:\Users\Admin\Downloads\myps\data\bin\abilitycomponentexport.bin,byte 947358,Inferred requirement reference because ExtData[*].Val6 matches a known RequirementId row in abilityrequirementexport.bin.
9625,Inbound,Component,11915,Component 11915 (DAMAGE),ExtData[6].Val6,6,9625,,,C:\Users\Admin\Downloads\myps\data\bin\abilitycomponentexport.bin,byte 948453,Inferred requirement reference because ExtData[*].Val6 matches a known RequirementId row in abilityrequirementexport.bin.
9625,Inbound,Component,11921,Component 11921 (DAMAGE),ExtData[6].Val6,6,9625,3536 (Ensorcelled Blow),,C:\Users\Admin\Downloads\myps\data\bin\abilitycomponentexport.bin,byte 949383,Inferred requirement reference because ExtData[*].Val6 matches a known RequirementId row in abilityrequirementexport.bin.
9625,Inbound,Component,11922,Component 11922 (DAMAGE),ExtData[6].Val6,6,9625,3735 (Gusting Wind),,C:\Users\Admin\Downloads\myps\data\bin\abilitycomponentexport.bin,byte 949648,Inferred requirement reference because ExtData[*].Val6 matches a known RequirementId row in abilityrequirementexport.bin.
9625,Inbound,Component,11923,Component 11923 (DAMAGE),ExtData[6].Val6,6,9625,3539 (Whispering Wind),Damage,C:\Users\Admin\Downloads\myps\data\bin\abilitycomponentexport.bin,byte 949913,Inferred requirement reference because ExtData[*].Val6 matches a known RequirementId row in abilityrequirementexport.bin.
9625,Inbound,Component,11926,Component 11926 (DAMAGE),ExtData[6].Val6,6,9625,,,C:\Users\Admin\Downloads\myps\data\bin\abilitycomponentexport.bin,byte 950444,Inferred requirement reference because ExtData[*].Val6 matches a known RequirementId row in abilityrequirementexport.bin.
9625,Inbound,Component,11978,Component 11978 (DAMAGE),ExtData[6].Val6,6,9625,,,C:\Users\Admin\Downloads\myps\data\bin\abilitycomponentexport.bin,byte 958545,Inferred requirement reference because ExtData[*].Val6 matches a known RequirementId row in abilityrequirementexport.bin.
9625,Inbound,Component,11979,Component 11979 (DAMAGE),ExtData[6].Val6,6,9625,,,C:\Users\Admin\Downloads\myps\data\bin\abilitycomponentexport.bin,byte 958777,Inferred requirement reference because ExtData[*].Val6 matches a known RequirementId row in abilityrequirementexport.bin.
9625,Inbound,Component,11985,Component 11985 (DAMAGE),ExtData[6].Val6,6,9625,9012 (Gusting Wind),Damage,C:\Users\Admin\Downloads\myps\data\bin\abilitycomponentexport.bin,byte 959740,Inferred requirement reference because ExtData[*].Val6 matches a known RequirementId row in abilityrequirementexport.bin.
9625,Inbound,Component,12000,Component 12000 (DAMAGE),ExtData[6].Val6,6,9625,9576 (Wracking Agony),Damage,C:\Users\Admin\Downloads\myps\data\bin\abilitycomponentexport.bin,byte 962362,Inferred requirement reference because ExtData[*].Val6 matches a known RequirementId row in abilityrequirementexport.bin.
9625,Inbound,Component,12001,Component 12001 (DAMAGE),ExtData[6].Val6,6,9625,9576 (Wracking Agony),Damage,C:\Users\Admin\Downloads\myps\data\bin\abilitycomponentexport.bin,byte 962627,Inferred requirement reference because ExtData[*].Val6 matches a known RequirementId row in abilityrequirementexport.bin.
9625,Inbound,Component,12017,Component 12017 (DAMAGE),ExtData[6].Val6,6,9625,9106 (Swift Strikes),Damage,C:\Users\Admin\Downloads\myps\data\bin\abilitycomponentexport.bin,byte 965415,Inferred requirement reference because ExtData[*].Val6 matches a known RequirementId row in abilityrequirementexport.bin.
9625,Inbound,Component,12018,Component 12018 (DAMAGE),ExtData[6].Val6,6,9625,9106 (Swift Strikes),Damage,C:\Users\Admin\Downloads\myps\data\bin\abilitycomponentexport.bin,byte 965680,Inferred requirement reference because ExtData[*].Val6 matches a known RequirementId row in abilityrequirementexport.bin.
9625,Inbound,Component,12021,Component 12021 (DAMAGE),ExtData[6].Val6,6,9625,9408 (Agonizing Wound),Damage,C:\Users\Admin\Downloads\myps\data\bin\abilitycomponentexport.bin,byte 966111,Inferred requirement reference because ExtData[*].Val6 matches a known RequirementId row in abilityrequirementexport.bin.
9625,Inbound,Component,12022,Component 12022 (DAMAGE),ExtData[6].Val6,6,9625,9408 (Agonizing Wound),Damage,C:\Users\Admin\Downloads\myps\data\bin\abilitycomponentexport.bin,byte 966409,Inferred requirement reference because ExtData[*].Val6 matches a known RequirementId row in abilityrequirementexport.bin.
9625,Inbound,Component,12023,Component 12023 (DAMAGE),ExtData[6].Val6,6,9625,9409 (Throat Slitter),"Damage, Silence",C:\Users\Admin\Downloads\myps\data\bin\abilitycomponentexport.bin,byte 966674,Inferred requirement reference because ExtData[*].Val6 matches a known RequirementId row in abilityrequirementexport.bin.
9625,Inbound,Component,12025,Component 12025 (DAMAGE),ExtData[6].Val6,6,9625,,,C:\Users\Admin\Downloads\myps\data\bin\abilitycomponentexport.bin,byte 967072,Inferred requirement reference because ExtData[*].Val6 matches a known RequirementId row in abilityrequirementexport.bin.
9625,Inbound,Component,12037,Component 12037 (DAMAGE),ExtData[6].Val6,6,9625,,,C:\Users\Admin\Downloads\myps\data\bin\abilitycomponentexport.bin,byte 968898,Inferred requirement reference because ExtData[*].Val6 matches a known RequirementId row in abilityrequirementexport.bin.
9625,Inbound,Component,12040,Component 12040 (DAMAGE),ExtData[6].Val6,6,9625,3581 (On Your Knees!),,C:\Users\Admin\Downloads\myps\data\bin\abilitycomponentexport.bin,byte 969462,Inferred requirement reference because ExtData[*].Val6 matches a known RequirementId row in abilityrequirementexport.bin.
9625,Inbound,Component,12041,Component 12041 (DAMAGE),ExtData[6].Val6,6,9625,3581 (On Your Knees!),,C:\Users\Admin\Downloads\myps\data\bin\abilitycomponentexport.bin,byte 969694,Inferred requirement reference because ExtData[*].Val6 matches a known RequirementId row in abilityrequirementexport.bin.
9625,Inbound,Component,12042,Component 12042 (DAMAGE),ExtData[6].Val6,6,9625,3582 (On Your Knees!),,C:\Users\Admin\Downloads\myps\data\bin\abilitycomponentexport.bin,byte 969926,Inferred requirement reference because ExtData[*].Val6 matches a known RequirementId row in abilityrequirementexport.bin.
9625,Inbound,Component,12043,Component 12043 (DAMAGE),ExtData[6].Val6,6,9625,3582 (On Your Knees!),,C:\Users\Admin\Downloads\myps\data\bin\abilitycomponentexport.bin,byte 970158,Inferred requirement reference because ExtData[*].Val6 matches a known RequirementId row in abilityrequirementexport.bin.
9625,Inbound,Component,12044,Component 12044 (DAMAGE),ExtData[6].Val6,6,9625,3583 (On Your Knees!),,C:\Users\Admin\Downloads\myps\data\bin\abilitycomponentexport.bin,byte 970390,Inferred requirement reference because ExtData[*].Val6 matches a known RequirementId row in abilityrequirementexport.bin.
9625,Inbound,Component,12045,Component 12045 (DAMAGE),ExtData[6].Val6,6,9625,3583 (On Your Knees!),,C:\Users\Admin\Downloads\myps\data\bin\abilitycomponentexport.bin,byte 970622,Inferred requirement reference because ExtData[*].Val6 matches a known RequirementId row in abilityrequirementexport.bin.
9625,Inbound,Component,12046,Component 12046 (DAMAGE),ExtData[6].Val6,6,9625,3584 (On Your Knees!),,C:\Users\Admin\Downloads\myps\data\bin\abilitycomponentexport.bin,byte 970854,Inferred requirement reference because ExtData[*].Val6 matches a known RequirementId row in abilityrequirementexport.bin.
9625,Inbound,Component,12047,Component 12047 (DAMAGE),ExtData[6].Val6,6,9625,3584 (On Your Knees!),,C:\Users\Admin\Downloads\myps\data\bin\abilitycomponentexport.bin,byte 971086,Inferred requirement reference because ExtData[*].Val6 matches a known RequirementId row in abilityrequirementexport.bin.
9625,Inbound,Component,12048,Component 12048 (DAMAGE),ExtData[6].Val6,6,9625,3585 (On Your Knees!),,C:\Users\Admin\Downloads\myps\data\bin\abilitycomponentexport.bin,byte 971318,Inferred requirement reference because ExtData[*].Val6 matches a known RequirementId row in abilityrequirementexport.bin.
9625,Inbound,Component,12049,Component 12049 (DAMAGE),ExtData[6].Val6,6,9625,3585 (On Your Knees!),,C:\Users\Admin\Downloads\myps\data\bin\abilitycomponentexport.bin,byte 971550,Inferred requirement reference because ExtData[*].Val6 matches a known RequirementId row in abilityrequirementexport.bin.
9625,Inbound,Component,12050,Component 12050 (DAMAGE),ExtData[6].Val6,6,9625,"3931 (Heart Render Toxin), 3988 (Sacrificial Stab)",,C:\Users\Admin\Downloads\myps\data\bin\abilitycomponentexport.bin,byte 971782,Inferred requirement reference because ExtData[*].Val6 matches a known RequirementId row in abilityrequirementexport.bin.
9625,Inbound,Component,12051,Component 12051 (DAMAGE),ExtData[6].Val6,6,9625,"3932 (Heart Render Toxin), 3989 (Sacrificial Stab)",,C:\Users\Admin\Downloads\myps\data\bin\abilitycomponentexport.bin,byte 972014,Inferred requirement reference because ExtData[*].Val6 matches a known RequirementId row in abilityrequirementexport.bin.
9625,Inbound,Component,12052,Component 12052 (DAMAGE),ExtData[6].Val6,6,9625,"3933 (Heart Render Toxin), 3990 (Sacrificial Stab)",,C:\Users\Admin\Downloads\myps\data\bin\abilitycomponentexport.bin,byte 972246,Inferred requirement reference because ExtData[*].Val6 matches a known RequirementId row in abilityrequirementexport.bin.
9625,Inbound,Component,12053,Component 12053 (DAMAGE),ExtData[6].Val6,6,9625,"3934 (Heart Render Toxin), 3991 (Sacrificial Stab)",,C:\Users\Admin\Downloads\myps\data\bin\abilitycomponentexport.bin,byte 972478,Inferred requirement reference because ExtData[*].Val6 matches a known RequirementId row in abilityrequirementexport.bin.
9625,Inbound,Component,12054,Component 12054 (DAMAGE),ExtData[6].Val6,6,9625,"3935 (Heart Render Toxin), 3992 (Sacrificial Stab)",,C:\Users\Admin\Downloads\myps\data\bin\abilitycomponentexport.bin,byte 972710,Inferred requirement reference because ExtData[*].Val6 matches a known RequirementId row in abilityrequirementexport.bin.
9625,Inbound,Component,12169,Component 12169 (DAMAGE),ExtData[6].Val6,6,9625,"1824 (Git Em!), 9163 (Coordinated Strike)",Damage,C:\Users\Admin\Downloads\myps\data\bin\abilitycomponentexport.bin,byte 995263,Inferred requirement reference because ExtData[*].Val6 matches a known RequirementId row in abilityrequirementexport.bin.
9625,Inbound,Component,12173,Component 12173 (DAMAGE),ExtData[6].Val6,6,9625,,,C:\Users\Admin\Downloads\myps\data\bin\abilitycomponentexport.bin,byte 995993,Inferred requirement reference because ExtData[*].Val6 matches a known RequirementId row in abilityrequirementexport.bin.
9625,Inbound,Component,12174,Component 12174 (DAMAGE),ExtData[6].Val6,6,9625,,,C:\Users\Admin\Downloads\myps\data\bin\abilitycomponentexport.bin,byte 996258,Inferred requirement reference because ExtData[*].Val6 matches a known RequirementId row in abilityrequirementexport.bin.
9625,Inbound,Component,12200,Component 12200 (DAMAGE),ExtData[6].Val6,6,9625,9176 (Slashing Blade),Damage,C:\Users\Admin\Downloads\myps\data\bin\abilitycomponentexport.bin,byte 1000805,Inferred requirement reference because ExtData[*].Val6 matches a known RequirementId row in abilityrequirementexport.bin.
9625,Inbound,Component,12204,Component 12204 (DAMAGE),ExtData[6].Val6,6,9625,9186 (Pounce),Damage,C:\Users\Admin\Downloads\myps\data\bin\abilitycomponentexport.bin,byte 1001469,Inferred requirement reference because ExtData[*].Val6 matches a known RequirementId row in abilityrequirementexport.bin.
9625,Inbound,Component,12209,Component 12209 (DAMAGE),ExtData[6].Val6,6,9625,9188 (Whirling Axe),Damage,C:\Users\Admin\Downloads\myps\data\bin\abilitycomponentexport.bin,byte 1002332,Inferred requirement reference because ExtData[*].Val6 matches a known RequirementId row in abilityrequirementexport.bin.
9625,Inbound,Component,12211,Component 12211 (DAMAGE),ExtData[6].Val6,6,9625,9190 (Cull The Weak),Damage,C:\Users\Admin\Downloads\myps\data\bin\abilitycomponentexport.bin,byte 1002730,Inferred requirement reference because ExtData[*].Val6 matches a known RequirementId row in abilityrequirementexport.bin.
9625,Inbound,Component,12213,Component 12213 (DAMAGE),ExtData[6].Val6,6,9625,,,C:\Users\Admin\Downloads\myps\data\bin\abilitycomponentexport.bin,byte 1003161,Inferred requirement reference because ExtData[*].Val6 matches a known RequirementId row in abilityrequirementexport.bin.
9625,Inbound,Component,12338,Component 12338 (DAMAGE),ExtData[6].Val6,6,9625,9318 (Crippling Anger),Damage,C:\Users\Admin\Downloads\myps\data\bin\abilitycomponentexport.bin,byte 1024439,Inferred requirement reference because ExtData[*].Val6 matches a known RequirementId row in abilityrequirementexport.bin.
9625,Inbound,Component,12341,Component 12341 (DAMAGE),ExtData[6].Val6,6,9625,9320 (Murderous Wrath),Damage,C:\Users\Admin\Downloads\myps\data\bin\abilitycomponentexport.bin,byte 1024937,Inferred requirement reference because ExtData[*].Val6 matches a known RequirementId row in abilityrequirementexport.bin.
9625,Inbound,Component,12347,Component 12347 (DAMAGE),ExtData[6].Val6,6,9625,9323 (Monstrous Rending),Damage,C:\Users\Admin\Downloads\myps\data\bin\abilitycomponentexport.bin,byte 1026296,Inferred requirement reference because ExtData[*].Val6 matches a known RequirementId row in abilityrequirementexport.bin.
9625,Inbound,Component,12364,Component 12364 (DAMAGE),ExtData[6].Val6,6,9625,,,C:\Users\Admin\Downloads\myps\data\bin\abilitycomponentexport.bin,byte 1029514,Inferred requirement reference because ExtData[*].Val6 matches a known RequirementId row in abilityrequirementexport.bin.
9625,Inbound,Component,12372,Component 12372 (DAMAGE),ExtData[6].Val6,6,9625,9342 (Blade of Ruin),Damage,C:\Users\Admin\Downloads\myps\data\bin\abilitycomponentexport.bin,byte 1030941,Inferred requirement reference because ExtData[*].Val6 matches a known RequirementId row in abilityrequirementexport.bin.
9625,Inbound,Component,12373,Component 12373 (DAMAGE),ExtData[6].Val6,6,9625,9343 (Enraged Beating),Damage,C:\Users\Admin\Downloads\myps\data\bin\abilitycomponentexport.bin,byte 1031173,Inferred requirement reference because ExtData[*].Val6 matches a known RequirementId row in abilityrequirementexport.bin.
9625,Inbound,Component,12374,Component 12374 (DAMAGE),ExtData[6].Val6,6,9625,9344 (Crimson Death),Damage,C:\Users\Admin\Downloads\myps\data\bin\abilitycomponentexport.bin,byte 1031405,Inferred requirement reference because ExtData[*].Val6 matches a known RequirementId row in abilityrequirementexport.bin.
9625,Inbound,Component,12469,Component 12469 (DAMAGE),ExtData[6].Val6,6,9625,9167 (Lion's Fury),Damage,C:\Users\Admin\Downloads\myps\data\bin\abilitycomponentexport.bin,byte 1047703,Inferred requirement reference because ExtData[*].Val6 matches a known RequirementId row in abilityrequirementexport.bin.
9625,Inbound,Component,12470,Component 12470 (DAMAGE),ExtData[6].Val6,6,9625,9167 (Lion's Fury),Damage,C:\Users\Admin\Downloads\myps\data\bin\abilitycomponentexport.bin,byte 1047968,Inferred requirement reference because ExtData[*].Val6 matches a known RequirementId row in abilityrequirementexport.bin.
9625,Inbound,Component,12552,Component 12552 (DAMAGE),ExtData[6].Val6,6,9625,9400 (Sever Limb),"Damage, Disarm",C:\Users\Admin\Downloads\myps\data\bin\abilitycomponentexport.bin,byte 1061179,Inferred requirement reference because ExtData[*].Val6 matches a known RequirementId row in abilityrequirementexport.bin.
9625,Inbound,Component,12553,Component 12553 (DAMAGE),ExtData[6].Val6,6,9625,,,C:\Users\Admin\Downloads\myps\data\bin\abilitycomponentexport.bin,byte 1061411,Inferred requirement reference because ExtData[*].Val6 matches a known RequirementId row in abilityrequirementexport.bin.
9625,Inbound,Component,12588,Component 12588 (DAMAGE),ExtData[6].Val6,6,9625,9093 (Spiral-Fletched Arrow),Damage,C:\Users\Admin\Downloads\myps\data\bin\abilitycomponentexport.bin,byte 1067650,Inferred requirement reference because ExtData[*].Val6 matches a known RequirementId row in abilityrequirementexport.bin.
9625,Inbound,Component,12589,Component 12589 (DAMAGE),ExtData[6].Val6,6,9625,9093 (Spiral-Fletched Arrow),Damage,C:\Users\Admin\Downloads\myps\data\bin\abilitycomponentexport.bin,byte 1067882,Inferred requirement reference because ExtData[*].Val6 matches a known RequirementId row in abilityrequirementexport.bin.
9625,Inbound,Component,12628,Component 12628 (DAMAGE),ExtData[6].Val6,6,9625,"1374 (Sever Blessing), 1733 (Shatter Enchantment), 8101 (Sever Blessing), 8251 (Purge), 8339 (Sever Blessing), 9034 (Shatter Enchantment), 9337 (Shatter Enchantment), 9413 (Sever Blessing)",Damage,C:\Users\Admin\Downloads\myps\data\bin\abilitycomponentexport.bin,byte 1074090,Inferred requirement reference because ExtData[*].Val6 matches a known RequirementId row in abilityrequirementexport.bin.
9625,Inbound,Component,12631,Component 12631 (DAMAGE),ExtData[6].Val6,6,9625,9104 (Acid Arrow),Damage,C:\Users\Admin\Downloads\myps\data\bin\abilitycomponentexport.bin,byte 1074654,Inferred requirement reference because ExtData[*].Val6 matches a known RequirementId row in abilityrequirementexport.bin.
9625,Inbound,Component,12808,Component 12808 (DAMAGE),ExtData[6].Val6,6,9625,9398 (Slice),Damage,C:\Users\Admin\Downloads\myps\data\bin\abilitycomponentexport.bin,byte 1104524,Inferred requirement reference because ExtData[*].Val6 matches a known RequirementId row in abilityrequirementexport.bin.
9625,Inbound,Component,12809,Component 12809 (DAMAGE),ExtData[6].Val6,6,9625,9398 (Slice),Damage,C:\Users\Admin\Downloads\myps\data\bin\abilitycomponentexport.bin,byte 1104756,Inferred requirement reference because ExtData[*].Val6 matches a known RequirementId row in abilityrequirementexport.bin.
9625,Inbound,Component,12916,Component 12916 (DAMAGE),ExtData[6].Val6,6,9625,9006 (Dragon's Talon),Damage,C:\Users\Admin\Downloads\myps\data\bin\abilitycomponentexport.bin,byte 1121525,Inferred requirement reference because ExtData[*].Val6 matches a known RequirementId row in abilityrequirementexport.bin.
9625,Inbound,Component,12963,Component 12963 (DAMAGE),ExtData[6].Val6,6,9625,9192 (Force Opportunity),Damage,C:\Users\Admin\Downloads\myps\data\bin\abilitycomponentexport.bin,byte 1128827,Inferred requirement reference because ExtData[*].Val6 matches a known RequirementId row in abilityrequirementexport.bin.
9625,Inbound,Component,12964,Component 12964 (DAMAGE),ExtData[6].Val6,6,9625,9087 (Takedown),"Damage, Snare",C:\Users\Admin\Downloads\myps\data\bin\abilitycomponentexport.bin,byte 1129059,Inferred requirement reference because ExtData[*].Val6 matches a known RequirementId row in abilityrequirementexport.bin.
9625,Inbound,Component,12965,Component 12965 (DAMAGE),ExtData[6].Val6,6,9625,9095 (Throat Shot),"Damage, Silence",C:\Users\Admin\Downloads\myps\data\bin\abilitycomponentexport.bin,byte 1129291,Inferred requirement reference because ExtData[*].Val6 matches a known RequirementId row in abilityrequirementexport.bin.
9625,Inbound,Component,12966,Component 12966 (DAMAGE),ExtData[6].Val6,6,9625,9165 (Sundering Chop),Damage,C:\Users\Admin\Downloads\myps\data\bin\abilitycomponentexport.bin,byte 1129523,Inferred requirement reference because ExtData[*].Val6 matches a known RequirementId row in abilityrequirementexport.bin.
9625,Inbound,Component,12975,Component 12975 (DAMAGE),ExtData[6].Val6,6,9625,9096 (Eye Shot),Damage,C:\Users\Admin\Downloads\myps\data\bin\abilitycomponentexport.bin,byte 1131248,Inferred requirement reference because ExtData[*].Val6 matches a known RequirementId row in abilityrequirementexport.bin.
9625,Inbound,Component,18780,Component 18780 (DAMAGE),ExtData[6].Val6,6,9625,8399 (Impale),Damage,C:\Users\Admin\Downloads\myps\data\bin\abilitycomponentexport.bin,byte 788251,Inferred requirement reference because ExtData[*].Val6 matches a known RequirementId row in abilityrequirementexport.bin.
9625,Inbound,Component,18906,Component 18906 (DAMAGE),ExtData[6].Val6,6,9625,3810 (Kiss of Agony),,C:\Users\Admin\Downloads\myps\data\bin\abilitycomponentexport.bin,byte 1132377,Inferred requirement reference because ExtData[*].Val6 matches a known RequirementId row in abilityrequirementexport.bin.
9625,Inbound,Component,18910,Component 18910 (DAMAGE),ExtData[6].Val6,6,9625,3811 (Kiss of Death),,C:\Users\Admin\Downloads\myps\data\bin\abilitycomponentexport.bin,byte 1132974,Inferred requirement reference because ExtData[*].Val6 matches a known RequirementId row in abilityrequirementexport.bin.
9625,Inbound,Component,18917,Component 18917 (DAMAGE),ExtData[6].Val6,6,9625,3812 (Kiss of Betrayal),,C:\Users\Admin\Downloads\myps\data\bin\abilitycomponentexport.bin,byte 1134202,Inferred requirement reference because ExtData[*].Val6 matches a known RequirementId row in abilityrequirementexport.bin.
9625,Inbound,Component,27604,Component 27604 (DAMAGE),ExtData[6].Val6,6,9625,"27603 (Shattering Attack), 27635 (Shattering Attack), 27667 (Shattering Swing), 27699 (Shattering Attack), 27731 (Shattering Attack), 27763 (Shattering Attack)",Damage,C:\Users\Admin\Downloads\myps\data\bin\abilitycomponentexport.bin,byte 1856032,Inferred requirement reference because ExtData[*].Val6 matches a known RequirementId row in abilityrequirementexport.bin.
9625,Inbound,Component,27606,Component 27606 (DAMAGE),ExtData[6].Val6,6,9625,"27605 (Get Away!), 27637 (Get Away!), 27669 (Get Out!), 27701 (Get Away!), 27733 (Get Away!), 27765 (Get Away!)",Damage,C:\Users\Admin\Downloads\myps\data\bin\abilitycomponentexport.bin,byte 1856430,Inferred requirement reference because ExtData[*].Val6 matches a known RequirementId row in abilityrequirementexport.bin.
9625,Inbound,Component,27608,Component 27608 (DAMAGE),ExtData[6].Val6,6,9625,"27610 (Wild Slash), 27642 (Wild Slash)",Damage,C:\Users\Admin\Downloads\myps\data\bin\abilitycomponentexport.bin,byte 1856828,Inferred requirement reference because ExtData[*].Val6 matches a known RequirementId row in abilityrequirementexport.bin.
9625,Inbound,Component,27609,Component 27609 (DAMAGE),ExtData[6].Val6,6,9625,"27611 (Bleed Em!), 27643 (Bleed Em!)",Damage,C:\Users\Admin\Downloads\myps\data\bin\abilitycomponentexport.bin,byte 1857060,Inferred requirement reference because ExtData[*].Val6 matches a known RequirementId row in abilityrequirementexport.bin.
9625,Inbound,Component,27610,Component 27610 (DAMAGE),ExtData[6].Val6,6,9625,"27612 (Reckless Swing), 27644 (Reckless Swing)",Damage,C:\Users\Admin\Downloads\myps\data\bin\abilitycomponentexport.bin,byte 1857292,Inferred requirement reference because ExtData[*].Val6 matches a known RequirementId row in abilityrequirementexport.bin.
9625,Inbound,Component,27614,Component 27614 (DAMAGE),ExtData[6].Val6,6,9625,"27618 (Shoot Em!), 27650 (Shoot Em!)",Damage,C:\Users\Admin\Downloads\myps\data\bin\abilitycomponentexport.bin,byte 1858022,Inferred requirement reference because ExtData[*].Val6 matches a known RequirementId row in abilityrequirementexport.bin.
9625,Inbound,Component,27618,Component 27618 (DAMAGE),ExtData[6].Val6,6,9625,"27621 (Long Shot), 27653 (Long Shot)",Damage,C:\Users\Admin\Downloads\myps\data\bin\abilitycomponentexport.bin,byte 1858752,Inferred requirement reference because ExtData[*].Val6 matches a known RequirementId row in abilityrequirementexport.bin.
9625,Inbound,Component,27651,Component 27651 (DAMAGE),ExtData[6].Val6,6,9625,"27749 (Get Down!), 27773 (Get Down!)",Damage,C:\Users\Admin\Downloads\myps\data\bin\abilitycomponentexport.bin,byte 1864164,Inferred requirement reference because ExtData[*].Val6 matches a known RequirementId row in abilityrequirementexport.bin.
9625,Inbound,Component,27658,Component 27658 (DAMAGE),ExtData[6].Val6,6,9625,"27740 (Piercing Arrows), 27780 (Wave of Doom)",Damage,C:\Users\Admin\Downloads\myps\data\bin\abilitycomponentexport.bin,byte 1865458,Inferred requirement reference because ExtData[*].Val6 matches a known RequirementId row in abilityrequirementexport.bin.
9625,Inbound,Component,27660,Component 27660 (DAMAGE),ExtData[6].Val6,6,9625,"27742 (Frontal Barrage), 27782 (Shards of Ice)",Damage,C:\Users\Admin\Downloads\myps\data\bin\abilitycomponentexport.bin,byte 1865856,Inferred requirement reference because ExtData[*].Val6 matches a known RequirementId row in abilityrequirementexport.bin.
9625,Outbound,Requirement,9625,Requirement 9625,ExtData[0].Val6,0,9623,,,C:\Users\Admin\Downloads\myps\data\bin\abilityrequirementexport.bin,byte 53838,Inferred requirement reference because ExtData[*].Val6 matches a known RequirementId row in abilityrequirementexport.bin.
9625,Outbound,Requirement,9625,Requirement 9625,ExtData[1].Val6,1,9624,,,C:\Users\Admin\Downloads\myps\data\bin\abilityrequirementexport.bin,byte 53838,Inferred requirement reference because ExtData[*].Val6 matches a known RequirementId row in abilityrequirementexport.bin.
24868,Inbound,Component,25022,Component 25022 (SERVER_COMMAND),ExtData[0].Val6,0,24868,24712 (Pass Curse),,C:\Users\Admin\Downloads\myps\data\bin\abilitycomponentexport.bin,byte 2730023,Inferred requirement reference because ExtData[*].Val6 matches a known RequirementId row in abilityrequirementexport.bin.
24868,Inbound,Component,25030,Component 25030 (SERVER_COMMAND),ExtData[0].Val6,0,24868,24703 (Pass Curse),,C:\Users\Admin\Downloads\myps\data\bin\abilitycomponentexport.bin,byte 2731318,Inferred requirement reference because ExtData[*].Val6 matches a known RequirementId row in abilityrequirementexport.bin.
24868,Inbound,Component,25031,Component 25031 (SERVER_COMMAND),ExtData[0].Val6,0,24868,24704 (Pass Curse),,C:\Users\Admin\Downloads\myps\data\bin\abilitycomponentexport.bin,byte 2731583,Inferred requirement reference because ExtData[*].Val6 matches a known RequirementId row in abilityrequirementexport.bin.
24868,Inbound,Component,25032,Component 25032 (SERVER_COMMAND),ExtData[0].Val6,0,24868,24705 (Pass Curse),,C:\Users\Admin\Downloads\myps\data\bin\abilitycomponentexport.bin,byte 2731848,Inferred requirement reference because ExtData[*].Val6 matches a known RequirementId row in abilityrequirementexport.bin.
24868,Inbound,Component,25033,Component 25033 (SERVER_COMMAND),ExtData[0].Val6,0,24868,24706 (Pass Curse),,C:\Users\Admin\Downloads\myps\data\bin\abilitycomponentexport.bin,byte 2732113,Inferred requirement reference because ExtData[*].Val6 matches a known RequirementId row in abilityrequirementexport.bin.
24868,Inbound,Component,25034,Component 25034 (SERVER_COMMAND),ExtData[0].Val6,0,24868,24707 (Pass Curse),,C:\Users\Admin\Downloads\myps\data\bin\abilitycomponentexport.bin,byte 2732378,Inferred requirement reference because ExtData[*].Val6 matches a known RequirementId row in abilityrequirementexport.bin.
24868,Inbound,Component,25035,Component 25035 (SERVER_COMMAND),ExtData[0].Val6,0,24868,24708 (Pass Curse),,C:\Users\Admin\Downloads\myps\data\bin\abilitycomponentexport.bin,byte 2732643,Inferred requirement reference because ExtData[*].Val6 matches a known RequirementId row in abilityrequirementexport.bin.
24868,Inbound,Component,25036,Component 25036 (SERVER_COMMAND),ExtData[0].Val6,0,24868,24709 (Pass Curse),,C:\Users\Admin\Downloads\myps\data\bin\abilitycomponentexport.bin,byte 2732908,Inferred requirement reference because ExtData[*].Val6 matches a known RequirementId row in abilityrequirementexport.bin.
24868,Inbound,Component,25037,Component 25037 (SERVER_COMMAND),ExtData[0].Val6,0,24868,24710 (Pass Curse),,C:\Users\Admin\Downloads\myps\data\bin\abilitycomponentexport.bin,byte 2733173,Inferred requirement reference because ExtData[*].Val6 matches a known RequirementId row in abilityrequirementexport.bin.
24868,Inbound,Component,25038,Component 25038 (SERVER_COMMAND),ExtData[0].Val6,0,24868,24711 (Pass Curse),,C:\Users\Admin\Downloads\myps\data\bin\abilitycomponentexport.bin,byte 2733438,Inferred requirement reference because ExtData[*].Val6 matches a known RequirementId row in abilityrequirementexport.bin.
24868,Inbound,Requirement,24877,Requirement 24877,ExtData[0].Val6,0,24868,,,C:\Users\Admin\Downloads\myps\data\bin\abilityrequirementexport.bin,byte 54331,Inferred requirement reference because ExtData[*].Val6 matches a known RequirementId row in abilityrequirementexport.bin.
24868,Outbound,Requirement,24868,Requirement 24868,ExtData[1].Val6,1,24869,,,C:\Users\Admin\Downloads\myps\data\bin\abilityrequirementexport.bin,byte 53930,Inferred requirement reference because ExtData[*].Val6 matches a known RequirementId row in abilityrequirementexport.bin.
24868,Outbound,Requirement,24868,Requirement 24868,ExtData[2].Val6,2,24870,,,C:\Users\Admin\Downloads\myps\data\bin\abilityrequirementexport.bin,byte 53930,Inferred requirement reference because ExtData[*].Val6 matches a known RequirementId row in abilityrequirementexport.bin.
24869,Inbound,Requirement,24868,Requirement 24868,ExtData[1].Val6,1,24869,,,C:\Users\Admin\Downloads\myps\data\bin\abilityrequirementexport.bin,byte 53930,Inferred requirement reference because ExtData[*].Val6 matches a known RequirementId row in abilityrequirementexport.bin.
24870,Inbound,Requirement,24868,Requirement 24868,ExtData[2].Val6,2,24870,,,C:\Users\Admin\Downloads\myps\data\bin\abilityrequirementexport.bin,byte 53930,Inferred requirement reference because ExtData[*].Val6 matches a known RequirementId row in abilityrequirementexport.bin.
24870,Outbound,Requirement,24870,Requirement 24870,ExtData[2].Val6,2,24871,,,C:\Users\Admin\Downloads\myps\data\bin\abilityrequirementexport.bin,byte 54081,Inferred requirement reference because ExtData[*].Val6 matches a known RequirementId row in abilityrequirementexport.bin.
24871,Inbound,Requirement,24870,Requirement 24870,ExtData[2].Val6,2,24871,,,C:\Users\Admin\Downloads\myps\data\bin\abilityrequirementexport.bin,byte 54081,Inferred requirement reference because ExtData[*].Val6 matches a known RequirementId row in abilityrequirementexport.bin.
24877,Inbound,Requirement,24879,Requirement 24879,ExtData[0].Val6,0,24877,,,C:\Users\Admin\Downloads\myps\data\bin\abilityrequirementexport.bin,byte 54713,Inferred requirement reference because ExtData[*].Val6 matches a known RequirementId row in abilityrequirementexport.bin.
24877,Outbound,Requirement,24877,Requirement 24877,ExtData[0].Val6,0,24868,,,C:\Users\Admin\Downloads\myps\data\bin\abilityrequirementexport.bin,byte 54331,Inferred requirement reference because ExtData[*].Val6 matches a known RequirementId row in abilityrequirementexport.bin.
24878,Inbound,Component,26746,Component 26746 (DAMAGE_CHANGE),ExtData[2].Val6,2,24878,24881 (Cloud of Corruption),Damage,C:\Users\Admin\Downloads\myps\data\bin\abilitycomponentexport.bin,byte 2862118,Inferred requirement reference because ExtData[*].Val6 matches a known RequirementId row in abilityrequirementexport.bin.
24878,Inbound,Component,26747,Component 26747 (BONUS_TYPE_ADJUST),ExtData[3].Val6,3,24878,24881 (Cloud of Corruption),Heal,C:\Users\Admin\Downloads\myps\data\bin\abilitycomponentexport.bin,byte 2862383,Inferred requirement reference because ExtData[*].Val6 matches a known RequirementId row in abilityrequirementexport.bin.
24878,Inbound,Component,26751,Component 26751 (BONUS_TYPE_ADJUST),ExtData[0].Val6,0,24878,24880 (Plagueshroud),Damage,C:\Users\Admin\Downloads\myps\data\bin\abilitycomponentexport.bin,byte 2863080,Inferred requirement reference because ExtData[*].Val6 matches a known RequirementId row in abilityrequirementexport.bin.
24878,Inbound,Component,26753,Component 26753 (DAMAGE),ExtData[0].Val6,0,24878,24880 (Plagueshroud),,C:\Users\Admin\Downloads\myps\data\bin\abilitycomponentexport.bin,byte 2863379,Inferred requirement reference because ExtData[*].Val6 matches a known RequirementId row in abilityrequirementexport.bin.
24878,Inbound,Requirement,24879,Requirement 24879,ExtData[1].Val6,1,24878,,,C:\Users\Admin\Downloads\myps\data\bin\abilityrequirementexport.bin,byte 54713,Inferred requirement reference because ExtData[*].Val6 matches a known RequirementId row in abilityrequirementexport.bin.
24879,Inbound,Ability,24703,Ability 24703 (Pass Curse),ExtData[0].Val6,0,24879,24703 (Pass Curse),,C:\Users\Admin\Downloads\myps\data\bin\abilityexport.bin,byte 1969482,Inferred requirement reference because ExtData[*].Val6 matches a known RequirementId row in abilityrequirementexport.bin.
24879,Inbound,Ability,24704,Ability 24704 (Pass Curse),ExtData[0].Val6,0,24879,24704 (Pass Curse),,C:\Users\Admin\Downloads\myps\data\bin\abilityexport.bin,byte 1969709,Inferred requirement reference because ExtData[*].Val6 matches a known RequirementId row in abilityrequirementexport.bin.
24879,Inbound,Ability,24705,Ability 24705 (Pass Curse),ExtData[0].Val6,0,24879,24705 (Pass Curse),,C:\Users\Admin\Downloads\myps\data\bin\abilityexport.bin,byte 1969936,Inferred requirement reference because ExtData[*].Val6 matches a known RequirementId row in abilityrequirementexport.bin.
24879,Inbound,Ability,24706,Ability 24706 (Pass Curse),ExtData[0].Val6,0,24879,24706 (Pass Curse),,C:\Users\Admin\Downloads\myps\data\bin\abilityexport.bin,byte 1970163,Inferred requirement reference because ExtData[*].Val6 matches a known RequirementId row in abilityrequirementexport.bin.
24879,Inbound,Ability,24707,Ability 24707 (Pass Curse),ExtData[0].Val6,0,24879,24707 (Pass Curse),,C:\Users\Admin\Downloads\myps\data\bin\abilityexport.bin,byte 1970390,Inferred requirement reference because ExtData[*].Val6 matches a known RequirementId row in abilityrequirementexport.bin.
24879,Inbound,Ability,24708,Ability 24708 (Pass Curse),ExtData[0].Val6,0,24879,24708 (Pass Curse),,C:\Users\Admin\Downloads\myps\data\bin\abilityexport.bin,byte 1970617,Inferred requirement reference because ExtData[*].Val6 matches a known RequirementId row in abilityrequirementexport.bin.
24879,Inbound,Ability,24709,Ability 24709 (Pass Curse),ExtData[0].Val6,0,24879,24709 (Pass Curse),,C:\Users\Admin\Downloads\myps\data\bin\abilityexport.bin,byte 1970844,Inferred requirement reference because ExtData[*].Val6 matches a known RequirementId row in abilityrequirementexport.bin.
24879,Inbound,Ability,24710,Ability 24710 (Pass Curse),ExtData[0].Val6,0,24879,24710 (Pass Curse),,C:\Users\Admin\Downloads\myps\data\bin\abilityexport.bin,byte 1971071,Inferred requirement reference because ExtData[*].Val6 matches a known RequirementId row in abilityrequirementexport.bin.
24879,Inbound,Ability,24711,Ability 24711 (Pass Curse),ExtData[0].Val6,0,24879,24711 (Pass Curse),,C:\Users\Admin\Downloads\myps\data\bin\abilityexport.bin,byte 1971298,Inferred requirement reference because ExtData[*].Val6 matches a known RequirementId row in abilityrequirementexport.bin.
24879,Inbound,Ability,24712,Ability 24712 (Pass Curse),ExtData[0].Val6,0,24879,24712 (Pass Curse),,C:\Users\Admin\Downloads\myps\data\bin\abilityexport.bin,byte 1971525,Inferred requirement reference because ExtData[*].Val6 matches a known RequirementId row in abilityrequirementexport.bin.
24879,Outbound,Requirement,24879,Requirement 24879,ExtData[0].Val6,0,24877,,,C:\Users\Admin\Downloads\myps\data\bin\abilityrequirementexport.bin,byte 54713,Inferred requirement reference because ExtData[*].Val6 matches a known RequirementId row in abilityrequirementexport.bin.
24879,Outbound,Requirement,24879,Requirement 24879,ExtData[1].Val6,1,24878,,,C:\Users\Admin\Downloads\myps\data\bin\abilityrequirementexport.bin,byte 54713,Inferred requirement reference because ExtData[*].Val6 matches a known RequirementId row in abilityrequirementexport.bin.
25129,Inbound,Requirement,25133,Requirement 25133,ExtData[0].Val6,0,25129,,,C:\Users\Admin\Downloads\myps\data\bin\abilityrequirementexport.bin,byte 55206,Inferred requirement reference because ExtData[*].Val6 matches a known RequirementId row in abilityrequirementexport.bin.
25130,Inbound,Requirement,25133,Requirement 25133,ExtData[1].Val6,1,25130,,,C:\Users\Admin\Downloads\myps\data\bin\abilityrequirementexport.bin,byte 55206,Inferred requirement reference because ExtData[*].Val6 matches a known RequirementId row in abilityrequirementexport.bin.
25131,Inbound,Requirement,25133,Requirement 25133,ExtData[2].Val6,2,25131,,,C:\Users\Admin\Downloads\myps\data\bin\abilityrequirementexport.bin,byte 55206,Inferred requirement reference because ExtData[*].Val6 matches a known RequirementId row in abilityrequirementexport.bin.
25132,Inbound,Requirement,25133,Requirement 25133,ExtData[3].Val6,3,25132,,,C:\Users\Admin\Downloads\myps\data\bin\abilityrequirementexport.bin,byte 55206,Inferred requirement reference because ExtData[*].Val6 matches a known RequirementId row in abilityrequirementexport.bin.
25133,Inbound,Requirement,25134,Requirement 25134,ExtData[3].Val6,3,25133,,,C:\Users\Admin\Downloads\myps\data\bin\abilityrequirementexport.bin,byte 55364,Inferred requirement reference because ExtData[*].Val6 matches a known RequirementId row in abilityrequirementexport.bin.
25133,Outbound,Requirement,25133,Requirement 25133,ExtData[0].Val6,0,25129,,,C:\Users\Admin\Downloads\myps\data\bin\abilityrequirementexport.bin,byte 55206,Inferred requirement reference because ExtData[*].Val6 matches a known RequirementId row in abilityrequirementexport.bin.
25133,Outbound,Requirement,25133,Requirement 25133,ExtData[1].Val6,1,25130,,,C:\Users\Admin\Downloads\myps\data\bin\abilityrequirementexport.bin,byte 55206,Inferred requirement reference because ExtData[*].Val6 matches a known RequirementId row in abilityrequirementexport.bin.
25133,Outbound,Requirement,25133,Requirement 25133,ExtData[2].Val6,2,25131,,,C:\Users\Admin\Downloads\myps\data\bin\abilityrequirementexport.bin,byte 55206,Inferred requirement reference because ExtData[*].Val6 matches a known RequirementId row in abilityrequirementexport.bin.
25133,Outbound,Requirement,25133,Requirement 25133,ExtData[3].Val6,3,25132,,,C:\Users\Admin\Downloads\myps\data\bin\abilityrequirementexport.bin,byte 55206,Inferred requirement reference because ExtData[*].Val6 matches a known RequirementId row in abilityrequirementexport.bin.
25134,Inbound,Ability,24727,Ability 24727 (Pass Relic),ExtData[1].Val6,1,25134,24727 (Pass Relic),,C:\Users\Admin\Downloads\myps\data\bin\abilityexport.bin,byte 1974468,Inferred requirement reference because ExtData[*].Val6 matches a known RequirementId row in abilityrequirementexport.bin.
25134,Outbound,Requirement,25134,Requirement 25134,ExtData[3].Val6,3,25133,,,C:\Users\Admin\Downloads\myps\data\bin\abilityrequirementexport.bin,byte 55364,Inferred requirement reference because ExtData[*].Val6 matches a known RequirementId row in abilityrequirementexport.bin.
25473,Inbound,Ability,1830,Ability 1830 (Squig Armor),ExtData[0].Val6,0,25473,1830 (Squig Armor),,C:\Users\Admin\Downloads\myps\data\bin\abilityexport.bin,byte 1153662,Inferred requirement reference because ExtData[*].Val6 matches a known RequirementId row in abilityrequirementexport.bin.
25473,Inbound,Ability,8394,Ability 8394 (Gift of Savagery),ExtData[1].Val6,1,25473,8394 (Gift of Savagery),Damage,C:\Users\Admin\Downloads\myps\data\bin\abilityexport.bin,byte 1230938,Inferred requirement reference because ExtData[*].Val6 matches a known RequirementId row in abilityrequirementexport.bin.
25473,Inbound,Ability,8398,Ability 8398 (Gift of Brutality),ExtData[1].Val6,1,25473,8398 (Gift of Brutality),Damage,C:\Users\Admin\Downloads\myps\data\bin\abilityexport.bin,byte 1231846,Inferred requirement reference because ExtData[*].Val6 matches a known RequirementId row in abilityrequirementexport.bin.
25473,Inbound,Ability,8403,Ability 8403 (Gift of Monstrosity),ExtData[1].Val6,1,25473,8403 (Gift of Monstrosity),Heal,C:\Users\Admin\Downloads\myps\data\bin\abilityexport.bin,byte 1232948,Inferred requirement reference because ExtData[*].Val6 matches a known RequirementId row in abilityrequirementexport.bin.
25473,Inbound,Ability,9080,Ability 9080 (Scout Stance),ExtData[1].Val6,1,25473,9080 (Scout Stance),,C:\Users\Admin\Downloads\myps\data\bin\abilityexport.bin,byte 1277480,Inferred requirement reference because ExtData[*].Val6 matches a known RequirementId row in abilityrequirementexport.bin.
25473,Inbound,Ability,9090,Ability 9090 (Assault Stance),ExtData[1].Val6,1,25473,9090 (Assault Stance),,C:\Users\Admin\Downloads\myps\data\bin\abilityexport.bin,byte 1279618,Inferred requirement reference because ExtData[*].Val6 matches a known RequirementId row in abilityrequirementexport.bin.
25473,Inbound,Ability,9094,Ability 9094 (Skirmish Stance),ExtData[1].Val6,1,25473,9094 (Skirmish Stance),,C:\Users\Admin\Downloads\myps\data\bin\abilityexport.bin,byte 1280493,Inferred requirement reference because ExtData[*].Val6 matches a known RequirementId row in abilityrequirementexport.bin.
25473,Inbound,Ability,9393,Ability 9393 (Shadow Prowler),ExtData[0].Val6,0,25473,9393 (Shadow Prowler),,C:\Users\Admin\Downloads\myps\data\bin\abilityexport.bin,byte 1322631,Inferred requirement reference because ExtData[*].Val6 matches a known RequirementId row in abilityrequirementexport.bin.
25473,Inbound,Ability,27950,Ability 27950 (Play-As-Monster Master Client Controller),ExtData[0].Val6,0,25473,27950 (Play-As-Monster Master Client Controller),,C:\Users\Admin\Downloads\myps\data\bin\abilityexport.bin,byte 1002423,Inferred requirement reference because ExtData[*].Val6 matches a known RequirementId row in abilityrequirementexport.bin.
32825,Inbound,Ability,23642,Ability 23642 (Deploy Ram),ExtData[0].Val6,0,32825,23642 (Deploy Ram),,C:\Users\Admin\Downloads\myps\data\bin\abilityexport.bin,byte 1862212,Inferred requirement reference because ExtData[*].Val6 matches a known RequirementId row in abilityrequirementexport.bin.
32826,Inbound,Ability,23642,Ability 23642 (Deploy Ram),ExtData[1].Val6,1,32826,23642 (Deploy Ram),,C:\Users\Admin\Downloads\myps\data\bin\abilityexport.bin,byte 1862212,Inferred requirement reference because ExtData[*].Val6 matches a known RequirementId row in abilityrequirementexport.bin.
32826,Inbound,Component,16487,Component 16487 (SERVER_COMMAND),ExtData[0].Val6,0,32826,23642 (Deploy Ram),,C:\Users\Admin\Downloads\myps\data\bin\abilitycomponentexport.bin,byte 2332812,Inferred requirement reference because ExtData[*].Val6 matches a known RequirementId row in abilityrequirementexport.bin.
32875,Inbound,Ability,23648,Ability 23648 (Deploy Ram),ExtData[0].Val6,0,32875,23648 (Deploy Ram),,C:\Users\Admin\Downloads\myps\data\bin\abilityexport.bin,byte 1863607,Inferred requirement reference because ExtData[*].Val6 matches a known RequirementId row in abilityrequirementexport.bin.
32876,Inbound,Ability,23648,Ability 23648 (Deploy Ram),ExtData[1].Val6,1,32876,23648 (Deploy Ram),,C:\Users\Admin\Downloads\myps\data\bin\abilityexport.bin,byte 1863607,Inferred requirement reference because ExtData[*].Val6 matches a known RequirementId row in abilityrequirementexport.bin.
32876,Inbound,Component,16493,Component 16493 (SERVER_COMMAND),ExtData[0].Val6,0,32876,23648 (Deploy Ram),,C:\Users\Admin\Downloads\myps\data\bin\abilitycomponentexport.bin,byte 2333742,Inferred requirement reference because ExtData[*].Val6 matches a known RequirementId row in abilityrequirementexport.bin.
32899,Inbound,Ability,23644,Ability 23644 (Deploy Cannon),ExtData[0].Val6,0,32899,23644 (Deploy Cannon),,C:\Users\Admin\Downloads\myps\data\bin\abilityexport.bin,byte 1862699,Inferred requirement reference because ExtData[*].Val6 matches a known RequirementId row in abilityrequirementexport.bin.
32899,Inbound,Ability,23646,Ability 23646 (Deploy Organ Gun),ExtData[0].Val6,0,32899,23646 (Deploy Organ Gun),,C:\Users\Admin\Downloads\myps\data\bin\abilityexport.bin,byte 1863153,Inferred requirement reference because ExtData[*].Val6 matches a known RequirementId row in abilityrequirementexport.bin.
32899,Inbound,Ability,23650,Ability 23650 (Deploy Supa-Chucka),ExtData[0].Val6,0,32899,23650 (Deploy Supa-Chucka),,C:\Users\Admin\Downloads\myps\data\bin\abilityexport.bin,byte 1864094,Inferred requirement reference because ExtData[*].Val6 matches a known RequirementId row in abilityrequirementexport.bin.
32899,Inbound,Ability,23652,Ability 23652 (Deploy Orcapult),ExtData[0].Val6,0,32899,23652 (Deploy Orcapult),,C:\Users\Admin\Downloads\myps\data\bin\abilityexport.bin,byte 1864548,Inferred requirement reference because ExtData[*].Val6 matches a known RequirementId row in abilityrequirementexport.bin.
32925,Inbound,Ability,24746,Ability 24746 (Deploy Ram),ExtData[0].Val6,0,32925,24746 (Deploy Ram),,C:\Users\Admin\Downloads\myps\data\bin\abilityexport.bin,byte 1978517,Inferred requirement reference because ExtData[*].Val6 matches a known RequirementId row in abilityrequirementexport.bin.
32926,Inbound,Ability,24746,Ability 24746 (Deploy Ram),ExtData[1].Val6,1,32926,24746 (Deploy Ram),,C:\Users\Admin\Downloads\myps\data\bin\abilityexport.bin,byte 1978517,Inferred requirement reference because ExtData[*].Val6 matches a known RequirementId row in abilityrequirementexport.bin.
32926,Inbound,Component,26474,Component 26474 (SERVER_COMMAND),ExtData[0].Val6,0,32926,24746 (Deploy Ram),,C:\Users\Admin\Downloads\myps\data\bin\abilitycomponentexport.bin,byte 2819212,Inferred requirement reference because ExtData[*].Val6 matches a known RequirementId row in abilityrequirementexport.bin.
32975,Inbound,Ability,24752,Ability 24752 (Deploy Ram),ExtData[0].Val6,0,32975,24752 (Deploy Ram),,C:\Users\Admin\Downloads\myps\data\bin\abilityexport.bin,byte 1979912,Inferred requirement reference because ExtData[*].Val6 matches a known RequirementId row in abilityrequirementexport.bin.
32976,Inbound,Ability,24752,Ability 24752 (Deploy Ram),ExtData[1].Val6,1,32976,24752 (Deploy Ram),,C:\Users\Admin\Downloads\myps\data\bin\abilityexport.bin,byte 1979912,Inferred requirement reference because ExtData[*].Val6 matches a known RequirementId row in abilityrequirementexport.bin.
32976,Inbound,Component,26480,Component 26480 (SERVER_COMMAND),ExtData[0].Val6,0,32976,24752 (Deploy Ram),,C:\Users\Admin\Downloads\myps\data\bin\abilitycomponentexport.bin,byte 2820142,Inferred requirement reference because ExtData[*].Val6 matches a known RequirementId row in abilityrequirementexport.bin.
32999,Inbound,Ability,24748,Ability 24748 (Deploy Cannon),ExtData[0].Val6,0,32999,24748 (Deploy Cannon),,C:\Users\Admin\Downloads\myps\data\bin\abilityexport.bin,byte 1979004,Inferred requirement reference because ExtData[*].Val6 matches a known RequirementId row in abilityrequirementexport.bin.
32999,Inbound,Ability,24750,Ability 24750 (Deploy Hellblaster),ExtData[0].Val6,0,32999,24750 (Deploy Hellblaster),,C:\Users\Admin\Downloads\myps\data\bin\abilityexport.bin,byte 1979458,Inferred requirement reference because ExtData[*].Val6 matches a known RequirementId row in abilityrequirementexport.bin.
32999,Inbound,Ability,24754,Ability 24754 (Deploy Hellcannon),ExtData[0].Val6,0,32999,24754 (Deploy Hellcannon),,C:\Users\Admin\Downloads\myps\data\bin\abilityexport.bin,byte 1980399,Inferred requirement reference because ExtData[*].Val6 matches a known RequirementId row in abilityrequirementexport.bin.
32999,Inbound,Ability,24756,Ability 24756 (Deploy Tri-Barrel Hellcannon),ExtData[0].Val6,0,32999,24756 (Deploy Tri-Barrel Hellcannon),,C:\Users\Admin\Downloads\myps\data\bin\abilityexport.bin,byte 1980853,Inferred requirement reference because ExtData[*].Val6 matches a known RequirementId row in abilityrequirementexport.bin.
33025,Inbound,Ability,23678,Ability 23678 (Deploy Ram),ExtData[0].Val6,0,33025,23678 (Deploy Ram),,C:\Users\Admin\Downloads\myps\data\bin\abilityexport.bin,byte 1870582,Inferred requirement reference because ExtData[*].Val6 matches a known RequirementId row in abilityrequirementexport.bin.
33026,Inbound,Ability,23678,Ability 23678 (Deploy Ram),ExtData[1].Val6,1,33026,23678 (Deploy Ram),,C:\Users\Admin\Downloads\myps\data\bin\abilityexport.bin,byte 1870582,Inferred requirement reference because ExtData[*].Val6 matches a known RequirementId row in abilityrequirementexport.bin.
33026,Inbound,Component,16575,Component 16575 (SERVER_COMMAND),ExtData[0].Val6,0,33026,23678 (Deploy Ram),,C:\Users\Admin\Downloads\myps\data\bin\abilitycomponentexport.bin,byte 2346229,Inferred requirement reference because ExtData[*].Val6 matches a known RequirementId row in abilityrequirementexport.bin.
33075,Inbound,Ability,23684,Ability 23684 (Deploy Ram),ExtData[0].Val6,0,33075,23684 (Deploy Ram),,C:\Users\Admin\Downloads\myps\data\bin\abilityexport.bin,byte 1871977,Inferred requirement reference because ExtData[*].Val6 matches a known RequirementId row in abilityrequirementexport.bin.
33076,Inbound,Ability,23684,Ability 23684 (Deploy Ram),ExtData[1].Val6,1,33076,23684 (Deploy Ram),,C:\Users\Admin\Downloads\myps\data\bin\abilityexport.bin,byte 1871977,Inferred requirement reference because ExtData[*].Val6 matches a known RequirementId row in abilityrequirementexport.bin.
33076,Inbound,Component,16581,Component 16581 (SERVER_COMMAND),ExtData[0].Val6,0,33076,23684 (Deploy Ram),,C:\Users\Admin\Downloads\myps\data\bin\abilitycomponentexport.bin,byte 2347159,Inferred requirement reference because ExtData[*].Val6 matches a known RequirementId row in abilityrequirementexport.bin.
33099,Inbound,Ability,23680,Ability 23680 (Deploy Ballista),ExtData[0].Val6,0,33099,23680 (Deploy Ballista),,C:\Users\Admin\Downloads\myps\data\bin\abilityexport.bin,byte 1871069,Inferred requirement reference because ExtData[*].Val6 matches a known RequirementId row in abilityrequirementexport.bin.
33099,Inbound,Ability,23682,Ability 23682 (Deploy Bolt Thrower),ExtData[0].Val6,0,33099,23682 (Deploy Bolt Thrower),,C:\Users\Admin\Downloads\myps\data\bin\abilityexport.bin,byte 1871523,Inferred requirement reference because ExtData[*].Val6 matches a known RequirementId row in abilityrequirementexport.bin.
33099,Inbound,Ability,23686,Ability 23686 (Deploy Ballista),ExtData[0].Val6,0,33099,23686 (Deploy Ballista),,C:\Users\Admin\Downloads\myps\data\bin\abilityexport.bin,byte 1872464,Inferred requirement reference because ExtData[*].Val6 matches a known RequirementId row in abilityrequirementexport.bin.
33099,Inbound,Ability,23688,Ability 23688 (Deploy Bolt Thrower),ExtData[0].Val6,0,33099,23688 (Deploy Bolt Thrower),,C:\Users\Admin\Downloads\myps\data\bin\abilityexport.bin,byte 1872918,Inferred requirement reference because ExtData[*].Val6 matches a known RequirementId row in abilityrequirementexport.bin.
33125,Inbound,Ability,23654,Ability 23654 (Deploy Ram),ExtData[0].Val6,0,33125,23654 (Deploy Ram),,C:\Users\Admin\Downloads\myps\data\bin\abilityexport.bin,byte 1865002,Inferred requirement reference because ExtData[*].Val6 matches a known RequirementId row in abilityrequirementexport.bin.
33126,Inbound,Ability,23654,Ability 23654 (Deploy Ram),ExtData[1].Val6,1,33126,23654 (Deploy Ram),,C:\Users\Admin\Downloads\myps\data\bin\abilityexport.bin,byte 1865002,Inferred requirement reference because ExtData[*].Val6 matches a known RequirementId row in abilityrequirementexport.bin.
33175,Inbound,Ability,23660,Ability 23660 (Deploy Ram),ExtData[0].Val6,0,33175,23660 (Deploy Ram),,C:\Users\Admin\Downloads\myps\data\bin\abilityexport.bin,byte 1866397,Inferred requirement reference because ExtData[*].Val6 matches a known RequirementId row in abilityrequirementexport.bin.
33176,Inbound,Ability,23660,Ability 23660 (Deploy Ram),ExtData[1].Val6,1,33176,23660 (Deploy Ram),,C:\Users\Admin\Downloads\myps\data\bin\abilityexport.bin,byte 1866397,Inferred requirement reference because ExtData[*].Val6 matches a known RequirementId row in abilityrequirementexport.bin.
33199,Inbound,Ability,23656,Ability 23656 (Deploy Cannon),ExtData[0].Val6,0,33199,23656 (Deploy Cannon),,C:\Users\Admin\Downloads\myps\data\bin\abilityexport.bin,byte 1865489,Inferred requirement reference because ExtData[*].Val6 matches a known RequirementId row in abilityrequirementexport.bin.
33199,Inbound,Ability,23658,Ability 23658 (Deploy Organ Gun),ExtData[0].Val6,0,33199,23658 (Deploy Organ Gun),,C:\Users\Admin\Downloads\myps\data\bin\abilityexport.bin,byte 1865943,Inferred requirement reference because ExtData[*].Val6 matches a known RequirementId row in abilityrequirementexport.bin.
33199,Inbound,Ability,23662,Ability 23662 (Deploy Supa-Chucka),ExtData[0].Val6,0,33199,23662 (Deploy Supa-Chucka),,C:\Users\Admin\Downloads\myps\data\bin\abilityexport.bin,byte 1866884,Inferred requirement reference because ExtData[*].Val6 matches a known RequirementId row in abilityrequirementexport.bin.
33199,Inbound,Ability,23664,Ability 23664 (Deploy Orcapult),ExtData[0].Val6,0,33199,23664 (Deploy Orcapult),,C:\Users\Admin\Downloads\myps\data\bin\abilityexport.bin,byte 1867338,Inferred requirement reference because ExtData[*].Val6 matches a known RequirementId row in abilityrequirementexport.bin.
33225,Inbound,Ability,24662,Ability 24662 (Deploy Ram),ExtData[0].Val6,0,33225,24662 (Deploy Ram),,C:\Users\Admin\Downloads\myps\data\bin\abilityexport.bin,byte 1961099,Inferred requirement reference because ExtData[*].Val6 matches a known RequirementId row in abilityrequirementexport.bin.
33226,Inbound,Ability,24662,Ability 24662 (Deploy Ram),ExtData[1].Val6,1,33226,24662 (Deploy Ram),,C:\Users\Admin\Downloads\myps\data\bin\abilityexport.bin,byte 1961099,Inferred requirement reference because ExtData[*].Val6 matches a known RequirementId row in abilityrequirementexport.bin.
33275,Inbound,Ability,24668,Ability 24668 (Deploy Ram),ExtData[0].Val6,0,33275,24668 (Deploy Ram),,C:\Users\Admin\Downloads\myps\data\bin\abilityexport.bin,byte 1962494,Inferred requirement reference because ExtData[*].Val6 matches a known RequirementId row in abilityrequirementexport.bin.
33276,Inbound,Ability,24668,Ability 24668 (Deploy Ram),ExtData[1].Val6,1,33276,24668 (Deploy Ram),,C:\Users\Admin\Downloads\myps\data\bin\abilityexport.bin,byte 1962494,Inferred requirement reference because ExtData[*].Val6 matches a known RequirementId row in abilityrequirementexport.bin.
33299,Inbound,Ability,24664,Ability 24664 (Deploy Cannon),ExtData[0].Val6,0,33299,24664 (Deploy Cannon),,C:\Users\Admin\Downloads\myps\data\bin\abilityexport.bin,byte 1961586,Inferred requirement reference because ExtData[*].Val6 matches a known RequirementId row in abilityrequirementexport.bin.
33299,Inbound,Ability,24666,Ability 24666 (Deploy Hellblaster),ExtData[0].Val6,0,33299,24666 (Deploy Hellblaster),,C:\Users\Admin\Downloads\myps\data\bin\abilityexport.bin,byte 1962040,Inferred requirement reference because ExtData[*].Val6 matches a known RequirementId row in abilityrequirementexport.bin.
33299,Inbound,Ability,24670,Ability 24670 (Deploy Hellcannon),ExtData[0].Val6,0,33299,24670 (Deploy Hellcannon),,C:\Users\Admin\Downloads\myps\data\bin\abilityexport.bin,byte 1962981,Inferred requirement reference because ExtData[*].Val6 matches a known RequirementId row in abilityrequirementexport.bin.
33299,Inbound,Ability,24672,Ability 24672 (Deploy Tri-Barrel Hellcannon),ExtData[0].Val6,0,33299,24672 (Deploy Tri-Barrel Hellcannon),,C:\Users\Admin\Downloads\myps\data\bin\abilityexport.bin,byte 1963435,Inferred requirement reference because ExtData[*].Val6 matches a known RequirementId row in abilityrequirementexport.bin.
33325,Inbound,Ability,23936,Ability 23936 (Deploy Ram),ExtData[0].Val6,0,33325,23936 (Deploy Ram),,C:\Users\Admin\Downloads\myps\data\bin\abilityexport.bin,byte 1919345,Inferred requirement reference because ExtData[*].Val6 matches a known RequirementId row in abilityrequirementexport.bin.
33326,Inbound,Ability,23936,Ability 23936 (Deploy Ram),ExtData[1].Val6,1,33326,23936 (Deploy Ram),,C:\Users\Admin\Downloads\myps\data\bin\abilityexport.bin,byte 1919345,Inferred requirement reference because ExtData[*].Val6 matches a known RequirementId row in abilityrequirementexport.bin.
33375,Inbound,Ability,23942,Ability 23942 (Deploy Ram),ExtData[0].Val6,0,33375,23942 (Deploy Ram),,C:\Users\Admin\Downloads\myps\data\bin\abilityexport.bin,byte 1920740,Inferred requirement reference because ExtData[*].Val6 matches a known RequirementId row in abilityrequirementexport.bin.
33376,Inbound,Ability,23942,Ability 23942 (Deploy Ram),ExtData[1].Val6,1,33376,23942 (Deploy Ram),,C:\Users\Admin\Downloads\myps\data\bin\abilityexport.bin,byte 1920740,Inferred requirement reference because ExtData[*].Val6 matches a known RequirementId row in abilityrequirementexport.bin.
33399,Inbound,Ability,23938,Ability 23938 (Deploy Ballista),ExtData[0].Val6,0,33399,23938 (Deploy Ballista),,C:\Users\Admin\Downloads\myps\data\bin\abilityexport.bin,byte 1919832,Inferred requirement reference because ExtData[*].Val6 matches a known RequirementId row in abilityrequirementexport.bin.
33399,Inbound,Ability,23940,Ability 23940 (Deploy Bolt Thrower),ExtData[0].Val6,0,33399,23940 (Deploy Bolt Thrower),,C:\Users\Admin\Downloads\myps\data\bin\abilityexport.bin,byte 1920286,Inferred requirement reference because ExtData[*].Val6 matches a known RequirementId row in abilityrequirementexport.bin.
33399,Inbound,Ability,23944,Ability 23944 (Deploy Ballista),ExtData[0].Val6,0,33399,23944 (Deploy Ballista),,C:\Users\Admin\Downloads\myps\data\bin\abilityexport.bin,byte 1921227,Inferred requirement reference because ExtData[*].Val6 matches a known RequirementId row in abilityrequirementexport.bin.
33399,Inbound,Ability,23946,Ability 23946 (Deploy Bolt Thrower),ExtData[0].Val6,0,33399,23946 (Deploy Bolt Thrower),,C:\Users\Admin\Downloads\myps\data\bin\abilityexport.bin,byte 1921681,Inferred requirement reference because ExtData[*].Val6 matches a known RequirementId row in abilityrequirementexport.bin.
33525,Inbound,Ability,23666,Ability 23666 (Deploy Ram),ExtData[0].Val6,0,33525,23666 (Deploy Ram),,C:\Users\Admin\Downloads\myps\data\bin\abilityexport.bin,byte 1867792,Inferred requirement reference because ExtData[*].Val6 matches a known RequirementId row in abilityrequirementexport.bin.
33526,Inbound,Ability,23666,Ability 23666 (Deploy Ram),ExtData[1].Val6,1,33526,23666 (Deploy Ram),,C:\Users\Admin\Downloads\myps\data\bin\abilityexport.bin,byte 1867792,Inferred requirement reference because ExtData[*].Val6 matches a known RequirementId row in abilityrequirementexport.bin.
33575,Inbound,Ability,23672,Ability 23672 (Deploy Ram),ExtData[0].Val6,0,33575,23672 (Deploy Ram),,C:\Users\Admin\Downloads\myps\data\bin\abilityexport.bin,byte 1869187,Inferred requirement reference because ExtData[*].Val6 matches a known RequirementId row in abilityrequirementexport.bin.
33576,Inbound,Ability,23672,Ability 23672 (Deploy Ram),ExtData[1].Val6,1,33576,23672 (Deploy Ram),,C:\Users\Admin\Downloads\myps\data\bin\abilityexport.bin,byte 1869187,Inferred requirement reference because ExtData[*].Val6 matches a known RequirementId row in abilityrequirementexport.bin.
33599,Inbound,Ability,23668,Ability 23668 (Deploy Cannon),ExtData[0].Val6,0,33599,23668 (Deploy Cannon),,C:\Users\Admin\Downloads\myps\data\bin\abilityexport.bin,byte 1868279,Inferred requirement reference because ExtData[*].Val6 matches a known RequirementId row in abilityrequirementexport.bin.
33599,Inbound,Ability,23670,Ability 23670 (Deploy Organ Gun),ExtData[0].Val6,0,33599,23670 (Deploy Organ Gun),,C:\Users\Admin\Downloads\myps\data\bin\abilityexport.bin,byte 1868733,Inferred requirement reference because ExtData[*].Val6 matches a known RequirementId row in abilityrequirementexport.bin.
33599,Inbound,Ability,23674,Ability 23674 (Deploy Supa-Chucka),ExtData[0].Val6,0,33599,23674 (Deploy Supa-Chucka),,C:\Users\Admin\Downloads\myps\data\bin\abilityexport.bin,byte 1869674,Inferred requirement reference because ExtData[*].Val6 matches a known RequirementId row in abilityrequirementexport.bin.
33599,Inbound,Ability,23676,Ability 23676 (Deploy Orcapult),ExtData[0].Val6,0,33599,23676 (Deploy Orcapult),,C:\Users\Admin\Downloads\myps\data\bin\abilityexport.bin,byte 1870128,Inferred requirement reference because ExtData[*].Val6 matches a known RequirementId row in abilityrequirementexport.bin.
33625,Inbound,Ability,23912,Ability 23912 (Deploy Ram),ExtData[0].Val6,0,33625,23912 (Deploy Ram),,C:\Users\Admin\Downloads\myps\data\bin\abilityexport.bin,byte 1913765,Inferred requirement reference because ExtData[*].Val6 matches a known RequirementId row in abilityrequirementexport.bin.
33626,Inbound,Ability,23912,Ability 23912 (Deploy Ram),ExtData[1].Val6,1,33626,23912 (Deploy Ram),,C:\Users\Admin\Downloads\myps\data\bin\abilityexport.bin,byte 1913765,Inferred requirement reference because ExtData[*].Val6 matches a known RequirementId row in abilityrequirementexport.bin.
33675,Inbound,Ability,23918,Ability 23918 (Deploy Ram),ExtData[0].Val6,0,33675,23918 (Deploy Ram),,C:\Users\Admin\Downloads\myps\data\bin\abilityexport.bin,byte 1915160,Inferred requirement reference because ExtData[*].Val6 matches a known RequirementId row in abilityrequirementexport.bin.
33676,Inbound,Ability,23918,Ability 23918 (Deploy Ram),ExtData[1].Val6,1,33676,23918 (Deploy Ram),,C:\Users\Admin\Downloads\myps\data\bin\abilityexport.bin,byte 1915160,Inferred requirement reference because ExtData[*].Val6 matches a known RequirementId row in abilityrequirementexport.bin.
33699,Inbound,Ability,23914,Ability 23914 (Deploy Cannon),ExtData[0].Val6,0,33699,23914 (Deploy Cannon),,C:\Users\Admin\Downloads\myps\data\bin\abilityexport.bin,byte 1914252,Inferred requirement reference because ExtData[*].Val6 matches a known RequirementId row in abilityrequirementexport.bin.
33699,Inbound,Ability,23916,Ability 23916 (Deploy Organ Gun),ExtData[0].Val6,0,33699,23916 (Deploy Organ Gun),,C:\Users\Admin\Downloads\myps\data\bin\abilityexport.bin,byte 1914706,Inferred requirement reference because ExtData[*].Val6 matches a known RequirementId row in abilityrequirementexport.bin.
33699,Inbound,Ability,23920,Ability 23920 (Deploy Supa-Chucka),ExtData[0].Val6,0,33699,23920 (Deploy Supa-Chucka),,C:\Users\Admin\Downloads\myps\data\bin\abilityexport.bin,byte 1915647,Inferred requirement reference because ExtData[*].Val6 matches a known RequirementId row in abilityrequirementexport.bin.
33699,Inbound,Ability,23922,Ability 23922 (Deploy Orcapult),ExtData[0].Val6,0,33699,23922 (Deploy Orcapult),,C:\Users\Admin\Downloads\myps\data\bin\abilityexport.bin,byte 1916101,Inferred requirement reference because ExtData[*].Val6 matches a known RequirementId row in abilityrequirementexport.bin.
33725,Inbound,Ability,23924,Ability 23924 (Deploy Ram),ExtData[0].Val6,0,33725,23924 (Deploy Ram),,C:\Users\Admin\Downloads\myps\data\bin\abilityexport.bin,byte 1916555,Inferred requirement reference because ExtData[*].Val6 matches a known RequirementId row in abilityrequirementexport.bin.
33726,Inbound,Ability,23924,Ability 23924 (Deploy Ram),ExtData[1].Val6,1,33726,23924 (Deploy Ram),,C:\Users\Admin\Downloads\myps\data\bin\abilityexport.bin,byte 1916555,Inferred requirement reference because ExtData[*].Val6 matches a known RequirementId row in abilityrequirementexport.bin.
33775,Inbound,Ability,23930,Ability 23930 (Deploy Ram),ExtData[0].Val6,0,33775,23930 (Deploy Ram),,C:\Users\Admin\Downloads\myps\data\bin\abilityexport.bin,byte 1917950,Inferred requirement reference because ExtData[*].Val6 matches a known RequirementId row in abilityrequirementexport.bin.
33776,Inbound,Ability,23930,Ability 23930 (Deploy Ram),ExtData[1].Val6,1,33776,23930 (Deploy Ram),,C:\Users\Admin\Downloads\myps\data\bin\abilityexport.bin,byte 1917950,Inferred requirement reference because ExtData[*].Val6 matches a known RequirementId row in abilityrequirementexport.bin.
33799,Inbound,Ability,23926,Ability 23926 (Deploy Cannon),ExtData[0].Val6,0,33799,23926 (Deploy Cannon),,C:\Users\Admin\Downloads\myps\data\bin\abilityexport.bin,byte 1917042,Inferred requirement reference because ExtData[*].Val6 matches a known RequirementId row in abilityrequirementexport.bin.
33799,Inbound,Ability,23928,Ability 23928 (Deploy Organ Gun),ExtData[0].Val6,0,33799,23928 (Deploy Organ Gun),,C:\Users\Admin\Downloads\myps\data\bin\abilityexport.bin,byte 1917496,Inferred requirement reference because ExtData[*].Val6 matches a known RequirementId row in abilityrequirementexport.bin.
33799,Inbound,Ability,23932,Ability 23932 (Deploy Supa-Chucka),ExtData[0].Val6,0,33799,23932 (Deploy Supa-Chucka),,C:\Users\Admin\Downloads\myps\data\bin\abilityexport.bin,byte 1918437,Inferred requirement reference because ExtData[*].Val6 matches a known RequirementId row in abilityrequirementexport.bin.
33799,Inbound,Ability,23934,Ability 23934 (Deploy Orcapult),ExtData[0].Val6,0,33799,23934 (Deploy Orcapult),,C:\Users\Admin\Downloads\myps\data\bin\abilityexport.bin,byte 1918891,Inferred requirement reference because ExtData[*].Val6 matches a known RequirementId row in abilityrequirementexport.bin.
33825,Inbound,Ability,24758,Ability 24758 (Deploy Ram),ExtData[0].Val6,0,33825,24758 (Deploy Ram),,C:\Users\Admin\Downloads\myps\data\bin\abilityexport.bin,byte 1981307,Inferred requirement reference because ExtData[*].Val6 matches a known RequirementId row in abilityrequirementexport.bin.
33826,Inbound,Ability,24758,Ability 24758 (Deploy Ram),ExtData[1].Val6,1,33826,24758 (Deploy Ram),,C:\Users\Admin\Downloads\myps\data\bin\abilityexport.bin,byte 1981307,Inferred requirement reference because ExtData[*].Val6 matches a known RequirementId row in abilityrequirementexport.bin.
33875,Inbound,Ability,24764,Ability 24764 (Deploy Ram),ExtData[0].Val6,0,33875,24764 (Deploy Ram),,C:\Users\Admin\Downloads\myps\data\bin\abilityexport.bin,byte 1982702,Inferred requirement reference because ExtData[*].Val6 matches a known RequirementId row in abilityrequirementexport.bin.
33876,Inbound,Ability,24764,Ability 24764 (Deploy Ram),ExtData[1].Val6,1,33876,24764 (Deploy Ram),,C:\Users\Admin\Downloads\myps\data\bin\abilityexport.bin,byte 1982702,Inferred requirement reference because ExtData[*].Val6 matches a known RequirementId row in abilityrequirementexport.bin.
33899,Inbound,Ability,24760,Ability 24760 (Deploy Cannon),ExtData[0].Val6,0,33899,24760 (Deploy Cannon),,C:\Users\Admin\Downloads\myps\data\bin\abilityexport.bin,byte 1981794,Inferred requirement reference because ExtData[*].Val6 matches a known RequirementId row in abilityrequirementexport.bin.
33899,Inbound,Ability,24762,Ability 24762 (Deploy Hellblaster),ExtData[0].Val6,0,33899,24762 (Deploy Hellblaster),,C:\Users\Admin\Downloads\myps\data\bin\abilityexport.bin,byte 1982248,Inferred requirement reference because ExtData[*].Val6 matches a known RequirementId row in abilityrequirementexport.bin.
33899,Inbound,Ability,24766,Ability 24766 (Deploy Hellcannon),ExtData[0].Val6,0,33899,24766 (Deploy Hellcannon),,C:\Users\Admin\Downloads\myps\data\bin\abilityexport.bin,byte 1983189,Inferred requirement reference because ExtData[*].Val6 matches a known RequirementId row in abilityrequirementexport.bin.
33899,Inbound,Ability,24768,Ability 24768 (Deploy Tri-Barrel Hellcannon),ExtData[0].Val6,0,33899,24768 (Deploy Tri-Barrel Hellcannon),,C:\Users\Admin\Downloads\myps\data\bin\abilityexport.bin,byte 1983643,Inferred requirement reference because ExtData[*].Val6 matches a known RequirementId row in abilityrequirementexport.bin.
33925,Inbound,Ability,24770,Ability 24770 (Deploy Ram),ExtData[0].Val6,0,33925,24770 (Deploy Ram),,C:\Users\Admin\Downloads\myps\data\bin\abilityexport.bin,byte 1984097,Inferred requirement reference because ExtData[*].Val6 matches a known RequirementId row in abilityrequirementexport.bin.
33926,Inbound,Ability,24770,Ability 24770 (Deploy Ram),ExtData[1].Val6,1,33926,24770 (Deploy Ram),,C:\Users\Admin\Downloads\myps\data\bin\abilityexport.bin,byte 1984097,Inferred requirement reference because ExtData[*].Val6 matches a known RequirementId row in abilityrequirementexport.bin.
33975,Inbound,Ability,24776,Ability 24776 (Deploy Ram),ExtData[0].Val6,0,33975,24776 (Deploy Ram),,C:\Users\Admin\Downloads\myps\data\bin\abilityexport.bin,byte 1985492,Inferred requirement reference because ExtData[*].Val6 matches a known RequirementId row in abilityrequirementexport.bin.
33976,Inbound,Ability,24776,Ability 24776 (Deploy Ram),ExtData[1].Val6,1,33976,24776 (Deploy Ram),,C:\Users\Admin\Downloads\myps\data\bin\abilityexport.bin,byte 1985492,Inferred requirement reference because ExtData[*].Val6 matches a known RequirementId row in abilityrequirementexport.bin.
33999,Inbound,Ability,24772,Ability 24772 (Deploy Cannon),ExtData[0].Val6,0,33999,24772 (Deploy Cannon),,C:\Users\Admin\Downloads\myps\data\bin\abilityexport.bin,byte 1984584,Inferred requirement reference because ExtData[*].Val6 matches a known RequirementId row in abilityrequirementexport.bin.
33999,Inbound,Ability,24774,Ability 24774 (Deploy Hellblaster),ExtData[0].Val6,0,33999,24774 (Deploy Hellblaster),,C:\Users\Admin\Downloads\myps\data\bin\abilityexport.bin,byte 1985038,Inferred requirement reference because ExtData[*].Val6 matches a known RequirementId row in abilityrequirementexport.bin.
33999,Inbound,Ability,24778,Ability 24778 (Deploy Hellcannon),ExtData[0].Val6,0,33999,24778 (Deploy Hellcannon),,C:\Users\Admin\Downloads\myps\data\bin\abilityexport.bin,byte 1985979,Inferred requirement reference because ExtData[*].Val6 matches a known RequirementId row in abilityrequirementexport.bin.
33999,Inbound,Ability,24780,Ability 24780 (Deploy Tri-Barrel Hellcannon),ExtData[0].Val6,0,33999,24780 (Deploy Tri-Barrel Hellcannon),,C:\Users\Admin\Downloads\myps\data\bin\abilityexport.bin,byte 1986433,Inferred requirement reference because ExtData[*].Val6 matches a known RequirementId row in abilityrequirementexport.bin.
34025,Inbound,Ability,24782,Ability 24782 (Deploy Ram),ExtData[0].Val6,0,34025,24782 (Deploy Ram),,C:\Users\Admin\Downloads\myps\data\bin\abilityexport.bin,byte 1986887,Inferred requirement reference because ExtData[*].Val6 matches a known RequirementId row in abilityrequirementexport.bin.
34026,Inbound,Ability,24782,Ability 24782 (Deploy Ram),ExtData[1].Val6,1,34026,24782 (Deploy Ram),,C:\Users\Admin\Downloads\myps\data\bin\abilityexport.bin,byte 1986887,Inferred requirement reference because ExtData[*].Val6 matches a known RequirementId row in abilityrequirementexport.bin.
34075,Inbound,Ability,24788,Ability 24788 (Deploy Ram),ExtData[0].Val6,0,34075,24788 (Deploy Ram),,C:\Users\Admin\Downloads\myps\data\bin\abilityexport.bin,byte 1988282,Inferred requirement reference because ExtData[*].Val6 matches a known RequirementId row in abilityrequirementexport.bin.
34076,Inbound,Ability,24788,Ability 24788 (Deploy Ram),ExtData[1].Val6,1,34076,24788 (Deploy Ram),,C:\Users\Admin\Downloads\myps\data\bin\abilityexport.bin,byte 1988282,Inferred requirement reference because ExtData[*].Val6 matches a known RequirementId row in abilityrequirementexport.bin.
34099,Inbound,Ability,24784,Ability 24784 (Deploy Cannon),ExtData[0].Val6,0,34099,24784 (Deploy Cannon),,C:\Users\Admin\Downloads\myps\data\bin\abilityexport.bin,byte 1987374,Inferred requirement reference because ExtData[*].Val6 matches a known RequirementId row in abilityrequirementexport.bin.
34099,Inbound,Ability,24786,Ability 24786 (Deploy Hellblaster),ExtData[0].Val6,0,34099,24786 (Deploy Hellblaster),,C:\Users\Admin\Downloads\myps\data\bin\abilityexport.bin,byte 1987828,Inferred requirement reference because ExtData[*].Val6 matches a known RequirementId row in abilityrequirementexport.bin.
34099,Inbound,Ability,24790,Ability 24790 (Deploy Hellcannon),ExtData[0].Val6,0,34099,24790 (Deploy Hellcannon),,C:\Users\Admin\Downloads\myps\data\bin\abilityexport.bin,byte 1988769,Inferred requirement reference because ExtData[*].Val6 matches a known RequirementId row in abilityrequirementexport.bin.
34099,Inbound,Ability,24792,Ability 24792 (Deploy Tri-Barrel Hellcannon),ExtData[0].Val6,0,34099,24792 (Deploy Tri-Barrel Hellcannon),,C:\Users\Admin\Downloads\myps\data\bin\abilityexport.bin,byte 1989223,Inferred requirement reference because ExtData[*].Val6 matches a known RequirementId row in abilityrequirementexport.bin.
34125,Inbound,Ability,23948,Ability 23948 (Deploy Ram),ExtData[0].Val6,0,34125,23948 (Deploy Ram),,C:\Users\Admin\Downloads\myps\data\bin\abilityexport.bin,byte 1922135,Inferred requirement reference because ExtData[*].Val6 matches a known RequirementId row in abilityrequirementexport.bin.
34126,Inbound,Ability,23948,Ability 23948 (Deploy Ram),ExtData[1].Val6,1,34126,23948 (Deploy Ram),,C:\Users\Admin\Downloads\myps\data\bin\abilityexport.bin,byte 1922135,Inferred requirement reference because ExtData[*].Val6 matches a known RequirementId row in abilityrequirementexport.bin.
34175,Inbound,Ability,23954,Ability 23954 (Deploy Ram),ExtData[0].Val6,0,34175,23954 (Deploy Ram),,C:\Users\Admin\Downloads\myps\data\bin\abilityexport.bin,byte 1923530,Inferred requirement reference because ExtData[*].Val6 matches a known RequirementId row in abilityrequirementexport.bin.
34176,Inbound,Ability,23954,Ability 23954 (Deploy Ram),ExtData[1].Val6,1,34176,23954 (Deploy Ram),,C:\Users\Admin\Downloads\myps\data\bin\abilityexport.bin,byte 1923530,Inferred requirement reference because ExtData[*].Val6 matches a known RequirementId row in abilityrequirementexport.bin.
34199,Inbound,Ability,23950,Ability 23950 (Deploy Ballista),ExtData[0].Val6,0,34199,23950 (Deploy Ballista),,C:\Users\Admin\Downloads\myps\data\bin\abilityexport.bin,byte 1922622,Inferred requirement reference because ExtData[*].Val6 matches a known RequirementId row in abilityrequirementexport.bin.
34199,Inbound,Ability,23952,Ability 23952 (Deploy Bolt Thrower),ExtData[0].Val6,0,34199,23952 (Deploy Bolt Thrower),,C:\Users\Admin\Downloads\myps\data\bin\abilityexport.bin,byte 1923076,Inferred requirement reference because ExtData[*].Val6 matches a known RequirementId row in abilityrequirementexport.bin.
34199,Inbound,Ability,23956,Ability 23956 (Deploy Ballista),ExtData[0].Val6,0,34199,23956 (Deploy Ballista),,C:\Users\Admin\Downloads\myps\data\bin\abilityexport.bin,byte 1924017,Inferred requirement reference because ExtData[*].Val6 matches a known RequirementId row in abilityrequirementexport.bin.
34199,Inbound,Ability,23958,Ability 23958 (Deploy Bolt Thrower),ExtData[0].Val6,0,34199,23958 (Deploy Bolt Thrower),,C:\Users\Admin\Downloads\myps\data\bin\abilityexport.bin,byte 1924471,Inferred requirement reference because ExtData[*].Val6 matches a known RequirementId row in abilityrequirementexport.bin.
34225,Inbound,Ability,23960,Ability 23960 (Deploy Ram),ExtData[0].Val6,0,34225,23960 (Deploy Ram),,C:\Users\Admin\Downloads\myps\data\bin\abilityexport.bin,byte 1924925,Inferred requirement reference because ExtData[*].Val6 matches a known RequirementId row in abilityrequirementexport.bin.
34226,Inbound,Ability,23960,Ability 23960 (Deploy Ram),ExtData[1].Val6,1,34226,23960 (Deploy Ram),,C:\Users\Admin\Downloads\myps\data\bin\abilityexport.bin,byte 1924925,Inferred requirement reference because ExtData[*].Val6 matches a known RequirementId row in abilityrequirementexport.bin.
34275,Inbound,Ability,23966,Ability 23966 (Deploy Ram),ExtData[0].Val6,0,34275,23966 (Deploy Ram),,C:\Users\Admin\Downloads\myps\data\bin\abilityexport.bin,byte 1926320,Inferred requirement reference because ExtData[*].Val6 matches a known RequirementId row in abilityrequirementexport.bin.
34276,Inbound,Ability,23966,Ability 23966 (Deploy Ram),ExtData[1].Val6,1,34276,23966 (Deploy Ram),,C:\Users\Admin\Downloads\myps\data\bin\abilityexport.bin,byte 1926320,Inferred requirement reference because ExtData[*].Val6 matches a known RequirementId row in abilityrequirementexport.bin.
34299,Inbound,Ability,23962,Ability 23962 (Deploy Ballista),ExtData[0].Val6,0,34299,23962 (Deploy Ballista),,C:\Users\Admin\Downloads\myps\data\bin\abilityexport.bin,byte 1925412,Inferred requirement reference because ExtData[*].Val6 matches a known RequirementId row in abilityrequirementexport.bin.
34299,Inbound,Ability,23964,Ability 23964 (Deploy Bolt Thrower),ExtData[0].Val6,0,34299,23964 (Deploy Bolt Thrower),,C:\Users\Admin\Downloads\myps\data\bin\abilityexport.bin,byte 1925866,Inferred requirement reference because ExtData[*].Val6 matches a known RequirementId row in abilityrequirementexport.bin.
34299,Inbound,Ability,23968,Ability 23968 (Deploy Ballista),ExtData[0].Val6,0,34299,23968 (Deploy Ballista),,C:\Users\Admin\Downloads\myps\data\bin\abilityexport.bin,byte 1926807,Inferred requirement reference because ExtData[*].Val6 matches a known RequirementId row in abilityrequirementexport.bin.
34299,Inbound,Ability,23970,Ability 23970 (Deploy Bolt Thrower),ExtData[0].Val6,0,34299,23970 (Deploy Bolt Thrower),,C:\Users\Admin\Downloads\myps\data\bin\abilityexport.bin,byte 1927261,Inferred requirement reference because ExtData[*].Val6 matches a known RequirementId row in abilityrequirementexport.bin.
34325,Inbound,Ability,23972,Ability 23972 (Deploy Ram),ExtData[0].Val6,0,34325,23972 (Deploy Ram),,C:\Users\Admin\Downloads\myps\data\bin\abilityexport.bin,byte 1927715,Inferred requirement reference because ExtData[*].Val6 matches a known RequirementId row in abilityrequirementexport.bin.
34326,Inbound,Ability,23972,Ability 23972 (Deploy Ram),ExtData[1].Val6,1,34326,23972 (Deploy Ram),,C:\Users\Admin\Downloads\myps\data\bin\abilityexport.bin,byte 1927715,Inferred requirement reference because ExtData[*].Val6 matches a known RequirementId row in abilityrequirementexport.bin.
34375,Inbound,Ability,23978,Ability 23978 (Deploy Ram),ExtData[0].Val6,0,34375,23978 (Deploy Ram),,C:\Users\Admin\Downloads\myps\data\bin\abilityexport.bin,byte 1929110,Inferred requirement reference because ExtData[*].Val6 matches a known RequirementId row in abilityrequirementexport.bin.
34376,Inbound,Ability,23978,Ability 23978 (Deploy Ram),ExtData[1].Val6,1,34376,23978 (Deploy Ram),,C:\Users\Admin\Downloads\myps\data\bin\abilityexport.bin,byte 1929110,Inferred requirement reference because ExtData[*].Val6 matches a known RequirementId row in abilityrequirementexport.bin.
34399,Inbound,Ability,23974,Ability 23974 (Deploy Ballista),ExtData[0].Val6,0,34399,23974 (Deploy Ballista),,C:\Users\Admin\Downloads\myps\data\bin\abilityexport.bin,byte 1928202,Inferred requirement reference because ExtData[*].Val6 matches a known RequirementId row in abilityrequirementexport.bin.
34399,Inbound,Ability,23976,Ability 23976 (Deploy Bolt Thrower),ExtData[0].Val6,0,34399,23976 (Deploy Bolt Thrower),,C:\Users\Admin\Downloads\myps\data\bin\abilityexport.bin,byte 1928656,Inferred requirement reference because ExtData[*].Val6 matches a known RequirementId row in abilityrequirementexport.bin.
34399,Inbound,Ability,23980,Ability 23980 (Deploy Ballista),ExtData[0].Val6,0,34399,23980 (Deploy Ballista),,C:\Users\Admin\Downloads\myps\data\bin\abilityexport.bin,byte 1929597,Inferred requirement reference because ExtData[*].Val6 matches a known RequirementId row in abilityrequirementexport.bin.
34399,Inbound,Ability,23982,Ability 23982 (Deploy Bolt Thrower),ExtData[0].Val6,0,34399,23982 (Deploy Bolt Thrower),,C:\Users\Admin\Downloads\myps\data\bin\abilityexport.bin,byte 1930051,Inferred requirement reference because ExtData[*].Val6 matches a known RequirementId row in abilityrequirementexport.bin.
