RequirementId,RecordCount,FieldCount,DirectAbilityCount,DirectComponentCount,ParentRequirementCount,ChildRequirementCount,ContextTags,SampleAbilities,SemanticSummary,Notes
9002,1,9,0,0,0,0,,,No direct ability or component context is decoded yet.,Requirement rows: 1; direct abilities: 0; direct components: 0; parent requirements: 0.
9003,1,4,0,0,0,0,,,No direct ability or component context is decoded yet.,Requirement rows: 1; direct abilities: 0; direct components: 0; parent requirements: 0.
9004,1,11,0,0,0,0,,,No direct ability or component context is decoded yet.,Requirement rows: 1; direct abilities: 0; direct components: 0; parent requirements: 0.
9005,1,10,0,0,0,0,,,No direct ability or component context is decoded yet.,Requirement rows: 1; direct abilities: 0; direct components: 0; parent requirements: 0.
9006,1,10,0,0,0,0,,,No direct ability or component context is decoded yet.,Requirement rows: 1; direct abilities: 0; direct components: 0; parent requirements: 0.
9007,1,5,0,0,0,0,,,No direct ability or component context is decoded yet.,Requirement rows: 1; direct abilities: 0; direct components: 0; parent requirements: 0.
9008,1,10,0,0,0,0,,,No direct ability or component context is decoded yet.,Requirement rows: 1; direct abilities: 0; direct components: 0; parent requirements: 0.
9009,1,17,21,4,0,0,Damage,"241 (Hold The Line!), 611 (Shield Wall), 1361 (Shield Sweep), 1369 (Shield of Reprisal), 1378 (Hold The Line!), 1382 (Oathstone), 1405 (Shield Mastery), 1669 (Tuffer 'n Nails)",Observed in Damage contexts; direct ability usage 21; component sources 4.,"Requirement rows: 1; direct abilities: 21; direct components: 4; parent requirements: 0; sample abilities: 241 (Hold The Line!), 611 (Shield Wall), 1361 (Shield Sweep), 1369 (Shield of Reprisal), 1378 (Hold The Line!), 1382 (Oathstone), 1405 (Shield Mastery), 1669 (Tuffer 'n Nails); context tags: Damage."
9010,1,4,0,0,0,0,,,No direct ability or component context is decoded yet.,Requirement rows: 1; direct abilities: 0; direct components: 0; parent requirements: 0.
9011,1,4,0,0,0,0,,,No direct ability or component context is decoded yet.,Requirement rows: 1; direct abilities: 0; direct components: 0; parent requirements: 0.
9012,1,4,1,1,0,0,,3514 (Distracting Bellow +Threat),direct ability usage 1; component sources 1.,Requirement rows: 1; direct abilities: 1; direct components: 1; parent requirements: 0; sample abilities: 3514 (Distracting Bellow +Threat).
9013,1,9,1,1,0,0,Damage,565 (I Stand Alone),Observed in Damage contexts; direct ability usage 1; component sources 1.,Requirement rows: 1; direct abilities: 1; direct components: 1; parent requirements: 0; sample abilities: 565 (I Stand Alone); context tags: Damage.
9014,1,11,0,0,0,0,,,No direct ability or component context is decoded yet.,Requirement rows: 1; direct abilities: 0; direct components: 0; parent requirements: 0.
9015,1,10,0,1,1,0,,,component sources 1.,Requirement rows: 1; direct abilities: 0; direct components: 1; parent requirements: 1.
9016,1,10,0,0,1,0,,,referenced from 1 parent requirement row(s).,Requirement rows: 1; direct abilities: 0; direct components: 0; parent requirements: 1.
9017,1,12,0,0,1,0,,,referenced from 1 parent requirement row(s).,Requirement rows: 1; direct abilities: 0; direct components: 0; parent requirements: 1.
9018,1,6,0,0,0,0,,,No direct ability or component context is decoded yet.,Requirement rows: 1; direct abilities: 0; direct components: 0; parent requirements: 0.
9019,1,17,0,0,0,3,,,"child requirement ids 9015, 9016, 9017.","Requirement rows: 1; direct abilities: 0; direct components: 0; parent requirements: 0; child requirements: 9015, 9016, 9017."
9020,1,4,0,1,0,0,,,component sources 1.,Requirement rows: 1; direct abilities: 0; direct components: 1; parent requirements: 0.
9021,1,6,0,0,1,0,,,referenced from 1 parent requirement row(s).,Requirement rows: 1; direct abilities: 0; direct components: 0; parent requirements: 1.
9022,1,13,0,0,1,0,,,referenced from 1 parent requirement row(s).,Requirement rows: 1; direct abilities: 0; direct components: 0; parent requirements: 1.
9023,1,6,0,0,1,0,,,referenced from 1 parent requirement row(s).,Requirement rows: 1; direct abilities: 0; direct components: 0; parent requirements: 1.
9024,1,5,0,0,1,0,,,referenced from 1 parent requirement row(s).,Requirement rows: 1; direct abilities: 0; direct components: 0; parent requirements: 1.
9025,1,5,0,0,0,0,,,No direct ability or component context is decoded yet.,Requirement rows: 1; direct abilities: 0; direct components: 0; parent requirements: 0.
9026,1,17,0,0,1,3,,,"child requirement ids 9021, 9022, 9023.","Requirement rows: 1; direct abilities: 0; direct components: 0; parent requirements: 1; child requirements: 9021, 9022, 9023."
9027,1,11,0,0,0,2,,,"child requirement ids 9024, 9026.","Requirement rows: 1; direct abilities: 0; direct components: 0; parent requirements: 0; child requirements: 9024, 9026."
9028,1,14,0,2,0,0,,,component sources 2.,Requirement rows: 1; direct abilities: 0; direct components: 2; parent requirements: 0.
9029,1,4,0,0,0,0,,,No direct ability or component context is decoded yet.,Requirement rows: 1; direct abilities: 0; direct components: 0; parent requirements: 0.
9030,1,14,0,0,0,0,,,No direct ability or component context is decoded yet.,Requirement rows: 1; direct abilities: 0; direct components: 0; parent requirements: 0.
9031,1,10,0,0,0,1,,,child requirement ids 9052.,Requirement rows: 1; direct abilities: 0; direct components: 0; parent requirements: 0; child requirements: 9052.
9032,1,5,0,0,1,0,,,referenced from 1 parent requirement row(s).,Requirement rows: 1; direct abilities: 0; direct components: 0; parent requirements: 1.
9033,1,11,0,0,1,0,,,referenced from 1 parent requirement row(s).,Requirement rows: 1; direct abilities: 0; direct components: 0; parent requirements: 1.
9034,1,5,0,0,1,0,,,referenced from 1 parent requirement row(s).,Requirement rows: 1; direct abilities: 0; direct components: 0; parent requirements: 1.
9035,1,18,0,0,0,3,,,"child requirement ids 9032, 9033, 9034.","Requirement rows: 1; direct abilities: 0; direct components: 0; parent requirements: 0; child requirements: 9032, 9033, 9034."
9036,1,35,0,0,1,0,,,referenced from 1 parent requirement row(s).,Requirement rows: 1; direct abilities: 0; direct components: 0; parent requirements: 1.
9037,1,35,0,0,1,0,,,referenced from 1 parent requirement row(s).,Requirement rows: 1; direct abilities: 0; direct components: 0; parent requirements: 1.
9038,1,11,6,1,0,2,"Damage, Snare","1450 (Retribution), 1463 (No Escape), 1465 (Inevitable Doom), 1762 (Bring It On), 1774 (Wot's Da Rush?), 1776 (Git To Da Choppa)","Observed in Damage, Snare contexts; direct ability usage 6; component sources 1; child requirement ids 9036, 9037.","Requirement rows: 1; direct abilities: 6; direct components: 1; parent requirements: 0; child requirements: 9036, 9037; sample abilities: 1450 (Retribution), 1463 (No Escape), 1465 (Inevitable Doom), 1762 (Bring It On), 1774 (Wot's Da Rush?), 1776 (Git To Da Choppa); context tags: Damage, Snare."
9039,1,9,0,0,0,0,,,No direct ability or component context is decoded yet.,Requirement rows: 1; direct abilities: 0; direct components: 0; parent requirements: 0.
9040,1,4,0,0,0,0,,,No direct ability or component context is decoded yet.,Requirement rows: 1; direct abilities: 0; direct components: 0; parent requirements: 0.
9041,1,9,0,0,0,0,,,No direct ability or component context is decoded yet.,Requirement rows: 1; direct abilities: 0; direct components: 0; parent requirements: 0.
9042,1,5,0,0,0,0,,,No direct ability or component context is decoded yet.,Requirement rows: 1; direct abilities: 0; direct components: 0; parent requirements: 0.
9043,1,9,0,0,1,0,,,referenced from 1 parent requirement row(s).,Requirement rows: 1; direct abilities: 0; direct components: 0; parent requirements: 1.
9044,1,11,0,0,1,0,,,referenced from 1 parent requirement row(s).,Requirement rows: 1; direct abilities: 0; direct components: 0; parent requirements: 1.
9045,1,11,0,0,0,2,,,"child requirement ids 9043, 9044.","Requirement rows: 1; direct abilities: 0; direct components: 0; parent requirements: 0; child requirements: 9043, 9044."
9046,1,10,0,0,0,0,,,No direct ability or component context is decoded yet.,Requirement rows: 1; direct abilities: 0; direct components: 0; parent requirements: 0.
9047,1,10,0,0,0,0,,,No direct ability or component context is decoded yet.,Requirement rows: 1; direct abilities: 0; direct components: 0; parent requirements: 0.
9048,1,9,0,0,0,0,,,No direct ability or component context is decoded yet.,Requirement rows: 1; direct abilities: 0; direct components: 0; parent requirements: 0.
9049,1,9,0,0,0,0,,,No direct ability or component context is decoded yet.,Requirement rows: 1; direct abilities: 0; direct components: 0; parent requirements: 0.
9050,1,15,0,0,0,1,,,child requirement ids 9058.,Requirement rows: 1; direct abilities: 0; direct components: 0; parent requirements: 0; child requirements: 9058.
9051,1,9,0,0,0,0,,,No direct ability or component context is decoded yet.,Requirement rows: 1; direct abilities: 0; direct components: 0; parent requirements: 0.
9052,1,10,0,0,1,0,,,referenced from 1 parent requirement row(s).,Requirement rows: 1; direct abilities: 0; direct components: 0; parent requirements: 1.
9053,1,10,0,0,0,0,,,No direct ability or component context is decoded yet.,Requirement rows: 1; direct abilities: 0; direct components: 0; parent requirements: 0.
9054,1,23,0,0,1,0,,,referenced from 1 parent requirement row(s).,Requirement rows: 1; direct abilities: 0; direct components: 0; parent requirements: 1.
9055,1,14,0,0,0,1,,,child requirement ids 9054.,Requirement rows: 1; direct abilities: 0; direct components: 0; parent requirements: 0; child requirements: 9054.
9056,1,14,0,0,0,0,,,No direct ability or component context is decoded yet.,Requirement rows: 1; direct abilities: 0; direct components: 0; parent requirements: 0.
9057,1,10,1,5,1,0,,3860 (Transference),direct ability usage 1; component sources 5.,Requirement rows: 1; direct abilities: 1; direct components: 5; parent requirements: 1; sample abilities: 3860 (Transference).
9058,1,10,0,0,1,0,,,referenced from 1 parent requirement row(s).,Requirement rows: 1; direct abilities: 0; direct components: 0; parent requirements: 1.
9059,1,9,0,0,0,0,,,No direct ability or component context is decoded yet.,Requirement rows: 1; direct abilities: 0; direct components: 0; parent requirements: 0.
9060,1,10,0,0,1,0,,,referenced from 1 parent requirement row(s).,Requirement rows: 1; direct abilities: 0; direct components: 0; parent requirements: 1.
9061,1,5,0,0,1,0,,,referenced from 1 parent requirement row(s).,Requirement rows: 1; direct abilities: 0; direct components: 0; parent requirements: 1.
9062,1,9,0,0,0,2,,,"child requirement ids 9060, 9061.","Requirement rows: 1; direct abilities: 0; direct components: 0; parent requirements: 0; child requirements: 9060, 9061."
9063,1,5,0,0,0,0,,,No direct ability or component context is decoded yet.,Requirement rows: 1; direct abilities: 0; direct components: 0; parent requirements: 0.
9064,1,5,0,0,0,0,,,No direct ability or component context is decoded yet.,Requirement rows: 1; direct abilities: 0; direct components: 0; parent requirements: 0.
9065,1,9,1,1,0,0,,3948 (Taunt Events),direct ability usage 1; component sources 1.,Requirement rows: 1; direct abilities: 1; direct components: 1; parent requirements: 0; sample abilities: 3948 (Taunt Events).
9066,1,3,4,0,1,0,"Damage, Disarm","8086 (Confess!), 8405 (Death Grip), 8414 (Gut Ripper), 9400 (Sever Limb)","Observed in Damage, Disarm contexts; direct ability usage 4.","Requirement rows: 1; direct abilities: 4; direct components: 0; parent requirements: 1; sample abilities: 8086 (Confess!), 8405 (Death Grip), 8414 (Gut Ripper), 9400 (Sever Limb); context tags: Damage, Disarm."
9067,1,9,0,0,0,0,,,No direct ability or component context is decoded yet.,Requirement rows: 1; direct abilities: 0; direct components: 0; parent requirements: 0.
9068,1,15,0,0,1,1,,,child requirement ids 9069.,Requirement rows: 1; direct abilities: 0; direct components: 0; parent requirements: 1; child requirements: 9069.
9069,1,29,0,0,2,5,,,"child requirement ids 9070, 9071, 9072, 9073, 9084.","Requirement rows: 1; direct abilities: 0; direct components: 0; parent requirements: 2; child requirements: 9070, 9071, 9072, 9073, 9084."
9070,1,10,0,0,1,0,,,referenced from 1 parent requirement row(s).,Requirement rows: 1; direct abilities: 0; direct components: 0; parent requirements: 1.
9071,1,10,0,0,1,0,,,referenced from 1 parent requirement row(s).,Requirement rows: 1; direct abilities: 0; direct components: 0; parent requirements: 1.
9072,1,10,0,0,1,0,,,referenced from 1 parent requirement row(s).,Requirement rows: 1; direct abilities: 0; direct components: 0; parent requirements: 1.
9073,1,10,0,0,1,0,,,referenced from 1 parent requirement row(s).,Requirement rows: 1; direct abilities: 0; direct components: 0; parent requirements: 1.
9074,1,12,0,0,1,1,,,child requirement ids 9069.,Requirement rows: 1; direct abilities: 0; direct components: 0; parent requirements: 1; child requirements: 9069.
9075,1,10,0,0,0,2,,,"child requirement ids 9068, 9074.","Requirement rows: 1; direct abilities: 0; direct components: 0; parent requirements: 0; child requirements: 9068, 9074."
9076,1,4,2,0,1,0,Damage,"1690 (Ya Missed Me), 9321 (Spiteful Slam)",Observed in Damage contexts; direct ability usage 2.,"Requirement rows: 1; direct abilities: 2; direct components: 0; parent requirements: 1; sample abilities: 1690 (Ya Missed Me), 9321 (Spiteful Slam); context tags: Damage."
9077,1,10,0,0,1,0,,,referenced from 1 parent requirement row(s).,Requirement rows: 1; direct abilities: 0; direct components: 0; parent requirements: 1.
9078,1,15,0,0,0,1,,,child requirement ids 9079.,Requirement rows: 1; direct abilities: 0; direct components: 0; parent requirements: 0; child requirements: 9079.
9079,1,10,8,16,2,0,Damage,"1367 (Stubborn As Stone), 1372 (Watch An' Learn), 1380 (Oathbound), 1383 (Ancestor's Fury), 1386 (Runic Shield), 3821 (Guarded Attack), 3822 (Vengeful Strike), 3825 (Avenging The Debt)",Observed in Damage contexts; direct ability usage 8; component sources 16.,"Requirement rows: 1; direct abilities: 8; direct components: 16; parent requirements: 2; sample abilities: 1367 (Stubborn As Stone), 1372 (Watch An' Learn), 1380 (Oathbound), 1383 (Ancestor's Fury), 1386 (Runic Shield), 3821 (Guarded Attack), 3822 (Vengeful Strike), 3825 (Avenging The Debt); context tags: Damage."
9080,1,9,0,0,1,0,,,referenced from 1 parent requirement row(s).,Requirement rows: 1; direct abilities: 0; direct components: 0; parent requirements: 1.
9081,1,10,0,0,1,0,,,referenced from 1 parent requirement row(s).,Requirement rows: 1; direct abilities: 0; direct components: 0; parent requirements: 1.
9082,1,11,0,0,0,2,,,"child requirement ids 9080, 9081.","Requirement rows: 1; direct abilities: 0; direct components: 0; parent requirements: 0; child requirements: 9080, 9081."
9083,1,5,0,0,0,0,,,No direct ability or component context is decoded yet.,Requirement rows: 1; direct abilities: 0; direct components: 0; parent requirements: 0.
9084,1,10,0,0,1,0,,,referenced from 1 parent requirement row(s).,Requirement rows: 1; direct abilities: 0; direct components: 0; parent requirements: 1.
9085,1,4,1,0,0,0,Damage,8412 (Mutated Energy),Observed in Damage contexts; direct ability usage 1.,Requirement rows: 1; direct abilities: 1; direct components: 0; parent requirements: 0; sample abilities: 8412 (Mutated Energy); context tags: Damage.
9086,1,11,1,2,0,0,,843 (Focused Insanity),direct ability usage 1; component sources 2.,Requirement rows: 1; direct abilities: 1; direct components: 2; parent requirements: 0; sample abilities: 843 (Focused Insanity).
9087,1,5,0,0,0,1,,,child requirement ids 9077.,Requirement rows: 1; direct abilities: 0; direct components: 0; parent requirements: 0; child requirements: 9077.
9088,1,5,20,0,0,0,"Damage, Heal, Silence, Snare","1820 (Stabbity), 1821 (Plink), 1822 (Yer Bleedin'!), 1823 (What Blocka?), 1825 (Stop Runnin!), 1826 (Run 'n Shoot), 1829 (Cut Ya!), 1833 (Explodin' Arrer)","Observed in Damage, Heal, Silence, Snare contexts; direct ability usage 20.","Requirement rows: 1; direct abilities: 20; direct components: 0; parent requirements: 0; sample abilities: 1820 (Stabbity), 1821 (Plink), 1822 (Yer Bleedin'!), 1823 (What Blocka?), 1825 (Stop Runnin!), 1826 (Run 'n Shoot), 1829 (Cut Ya!), 1833 (Explodin' Arrer); context tags: Damage, Heal, Silence, Snare."
9089,1,15,0,2,0,0,,,component sources 2.,Requirement rows: 1; direct abilities: 0; direct components: 2; parent requirements: 0.
9090,1,33,1,1,0,0,,3665 (Stay Focused!),direct ability usage 1; component sources 1.,Requirement rows: 1; direct abilities: 1; direct components: 1; parent requirements: 0; sample abilities: 3665 (Stay Focused!).
9091,1,5,4,3,0,0,,"14157 (Fireball), 14301 (Fireball), 14302 (Shot), 14303 (Arrow)",direct ability usage 4; component sources 3.,"Requirement rows: 1; direct abilities: 4; direct components: 3; parent requirements: 0; sample abilities: 14157 (Fireball), 14301 (Fireball), 14302 (Shot), 14303 (Arrow)."
9092,1,5,8,10,0,0,Damage,"6 (Death From Above), 1443 (Incapacitate), 1755 (Sit Down!), 3650 (Oath Rune of Sanctuary), 8412 (Mutated Energy), 8423 (Concussive Jolt), 13262 (Smash), 15509 (Ground Stomp)",Observed in Damage contexts; direct ability usage 8; component sources 10.,"Requirement rows: 1; direct abilities: 8; direct components: 10; parent requirements: 0; sample abilities: 6 (Death From Above), 1443 (Incapacitate), 1755 (Sit Down!), 3650 (Oath Rune of Sanctuary), 8412 (Mutated Energy), 8423 (Concussive Jolt), 13262 (Smash), 15509 (Ground Stomp); context tags: Damage."
9093,1,5,5,5,0,0,Root,"122 (Grasp of the Dead), 3631 (Crippling Bomb), 4800 (Grasp of the Dead), 5209 (Rattling Bones), 13003 (Grasp of the Dead)",Observed in Root contexts; direct ability usage 5; component sources 5.,"Requirement rows: 1; direct abilities: 5; direct components: 5; parent requirements: 0; sample abilities: 122 (Grasp of the Dead), 3631 (Crippling Bomb), 4800 (Grasp of the Dead), 5209 (Rattling Bones), 13003 (Grasp of the Dead); context tags: Root."
9094,1,9,8,11,1,0,"Damage, Silence","885 (Deafening Waaagh!), 906 (Deafening Waaagh!), 3218 (You Got Nuthin!), 8607 (Suppressing The Fragile Unbelievers), 9253 (Law of Gold), 9304 (Arcane Suppression), 27677 (Silence!), 27709 (Silence!)","Observed in Damage, Silence contexts; direct ability usage 8; component sources 11.","Requirement rows: 1; direct abilities: 8; direct components: 11; parent requirements: 1; sample abilities: 885 (Deafening Waaagh!), 906 (Deafening Waaagh!), 3218 (You Got Nuthin!), 8607 (Suppressing The Fragile Unbelievers), 9253 (Law of Gold), 9304 (Arcane Suppression), 27677 (Silence!), 27709 (Silence!); context tags: Damage, Silence."
9095,1,5,1,1,1,0,Disarm,8405 (Death Grip),Observed in Disarm contexts; direct ability usage 1; component sources 1.,Requirement rows: 1; direct abilities: 1; direct components: 1; parent requirements: 1; sample abilities: 8405 (Death Grip); context tags: Disarm.
9096,1,5,0,3,0,0,,,component sources 3.,Requirement rows: 1; direct abilities: 0; direct components: 3; parent requirements: 0.
9097,1,9,0,0,0,0,,,No direct ability or component context is decoded yet.,Requirement rows: 1; direct abilities: 0; direct components: 0; parent requirements: 0.
9098,1,10,0,0,0,0,,,No direct ability or component context is decoded yet.,Requirement rows: 1; direct abilities: 0; direct components: 0; parent requirements: 0.
9099,1,10,0,0,0,0,,,No direct ability or component context is decoded yet.,Requirement rows: 1; direct abilities: 0; direct components: 0; parent requirements: 0.
9100,1,15,172,212,0,0,"Damage, Heal","12 (Spore Cloud), 74 (Sub Test), 97 (Channel Test: Maintain), 694 (Divine Favor), 1409 (Avalanche), 1488 (Takin' Chances), 1544 (Bugman's Best), 1586 (Rune of Striking)","Observed in Damage, Heal contexts; direct ability usage 172; component sources 212.","Requirement rows: 1; direct abilities: 172; direct components: 212; parent requirements: 0; sample abilities: 12 (Spore Cloud), 74 (Sub Test), 97 (Channel Test: Maintain), 694 (Divine Favor), 1409 (Avalanche), 1488 (Takin' Chances), 1544 (Bugman's Best), 1586 (Rune of Striking); context tags: Damage, Heal."
9101,1,6,11,9,0,0,"Damage, Heal","697 (Alter Fate), 1598 (Rune of Life), 1619 (Grimnir's Fury), 1908 (Gedup!), 8248 (Breath of Sigmar), 8555 (Tzeentch Shall Remake You), 9246 (Gift of Life), 9558 (Stand, Coward!)","Observed in Damage, Heal contexts; direct ability usage 11; component sources 9.","Requirement rows: 1; direct abilities: 11; direct components: 9; parent requirements: 0; sample abilities: 697 (Alter Fate), 1598 (Rune of Life), 1619 (Grimnir's Fury), 1908 (Gedup!), 8248 (Breath of Sigmar), 8555 (Tzeentch Shall Remake You), 9246 (Gift of Life), 9558 (Stand, Coward!); context tags: Damage, Heal."
9102,1,10,0,0,0,0,,,No direct ability or component context is decoded yet.,Requirement rows: 1; direct abilities: 0; direct components: 0; parent requirements: 0.
9103,1,29,0,1,0,0,,,component sources 1.,Requirement rows: 1; direct abilities: 0; direct components: 1; parent requirements: 0.
9104,1,14,0,1,0,0,,,component sources 1.,Requirement rows: 1; direct abilities: 0; direct components: 1; parent requirements: 0.
9105,1,10,0,0,1,0,,,referenced from 1 parent requirement row(s).,Requirement rows: 1; direct abilities: 0; direct components: 0; parent requirements: 1.
9106,1,11,0,0,1,0,,,referenced from 1 parent requirement row(s).,Requirement rows: 1; direct abilities: 0; direct components: 0; parent requirements: 1.
9107,1,11,0,0,0,2,,,"child requirement ids 9105, 9106.","Requirement rows: 1; direct abilities: 0; direct components: 0; parent requirements: 0; child requirements: 9105, 9106."
9108,1,10,0,0,1,0,,,referenced from 1 parent requirement row(s).,Requirement rows: 1; direct abilities: 0; direct components: 0; parent requirements: 1.
9109,1,11,0,0,1,0,,,referenced from 1 parent requirement row(s).,Requirement rows: 1; direct abilities: 0; direct components: 0; parent requirements: 1.
9110,1,11,0,0,0,2,,,"child requirement ids 9108, 9109.","Requirement rows: 1; direct abilities: 0; direct components: 0; parent requirements: 0; child requirements: 9108, 9109."
9111,1,9,0,0,1,0,,,referenced from 1 parent requirement row(s).,Requirement rows: 1; direct abilities: 0; direct components: 0; parent requirements: 1.
9112,1,11,0,0,1,0,,,referenced from 1 parent requirement row(s).,Requirement rows: 1; direct abilities: 0; direct components: 0; parent requirements: 1.
9113,1,11,0,0,0,2,,,"child requirement ids 9111, 9112.","Requirement rows: 1; direct abilities: 0; direct components: 0; parent requirements: 0; child requirements: 9111, 9112."
9114,1,17,1,0,0,0,Damage,8116 (Burn Away Lies),Observed in Damage contexts; direct ability usage 1.,Requirement rows: 1; direct abilities: 1; direct components: 0; parent requirements: 0; sample abilities: 8116 (Burn Away Lies); context tags: Damage.
9115,1,10,0,0,0,0,,,No direct ability or component context is decoded yet.,Requirement rows: 1; direct abilities: 0; direct components: 0; parent requirements: 0.
9116,1,10,0,0,1,0,,,referenced from 1 parent requirement row(s).,Requirement rows: 1; direct abilities: 0; direct components: 0; parent requirements: 1.
9117,1,11,0,0,1,0,,,referenced from 1 parent requirement row(s).,Requirement rows: 1; direct abilities: 0; direct components: 0; parent requirements: 1.
9118,1,11,0,4,0,2,,,"component sources 4; child requirement ids 9116, 9117.","Requirement rows: 1; direct abilities: 0; direct components: 4; parent requirements: 0; child requirements: 9116, 9117."
9119,1,11,5,1,3,0,"Damage, Heal","3041 (Gift of Savagery), 8401 (Tainted Claw), 8414 (Gut Ripper), 8418 (Cutting Claw), 8419 (Draining Swipe)","Observed in Damage, Heal contexts; direct ability usage 5; component sources 1.","Requirement rows: 1; direct abilities: 5; direct components: 1; parent requirements: 3; sample abilities: 3041 (Gift of Savagery), 8401 (Tainted Claw), 8414 (Gut Ripper), 8418 (Cutting Claw), 8419 (Draining Swipe); context tags: Damage, Heal."
9120,1,11,5,1,3,0,"Damage, Heal","3042 (Gift of Brutality), 8399 (Impale), 8406 (Convulsive Slashing), 8420 (Guillotine), 8422 (Wave of Terror)","Observed in Damage, Heal contexts; direct ability usage 5; component sources 1.","Requirement rows: 1; direct abilities: 5; direct components: 1; parent requirements: 3; sample abilities: 3042 (Gift of Brutality), 8399 (Impale), 8406 (Convulsive Slashing), 8420 (Guillotine), 8422 (Wave of Terror); context tags: Damage, Heal."
9121,1,11,3,1,3,0,Damage,"3043 (Gift of Monstrosity), 8409 (Demolition), 8425 (Wrecking Ball)",Observed in Damage contexts; direct ability usage 3; component sources 1.,"Requirement rows: 1; direct abilities: 3; direct components: 1; parent requirements: 3; sample abilities: 3043 (Gift of Monstrosity), 8409 (Demolition), 8425 (Wrecking Ball); context tags: Damage."
9122,1,17,4,2,0,3,Damage,"3615 (Chaotic Disruption), 8392 (Flail), 8415 (Gift of Release), 8439 (Exhaustive Strikes)","Observed in Damage contexts; direct ability usage 4; component sources 2; child requirement ids 9119, 9120, 9121.","Requirement rows: 1; direct abilities: 4; direct components: 2; parent requirements: 0; child requirements: 9119, 9120, 9121; sample abilities: 3615 (Chaotic Disruption), 8392 (Flail), 8415 (Gift of Release), 8439 (Exhaustive Strikes); context tags: Damage."
9123,1,5,0,3,0,0,,,component sources 3.,Requirement rows: 1; direct abilities: 0; direct components: 3; parent requirements: 0.
9124,1,5,0,4,0,0,,,component sources 4.,Requirement rows: 1; direct abilities: 0; direct components: 4; parent requirements: 0.
9125,1,9,0,2,0,0,,,component sources 2.,Requirement rows: 1; direct abilities: 0; direct components: 2; parent requirements: 0.
9126,1,10,0,0,1,0,,,referenced from 1 parent requirement row(s).,Requirement rows: 1; direct abilities: 0; direct components: 0; parent requirements: 1.
9127,1,11,0,0,0,1,,,child requirement ids 9126.,Requirement rows: 1; direct abilities: 0; direct components: 0; parent requirements: 0; child requirements: 9126.
9128,1,10,0,0,1,0,,,referenced from 1 parent requirement row(s).,Requirement rows: 1; direct abilities: 0; direct components: 0; parent requirements: 1.
9129,1,11,0,1,0,1,,,component sources 1; child requirement ids 9128.,Requirement rows: 1; direct abilities: 0; direct components: 1; parent requirements: 0; child requirements: 9128.
9130,1,10,0,0,1,0,,,referenced from 1 parent requirement row(s).,Requirement rows: 1; direct abilities: 0; direct components: 0; parent requirements: 1.
9131,1,11,0,0,0,1,,,child requirement ids 9130.,Requirement rows: 1; direct abilities: 0; direct components: 0; parent requirements: 0; child requirements: 9130.
9132,1,15,0,0,0,0,,,No direct ability or component context is decoded yet.,Requirement rows: 1; direct abilities: 0; direct components: 0; parent requirements: 0.
9133,1,16,0,0,0,0,,,No direct ability or component context is decoded yet.,Requirement rows: 1; direct abilities: 0; direct components: 0; parent requirements: 0.
9134,1,11,0,0,0,0,,,No direct ability or component context is decoded yet.,Requirement rows: 1; direct abilities: 0; direct components: 0; parent requirements: 0.
9135,1,11,2,2,0,2,"Disarm, Silence","124 (Raven’s Bite), 4802 (Ravens Bite)","Observed in Disarm, Silence contexts; direct ability usage 2; component sources 2; child requirement ids 9094, 9095.","Requirement rows: 1; direct abilities: 2; direct components: 2; parent requirements: 0; child requirements: 9094, 9095; sample abilities: 124 (Raven’s Bite), 4802 (Ravens Bite); context tags: Disarm, Silence."
9136,1,10,1,1,0,0,Damage,994 (Shared Fate),Observed in Damage contexts; direct ability usage 1; component sources 1.,Requirement rows: 1; direct abilities: 1; direct components: 1; parent requirements: 0; sample abilities: 994 (Shared Fate); context tags: Damage.
9137,1,10,1,1,0,0,"Damage, Heal",973 (Bond Of Desperation),"Observed in Damage, Heal contexts; direct ability usage 1; component sources 1.","Requirement rows: 1; direct abilities: 1; direct components: 1; parent requirements: 0; sample abilities: 973 (Bond Of Desperation); context tags: Damage, Heal."
9138,1,11,0,0,0,0,,,No direct ability or component context is decoded yet.,Requirement rows: 1; direct abilities: 0; direct components: 0; parent requirements: 0.
9139,1,16,0,0,0,1,,,child requirement ids 9140.,Requirement rows: 1; direct abilities: 0; direct components: 0; parent requirements: 0; child requirements: 9140.
9140,1,11,0,0,1,0,,,referenced from 1 parent requirement row(s).,Requirement rows: 1; direct abilities: 0; direct components: 0; parent requirements: 1.
9141,1,10,1,1,0,0,,490 (Shared Badge Components),direct ability usage 1; component sources 1.,Requirement rows: 1; direct abilities: 1; direct components: 1; parent requirements: 0; sample abilities: 490 (Shared Badge Components).
9142,1,9,0,0,0,0,,,No direct ability or component context is decoded yet.,Requirement rows: 1; direct abilities: 0; direct components: 0; parent requirements: 0.
9143,1,10,1,5,0,1,,9128 (Leading Shots),direct ability usage 1; component sources 5; child requirement ids 9153.,Requirement rows: 1; direct abilities: 1; direct components: 5; parent requirements: 0; child requirements: 9153; sample abilities: 9128 (Leading Shots).
9144,1,9,0,0,0,0,,,No direct ability or component context is decoded yet.,Requirement rows: 1; direct abilities: 0; direct components: 0; parent requirements: 0.
9145,1,9,0,0,0,0,,,No direct ability or component context is decoded yet.,Requirement rows: 1; direct abilities: 0; direct components: 0; parent requirements: 0.
9146,1,9,0,0,0,0,,,No direct ability or component context is decoded yet.,Requirement rows: 1; direct abilities: 0; direct components: 0; parent requirements: 0.
9147,1,8,5,6,2,1,Damage,"8114 (Van Horstmann's Speculum), 8161 (Flame Shield), 8303 (Divine Replenishment), 9423 (Elixir of Blades), 9473 (Daemonic Chill)",Observed in Damage contexts; direct ability usage 5; component sources 6; child requirement ids 9159.,"Requirement rows: 1; direct abilities: 5; direct components: 6; parent requirements: 2; child requirements: 9159; sample abilities: 8114 (Van Horstmann's Speculum), 8161 (Flame Shield), 8303 (Divine Replenishment), 9423 (Elixir of Blades), 9473 (Daemonic Chill); context tags: Damage."
9148,1,11,2,0,0,0,"Damage, Snare","9087 (Takedown), 9101 (Rapid Fire)","Observed in Damage, Snare contexts; direct ability usage 2.","Requirement rows: 1; direct abilities: 2; direct components: 0; parent requirements: 0; sample abilities: 9087 (Takedown), 9101 (Rapid Fire); context tags: Damage, Snare."
9149,1,11,2,0,0,0,Damage,"9086 (Brutal Assault), 9104 (Acid Arrow)",Observed in Damage contexts; direct ability usage 2.,"Requirement rows: 1; direct abilities: 2; direct components: 0; parent requirements: 0; sample abilities: 9086 (Brutal Assault), 9104 (Acid Arrow); context tags: Damage."
9150,1,11,2,0,0,0,Damage,"9091 (Draw Blood), 9093 (Spiral-Fletched Arrow)",Observed in Damage contexts; direct ability usage 2.,"Requirement rows: 1; direct abilities: 2; direct components: 0; parent requirements: 0; sample abilities: 9091 (Draw Blood), 9093 (Spiral-Fletched Arrow); context tags: Damage."
9151,1,10,1,4,0,0,Damage,9481 (Obsessive Focus),Observed in Damage contexts; direct ability usage 1; component sources 4.,Requirement rows: 1; direct abilities: 1; direct components: 4; parent requirements: 0; sample abilities: 9481 (Obsessive Focus); context tags: Damage.
9152,1,4,0,0,1,0,,,referenced from 1 parent requirement row(s).,Requirement rows: 1; direct abilities: 0; direct components: 0; parent requirements: 1.
9153,1,9,1,3,1,1,,1550 (Hand-Crafted Scope),direct ability usage 1; component sources 3; child requirement ids 9159.,Requirement rows: 1; direct abilities: 1; direct components: 3; parent requirements: 1; child requirements: 9159; sample abilities: 1550 (Hand-Crafted Scope).
9154,1,29,0,0,1,0,,,referenced from 1 parent requirement row(s).,Requirement rows: 1; direct abilities: 0; direct components: 0; parent requirements: 1.
9155,1,9,0,0,0,0,,,No direct ability or component context is decoded yet.,Requirement rows: 1; direct abilities: 0; direct components: 0; parent requirements: 0.
9156,1,10,1,1,0,0,,490 (Shared Badge Components),direct ability usage 1; component sources 1.,Requirement rows: 1; direct abilities: 1; direct components: 1; parent requirements: 0; sample abilities: 490 (Shared Badge Components).
9157,1,14,0,0,0,1,,,child requirement ids 9158.,Requirement rows: 1; direct abilities: 0; direct components: 0; parent requirements: 0; child requirements: 9158.
9158,1,8,0,0,1,0,,,referenced from 1 parent requirement row(s).,Requirement rows: 1; direct abilities: 0; direct components: 0; parent requirements: 1.
9159,1,23,1,1,3,0,,482 (White Lion's Badge),direct ability usage 1; component sources 1.,Requirement rows: 1; direct abilities: 1; direct components: 1; parent requirements: 3; sample abilities: 482 (White Lion's Badge).
9160,1,10,0,1,0,2,,,"component sources 1; child requirement ids 9154, 9159.","Requirement rows: 1; direct abilities: 0; direct components: 1; parent requirements: 0; child requirements: 9154, 9159."
9161,1,18,2,0,0,0,Damage,"1854 (Behind Ya!), 9086 (Brutal Assault)",Observed in Damage contexts; direct ability usage 2.,"Requirement rows: 1; direct abilities: 2; direct components: 0; parent requirements: 0; sample abilities: 1854 (Behind Ya!), 9086 (Brutal Assault); context tags: Damage."
9162,1,11,2,0,0,2,Damage,"8397 (Mouth of Tzeentch), 8404 (Touch of Rot)","Observed in Damage contexts; direct ability usage 2; child requirement ids 9119, 9121.","Requirement rows: 1; direct abilities: 2; direct components: 0; parent requirements: 0; child requirements: 9119, 9121; sample abilities: 8397 (Mouth of Tzeentch), 8404 (Touch of Rot); context tags: Damage."
9163,1,11,2,0,0,2,Damage,"8411 (Ferocious Assault), 8413 (Pulverize)","Observed in Damage contexts; direct ability usage 2; child requirement ids 9120, 9121.","Requirement rows: 1; direct abilities: 2; direct components: 0; parent requirements: 0; child requirements: 9120, 9121; sample abilities: 8411 (Ferocious Assault), 8413 (Pulverize); context tags: Damage."
9164,1,11,2,0,0,2,Damage,"8395 (Rend), 8407 (Touch of Instability)","Observed in Damage contexts; direct ability usage 2; child requirement ids 9119, 9120.","Requirement rows: 1; direct abilities: 2; direct components: 0; parent requirements: 0; child requirements: 9119, 9120; sample abilities: 8395 (Rend), 8407 (Touch of Instability); context tags: Damage."
9165,1,10,1,1,1,0,,3744 (Gut Ripper),direct ability usage 1; component sources 1.,Requirement rows: 1; direct abilities: 1; direct components: 1; parent requirements: 1; sample abilities: 3744 (Gut Ripper).
9166,1,9,2,0,0,1,,"1444 (Numbing Strike), 1756 (Drop Da Basha)",direct ability usage 2; child requirement ids 9152.,"Requirement rows: 1; direct abilities: 2; direct components: 0; parent requirements: 0; child requirements: 9152; sample abilities: 1444 (Numbing Strike), 1756 (Drop Da Basha)."
9167,1,10,1,3,0,0,,3789 (Dreadful Fear),direct ability usage 1; component sources 3.,Requirement rows: 1; direct abilities: 1; direct components: 3; parent requirements: 0; sample abilities: 3789 (Dreadful Fear).
9168,1,17,5,14,0,0,Damage,"3536 (Ensorcelled Blow), 3537 (Ether Dance), 3540 (Dazzling Strike), 3579 (Intimidating Blow), 3735 (Gusting Wind)",Observed in Damage contexts; direct ability usage 5; component sources 14.,"Requirement rows: 1; direct abilities: 5; direct components: 14; parent requirements: 0; sample abilities: 3536 (Ensorcelled Blow), 3537 (Ether Dance), 3540 (Dazzling Strike), 3579 (Intimidating Blow), 3735 (Gusting Wind); context tags: Damage."
9169,1,12,0,1,1,0,,,component sources 1.,Requirement rows: 1; direct abilities: 0; direct components: 1; parent requirements: 1.
9170,1,9,1,1,0,0,,1942 (Mork Is Watchin'),direct ability usage 1; component sources 1.,Requirement rows: 1; direct abilities: 1; direct components: 1; parent requirements: 0; sample abilities: 1942 (Mork Is Watchin').
9171,1,9,0,0,0,0,,,No direct ability or component context is decoded yet.,Requirement rows: 1; direct abilities: 0; direct components: 0; parent requirements: 0.
9172,1,10,1,0,0,0,Damage,"8186 (Stop, Drop, And Roll)",Observed in Damage contexts; direct ability usage 1.,"Requirement rows: 1; direct abilities: 1; direct components: 0; parent requirements: 0; sample abilities: 8186 (Stop, Drop, And Roll); context tags: Damage."
9173,1,11,3,5,1,0,Damage,"299 (Combustion), 301 (Explosion), 8179 (Meltdown)",Observed in Damage contexts; direct ability usage 3; component sources 5.,"Requirement rows: 1; direct abilities: 3; direct components: 5; parent requirements: 1; sample abilities: 299 (Combustion), 301 (Explosion), 8179 (Meltdown); context tags: Damage."
9174,1,11,3,5,1,0,Damage,"299 (Combustion), 301 (Explosion), 8179 (Meltdown)",Observed in Damage contexts; direct ability usage 3; component sources 5.,"Requirement rows: 1; direct abilities: 3; direct components: 5; parent requirements: 1; sample abilities: 299 (Combustion), 301 (Explosion), 8179 (Meltdown); context tags: Damage."
9175,1,11,3,5,1,0,Damage,"299 (Combustion), 301 (Explosion), 8179 (Meltdown)",Observed in Damage contexts; direct ability usage 3; component sources 5.,"Requirement rows: 1; direct abilities: 3; direct components: 5; parent requirements: 1; sample abilities: 299 (Combustion), 301 (Explosion), 8179 (Meltdown); context tags: Damage."
9176,1,11,3,5,1,0,Damage,"299 (Combustion), 301 (Explosion), 8179 (Meltdown)",Observed in Damage contexts; direct ability usage 3; component sources 5.,"Requirement rows: 1; direct abilities: 3; direct components: 5; parent requirements: 1; sample abilities: 299 (Combustion), 301 (Explosion), 8179 (Meltdown); context tags: Damage."
9177,1,11,3,5,1,0,Damage,"299 (Combustion), 301 (Explosion), 8179 (Meltdown)",Observed in Damage contexts; direct ability usage 3; component sources 5.,"Requirement rows: 1; direct abilities: 3; direct components: 5; parent requirements: 1; sample abilities: 299 (Combustion), 301 (Explosion), 8179 (Meltdown); context tags: Damage."
9178,1,11,20,1,0,1,"Damage, Silence","8158 (Ignite), 8159 (Fireball), 8160 (Sear), 8163 (Scorched Earth), 8165 (Boiling Blood), 8166 (Fiery Blast), 8169 (Pyroclastic Surge), 8170 (Detonate)","Observed in Damage, Silence contexts; direct ability usage 20; component sources 1; child requirement ids 9173.","Requirement rows: 1; direct abilities: 20; direct components: 1; parent requirements: 0; child requirements: 9173; sample abilities: 8158 (Ignite), 8159 (Fireball), 8160 (Sear), 8163 (Scorched Earth), 8165 (Boiling Blood), 8166 (Fiery Blast), 8169 (Pyroclastic Surge), 8170 (Detonate); context tags: Damage, Silence."
9179,1,11,20,1,0,1,"Damage, Silence","8158 (Ignite), 8159 (Fireball), 8160 (Sear), 8163 (Scorched Earth), 8165 (Boiling Blood), 8166 (Fiery Blast), 8169 (Pyroclastic Surge), 8170 (Detonate)","Observed in Damage, Silence contexts; direct ability usage 20; component sources 1; child requirement ids 9174.","Requirement rows: 1; direct abilities: 20; direct components: 1; parent requirements: 0; child requirements: 9174; sample abilities: 8158 (Ignite), 8159 (Fireball), 8160 (Sear), 8163 (Scorched Earth), 8165 (Boiling Blood), 8166 (Fiery Blast), 8169 (Pyroclastic Surge), 8170 (Detonate); context tags: Damage, Silence."
9180,1,11,20,1,0,1,"Damage, Silence","8158 (Ignite), 8159 (Fireball), 8160 (Sear), 8163 (Scorched Earth), 8165 (Boiling Blood), 8166 (Fiery Blast), 8169 (Pyroclastic Surge), 8170 (Detonate)","Observed in Damage, Silence contexts; direct ability usage 20; component sources 1; child requirement ids 9175.","Requirement rows: 1; direct abilities: 20; direct components: 1; parent requirements: 0; child requirements: 9175; sample abilities: 8158 (Ignite), 8159 (Fireball), 8160 (Sear), 8163 (Scorched Earth), 8165 (Boiling Blood), 8166 (Fiery Blast), 8169 (Pyroclastic Surge), 8170 (Detonate); context tags: Damage, Silence."
9181,1,11,20,1,0,1,"Damage, Silence","8158 (Ignite), 8159 (Fireball), 8160 (Sear), 8163 (Scorched Earth), 8165 (Boiling Blood), 8166 (Fiery Blast), 8169 (Pyroclastic Surge), 8170 (Detonate)","Observed in Damage, Silence contexts; direct ability usage 20; component sources 1; child requirement ids 9176.","Requirement rows: 1; direct abilities: 20; direct components: 1; parent requirements: 0; child requirements: 9176; sample abilities: 8158 (Ignite), 8159 (Fireball), 8160 (Sear), 8163 (Scorched Earth), 8165 (Boiling Blood), 8166 (Fiery Blast), 8169 (Pyroclastic Surge), 8170 (Detonate); context tags: Damage, Silence."
9182,1,11,20,1,0,1,"Damage, Silence","8158 (Ignite), 8159 (Fireball), 8160 (Sear), 8163 (Scorched Earth), 8165 (Boiling Blood), 8166 (Fiery Blast), 8169 (Pyroclastic Surge), 8170 (Detonate)","Observed in Damage, Silence contexts; direct ability usage 20; component sources 1; child requirement ids 9177.","Requirement rows: 1; direct abilities: 20; direct components: 1; parent requirements: 0; child requirements: 9177; sample abilities: 8158 (Ignite), 8159 (Fireball), 8160 (Sear), 8163 (Scorched Earth), 8165 (Boiling Blood), 8166 (Fiery Blast), 8169 (Pyroclastic Surge), 8170 (Detonate); context tags: Damage, Silence."
9183,1,11,5,6,2,0,Damage,"287 (Dark Magic), 291 (Backlash), 292 (Miscast!), 3436 (Backlash), 9490 (Dhar Wind)",Observed in Damage contexts; direct ability usage 5; component sources 6.,"Requirement rows: 1; direct abilities: 5; direct components: 6; parent requirements: 2; sample abilities: 287 (Dark Magic), 291 (Backlash), 292 (Miscast!), 3436 (Backlash), 9490 (Dhar Wind); context tags: Damage."
9184,1,11,5,6,0,0,Damage,"287 (Dark Magic), 291 (Backlash), 292 (Miscast!), 3436 (Backlash), 9490 (Dhar Wind)",Observed in Damage contexts; direct ability usage 5; component sources 6.,"Requirement rows: 1; direct abilities: 5; direct components: 6; parent requirements: 0; sample abilities: 287 (Dark Magic), 291 (Backlash), 292 (Miscast!), 3436 (Backlash), 9490 (Dhar Wind); context tags: Damage."
9185,1,11,5,6,1,0,Damage,"287 (Dark Magic), 291 (Backlash), 292 (Miscast!), 3436 (Backlash), 9490 (Dhar Wind)",Observed in Damage contexts; direct ability usage 5; component sources 6.,"Requirement rows: 1; direct abilities: 5; direct components: 6; parent requirements: 1; sample abilities: 287 (Dark Magic), 291 (Backlash), 292 (Miscast!), 3436 (Backlash), 9490 (Dhar Wind); context tags: Damage."
9186,1,11,5,6,1,0,Damage,"287 (Dark Magic), 291 (Backlash), 292 (Miscast!), 3436 (Backlash), 9490 (Dhar Wind)",Observed in Damage contexts; direct ability usage 5; component sources 6.,"Requirement rows: 1; direct abilities: 5; direct components: 6; parent requirements: 1; sample abilities: 287 (Dark Magic), 291 (Backlash), 292 (Miscast!), 3436 (Backlash), 9490 (Dhar Wind); context tags: Damage."
9187,1,11,5,6,1,0,Damage,"287 (Dark Magic), 291 (Backlash), 292 (Miscast!), 3436 (Backlash), 9490 (Dhar Wind)",Observed in Damage contexts; direct ability usage 5; component sources 6.,"Requirement rows: 1; direct abilities: 5; direct components: 6; parent requirements: 1; sample abilities: 287 (Dark Magic), 291 (Backlash), 292 (Miscast!), 3436 (Backlash), 9490 (Dhar Wind); context tags: Damage."
9188,1,17,21,1,0,2,"Damage, Disarm, Heal, Snare","9470 (Doombolt), 9471 (Chillwind), 9472 (Gloomburst), 9475 (Word of Pain), 9478 (Vision of Torment), 9479 (Arctic Blast), 9480 (Shattered Shadows), 9482 (Frostbite)","Observed in Damage, Disarm, Heal, Snare contexts; direct ability usage 21; component sources 1; child requirement ids 9183, 9586.","Requirement rows: 1; direct abilities: 21; direct components: 1; parent requirements: 0; child requirements: 9183, 9586; sample abilities: 9470 (Doombolt), 9471 (Chillwind), 9472 (Gloomburst), 9475 (Word of Pain), 9478 (Vision of Torment), 9479 (Arctic Blast), 9480 (Shattered Shadows), 9482 (Frostbite); context tags: Damage, Disarm, Heal, Snare."
9189,1,17,21,1,0,2,"Damage, Disarm, Heal, Snare","9470 (Doombolt), 9471 (Chillwind), 9472 (Gloomburst), 9475 (Word of Pain), 9478 (Vision of Torment), 9479 (Arctic Blast), 9480 (Shattered Shadows), 9482 (Frostbite)","Observed in Damage, Disarm, Heal, Snare contexts; direct ability usage 21; component sources 1; child requirement ids 9183, 9586.","Requirement rows: 1; direct abilities: 21; direct components: 1; parent requirements: 0; child requirements: 9183, 9586; sample abilities: 9470 (Doombolt), 9471 (Chillwind), 9472 (Gloomburst), 9475 (Word of Pain), 9478 (Vision of Torment), 9479 (Arctic Blast), 9480 (Shattered Shadows), 9482 (Frostbite); context tags: Damage, Disarm, Heal, Snare."
9190,1,17,21,1,0,2,"Damage, Disarm, Heal, Snare","9470 (Doombolt), 9471 (Chillwind), 9472 (Gloomburst), 9475 (Word of Pain), 9478 (Vision of Torment), 9479 (Arctic Blast), 9480 (Shattered Shadows), 9482 (Frostbite)","Observed in Damage, Disarm, Heal, Snare contexts; direct ability usage 21; component sources 1; child requirement ids 9185, 9586.","Requirement rows: 1; direct abilities: 21; direct components: 1; parent requirements: 0; child requirements: 9185, 9586; sample abilities: 9470 (Doombolt), 9471 (Chillwind), 9472 (Gloomburst), 9475 (Word of Pain), 9478 (Vision of Torment), 9479 (Arctic Blast), 9480 (Shattered Shadows), 9482 (Frostbite); context tags: Damage, Disarm, Heal, Snare."
9191,1,17,21,1,0,2,"Damage, Disarm, Heal, Snare","9470 (Doombolt), 9471 (Chillwind), 9472 (Gloomburst), 9475 (Word of Pain), 9478 (Vision of Torment), 9479 (Arctic Blast), 9480 (Shattered Shadows), 9482 (Frostbite)","Observed in Damage, Disarm, Heal, Snare contexts; direct ability usage 21; component sources 1; child requirement ids 9186, 9586.","Requirement rows: 1; direct abilities: 21; direct components: 1; parent requirements: 0; child requirements: 9186, 9586; sample abilities: 9470 (Doombolt), 9471 (Chillwind), 9472 (Gloomburst), 9475 (Word of Pain), 9478 (Vision of Torment), 9479 (Arctic Blast), 9480 (Shattered Shadows), 9482 (Frostbite); context tags: Damage, Disarm, Heal, Snare."
9192,1,17,21,1,0,2,"Damage, Disarm, Heal, Snare","9470 (Doombolt), 9471 (Chillwind), 9472 (Gloomburst), 9475 (Word of Pain), 9478 (Vision of Torment), 9479 (Arctic Blast), 9480 (Shattered Shadows), 9482 (Frostbite)","Observed in Damage, Disarm, Heal, Snare contexts; direct ability usage 21; component sources 1; child requirement ids 9187, 9586.","Requirement rows: 1; direct abilities: 21; direct components: 1; parent requirements: 0; child requirements: 9187, 9586; sample abilities: 9470 (Doombolt), 9471 (Chillwind), 9472 (Gloomburst), 9475 (Word of Pain), 9478 (Vision of Torment), 9479 (Arctic Blast), 9480 (Shattered Shadows), 9482 (Frostbite); context tags: Damage, Disarm, Heal, Snare."
9193,1,10,0,1,0,0,,,component sources 1.,Requirement rows: 1; direct abilities: 0; direct components: 1; parent requirements: 0.
9194,1,11,0,0,1,0,,,referenced from 1 parent requirement row(s).,Requirement rows: 1; direct abilities: 0; direct components: 0; parent requirements: 1.
9195,1,12,0,0,1,0,,,referenced from 1 parent requirement row(s).,Requirement rows: 1; direct abilities: 0; direct components: 0; parent requirements: 1.
9196,1,11,1,2,0,2,,3789 (Dreadful Fear),"direct ability usage 1; component sources 2; child requirement ids 9194, 9195.","Requirement rows: 1; direct abilities: 1; direct components: 2; parent requirements: 0; child requirements: 9194, 9195; sample abilities: 3789 (Dreadful Fear)."
9197,1,17,2,2,0,0,Damage,"14127 (King Slayer), 14128 (Nemesis)",Observed in Damage contexts; direct ability usage 2; component sources 2.,"Requirement rows: 1; direct abilities: 2; direct components: 2; parent requirements: 0; sample abilities: 14127 (King Slayer), 14128 (Nemesis); context tags: Damage."
9198,1,23,0,0,0,0,,,No direct ability or component context is decoded yet.,Requirement rows: 1; direct abilities: 0; direct components: 0; parent requirements: 0.
9199,1,13,2,2,0,0,,"14111 (Orcs Fear Me), 14115 (Invigorating Victory - Orc)",direct ability usage 2; component sources 2.,"Requirement rows: 1; direct abilities: 2; direct components: 2; parent requirements: 0; sample abilities: 14111 (Orcs Fear Me), 14115 (Invigorating Victory - Orc)."
9200,1,23,0,0,0,0,,,No direct ability or component context is decoded yet.,Requirement rows: 1; direct abilities: 0; direct components: 0; parent requirements: 0.
9201,1,23,0,0,0,0,,,No direct ability or component context is decoded yet.,Requirement rows: 1; direct abilities: 0; direct components: 0; parent requirements: 0.
9202,1,23,0,0,0,0,,,No direct ability or component context is decoded yet.,Requirement rows: 1; direct abilities: 0; direct components: 0; parent requirements: 0.
9203,1,23,0,0,0,0,,,No direct ability or component context is decoded yet.,Requirement rows: 1; direct abilities: 0; direct components: 0; parent requirements: 0.
9204,1,11,0,1,3,0,,,component sources 1.,Requirement rows: 1; direct abilities: 0; direct components: 1; parent requirements: 3.
9205,1,20,1,1,0,0,,14159 (Dwarven Camaraderie),direct ability usage 1; component sources 1.,Requirement rows: 1; direct abilities: 1; direct components: 1; parent requirements: 0; sample abilities: 14159 (Dwarven Camaraderie).
9206,1,20,1,1,0,0,,14160 (Orcish Camaraderie),direct ability usage 1; component sources 1.,Requirement rows: 1; direct abilities: 1; direct components: 1; parent requirements: 0; sample abilities: 14160 (Orcish Camaraderie).
9207,1,20,1,1,0,0,,14161 (Empire Allegiance),direct ability usage 1; component sources 1.,Requirement rows: 1; direct abilities: 1; direct components: 1; parent requirements: 0; sample abilities: 14161 (Empire Allegiance).
9208,1,20,1,1,0,0,,14162 (Chaotic Allegiance),direct ability usage 1; component sources 1.,Requirement rows: 1; direct abilities: 1; direct components: 1; parent requirements: 0; sample abilities: 14162 (Chaotic Allegiance).
9209,1,20,1,1,0,0,,14163 (High Elf Lineage),direct ability usage 1; component sources 1.,Requirement rows: 1; direct abilities: 1; direct components: 1; parent requirements: 0; sample abilities: 14163 (High Elf Lineage).
9210,1,20,1,1,0,0,,14164 (Dark Elf Lineage),direct ability usage 1; component sources 1.,Requirement rows: 1; direct abilities: 1; direct components: 1; parent requirements: 0; sample abilities: 14164 (Dark Elf Lineage).
9211,1,19,1,1,0,0,,14160 (Orcish Camaraderie),direct ability usage 1; component sources 1.,Requirement rows: 1; direct abilities: 1; direct components: 1; parent requirements: 0; sample abilities: 14160 (Orcish Camaraderie).
9212,1,11,3,0,0,2,Damage,"1369 (Shield of Reprisal), 8347 (Oppression), 9342 (Blade of Ruin)","Observed in Damage contexts; direct ability usage 3; child requirement ids 9066, 9076.","Requirement rows: 1; direct abilities: 3; direct components: 0; parent requirements: 0; child requirements: 9066, 9076; sample abilities: 1369 (Shield of Reprisal), 8347 (Oppression), 9342 (Blade of Ruin); context tags: Damage."
9213,1,9,0,0,0,0,,,No direct ability or component context is decoded yet.,Requirement rows: 1; direct abilities: 0; direct components: 0; parent requirements: 0.
9214,1,9,0,0,0,0,,,No direct ability or component context is decoded yet.,Requirement rows: 1; direct abilities: 0; direct components: 0; parent requirements: 0.
9215,1,4,0,0,0,0,,,No direct ability or component context is decoded yet.,Requirement rows: 1; direct abilities: 0; direct components: 0; parent requirements: 0.
9216,1,4,0,0,0,0,,,No direct ability or component context is decoded yet.,Requirement rows: 1; direct abilities: 0; direct components: 0; parent requirements: 0.
9217,1,4,0,0,0,0,,,No direct ability or component context is decoded yet.,Requirement rows: 1; direct abilities: 0; direct components: 0; parent requirements: 0.
9218,1,17,0,0,0,0,,,No direct ability or component context is decoded yet.,Requirement rows: 1; direct abilities: 0; direct components: 0; parent requirements: 0.
9219,1,10,0,0,0,1,,,child requirement ids 9147.,Requirement rows: 1; direct abilities: 0; direct components: 0; parent requirements: 0; child requirements: 9147.
9220,1,10,0,0,1,0,,,referenced from 1 parent requirement row(s).,Requirement rows: 1; direct abilities: 0; direct components: 0; parent requirements: 1.
9221,1,11,0,0,0,1,,,child requirement ids 9220.,Requirement rows: 1; direct abilities: 0; direct components: 0; parent requirements: 0; child requirements: 9220.
9222,1,10,11,0,0,0,Damage,"14701 (King's Tale), 14704 (Greenskin Lord's Tale), 14707 (Dwarf Lord's Tale), 14710 (Empire Lord's Tale), 14713 (Chaos Lord's Tale), 14716 (High Elf Lord's Tale), 14719 (Dark Elf Lord's Tale), 15149 (Halfling Pie)",Observed in Damage contexts; direct ability usage 11.,"Requirement rows: 1; direct abilities: 11; direct components: 0; parent requirements: 0; sample abilities: 14701 (King's Tale), 14704 (Greenskin Lord's Tale), 14707 (Dwarf Lord's Tale), 14710 (Empire Lord's Tale), 14713 (Chaos Lord's Tale), 14716 (High Elf Lord's Tale), 14719 (Dark Elf Lord's Tale), 15149 (Halfling Pie); context tags: Damage."
9223,1,10,0,0,1,0,,,referenced from 1 parent requirement row(s).,Requirement rows: 1; direct abilities: 0; direct components: 0; parent requirements: 1.
9224,1,17,0,0,0,1,,,child requirement ids 9223.,Requirement rows: 1; direct abilities: 0; direct components: 0; parent requirements: 0; child requirements: 9223.
9225,1,10,0,0,0,0,,,No direct ability or component context is decoded yet.,Requirement rows: 1; direct abilities: 0; direct components: 0; parent requirements: 0.
9226,1,10,0,0,0,0,,,No direct ability or component context is decoded yet.,Requirement rows: 1; direct abilities: 0; direct components: 0; parent requirements: 0.
9227,1,17,0,0,0,0,,,No direct ability or component context is decoded yet.,Requirement rows: 1; direct abilities: 0; direct components: 0; parent requirements: 0.
9228,1,12,0,0,0,0,,,No direct ability or component context is decoded yet.,Requirement rows: 1; direct abilities: 0; direct components: 0; parent requirements: 0.
9229,1,11,6,7,0,0,"Damage, Silence","8085 (Torment), 8100 (Silence The Heretic), 8115 (Pistol Whip), 8139 (Vitriolic Judgement), 9408 (Agonizing Wound), 9409 (Throat Slitter)","Observed in Damage, Silence contexts; direct ability usage 6; component sources 7.","Requirement rows: 1; direct abilities: 6; direct components: 7; parent requirements: 0; sample abilities: 8085 (Torment), 8100 (Silence The Heretic), 8115 (Pistol Whip), 8139 (Vitriolic Judgement), 9408 (Agonizing Wound), 9409 (Throat Slitter); context tags: Damage, Silence."
9230,1,10,0,0,0,0,,,No direct ability or component context is decoded yet.,Requirement rows: 1; direct abilities: 0; direct components: 0; parent requirements: 0.
9231,1,17,1,1,0,0,,3872 (Earth's Shielding),direct ability usage 1; component sources 1.,Requirement rows: 1; direct abilities: 1; direct components: 1; parent requirements: 0; sample abilities: 3872 (Earth's Shielding).
9232,1,10,0,0,0,0,,,No direct ability or component context is decoded yet.,Requirement rows: 1; direct abilities: 0; direct components: 0; parent requirements: 0.
9233,1,10,0,0,0,0,,,No direct ability or component context is decoded yet.,Requirement rows: 1; direct abilities: 0; direct components: 0; parent requirements: 0.
9234,1,10,1,1,0,0,Heal,3017 (Rune of Serenity),Observed in Heal contexts; direct ability usage 1; component sources 1.,Requirement rows: 1; direct abilities: 1; direct components: 1; parent requirements: 0; sample abilities: 3017 (Rune of Serenity); context tags: Heal.
9235,1,17,0,0,0,3,,,"child requirement ids 9236, 9237, 9238.","Requirement rows: 1; direct abilities: 0; direct components: 0; parent requirements: 0; child requirements: 9236, 9237, 9238."
9236,1,17,0,0,1,0,,,referenced from 1 parent requirement row(s).,Requirement rows: 1; direct abilities: 0; direct components: 0; parent requirements: 1.
9237,1,18,0,0,1,0,,,referenced from 1 parent requirement row(s).,Requirement rows: 1; direct abilities: 0; direct components: 0; parent requirements: 1.
9238,1,18,0,0,1,0,,,referenced from 1 parent requirement row(s).,Requirement rows: 1; direct abilities: 0; direct components: 0; parent requirements: 1.
9239,1,9,24,7,0,0,,"10770 (Cannon), 10771 (Spear Chukka), 10772 (Cannon), 10773 (Hellcannon), 10774 (Ballista), 10775 (Ballista), 14437 (Spear Chukka), 14442 (Cannon)",direct ability usage 24; component sources 7.,"Requirement rows: 1; direct abilities: 24; direct components: 7; parent requirements: 0; sample abilities: 10770 (Cannon), 10771 (Spear Chukka), 10772 (Cannon), 10773 (Hellcannon), 10774 (Ballista), 10775 (Ballista), 14437 (Spear Chukka), 14442 (Cannon)."
9240,1,9,24,7,1,0,,"10770 (Cannon), 10771 (Spear Chukka), 10772 (Cannon), 10773 (Hellcannon), 10774 (Ballista), 10775 (Ballista), 14437 (Spear Chukka), 14442 (Cannon)",direct ability usage 24; component sources 7.,"Requirement rows: 1; direct abilities: 24; direct components: 7; parent requirements: 1; sample abilities: 10770 (Cannon), 10771 (Spear Chukka), 10772 (Cannon), 10773 (Hellcannon), 10774 (Ballista), 10775 (Ballista), 14437 (Spear Chukka), 14442 (Cannon)."
9241,1,10,0,0,0,1,,,child requirement ids 9242.,Requirement rows: 1; direct abilities: 0; direct components: 0; parent requirements: 0; child requirements: 9242.
9242,1,17,0,0,1,0,,,referenced from 1 parent requirement row(s).,Requirement rows: 1; direct abilities: 0; direct components: 0; parent requirements: 1.
9243,1,9,0,0,0,0,,,No direct ability or component context is decoded yet.,Requirement rows: 1; direct abilities: 0; direct components: 0; parent requirements: 0.
9244,1,9,0,0,0,0,,,No direct ability or component context is decoded yet.,Requirement rows: 1; direct abilities: 0; direct components: 0; parent requirements: 0.
9245,1,10,0,0,0,1,,,child requirement ids 9057.,Requirement rows: 1; direct abilities: 0; direct components: 0; parent requirements: 0; child requirements: 9057.
9246,1,12,1,0,0,0,Damage,9167 (Lion's Fury),Observed in Damage contexts; direct ability usage 1.,Requirement rows: 1; direct abilities: 1; direct components: 0; parent requirements: 0; sample abilities: 9167 (Lion's Fury); context tags: Damage.
9247,1,11,2,0,2,0,,"14500 (Stow Standard), 14503 (Deploy Standard)",direct ability usage 2.,"Requirement rows: 1; direct abilities: 2; direct components: 0; parent requirements: 2; sample abilities: 14500 (Stow Standard), 14503 (Deploy Standard)."
9248,1,11,2,0,2,0,,"14501 (Stow Standard), 14504 (Deploy Standard)",direct ability usage 2.,"Requirement rows: 1; direct abilities: 2; direct components: 0; parent requirements: 2; sample abilities: 14501 (Stow Standard), 14504 (Deploy Standard)."
9249,1,11,2,0,2,0,,"14502 (Stow Standard), 14505 (Deploy Standard)",direct ability usage 2.,"Requirement rows: 1; direct abilities: 2; direct components: 0; parent requirements: 2; sample abilities: 14502 (Stow Standard), 14505 (Deploy Standard)."
9250,1,10,0,0,0,1,,,child requirement ids 9247.,Requirement rows: 1; direct abilities: 0; direct components: 0; parent requirements: 0; child requirements: 9247.
9251,1,10,0,0,0,1,,,child requirement ids 9248.,Requirement rows: 1; direct abilities: 0; direct components: 0; parent requirements: 0; child requirements: 9248.
9252,1,10,0,0,0,1,,,child requirement ids 9249.,Requirement rows: 1; direct abilities: 0; direct components: 0; parent requirements: 0; child requirements: 9249.
9253,1,22,0,0,0,1,,,child requirement ids 9247.,Requirement rows: 1; direct abilities: 0; direct components: 0; parent requirements: 0; child requirements: 9247.
9254,1,22,0,0,1,1,,,child requirement ids 9248.,Requirement rows: 1; direct abilities: 0; direct components: 0; parent requirements: 1; child requirements: 9248.
9255,1,22,0,0,1,1,,,child requirement ids 9249.,Requirement rows: 1; direct abilities: 0; direct components: 0; parent requirements: 1; child requirements: 9249.
9256,1,9,0,0,0,2,,,"child requirement ids 9254, 9255.","Requirement rows: 1; direct abilities: 0; direct components: 0; parent requirements: 0; child requirements: 9254, 9255."
9257,1,29,1,0,1,0,,14508 (Plant Standard),direct ability usage 1.,Requirement rows: 1; direct abilities: 1; direct components: 0; parent requirements: 1; sample abilities: 14508 (Plant Standard).
9258,1,15,0,0,0,1,,,child requirement ids 9259.,Requirement rows: 1; direct abilities: 0; direct components: 0; parent requirements: 0; child requirements: 9259.
9259,1,16,0,0,1,0,,,referenced from 1 parent requirement row(s).,Requirement rows: 1; direct abilities: 0; direct components: 0; parent requirements: 1.
9260,1,9,72,70,0,0,"Damage, Heal","14545 (Enhanced Brawn I), 14546 (Enhanced Brawn II), 14547 (Enhanced Brawn III), 14548 (Enhanced Knowledge I), 14549 (Enhanced Knowledge II), 14550 (Enhanced Knowledge III), 14551 (Enhanced Wisdom I), 14552 (Enhanced Wisdom II)","Observed in Damage, Heal contexts; direct ability usage 72; component sources 70.","Requirement rows: 1; direct abilities: 72; direct components: 70; parent requirements: 0; sample abilities: 14545 (Enhanced Brawn I), 14546 (Enhanced Brawn II), 14547 (Enhanced Brawn III), 14548 (Enhanced Knowledge I), 14549 (Enhanced Knowledge II), 14550 (Enhanced Knowledge III), 14551 (Enhanced Wisdom I), 14552 (Enhanced Wisdom II); context tags: Damage, Heal."
9261,1,10,2,0,0,0,,"1008 (Guard), 15518 (Guard TEST)",direct ability usage 2.,"Requirement rows: 1; direct abilities: 2; direct components: 0; parent requirements: 0; sample abilities: 1008 (Guard), 15518 (Guard TEST)."
9262,1,10,0,0,1,0,,,referenced from 1 parent requirement row(s).,Requirement rows: 1; direct abilities: 0; direct components: 0; parent requirements: 1.
9263,1,10,0,1,0,1,,,component sources 1; child requirement ids 9262.,Requirement rows: 1; direct abilities: 0; direct components: 1; parent requirements: 0; child requirements: 9262.
9264,1,12,0,0,0,0,,,No direct ability or component context is decoded yet.,Requirement rows: 1; direct abilities: 0; direct components: 0; parent requirements: 0.
9265,1,11,2,2,0,1,"Damage, Heal","264 (Waaagh! Heal Counter), 266 (Waaagh! Damage Counter)","Observed in Damage, Heal contexts; direct ability usage 2; component sources 2; child requirement ids 9169.","Requirement rows: 1; direct abilities: 2; direct components: 2; parent requirements: 0; child requirements: 9169; sample abilities: 264 (Waaagh! Heal Counter), 266 (Waaagh! Damage Counter); context tags: Damage, Heal."
9266,1,10,0,0,1,0,,,referenced from 1 parent requirement row(s).,Requirement rows: 1; direct abilities: 0; direct components: 0; parent requirements: 1.
9267,1,10,0,0,1,0,,,referenced from 1 parent requirement row(s).,Requirement rows: 1; direct abilities: 0; direct components: 0; parent requirements: 1.
9268,1,10,0,0,1,0,,,referenced from 1 parent requirement row(s).,Requirement rows: 1; direct abilities: 0; direct components: 0; parent requirements: 1.
9269,1,11,24,24,0,2,,"14545 (Enhanced Brawn I), 14546 (Enhanced Brawn II), 14547 (Enhanced Brawn III), 14548 (Enhanced Knowledge I), 14549 (Enhanced Knowledge II), 14550 (Enhanced Knowledge III), 14551 (Enhanced Wisdom I), 14552 (Enhanced Wisdom II)","direct ability usage 24; component sources 24; child requirement ids 9273, 9274.","Requirement rows: 1; direct abilities: 24; direct components: 24; parent requirements: 0; child requirements: 9273, 9274; sample abilities: 14545 (Enhanced Brawn I), 14546 (Enhanced Brawn II), 14547 (Enhanced Brawn III), 14548 (Enhanced Knowledge I), 14549 (Enhanced Knowledge II), 14550 (Enhanced Knowledge III), 14551 (Enhanced Wisdom I), 14552 (Enhanced Wisdom II)."
9270,1,11,24,24,0,2,,"14569 (Spirit Deflection I), 14570 (Spirit Deflection II), 14571 (Spirit Deflection III), 14572 (Corporeal Deflection I), 14573 (Corporeal Deflection II), 14574 (Corporeal Deflection III), 14575 (Elemental Deflection I), 14576 (Elemental Deflection II)","direct ability usage 24; component sources 24; child requirement ids 9273, 9275.","Requirement rows: 1; direct abilities: 24; direct components: 24; parent requirements: 0; child requirements: 9273, 9275; sample abilities: 14569 (Spirit Deflection I), 14570 (Spirit Deflection II), 14571 (Spirit Deflection III), 14572 (Corporeal Deflection I), 14573 (Corporeal Deflection II), 14574 (Corporeal Deflection III), 14575 (Elemental Deflection I), 14576 (Elemental Deflection II)."
9271,1,11,24,22,0,2,"Damage, Heal","14643 (Forceful Magic I), 14644 (Forceful Magic II), 14645 (Forceful Magic III), 14646 (Forceful Weapons I), 14647 (Forceful Weapons II), 14648 (Forceful Weapons III), 14649 (Forceful Bolts I), 14650 (Forceful Bolts II)","Observed in Damage, Heal contexts; direct ability usage 24; component sources 22; child requirement ids 9273, 9276.","Requirement rows: 1; direct abilities: 24; direct components: 22; parent requirements: 0; child requirements: 9273, 9276; sample abilities: 14643 (Forceful Magic I), 14644 (Forceful Magic II), 14645 (Forceful Magic III), 14646 (Forceful Weapons I), 14647 (Forceful Weapons II), 14648 (Forceful Weapons III), 14649 (Forceful Bolts I), 14650 (Forceful Bolts II); context tags: Damage, Heal."
9272,1,10,0,0,0,0,,,No direct ability or component context is decoded yet.,Requirement rows: 1; direct abilities: 0; direct components: 0; parent requirements: 0.
9273,1,15,0,0,5,0,,,referenced from 5 parent requirement row(s).,Requirement rows: 1; direct abilities: 0; direct components: 0; parent requirements: 5.
9274,1,10,0,0,1,1,,,child requirement ids 9266.,Requirement rows: 1; direct abilities: 0; direct components: 0; parent requirements: 1; child requirements: 9266.
9275,1,10,0,0,1,1,,,child requirement ids 9267.,Requirement rows: 1; direct abilities: 0; direct components: 0; parent requirements: 1; child requirements: 9267.
9276,1,10,0,0,1,1,,,child requirement ids 9268.,Requirement rows: 1; direct abilities: 0; direct components: 0; parent requirements: 1; child requirements: 9268.
9277,1,11,2,6,0,1,Damage,"1367 (Stubborn As Stone), 3823 (Inspiring Attack)",Observed in Damage contexts; direct ability usage 2; component sources 6; child requirement ids 9079.,"Requirement rows: 1; direct abilities: 2; direct components: 6; parent requirements: 0; child requirements: 9079; sample abilities: 1367 (Stubborn As Stone), 3823 (Inspiring Attack); context tags: Damage."
9278,1,8,8,15,0,1,,"14310 (Bolster), 14313 (Bolster), 14314 (Bolster), 14315 (Bolster), 14316 (Bolster), 23580 (Bolster), 23589 (Bolster), 23596 (Bolster)",direct ability usage 8; component sources 15; child requirement ids 9279.,"Requirement rows: 1; direct abilities: 8; direct components: 15; parent requirements: 0; child requirements: 9279; sample abilities: 14310 (Bolster), 14313 (Bolster), 14314 (Bolster), 14315 (Bolster), 14316 (Bolster), 23580 (Bolster), 23589 (Bolster), 23596 (Bolster)."
9279,1,10,0,0,1,0,,,referenced from 1 parent requirement row(s).,Requirement rows: 1; direct abilities: 0; direct components: 0; parent requirements: 1.
9280,1,10,0,0,1,0,,,referenced from 1 parent requirement row(s).,Requirement rows: 1; direct abilities: 0; direct components: 0; parent requirements: 1.
9281,1,10,0,0,1,1,,,child requirement ids 9280.,Requirement rows: 1; direct abilities: 0; direct components: 0; parent requirements: 1; child requirements: 9280.
9282,1,11,1,3,0,2,,14506 (Deployed Standard),"direct ability usage 1; component sources 3; child requirement ids 9273, 9281.","Requirement rows: 1; direct abilities: 1; direct components: 3; parent requirements: 0; child requirements: 9273, 9281; sample abilities: 14506 (Deployed Standard)."
9283,1,10,0,0,1,0,,,referenced from 1 parent requirement row(s).,Requirement rows: 1; direct abilities: 0; direct components: 0; parent requirements: 1.
9284,1,10,0,0,1,1,,,child requirement ids 9283.,Requirement rows: 1; direct abilities: 0; direct components: 0; parent requirements: 1; child requirements: 9283.
9285,1,11,1,1,0,2,,14509 (Planted Standard),"direct ability usage 1; component sources 1; child requirement ids 9273, 9284.","Requirement rows: 1; direct abilities: 1; direct components: 1; parent requirements: 0; child requirements: 9273, 9284; sample abilities: 14509 (Planted Standard)."
9286,1,11,0,0,1,0,,,referenced from 1 parent requirement row(s).,Requirement rows: 1; direct abilities: 0; direct components: 0; parent requirements: 1.
9287,1,11,0,0,1,0,,,referenced from 1 parent requirement row(s).,Requirement rows: 1; direct abilities: 0; direct components: 0; parent requirements: 1.
9288,1,11,2,2,0,2,"Damage, Heal, Snare","9559 (Covenant of Celerity), 9567 (Covenant of Vitality)","Observed in Damage, Heal, Snare contexts; direct ability usage 2; component sources 2; child requirement ids 9286, 9287.","Requirement rows: 1; direct abilities: 2; direct components: 2; parent requirements: 0; child requirements: 9286, 9287; sample abilities: 9559 (Covenant of Celerity), 9567 (Covenant of Vitality); context tags: Damage, Heal, Snare."
9289,1,12,0,0,1,0,,,referenced from 1 parent requirement row(s).,Requirement rows: 1; direct abilities: 0; direct components: 0; parent requirements: 1.
9290,1,11,0,0,0,1,,,child requirement ids 9289.,Requirement rows: 1; direct abilities: 0; direct components: 0; parent requirements: 0; child requirements: 9289.
9291,1,11,0,0,1,0,,,referenced from 1 parent requirement row(s).,Requirement rows: 1; direct abilities: 0; direct components: 0; parent requirements: 1.
9292,1,11,0,0,1,0,,,referenced from 1 parent requirement row(s).,Requirement rows: 1; direct abilities: 0; direct components: 0; parent requirements: 1.
9293,1,11,1,1,0,2,Damage,9476 (Frozen Touch),"Observed in Damage contexts; direct ability usage 1; component sources 1; child requirement ids 9291, 9292.","Requirement rows: 1; direct abilities: 1; direct components: 1; parent requirements: 0; child requirements: 9291, 9292; sample abilities: 9476 (Frozen Touch); context tags: Damage."
9294,1,10,1,1,0,0,,9433 (Baneful Touch),direct ability usage 1; component sources 1.,Requirement rows: 1; direct abilities: 1; direct components: 1; parent requirements: 0; sample abilities: 9433 (Baneful Touch).
9295,1,18,0,0,0,0,,,No direct ability or component context is decoded yet.,Requirement rows: 1; direct abilities: 0; direct components: 0; parent requirements: 0.
9296,1,10,0,0,0,0,,,No direct ability or component context is decoded yet.,Requirement rows: 1; direct abilities: 0; direct components: 0; parent requirements: 0.
9297,1,9,18,3,0,0,,"14378 (Cannon), 14379 (Organ Gun), 14380 (Catapult), 14382 (Spear Chukka), 14383 (Cannon), 14384 (Rock Lobba), 14386 (Cannon), 14387 (Hellblaster)",direct ability usage 18; component sources 3.,"Requirement rows: 1; direct abilities: 18; direct components: 3; parent requirements: 0; sample abilities: 14378 (Cannon), 14379 (Organ Gun), 14380 (Catapult), 14382 (Spear Chukka), 14383 (Cannon), 14384 (Rock Lobba), 14386 (Cannon), 14387 (Hellblaster)."
9298,1,8,0,0,0,0,,,No direct ability or component context is decoded yet.,Requirement rows: 1; direct abilities: 0; direct components: 0; parent requirements: 0.
9299,1,17,2,0,0,0,Heal,"8248 (Breath of Sigmar), 9558 (Stand, Coward!)",Observed in Heal contexts; direct ability usage 2.,"Requirement rows: 1; direct abilities: 2; direct components: 0; parent requirements: 0; sample abilities: 8248 (Breath of Sigmar), 9558 (Stand, Coward!); context tags: Heal."
9300,1,11,2,0,0,0,Damage,"1602 (Rune of Cleansing), 1906 (Greener 'n Cleaner)",Observed in Damage contexts; direct ability usage 2.,"Requirement rows: 1; direct abilities: 2; direct components: 0; parent requirements: 0; sample abilities: 1602 (Rune of Cleansing), 1906 (Greener 'n Cleaner); context tags: Damage."
9301,1,11,1,0,0,0,,8554 (Glimpse of Chaos),direct ability usage 1.,Requirement rows: 1; direct abilities: 1; direct components: 0; parent requirements: 0; sample abilities: 8554 (Glimpse of Chaos).
9302,1,11,2,0,0,0,Damage,"9244 (Cleansing Light), 9556 (Patch Wounds)",Observed in Damage contexts; direct ability usage 2.,"Requirement rows: 1; direct abilities: 2; direct components: 0; parent requirements: 0; sample abilities: 9244 (Cleansing Light), 9556 (Patch Wounds); context tags: Damage."
9303,1,17,0,0,0,0,,,No direct ability or component context is decoded yet.,Requirement rows: 1; direct abilities: 0; direct components: 0; parent requirements: 0.
9304,1,10,1,3,0,0,Damage,8494 (Dissolving Mist),Observed in Damage contexts; direct ability usage 1; component sources 3.,Requirement rows: 1; direct abilities: 1; direct components: 3; parent requirements: 0; sample abilities: 8494 (Dissolving Mist); context tags: Damage.
9305,1,10,3,3,0,0,Heal,"1601 (Rune of Serenity), 3017 (Rune of Serenity), 8557 (Leaping Alteration)",Observed in Heal contexts; direct ability usage 3; component sources 3.,"Requirement rows: 1; direct abilities: 3; direct components: 3; parent requirements: 0; sample abilities: 1601 (Rune of Serenity), 3017 (Rune of Serenity), 8557 (Leaping Alteration); context tags: Heal."
9306,1,10,1,6,0,0,Damage,1537 (Napalm Grenade),Observed in Damage contexts; direct ability usage 1; component sources 6.,Requirement rows: 1; direct abilities: 1; direct components: 6; parent requirements: 0; sample abilities: 1537 (Napalm Grenade); context tags: Damage.
9307,1,13,14,6,0,1,"Damage, Root, Stun","400 (Root Ward), 3027 (Aethyric Shock), 3028 (Rune of Binding), 3029 (Instill Fear), 3030 (Heaven's Fury), 3031 (Quake), 3032 (Agile Escape), 3033 (Declare Anathema)","Observed in Damage, Root, Stun contexts; direct ability usage 14; component sources 6; child requirement ids 9593.","Requirement rows: 1; direct abilities: 14; direct components: 6; parent requirements: 0; child requirements: 9593; sample abilities: 400 (Root Ward), 3027 (Aethyric Shock), 3028 (Rune of Binding), 3029 (Instill Fear), 3030 (Heaven's Fury), 3031 (Quake), 3032 (Agile Escape), 3033 (Declare Anathema); context tags: Damage, Root, Stun."
9308,1,10,0,0,0,0,,,No direct ability or component context is decoded yet.,Requirement rows: 1; direct abilities: 0; direct components: 0; parent requirements: 0.
9309,1,5,0,0,6,1,,,child requirement ids 9257.,Requirement rows: 1; direct abilities: 0; direct components: 0; parent requirements: 6; child requirements: 9257.
9310,1,8,1,3,0,0,,14721 (Force Cast from Keep 1),direct ability usage 1; component sources 3.,Requirement rows: 1; direct abilities: 1; direct components: 3; parent requirements: 0; sample abilities: 14721 (Force Cast from Keep 1).
9311,1,8,1,3,0,0,,14722 (Force Cast from Keep 2),direct ability usage 1; component sources 3.,Requirement rows: 1; direct abilities: 1; direct components: 3; parent requirements: 0; sample abilities: 14722 (Force Cast from Keep 2).
9312,1,8,1,3,0,0,,14723 (Force Cast from Keep 3),direct ability usage 1; component sources 3.,Requirement rows: 1; direct abilities: 1; direct components: 3; parent requirements: 0; sample abilities: 14723 (Force Cast from Keep 3).
9313,1,8,1,3,0,0,,14724 (Force Cast from Keep 4),direct ability usage 1; component sources 3.,Requirement rows: 1; direct abilities: 1; direct components: 3; parent requirements: 0; sample abilities: 14724 (Force Cast from Keep 4).
9314,1,8,1,3,0,0,,14725 (Force Cast from Keep 5),direct ability usage 1; component sources 3.,Requirement rows: 1; direct abilities: 1; direct components: 3; parent requirements: 0; sample abilities: 14725 (Force Cast from Keep 5).
9315,1,8,1,3,0,0,,14726 (Force Cast from Keep 6),direct ability usage 1; component sources 3.,Requirement rows: 1; direct abilities: 1; direct components: 3; parent requirements: 0; sample abilities: 14726 (Force Cast from Keep 6).
9316,1,8,1,3,0,0,,14727 (Force Cast from Keep 7),direct ability usage 1; component sources 3.,Requirement rows: 1; direct abilities: 1; direct components: 3; parent requirements: 0; sample abilities: 14727 (Force Cast from Keep 7).
9317,1,8,1,3,0,0,,14728 (Force Cast from Keep 8),direct ability usage 1; component sources 3.,Requirement rows: 1; direct abilities: 1; direct components: 3; parent requirements: 0; sample abilities: 14728 (Force Cast from Keep 8).
9318,1,8,1,3,0,0,,14729 (Force Cast from Keep 9),direct ability usage 1; component sources 3.,Requirement rows: 1; direct abilities: 1; direct components: 3; parent requirements: 0; sample abilities: 14729 (Force Cast from Keep 9).
9319,1,8,1,3,0,0,,14730 (Force Cast from Keep 10),direct ability usage 1; component sources 3.,Requirement rows: 1; direct abilities: 1; direct components: 3; parent requirements: 0; sample abilities: 14730 (Force Cast from Keep 10).
9320,1,8,1,3,0,0,,14731 (Force Cast from Keep 11),direct ability usage 1; component sources 3.,Requirement rows: 1; direct abilities: 1; direct components: 3; parent requirements: 0; sample abilities: 14731 (Force Cast from Keep 11).
9321,1,8,1,3,0,0,,14732 (Force Cast from Keep 12),direct ability usage 1; component sources 3.,Requirement rows: 1; direct abilities: 1; direct components: 3; parent requirements: 0; sample abilities: 14732 (Force Cast from Keep 12).
9322,1,8,1,3,0,0,,14733 (Force Cast from Keep 13),direct ability usage 1; component sources 3.,Requirement rows: 1; direct abilities: 1; direct components: 3; parent requirements: 0; sample abilities: 14733 (Force Cast from Keep 13).
9323,1,8,1,3,0,0,,14734 (Force Cast from Keep 14),direct ability usage 1; component sources 3.,Requirement rows: 1; direct abilities: 1; direct components: 3; parent requirements: 0; sample abilities: 14734 (Force Cast from Keep 14).
9324,1,8,1,3,0,0,,14735 (Force Cast from Keep 15),direct ability usage 1; component sources 3.,Requirement rows: 1; direct abilities: 1; direct components: 3; parent requirements: 0; sample abilities: 14735 (Force Cast from Keep 15).
9325,1,8,1,3,0,0,,14736 (Force Cast from Keep 16),direct ability usage 1; component sources 3.,Requirement rows: 1; direct abilities: 1; direct components: 3; parent requirements: 0; sample abilities: 14736 (Force Cast from Keep 16).
9326,1,8,1,3,0,0,,14737 (Force Cast from Keep 17),direct ability usage 1; component sources 3.,Requirement rows: 1; direct abilities: 1; direct components: 3; parent requirements: 0; sample abilities: 14737 (Force Cast from Keep 17).
9327,1,8,1,3,0,0,,14738 (Force Cast from Keep 18),direct ability usage 1; component sources 3.,Requirement rows: 1; direct abilities: 1; direct components: 3; parent requirements: 0; sample abilities: 14738 (Force Cast from Keep 18).
9328,1,8,1,3,0,0,,14739 (Force Cast from Keep 19),direct ability usage 1; component sources 3.,Requirement rows: 1; direct abilities: 1; direct components: 3; parent requirements: 0; sample abilities: 14739 (Force Cast from Keep 19).
9329,1,8,1,3,0,0,,14740 (Force Cast from Keep 20),direct ability usage 1; component sources 3.,Requirement rows: 1; direct abilities: 1; direct components: 3; parent requirements: 0; sample abilities: 14740 (Force Cast from Keep 20).
9330,1,8,1,3,0,0,,14741 (Force Cast from Keep 21),direct ability usage 1; component sources 3.,Requirement rows: 1; direct abilities: 1; direct components: 3; parent requirements: 0; sample abilities: 14741 (Force Cast from Keep 21).
9331,1,8,1,3,0,0,,14742 (Force Cast from Keep 22),direct ability usage 1; component sources 3.,Requirement rows: 1; direct abilities: 1; direct components: 3; parent requirements: 0; sample abilities: 14742 (Force Cast from Keep 22).
9332,1,8,1,3,0,0,,14743 (Force Cast from Keep 23),direct ability usage 1; component sources 3.,Requirement rows: 1; direct abilities: 1; direct components: 3; parent requirements: 0; sample abilities: 14743 (Force Cast from Keep 23).
9333,1,8,1,3,0,0,,14744 (Force Cast from Keep 24),direct ability usage 1; component sources 3.,Requirement rows: 1; direct abilities: 1; direct components: 3; parent requirements: 0; sample abilities: 14744 (Force Cast from Keep 24).
9334,1,8,1,3,0,0,,14745 (Force Cast from Keep 25),direct ability usage 1; component sources 3.,Requirement rows: 1; direct abilities: 1; direct components: 3; parent requirements: 0; sample abilities: 14745 (Force Cast from Keep 25).
9335,1,8,1,3,0,0,,14746 (Force Cast from Keep 26),direct ability usage 1; component sources 3.,Requirement rows: 1; direct abilities: 1; direct components: 3; parent requirements: 0; sample abilities: 14746 (Force Cast from Keep 26).
9336,1,8,1,3,0,0,,14747 (Force Cast from Keep 27),direct ability usage 1; component sources 3.,Requirement rows: 1; direct abilities: 1; direct components: 3; parent requirements: 0; sample abilities: 14747 (Force Cast from Keep 27).
9337,1,8,1,3,0,0,,14748 (Force Cast from Keep 28),direct ability usage 1; component sources 3.,Requirement rows: 1; direct abilities: 1; direct components: 3; parent requirements: 0; sample abilities: 14748 (Force Cast from Keep 28).
9338,1,8,1,3,0,0,,14749 (Force Cast from Keep 29),direct ability usage 1; component sources 3.,Requirement rows: 1; direct abilities: 1; direct components: 3; parent requirements: 0; sample abilities: 14749 (Force Cast from Keep 29).
9339,1,8,1,3,0,0,,14750 (Force Cast from Keep 30),direct ability usage 1; component sources 3.,Requirement rows: 1; direct abilities: 1; direct components: 3; parent requirements: 0; sample abilities: 14750 (Force Cast from Keep 30).
9340,1,11,0,0,0,0,,,No direct ability or component context is decoded yet.,Requirement rows: 1; direct abilities: 0; direct components: 0; parent requirements: 0.
9341,1,8,3,3,0,0,"Damage, Heal","9402 (Kiss of Agony), 9407 (Kiss of Death), 9412 (Kiss of Betrayal)","Observed in Damage, Heal contexts; direct ability usage 3; component sources 3.","Requirement rows: 1; direct abilities: 3; direct components: 3; parent requirements: 0; sample abilities: 9402 (Kiss of Agony), 9407 (Kiss of Death), 9412 (Kiss of Betrayal); context tags: Damage, Heal."
9342,1,6,1,2,0,0,,492 (Low-population bonuses),direct ability usage 1; component sources 2.,Requirement rows: 1; direct abilities: 1; direct components: 2; parent requirements: 0; sample abilities: 492 (Low-population bonuses).
9343,1,6,1,2,0,0,,492 (Low-population bonuses),direct ability usage 1; component sources 2.,Requirement rows: 1; direct abilities: 1; direct components: 2; parent requirements: 0; sample abilities: 492 (Low-population bonuses).
9344,1,4,1,2,1,0,,492 (Low-population bonuses),direct ability usage 1; component sources 2.,Requirement rows: 1; direct abilities: 1; direct components: 2; parent requirements: 1; sample abilities: 492 (Low-population bonuses).
9345,1,4,1,2,1,0,,492 (Low-population bonuses),direct ability usage 1; component sources 2.,Requirement rows: 1; direct abilities: 1; direct components: 2; parent requirements: 1; sample abilities: 492 (Low-population bonuses).
9346,1,10,0,0,1,1,,,child requirement ids 9344.,Requirement rows: 1; direct abilities: 0; direct components: 0; parent requirements: 1; child requirements: 9344.
9347,1,10,0,0,1,1,,,child requirement ids 9345.,Requirement rows: 1; direct abilities: 0; direct components: 0; parent requirements: 1; child requirements: 9345.
9348,1,9,0,0,0,2,,,"child requirement ids 9346, 9347.","Requirement rows: 1; direct abilities: 0; direct components: 0; parent requirements: 0; child requirements: 9346, 9347."
9349,1,0,0,0,0,0,,,No direct ability or component context is decoded yet.,Requirement rows: 1; direct abilities: 0; direct components: 0; parent requirements: 0.
9350,1,10,0,0,0,1,,,child requirement ids 9309.,Requirement rows: 1; direct abilities: 0; direct components: 0; parent requirements: 0; child requirements: 9309.
9351,1,10,0,0,0,1,,,child requirement ids 9309.,Requirement rows: 1; direct abilities: 0; direct components: 0; parent requirements: 0; child requirements: 9309.
9352,1,10,0,0,0,1,,,child requirement ids 9309.,Requirement rows: 1; direct abilities: 0; direct components: 0; parent requirements: 0; child requirements: 9309.
9353,1,10,0,0,0,1,,,child requirement ids 9309.,Requirement rows: 1; direct abilities: 0; direct components: 0; parent requirements: 0; child requirements: 9309.
9354,1,10,0,0,0,1,,,child requirement ids 9309.,Requirement rows: 1; direct abilities: 0; direct components: 0; parent requirements: 0; child requirements: 9309.
9355,1,10,0,0,0,1,,,child requirement ids 9309.,Requirement rows: 1; direct abilities: 0; direct components: 0; parent requirements: 0; child requirements: 9309.
9356,1,8,3,3,1,0,,"10953 (Horn of Hallow Wolf), 24741 (Dwarf Keg-Handler), 24742 (Goblin Bar-Back)",direct ability usage 3; component sources 3.,"Requirement rows: 1; direct abilities: 3; direct components: 3; parent requirements: 1; sample abilities: 10953 (Horn of Hallow Wolf), 24741 (Dwarf Keg-Handler), 24742 (Goblin Bar-Back)."
9357,1,7,3,3,1,0,,"10953 (Horn of Hallow Wolf), 24741 (Dwarf Keg-Handler), 24742 (Goblin Bar-Back)",direct ability usage 3; component sources 3.,"Requirement rows: 1; direct abilities: 3; direct components: 3; parent requirements: 1; sample abilities: 10953 (Horn of Hallow Wolf), 24741 (Dwarf Keg-Handler), 24742 (Goblin Bar-Back)."
9358,1,7,3,5,0,0,,"10953 (Horn of Hallow Wolf), 24741 (Dwarf Keg-Handler), 24742 (Goblin Bar-Back)",direct ability usage 3; component sources 5.,"Requirement rows: 1; direct abilities: 3; direct components: 5; parent requirements: 0; sample abilities: 10953 (Horn of Hallow Wolf), 24741 (Dwarf Keg-Handler), 24742 (Goblin Bar-Back)."
9359,1,8,0,0,0,0,,,No direct ability or component context is decoded yet.,Requirement rows: 1; direct abilities: 0; direct components: 0; parent requirements: 0.
9360,1,0,2,0,0,0,,"15174 (Call of the Dark Gods), 15183 (Last Call Keg)",direct ability usage 2.,"Requirement rows: 1; direct abilities: 2; direct components: 0; parent requirements: 0; sample abilities: 15174 (Call of the Dark Gods), 15183 (Last Call Keg)."
9361,1,0,2,0,0,0,,"15173 (Emperor's Summons), 15182 (Last Call Keg)",direct ability usage 2.,"Requirement rows: 1; direct abilities: 2; direct components: 0; parent requirements: 0; sample abilities: 15173 (Emperor's Summons), 15182 (Last Call Keg)."
9362,1,11,3,0,0,2,,"10953 (Horn of Hallow Wolf), 24741 (Dwarf Keg-Handler), 24742 (Goblin Bar-Back)","direct ability usage 3; child requirement ids 9356, 9357.","Requirement rows: 1; direct abilities: 3; direct components: 0; parent requirements: 0; child requirements: 9356, 9357; sample abilities: 10953 (Horn of Hallow Wolf), 24741 (Dwarf Keg-Handler), 24742 (Goblin Bar-Back)."
9363,1,11,1,0,0,2,Damage,9331 (Furious Howl),"Observed in Damage contexts; direct ability usage 1; child requirement ids 9373, 9383.","Requirement rows: 1; direct abilities: 1; direct components: 0; parent requirements: 0; child requirements: 9373, 9383; sample abilities: 9331 (Furious Howl); context tags: Damage."
9364,1,23,1,0,0,4,Damage,9342 (Blade of Ruin),"Observed in Damage contexts; direct ability usage 1; child requirement ids 9374, 9384, 9394, 9397.","Requirement rows: 1; direct abilities: 1; direct components: 0; parent requirements: 0; child requirements: 9374, 9384, 9394, 9397; sample abilities: 9342 (Blade of Ruin); context tags: Damage."
9365,1,23,1,0,0,4,Damage,9323 (Monstrous Rending),"Observed in Damage contexts; direct ability usage 1; child requirement ids 9375, 9385, 9395, 9398.","Requirement rows: 1; direct abilities: 1; direct components: 0; parent requirements: 0; child requirements: 9375, 9385, 9395, 9398; sample abilities: 9323 (Monstrous Rending); context tags: Damage."
9366,1,11,1,0,0,2,,9319 (Driven By Hate),"direct ability usage 1; child requirement ids 9376, 9386.","Requirement rows: 1; direct abilities: 1; direct components: 0; parent requirements: 0; child requirements: 9376, 9386; sample abilities: 9319 (Driven By Hate)."
9367,1,11,0,0,0,2,,,"child requirement ids 9377, 9387.","Requirement rows: 1; direct abilities: 0; direct components: 0; parent requirements: 0; child requirements: 9377, 9387."
9368,1,11,1,0,0,2,Damage,9335 (Pitiless Strike),"Observed in Damage contexts; direct ability usage 1; child requirement ids 9378, 9388.","Requirement rows: 1; direct abilities: 1; direct components: 0; parent requirements: 0; child requirements: 9378, 9388; sample abilities: 9335 (Pitiless Strike); context tags: Damage."
9369,1,11,1,0,0,2,Damage,9336 (Shield of Rage),"Observed in Damage contexts; direct ability usage 1; child requirement ids 9379, 9389.","Requirement rows: 1; direct abilities: 1; direct components: 0; parent requirements: 0; child requirements: 9379, 9389; sample abilities: 9336 (Shield of Rage); context tags: Damage."
9370,1,11,1,0,0,2,Damage,9344 (Crimson Death),"Observed in Damage contexts; direct ability usage 1; child requirement ids 9380, 9390.","Requirement rows: 1; direct abilities: 1; direct components: 0; parent requirements: 0; child requirements: 9380, 9390; sample abilities: 9344 (Crimson Death); context tags: Damage."
9371,1,11,1,0,0,2,Damage,9349 (Choking Fury),"Observed in Damage contexts; direct ability usage 1; child requirement ids 9381, 9391.","Requirement rows: 1; direct abilities: 1; direct components: 0; parent requirements: 0; child requirements: 9381, 9391; sample abilities: 9349 (Choking Fury); context tags: Damage."
9372,1,11,1,0,0,2,Heal,9350 (Bolstering Anger),"Observed in Heal contexts; direct ability usage 1; child requirement ids 9382, 9392.","Requirement rows: 1; direct abilities: 1; direct components: 0; parent requirements: 0; child requirements: 9382, 9392; sample abilities: 9350 (Bolstering Anger); context tags: Heal."
9373,1,10,0,0,1,0,,,referenced from 1 parent requirement row(s).,Requirement rows: 1; direct abilities: 0; direct components: 0; parent requirements: 1.
9374,1,15,0,0,1,0,,,referenced from 1 parent requirement row(s).,Requirement rows: 1; direct abilities: 0; direct components: 0; parent requirements: 1.
9375,1,15,0,0,1,0,,,referenced from 1 parent requirement row(s).,Requirement rows: 1; direct abilities: 0; direct components: 0; parent requirements: 1.
9376,1,10,0,0,1,0,,,referenced from 1 parent requirement row(s).,Requirement rows: 1; direct abilities: 0; direct components: 0; parent requirements: 1.
9377,1,10,0,0,1,0,,,referenced from 1 parent requirement row(s).,Requirement rows: 1; direct abilities: 0; direct components: 0; parent requirements: 1.
9378,1,10,0,0,1,0,,,referenced from 1 parent requirement row(s).,Requirement rows: 1; direct abilities: 0; direct components: 0; parent requirements: 1.
9379,1,10,0,0,1,0,,,referenced from 1 parent requirement row(s).,Requirement rows: 1; direct abilities: 0; direct components: 0; parent requirements: 1.
9380,1,10,0,0,1,0,,,referenced from 1 parent requirement row(s).,Requirement rows: 1; direct abilities: 0; direct components: 0; parent requirements: 1.
9381,1,10,0,0,1,0,,,referenced from 1 parent requirement row(s).,Requirement rows: 1; direct abilities: 0; direct components: 0; parent requirements: 1.
9382,1,10,0,0,1,0,,,referenced from 1 parent requirement row(s).,Requirement rows: 1; direct abilities: 0; direct components: 0; parent requirements: 1.
9383,1,11,0,0,1,0,,,referenced from 1 parent requirement row(s).,Requirement rows: 1; direct abilities: 0; direct components: 0; parent requirements: 1.
9384,1,16,0,0,1,0,,,referenced from 1 parent requirement row(s).,Requirement rows: 1; direct abilities: 0; direct components: 0; parent requirements: 1.
9385,1,16,0,0,1,0,,,referenced from 1 parent requirement row(s).,Requirement rows: 1; direct abilities: 0; direct components: 0; parent requirements: 1.
9386,1,11,0,0,1,0,,,referenced from 1 parent requirement row(s).,Requirement rows: 1; direct abilities: 0; direct components: 0; parent requirements: 1.
9387,1,11,0,0,1,0,,,referenced from 1 parent requirement row(s).,Requirement rows: 1; direct abilities: 0; direct components: 0; parent requirements: 1.
9388,1,11,0,0,1,0,,,referenced from 1 parent requirement row(s).,Requirement rows: 1; direct abilities: 0; direct components: 0; parent requirements: 1.
9389,1,11,0,0,1,0,,,referenced from 1 parent requirement row(s).,Requirement rows: 1; direct abilities: 0; direct components: 0; parent requirements: 1.
9390,1,11,0,0,1,0,,,referenced from 1 parent requirement row(s).,Requirement rows: 1; direct abilities: 0; direct components: 0; parent requirements: 1.
9391,1,11,0,0,1,0,,,referenced from 1 parent requirement row(s).,Requirement rows: 1; direct abilities: 0; direct components: 0; parent requirements: 1.
9392,1,11,0,0,1,0,,,referenced from 1 parent requirement row(s).,Requirement rows: 1; direct abilities: 0; direct components: 0; parent requirements: 1.
9393,1,16,0,0,0,0,,,No direct ability or component context is decoded yet.,Requirement rows: 1; direct abilities: 0; direct components: 0; parent requirements: 0.
9394,1,16,0,0,1,0,,,referenced from 1 parent requirement row(s).,Requirement rows: 1; direct abilities: 0; direct components: 0; parent requirements: 1.
9395,1,16,0,0,1,0,,,referenced from 1 parent requirement row(s).,Requirement rows: 1; direct abilities: 0; direct components: 0; parent requirements: 1.
9396,1,17,0,0,0,0,,,No direct ability or component context is decoded yet.,Requirement rows: 1; direct abilities: 0; direct components: 0; parent requirements: 0.
9397,1,16,0,0,1,0,,,referenced from 1 parent requirement row(s).,Requirement rows: 1; direct abilities: 0; direct components: 0; parent requirements: 1.
9398,1,17,0,0,1,0,,,referenced from 1 parent requirement row(s).,Requirement rows: 1; direct abilities: 0; direct components: 0; parent requirements: 1.
9399,1,9,2,2,0,0,Damage,"9323 (Monstrous Rending), 9342 (Blade of Ruin)",Observed in Damage contexts; direct ability usage 2; component sources 2.,"Requirement rows: 1; direct abilities: 2; direct components: 2; parent requirements: 0; sample abilities: 9323 (Monstrous Rending), 9342 (Blade of Ruin); context tags: Damage."
9400,1,10,2,2,0,0,Damage,"9323 (Monstrous Rending), 9342 (Blade of Ruin)",Observed in Damage contexts; direct ability usage 2; component sources 2.,"Requirement rows: 1; direct abilities: 2; direct components: 2; parent requirements: 0; sample abilities: 9323 (Monstrous Rending), 9342 (Blade of Ruin); context tags: Damage."
9401,1,10,2,3,0,0,Damage,"9323 (Monstrous Rending), 9342 (Blade of Ruin)",Observed in Damage contexts; direct ability usage 2; component sources 3.,"Requirement rows: 1; direct abilities: 2; direct components: 3; parent requirements: 0; sample abilities: 9323 (Monstrous Rending), 9342 (Blade of Ruin); context tags: Damage."
9402,1,11,2,3,0,0,Damage,"9323 (Monstrous Rending), 9342 (Blade of Ruin)",Observed in Damage contexts; direct ability usage 2; component sources 3.,"Requirement rows: 1; direct abilities: 2; direct components: 3; parent requirements: 0; sample abilities: 9323 (Monstrous Rending), 9342 (Blade of Ruin); context tags: Damage."
9403,1,30,1,1,0,0,Heal,9258 (Funnel Essence),Observed in Heal contexts; direct ability usage 1; component sources 1.,Requirement rows: 1; direct abilities: 1; direct components: 1; parent requirements: 0; sample abilities: 9258 (Funnel Essence); context tags: Heal.
9404,1,19,0,0,1,0,,,referenced from 1 parent requirement row(s).,Requirement rows: 1; direct abilities: 0; direct components: 0; parent requirements: 1.
9405,1,10,1,1,0,0,,3269 (Taunt VFX Dispel Sub),direct ability usage 1; component sources 1.,Requirement rows: 1; direct abilities: 1; direct components: 1; parent requirements: 0; sample abilities: 3269 (Taunt VFX Dispel Sub).
9406,1,19,0,0,1,0,,,referenced from 1 parent requirement row(s).,Requirement rows: 1; direct abilities: 0; direct components: 0; parent requirements: 1.
9407,1,34,0,1,0,0,,,component sources 1.,Requirement rows: 1; direct abilities: 0; direct components: 1; parent requirements: 0.
9408,1,18,0,0,1,0,,,referenced from 1 parent requirement row(s).,Requirement rows: 1; direct abilities: 0; direct components: 0; parent requirements: 1.
9409,1,25,0,0,0,0,,,No direct ability or component context is decoded yet.,Requirement rows: 1; direct abilities: 0; direct components: 0; parent requirements: 0.
9410,1,19,6,0,0,0,"Disarm, Root","1377 (Juggernaut), 1740 (Juggernaut), 8019 (Juggernaut), 8330 (Juggernaut), 9016 (Juggernaut), 9330 (Juggernaut)","Observed in Disarm, Root contexts; direct ability usage 6.","Requirement rows: 1; direct abilities: 6; direct components: 0; parent requirements: 0; sample abilities: 1377 (Juggernaut), 1740 (Juggernaut), 8019 (Juggernaut), 8330 (Juggernaut), 9016 (Juggernaut), 9330 (Juggernaut); context tags: Disarm, Root."
9411,1,13,0,0,0,0,,,No direct ability or component context is decoded yet.,Requirement rows: 1; direct abilities: 0; direct components: 0; parent requirements: 0.
9412,1,10,0,0,1,0,,,referenced from 1 parent requirement row(s).,Requirement rows: 1; direct abilities: 0; direct components: 0; parent requirements: 1.
9413,1,12,0,1,0,1,,,component sources 1; child requirement ids 9412.,Requirement rows: 1; direct abilities: 0; direct components: 1; parent requirements: 0; child requirements: 9412.
9414,1,12,1,1,1,1,,1758 (Come and Git It!),direct ability usage 1; component sources 1; child requirement ids 9415.,Requirement rows: 1; direct abilities: 1; direct components: 1; parent requirements: 1; child requirements: 9415; sample abilities: 1758 (Come and Git It!).
9415,1,13,0,0,1,0,,,referenced from 1 parent requirement row(s).,Requirement rows: 1; direct abilities: 0; direct components: 0; parent requirements: 1.
9416,1,5,0,0,0,0,,,No direct ability or component context is decoded yet.,Requirement rows: 1; direct abilities: 0; direct components: 0; parent requirements: 0.
9417,1,11,4,7,0,0,"Damage, Heal","1750 (Try An' Hurt Me), 1751 (Weaklin' Killa), 1759 (Wild Choppin'), 1773 (No More Helpin')","Observed in Damage, Heal contexts; direct ability usage 4; component sources 7.","Requirement rows: 1; direct abilities: 4; direct components: 7; parent requirements: 0; sample abilities: 1750 (Try An' Hurt Me), 1751 (Weaklin' Killa), 1759 (Wild Choppin'), 1773 (No More Helpin'); context tags: Damage, Heal."
9418,1,9,2,6,0,2,,"1053 (Berserk), 1054 (Berserk)","direct ability usage 2; component sources 6; child requirement ids 9404, 9408.","Requirement rows: 1; direct abilities: 2; direct components: 6; parent requirements: 0; child requirements: 9404, 9408; sample abilities: 1053 (Berserk), 1054 (Berserk)."
9419,1,11,3,3,0,0,Damage,"1438 (Enervating Blow), 1439 (Deathblow), 1447 (Wild Swing)",Observed in Damage contexts; direct ability usage 3; component sources 3.,"Requirement rows: 1; direct abilities: 3; direct components: 3; parent requirements: 0; sample abilities: 1438 (Enervating Blow), 1439 (Deathblow), 1447 (Wild Swing); context tags: Damage."
9420,1,13,0,0,0,0,,,No direct ability or component context is decoded yet.,Requirement rows: 1; direct abilities: 0; direct components: 0; parent requirements: 0.
9421,1,12,2,4,0,2,,"1064 (Enrage), 1065 (Enrage)","direct ability usage 2; component sources 4; child requirement ids 9406, 9430.","Requirement rows: 1; direct abilities: 2; direct components: 4; parent requirements: 0; child requirements: 9406, 9430; sample abilities: 1064 (Enrage), 1065 (Enrage)."
9422,1,9,0,0,1,0,,,referenced from 1 parent requirement row(s).,Requirement rows: 1; direct abilities: 0; direct components: 0; parent requirements: 1.
9423,1,9,18,20,0,2,Heal,"3401 (Dreadful Fear), 3402 (Corrupting Wrath), 3403 (Discordant Instability), 3407 (Dreadful Terror), 3409 (Discordant Turbulence), 3485 (Press The Attack!), 3486 (Stand Strong!), 3487 (Gather Your Resolve!)","Observed in Heal contexts; direct ability usage 18; component sources 20; child requirement ids 9240, 9422.","Requirement rows: 1; direct abilities: 18; direct components: 20; parent requirements: 0; child requirements: 9240, 9422; sample abilities: 3401 (Dreadful Fear), 3402 (Corrupting Wrath), 3403 (Discordant Instability), 3407 (Dreadful Terror), 3409 (Discordant Turbulence), 3485 (Press The Attack!), 3486 (Stand Strong!), 3487 (Gather Your Resolve!); context tags: Heal."
9424,1,10,2,2,0,1,,"1446 (Even the Odds), 1758 (Come and Git It!)",direct ability usage 2; component sources 2; child requirement ids 9414.,"Requirement rows: 1; direct abilities: 2; direct components: 2; parent requirements: 0; child requirements: 9414; sample abilities: 1446 (Even the Odds), 1758 (Come and Git It!)."
9425,1,14,0,0,1,0,,,referenced from 1 parent requirement row(s).,Requirement rows: 1; direct abilities: 0; direct components: 0; parent requirements: 1.
9426,1,10,0,0,0,1,,,child requirement ids 9425.,Requirement rows: 1; direct abilities: 0; direct components: 0; parent requirements: 0; child requirements: 9425.
9427,1,4,2,2,0,0,,"15972 (Apprenticeship), 15975 (Indenture)",direct ability usage 2; component sources 2.,"Requirement rows: 1; direct abilities: 2; direct components: 2; parent requirements: 0; sample abilities: 15972 (Apprenticeship), 15975 (Indenture)."
9428,1,9,0,2,0,0,,,component sources 2.,Requirement rows: 1; direct abilities: 0; direct components: 2; parent requirements: 0.
9429,1,12,0,0,1,1,,,child requirement ids 9429.,Requirement rows: 1; direct abilities: 0; direct components: 0; parent requirements: 1; child requirements: 9429.
9430,1,18,0,0,1,0,,,referenced from 1 parent requirement row(s).,Requirement rows: 1; direct abilities: 0; direct components: 0; parent requirements: 1.
9431,1,10,1,1,0,0,Damage,8337 (Bane Shield),Observed in Damage contexts; direct ability usage 1; component sources 1.,Requirement rows: 1; direct abilities: 1; direct components: 1; parent requirements: 0; sample abilities: 8337 (Bane Shield); context tags: Damage.
9432,1,10,0,0,0,1,,,child requirement ids 9433.,Requirement rows: 1; direct abilities: 0; direct components: 0; parent requirements: 0; child requirements: 9433.
9433,1,11,0,0,1,0,,,referenced from 1 parent requirement row(s).,Requirement rows: 1; direct abilities: 0; direct components: 0; parent requirements: 1.
9434,1,11,0,0,0,0,,,No direct ability or component context is decoded yet.,Requirement rows: 1; direct abilities: 0; direct components: 0; parent requirements: 0.
9435,1,10,1,4,0,0,Damage,8025 (Shield of the Sun),Observed in Damage contexts; direct ability usage 1; component sources 4.,Requirement rows: 1; direct abilities: 1; direct components: 4; parent requirements: 0; sample abilities: 8025 (Shield of the Sun); context tags: Damage.
9436,1,10,1,1,0,0,,3458 (On Your Guard!),direct ability usage 1; component sources 1.,Requirement rows: 1; direct abilities: 1; direct components: 1; parent requirements: 0; sample abilities: 3458 (On Your Guard!).
9437,1,10,1,1,0,0,,3479 (Discordant Fluctuation),direct ability usage 1; component sources 1.,Requirement rows: 1; direct abilities: 1; direct components: 1; parent requirements: 0; sample abilities: 3479 (Discordant Fluctuation).
9438,1,18,1,0,0,0,Damage,9032 (Redirected Force),Observed in Damage contexts; direct ability usage 1.,Requirement rows: 1; direct abilities: 1; direct components: 0; parent requirements: 0; sample abilities: 9032 (Redirected Force); context tags: Damage.
9439,1,10,2,2,0,0,Damage,"1450 (Retribution), 1762 (Bring It On)",Observed in Damage contexts; direct ability usage 2; component sources 2.,"Requirement rows: 1; direct abilities: 2; direct components: 2; parent requirements: 0; sample abilities: 1450 (Retribution), 1762 (Bring It On); context tags: Damage."
9440,1,9,3,3,0,1,Damage,"8091 (Burn Armor), 8404 (Touch of Rot), 9406 (Vehement Blades)",Observed in Damage contexts; direct ability usage 3; component sources 3; child requirement ids 9147.,"Requirement rows: 1; direct abilities: 3; direct components: 3; parent requirements: 0; child requirements: 9147; sample abilities: 8091 (Burn Armor), 8404 (Touch of Rot), 9406 (Vehement Blades); context tags: Damage."
9441,1,11,1,0,0,0,Damage,9186 (Pounce),Observed in Damage contexts; direct ability usage 1.,Requirement rows: 1; direct abilities: 1; direct components: 0; parent requirements: 0; sample abilities: 9186 (Pounce); context tags: Damage.
9442,1,11,5,0,0,1,"Damage, Heal","1437 (Spine Crusher), 1749 (Go For Da Soft Spot), 9110 (Flanking Shot), 9427 (Heart Seeker), 9428 (Sacrificial Stab)","Observed in Damage, Heal contexts; direct ability usage 5; child requirement ids 9204.","Requirement rows: 1; direct abilities: 5; direct components: 0; parent requirements: 0; child requirements: 9204; sample abilities: 1437 (Spine Crusher), 1749 (Go For Da Soft Spot), 9110 (Flanking Shot), 9427 (Heart Seeker), 9428 (Sacrificial Stab); context tags: Damage, Heal."
9443,1,10,1,0,0,0,Damage,864 (Shred),Observed in Damage contexts; direct ability usage 1.,Requirement rows: 1; direct abilities: 1; direct components: 0; parent requirements: 0; sample abilities: 864 (Shred); context tags: Damage.
9444,1,10,2,0,0,0,"Damage, Heal","9161 (Blindside), 9191 (Thin The Herd)","Observed in Damage, Heal contexts; direct ability usage 2.","Requirement rows: 1; direct abilities: 2; direct components: 0; parent requirements: 0; sample abilities: 9161 (Blindside), 9191 (Thin The Herd); context tags: Damage, Heal."
9445,1,17,0,0,0,0,,,No direct ability or component context is decoded yet.,Requirement rows: 1; direct abilities: 0; direct components: 0; parent requirements: 0.
9446,1,5,0,0,0,0,,,No direct ability or component context is decoded yet.,Requirement rows: 1; direct abilities: 0; direct components: 0; parent requirements: 0.
9447,1,17,1,0,0,0,,8246 (Purify),direct ability usage 1.,Requirement rows: 1; direct abilities: 1; direct components: 0; parent requirements: 0; sample abilities: 8246 (Purify).
9448,1,10,1,1,1,0,Damage,8498 (Tzeentch's Firestorm),Observed in Damage contexts; direct ability usage 1; component sources 1.,Requirement rows: 1; direct abilities: 1; direct components: 1; parent requirements: 1; sample abilities: 8498 (Tzeentch's Firestorm); context tags: Damage.
9449,1,10,1,1,1,0,Damage,8177 (Rain of Fire),Observed in Damage contexts; direct ability usage 1; component sources 1.,Requirement rows: 1; direct abilities: 1; direct components: 1; parent requirements: 1; sample abilities: 8177 (Rain of Fire); context tags: Damage.
9450,1,10,1,1,1,0,Damage,9485 (Pit of Shades),Observed in Damage contexts; direct ability usage 1; component sources 1.,Requirement rows: 1; direct abilities: 1; direct components: 1; parent requirements: 1; sample abilities: 9485 (Pit of Shades); context tags: Damage.
9451,1,10,1,1,0,1,Damage,8498 (Tzeentch's Firestorm),Observed in Damage contexts; direct ability usage 1; component sources 1; child requirement ids 9448.,Requirement rows: 1; direct abilities: 1; direct components: 1; parent requirements: 0; child requirements: 9448; sample abilities: 8498 (Tzeentch's Firestorm); context tags: Damage.
9452,1,10,1,1,0,1,Damage,8177 (Rain of Fire),Observed in Damage contexts; direct ability usage 1; component sources 1; child requirement ids 9449.,Requirement rows: 1; direct abilities: 1; direct components: 1; parent requirements: 0; child requirements: 9449; sample abilities: 8177 (Rain of Fire); context tags: Damage.
9453,1,10,1,1,0,1,Damage,9485 (Pit of Shades),Observed in Damage contexts; direct ability usage 1; component sources 1; child requirement ids 9450.,Requirement rows: 1; direct abilities: 1; direct components: 1; parent requirements: 0; child requirements: 9450; sample abilities: 9485 (Pit of Shades); context tags: Damage.
9454,1,17,1,1,0,0,,27826 (Cleansing Wind),direct ability usage 1; component sources 1.,Requirement rows: 1; direct abilities: 1; direct components: 1; parent requirements: 0; sample abilities: 27826 (Cleansing Wind).
9455,1,10,2,1,0,0,Damage,"1069 (Improvised Upgrades), 1071 (Unholy Empowerment)",Observed in Damage contexts; direct ability usage 2; component sources 1.,"Requirement rows: 1; direct abilities: 2; direct components: 1; parent requirements: 0; sample abilities: 1069 (Improvised Upgrades), 1071 (Unholy Empowerment); context tags: Damage."
9456,1,9,1,1,0,0,,15146 (Exalted Glory of War),direct ability usage 1; component sources 1.,Requirement rows: 1; direct abilities: 1; direct components: 1; parent requirements: 0; sample abilities: 15146 (Exalted Glory of War).
9457,1,10,0,0,1,0,,,referenced from 1 parent requirement row(s).,Requirement rows: 1; direct abilities: 0; direct components: 0; parent requirements: 1.
9458,1,9,1,3,0,1,,15146 (Exalted Glory of War),direct ability usage 1; component sources 3; child requirement ids 9457.,Requirement rows: 1; direct abilities: 1; direct components: 3; parent requirements: 0; child requirements: 9457; sample abilities: 15146 (Exalted Glory of War).
9459,1,11,2,2,0,1,Damage,"8399 (Impale), 9165 (Sundering Chop)",Observed in Damage contexts; direct ability usage 2; component sources 2; child requirement ids 9204.,"Requirement rows: 1; direct abilities: 2; direct components: 2; parent requirements: 0; child requirements: 9204; sample abilities: 8399 (Impale), 9165 (Sundering Chop); context tags: Damage."
9460,1,11,0,0,0,2,,,"child requirement ids 9165, 9204.","Requirement rows: 1; direct abilities: 0; direct components: 0; parent requirements: 0; child requirements: 9165, 9204."
9461,1,0,0,0,1,0,,,referenced from 1 parent requirement row(s).,Requirement rows: 1; direct abilities: 0; direct components: 0; parent requirements: 1.
9462,1,0,0,0,1,0,,,referenced from 1 parent requirement row(s).,Requirement rows: 1; direct abilities: 0; direct components: 0; parent requirements: 1.
9463,1,0,0,0,1,0,,,referenced from 1 parent requirement row(s).,Requirement rows: 1; direct abilities: 0; direct components: 0; parent requirements: 1.
9464,1,0,0,0,1,0,,,referenced from 1 parent requirement row(s).,Requirement rows: 1; direct abilities: 0; direct components: 0; parent requirements: 1.
9465,1,0,0,0,1,0,,,referenced from 1 parent requirement row(s).,Requirement rows: 1; direct abilities: 0; direct components: 0; parent requirements: 1.
9466,1,0,0,0,1,0,,,referenced from 1 parent requirement row(s).,Requirement rows: 1; direct abilities: 0; direct components: 0; parent requirements: 1.
9467,1,0,0,0,1,0,,,referenced from 1 parent requirement row(s).,Requirement rows: 1; direct abilities: 0; direct components: 0; parent requirements: 1.
9468,1,0,0,0,1,0,,,referenced from 1 parent requirement row(s).,Requirement rows: 1; direct abilities: 0; direct components: 0; parent requirements: 1.
9469,1,7,1,1,0,1,,493 (Progression Pack Boost),direct ability usage 1; component sources 1; child requirement ids 9461.,Requirement rows: 1; direct abilities: 1; direct components: 1; parent requirements: 0; child requirements: 9461; sample abilities: 493 (Progression Pack Boost).
9470,1,7,1,1,0,1,,493 (Progression Pack Boost),direct ability usage 1; component sources 1; child requirement ids 9462.,Requirement rows: 1; direct abilities: 1; direct components: 1; parent requirements: 0; child requirements: 9462; sample abilities: 493 (Progression Pack Boost).
9471,1,7,1,1,0,1,,493 (Progression Pack Boost),direct ability usage 1; component sources 1; child requirement ids 9463.,Requirement rows: 1; direct abilities: 1; direct components: 1; parent requirements: 0; child requirements: 9463; sample abilities: 493 (Progression Pack Boost).
9472,1,7,1,1,0,1,,493 (Progression Pack Boost),direct ability usage 1; component sources 1; child requirement ids 9464.,Requirement rows: 1; direct abilities: 1; direct components: 1; parent requirements: 0; child requirements: 9464; sample abilities: 493 (Progression Pack Boost).
9473,1,7,1,1,0,1,,493 (Progression Pack Boost),direct ability usage 1; component sources 1; child requirement ids 9465.,Requirement rows: 1; direct abilities: 1; direct components: 1; parent requirements: 0; child requirements: 9465; sample abilities: 493 (Progression Pack Boost).
9474,1,7,1,1,0,1,,493 (Progression Pack Boost),direct ability usage 1; component sources 1; child requirement ids 9466.,Requirement rows: 1; direct abilities: 1; direct components: 1; parent requirements: 0; child requirements: 9466; sample abilities: 493 (Progression Pack Boost).
9475,1,7,1,1,0,1,,493 (Progression Pack Boost),direct ability usage 1; component sources 1; child requirement ids 9467.,Requirement rows: 1; direct abilities: 1; direct components: 1; parent requirements: 0; child requirements: 9467; sample abilities: 493 (Progression Pack Boost).
9476,1,7,1,1,0,1,,493 (Progression Pack Boost),direct ability usage 1; component sources 1; child requirement ids 9468.,Requirement rows: 1; direct abilities: 1; direct components: 1; parent requirements: 0; child requirements: 9468; sample abilities: 493 (Progression Pack Boost).
9477,1,24,0,0,0,4,,,"child requirement ids 9478, 9479, 9480, 9481.","Requirement rows: 1; direct abilities: 0; direct components: 0; parent requirements: 0; child requirements: 9478, 9479, 9480, 9481."
9478,1,24,0,0,1,0,,,referenced from 1 parent requirement row(s).,Requirement rows: 1; direct abilities: 0; direct components: 0; parent requirements: 1.
9479,1,18,0,0,1,0,,,referenced from 1 parent requirement row(s).,Requirement rows: 1; direct abilities: 0; direct components: 0; parent requirements: 1.
9480,1,12,0,0,1,0,,,referenced from 1 parent requirement row(s).,Requirement rows: 1; direct abilities: 0; direct components: 0; parent requirements: 1.
9481,1,6,0,0,1,0,,,referenced from 1 parent requirement row(s).,Requirement rows: 1; direct abilities: 0; direct components: 0; parent requirements: 1.
9482,1,0,0,0,0,0,,,No direct ability or component context is decoded yet.,Requirement rows: 1; direct abilities: 0; direct components: 0; parent requirements: 0.
9483,1,17,1,0,0,0,,14415 (Cleanse War Engine),direct ability usage 1.,Requirement rows: 1; direct abilities: 1; direct components: 0; parent requirements: 0; sample abilities: 14415 (Cleanse War Engine).
9484,1,0,0,0,0,0,,,No direct ability or component context is decoded yet.,Requirement rows: 1; direct abilities: 0; direct components: 0; parent requirements: 0.
9485,1,0,0,0,1,0,,,referenced from 1 parent requirement row(s).,Requirement rows: 1; direct abilities: 0; direct components: 0; parent requirements: 1.
9486,1,7,1,1,0,1,,493 (Progression Pack Boost),direct ability usage 1; component sources 1; child requirement ids 9485.,Requirement rows: 1; direct abilities: 1; direct components: 1; parent requirements: 0; child requirements: 9485; sample abilities: 493 (Progression Pack Boost).
9487,1,24,0,0,0,0,,,No direct ability or component context is decoded yet.,Requirement rows: 1; direct abilities: 0; direct components: 0; parent requirements: 0.
9488,1,9,0,0,0,0,,,No direct ability or component context is decoded yet.,Requirement rows: 1; direct abilities: 0; direct components: 0; parent requirements: 0.
9490,1,0,0,0,1,0,,,referenced from 1 parent requirement row(s).,Requirement rows: 1; direct abilities: 0; direct components: 0; parent requirements: 1.
9491,1,7,1,1,0,1,,493 (Progression Pack Boost),direct ability usage 1; component sources 1; child requirement ids 9490.,Requirement rows: 1; direct abilities: 1; direct components: 1; parent requirements: 0; child requirements: 9490; sample abilities: 493 (Progression Pack Boost).
9492,1,5,0,0,0,0,,,No direct ability or component context is decoded yet.,Requirement rows: 1; direct abilities: 0; direct components: 0; parent requirements: 0.
9493,1,4,1,1,0,0,Damage,9110 (Flanking Shot),Observed in Damage contexts; direct ability usage 1; component sources 1.,Requirement rows: 1; direct abilities: 1; direct components: 1; parent requirements: 0; sample abilities: 9110 (Flanking Shot); context tags: Damage.
9494,1,11,6,0,0,0,Damage,"27603 (Shattering Attack), 27635 (Shattering Attack), 27667 (Shattering Swing), 27699 (Shattering Attack), 27731 (Shattering Attack), 27763 (Shattering Attack)",Observed in Damage contexts; direct ability usage 6.,"Requirement rows: 1; direct abilities: 6; direct components: 0; parent requirements: 0; sample abilities: 27603 (Shattering Attack), 27635 (Shattering Attack), 27667 (Shattering Swing), 27699 (Shattering Attack), 27731 (Shattering Attack), 27763 (Shattering Attack); context tags: Damage."
9495,1,11,1,0,0,0,,24826 (Sabotage),direct ability usage 1.,Requirement rows: 1; direct abilities: 1; direct components: 0; parent requirements: 0; sample abilities: 24826 (Sabotage).
9553,1,11,0,0,0,1,,,child requirement ids 9593.,Requirement rows: 1; direct abilities: 0; direct components: 0; parent requirements: 0; child requirements: 9593.
9554,1,34,1,2,0,0,Heal,3915 (Scatter the Winds),Observed in Heal contexts; direct ability usage 1; component sources 2.,Requirement rows: 1; direct abilities: 1; direct components: 2; parent requirements: 0; sample abilities: 3915 (Scatter the Winds); context tags: Heal.
9555,1,10,0,0,1,0,,,referenced from 1 parent requirement row(s).,Requirement rows: 1; direct abilities: 0; direct components: 0; parent requirements: 1.
9556,1,5,0,0,1,1,,,child requirement ids 9555.,Requirement rows: 1; direct abilities: 0; direct components: 0; parent requirements: 1; child requirements: 9555.
9557,1,10,1,1,0,1,,3266 (Challenge Permission Tracker),direct ability usage 1; component sources 1; child requirement ids 9556.,Requirement rows: 1; direct abilities: 1; direct components: 1; parent requirements: 0; child requirements: 9556; sample abilities: 3266 (Challenge Permission Tracker).
9558,1,5,0,0,0,0,,,No direct ability or component context is decoded yet.,Requirement rows: 1; direct abilities: 0; direct components: 0; parent requirements: 0.
9559,1,11,0,0,0,0,,,No direct ability or component context is decoded yet.,Requirement rows: 1; direct abilities: 0; direct components: 0; parent requirements: 0.
9560,1,12,1,2,0,0,,8246 (Purify),direct ability usage 1; component sources 2.,Requirement rows: 1; direct abilities: 1; direct components: 2; parent requirements: 0; sample abilities: 8246 (Purify).
9561,1,9,2,3,0,0,,"15972 (Apprenticeship), 15975 (Indenture)",direct ability usage 2; component sources 3.,"Requirement rows: 1; direct abilities: 2; direct components: 3; parent requirements: 0; sample abilities: 15972 (Apprenticeship), 15975 (Indenture)."
9562,1,13,2,4,0,0,,"3359 (Rod of Service), 3360 (Lash of Servitude)",direct ability usage 2; component sources 4.,"Requirement rows: 1; direct abilities: 2; direct components: 4; parent requirements: 0; sample abilities: 3359 (Rod of Service), 3360 (Lash of Servitude)."
9563,1,10,24,4,0,2,,"10770 (Cannon), 10771 (Spear Chukka), 10772 (Cannon), 10773 (Hellcannon), 10774 (Ballista), 10775 (Ballista), 14437 (Spear Chukka), 14442 (Cannon)","direct ability usage 24; component sources 4; child requirement ids 9565, 9566.","Requirement rows: 1; direct abilities: 24; direct components: 4; parent requirements: 0; child requirements: 9565, 9566; sample abilities: 10770 (Cannon), 10771 (Spear Chukka), 10772 (Cannon), 10773 (Hellcannon), 10774 (Ballista), 10775 (Ballista), 14437 (Spear Chukka), 14442 (Cannon)."
9564,1,10,0,0,0,0,,,No direct ability or component context is decoded yet.,Requirement rows: 1; direct abilities: 0; direct components: 0; parent requirements: 0.
9565,1,10,0,0,1,0,,,referenced from 1 parent requirement row(s).,Requirement rows: 1; direct abilities: 0; direct components: 0; parent requirements: 1.
9566,1,10,0,0,1,0,,,referenced from 1 parent requirement row(s).,Requirement rows: 1; direct abilities: 0; direct components: 0; parent requirements: 1.
9567,1,10,1,1,0,0,,3367 (Devour Essence),direct ability usage 1; component sources 1.,Requirement rows: 1; direct abilities: 1; direct components: 1; parent requirements: 0; sample abilities: 3367 (Devour Essence).
9568,1,14,0,0,1,0,,,referenced from 1 parent requirement row(s).,Requirement rows: 1; direct abilities: 0; direct components: 0; parent requirements: 1.
9569,1,14,1,1,0,1,Damage,8177 (Rain of Fire),Observed in Damage contexts; direct ability usage 1; component sources 1; child requirement ids 9568.,Requirement rows: 1; direct abilities: 1; direct components: 1; parent requirements: 0; child requirements: 9568; sample abilities: 8177 (Rain of Fire); context tags: Damage.
9571,1,10,0,0,1,0,,,referenced from 1 parent requirement row(s).,Requirement rows: 1; direct abilities: 0; direct components: 0; parent requirements: 1.
9572,1,11,0,0,1,0,,,referenced from 1 parent requirement row(s).,Requirement rows: 1; direct abilities: 0; direct components: 0; parent requirements: 1.
9573,1,11,1,0,0,2,"Damage, Heal",697 (Alter Fate),"Observed in Damage, Heal contexts; direct ability usage 1; child requirement ids 9571, 9572.","Requirement rows: 1; direct abilities: 1; direct components: 0; parent requirements: 0; child requirements: 9571, 9572; sample abilities: 697 (Alter Fate); context tags: Damage, Heal."
9574,1,10,4,4,0,0,,"10806 (Elixir of Tahoth), 10807 (Elixir of Tahoth), 10808 (Elixir of Tahoth), 10809 (Elixir of Tahoth)",direct ability usage 4; component sources 4.,"Requirement rows: 1; direct abilities: 4; direct components: 4; parent requirements: 0; sample abilities: 10806 (Elixir of Tahoth), 10807 (Elixir of Tahoth), 10808 (Elixir of Tahoth), 10809 (Elixir of Tahoth)."
9575,1,12,0,0,1,0,,,referenced from 1 parent requirement row(s).,Requirement rows: 1; direct abilities: 0; direct components: 0; parent requirements: 1.
9576,1,6,0,0,1,0,,,referenced from 1 parent requirement row(s).,Requirement rows: 1; direct abilities: 0; direct components: 0; parent requirements: 1.
9577,1,11,9,5,0,2,"Damage, Heal, Snare","3651 (Prayer of Devotion), 3652 (Prayer of Absolution), 3653 (Prayer of Righteousness), 8242 (Prayer of Absolution), 8243 (Prayer of Righteousness), 8249 (Prayer of Devotion), 9559 (Covenant of Celerity), 9563 (Covenant of Tenacity)","Observed in Damage, Heal, Snare contexts; direct ability usage 9; component sources 5; child requirement ids 9575, 9576.","Requirement rows: 1; direct abilities: 9; direct components: 5; parent requirements: 0; child requirements: 9575, 9576; sample abilities: 3651 (Prayer of Devotion), 3652 (Prayer of Absolution), 3653 (Prayer of Righteousness), 8242 (Prayer of Absolution), 8243 (Prayer of Righteousness), 8249 (Prayer of Devotion), 9559 (Covenant of Celerity), 9563 (Covenant of Tenacity); context tags: Damage, Heal, Snare."
9578,1,7,5,1,0,0,"Damage, Heal","697 (Alter Fate), 1598 (Rune of Life), 1908 (Gedup!), 8555 (Tzeentch Shall Remake You), 9246 (Gift of Life)","Observed in Damage, Heal contexts; direct ability usage 5; component sources 1.","Requirement rows: 1; direct abilities: 5; direct components: 1; parent requirements: 0; sample abilities: 697 (Alter Fate), 1598 (Rune of Life), 1908 (Gedup!), 8555 (Tzeentch Shall Remake You), 9246 (Gift of Life); context tags: Damage, Heal."
9579,1,9,6,1,0,0,Heal,"1598 (Rune of Life), 1908 (Gedup!), 8248 (Breath of Sigmar), 8555 (Tzeentch Shall Remake You), 9246 (Gift of Life), 9558 (Stand, Coward!)",Observed in Heal contexts; direct ability usage 6; component sources 1.,"Requirement rows: 1; direct abilities: 6; direct components: 1; parent requirements: 0; sample abilities: 1598 (Rune of Life), 1908 (Gedup!), 8248 (Breath of Sigmar), 8555 (Tzeentch Shall Remake You), 9246 (Gift of Life), 9558 (Stand, Coward!); context tags: Heal."
9580,1,11,0,0,0,0,,,No direct ability or component context is decoded yet.,Requirement rows: 1; direct abilities: 0; direct components: 0; parent requirements: 0.
9581,1,11,0,0,0,0,,,No direct ability or component context is decoded yet.,Requirement rows: 1; direct abilities: 0; direct components: 0; parent requirements: 0.
9582,1,5,0,0,0,0,,,No direct ability or component context is decoded yet.,Requirement rows: 1; direct abilities: 0; direct components: 0; parent requirements: 0.
9583,1,9,2,0,0,0,,"15972 (Apprenticeship), 15975 (Indenture)",direct ability usage 2.,"Requirement rows: 1; direct abilities: 2; direct components: 0; parent requirements: 0; sample abilities: 15972 (Apprenticeship), 15975 (Indenture)."
9584,1,11,0,0,0,0,,,No direct ability or component context is decoded yet.,Requirement rows: 1; direct abilities: 0; direct components: 0; parent requirements: 0.
9585,1,9,4,4,0,0,,"14268 (Apprentice -Bolster Up), 14269 (Apprentice - Bolster Down), 15972 (Apprenticeship), 15975 (Indenture)",direct ability usage 4; component sources 4.,"Requirement rows: 1; direct abilities: 4; direct components: 4; parent requirements: 0; sample abilities: 14268 (Apprentice -Bolster Up), 14269 (Apprentice - Bolster Down), 15972 (Apprenticeship), 15975 (Indenture)."
9586,1,9,0,0,5,0,,,referenced from 5 parent requirement row(s).,Requirement rows: 1; direct abilities: 0; direct components: 0; parent requirements: 5.
9587,1,10,2,1,0,0,Damage,"3490 (All Out Assault!), 8022 (All Out Assault!)",Observed in Damage contexts; direct ability usage 2; component sources 1.,"Requirement rows: 1; direct abilities: 2; direct components: 1; parent requirements: 0; sample abilities: 3490 (All Out Assault!), 8022 (All Out Assault!); context tags: Damage."
9588,1,11,0,0,1,0,,,referenced from 1 parent requirement row(s).,Requirement rows: 1; direct abilities: 0; direct components: 0; parent requirements: 1.
9589,1,11,0,0,1,0,,,referenced from 1 parent requirement row(s).,Requirement rows: 1; direct abilities: 0; direct components: 0; parent requirements: 1.
9590,1,11,1,1,0,2,Damage,8164 (Flames of Rhuin),"Observed in Damage contexts; direct ability usage 1; component sources 1; child requirement ids 9588, 9589.","Requirement rows: 1; direct abilities: 1; direct components: 1; parent requirements: 0; child requirements: 9588, 9589; sample abilities: 8164 (Flames of Rhuin); context tags: Damage."
9591,1,10,32,57,0,0,"Damage, Heal","3401 (Dreadful Fear), 3402 (Corrupting Wrath), 3403 (Discordant Instability), 3404 (Discordant Fluctuation), 3405 (Corrupting Retribution), 3407 (Dreadful Terror), 3485 (Press The Attack!), 3486 (Stand Strong!)","Observed in Damage, Heal contexts; direct ability usage 32; component sources 57.","Requirement rows: 1; direct abilities: 32; direct components: 57; parent requirements: 0; sample abilities: 3401 (Dreadful Fear), 3402 (Corrupting Wrath), 3403 (Discordant Instability), 3404 (Discordant Fluctuation), 3405 (Corrupting Retribution), 3407 (Dreadful Terror), 3485 (Press The Attack!), 3486 (Stand Strong!); context tags: Damage, Heal."
9592,1,0,1,2,0,0,,14263 (Apprentice - Message ""OOR"" or Group Req Term),direct ability usage 1; component sources 2.,Requirement rows: 1; direct abilities: 1; direct components: 2; parent requirements: 0; sample abilities: 14263 (Apprentice - Message ""OOR"" or Group Req Term).
9593,1,8,1,1,2,0,,24892 (Constant Agro),direct ability usage 1; component sources 1.,Requirement rows: 1; direct abilities: 1; direct components: 1; parent requirements: 2; sample abilities: 24892 (Constant Agro).
9594,1,8,0,0,1,0,,,referenced from 1 parent requirement row(s).,Requirement rows: 1; direct abilities: 0; direct components: 0; parent requirements: 1.
9595,1,8,0,0,1,0,,,referenced from 1 parent requirement row(s).,Requirement rows: 1; direct abilities: 0; direct components: 0; parent requirements: 1.
9596,1,11,3,14,0,2,"CrowdControl, Immunity, Knockback, Knockdown, Root, Stagger","14271 (Resolute Defense), 27832 (Resolute Defense), 28300 (Inexorable Force)","Observed in CrowdControl, Immunity, Knockback, Knockdown contexts; direct ability usage 3; component sources 14; child requirement ids 9594, 9595.","Requirement rows: 1; direct abilities: 3; direct components: 14; parent requirements: 0; child requirements: 9594, 9595; sample abilities: 14271 (Resolute Defense), 27832 (Resolute Defense), 28300 (Inexorable Force); context tags: CrowdControl, Immunity, Knockback, Knockdown, Root, Stagger."
9597,1,10,3,2,1,0,,"3051 (To Glory Blocker), 3491 (To Glory!), 8030 (To Glory!)",direct ability usage 3; component sources 2.,"Requirement rows: 1; direct abilities: 3; direct components: 2; parent requirements: 1; sample abilities: 3051 (To Glory Blocker), 3491 (To Glory!), 8030 (To Glory!)."
9598,1,10,4,6,0,1,,"3407 (Dreadful Terror), 3491 (To Glory!), 8030 (To Glory!), 8342 (Dreadful Terror)",direct ability usage 4; component sources 6; child requirement ids 9597.,"Requirement rows: 1; direct abilities: 4; direct components: 6; parent requirements: 0; child requirements: 9597; sample abilities: 3407 (Dreadful Terror), 3491 (To Glory!), 8030 (To Glory!), 8342 (Dreadful Terror)."
9599,1,10,3,2,1,0,,"3052 (Dreadful Terror Blocker), 3407 (Dreadful Terror), 8342 (Dreadful Terror)",direct ability usage 3; component sources 2.,"Requirement rows: 1; direct abilities: 3; direct components: 2; parent requirements: 1; sample abilities: 3052 (Dreadful Terror Blocker), 3407 (Dreadful Terror), 8342 (Dreadful Terror)."
9600,1,10,2,2,0,1,,"3407 (Dreadful Terror), 8342 (Dreadful Terror)",direct ability usage 2; component sources 2; child requirement ids 9599.,"Requirement rows: 1; direct abilities: 2; direct components: 2; parent requirements: 0; child requirements: 9599; sample abilities: 3407 (Dreadful Terror), 8342 (Dreadful Terror)."
9601,1,10,1,1,1,0,"Damage, Heal",9316 (Feeding On Weakness),"Observed in Damage, Heal contexts; direct ability usage 1; component sources 1.","Requirement rows: 1; direct abilities: 1; direct components: 1; parent requirements: 1; sample abilities: 9316 (Feeding On Weakness); context tags: Damage, Heal."
9602,1,11,2,8,0,1,"Damage, Heal","3073 (Brutal Smash), 9316 (Feeding On Weakness)","Observed in Damage, Heal contexts; direct ability usage 2; component sources 8; child requirement ids 9601.","Requirement rows: 1; direct abilities: 2; direct components: 8; parent requirements: 0; child requirements: 9601; sample abilities: 3073 (Brutal Smash), 9316 (Feeding On Weakness); context tags: Damage, Heal."
9603,1,17,1,0,0,0,,8167 (Cauterize),direct ability usage 1.,Requirement rows: 1; direct abilities: 1; direct components: 0; parent requirements: 0; sample abilities: 8167 (Cauterize).
9604,1,13,1,5,0,0,,10786 (Poisoned),direct ability usage 1; component sources 5.,Requirement rows: 1; direct abilities: 1; direct components: 5; parent requirements: 0; sample abilities: 10786 (Poisoned).
9605,1,0,2,2,0,0,,"14025 (Battle Fatigue), 14976 (Battle Fatigue)",direct ability usage 2; component sources 2.,"Requirement rows: 1; direct abilities: 2; direct components: 2; parent requirements: 0; sample abilities: 14025 (Battle Fatigue), 14976 (Battle Fatigue)."
9606,1,11,0,0,0,0,,,No direct ability or component context is decoded yet.,Requirement rows: 1; direct abilities: 0; direct components: 0; parent requirements: 0.
9607,1,12,0,0,1,0,,,referenced from 1 parent requirement row(s).,Requirement rows: 1; direct abilities: 0; direct components: 0; parent requirements: 1.
9608,1,11,1,1,0,1,Damage,8502 (Indigo Fire of Change),Observed in Damage contexts; direct ability usage 1; component sources 1; child requirement ids 9607.,Requirement rows: 1; direct abilities: 1; direct components: 1; parent requirements: 0; child requirements: 9607; sample abilities: 8502 (Indigo Fire of Change); context tags: Damage.
9609,1,11,0,0,0,0,,,No direct ability or component context is decoded yet.,Requirement rows: 1; direct abilities: 0; direct components: 0; parent requirements: 0.
9610,1,0,2,0,0,0,Damage,"1932 (Don' Feel Nuthin), 9268 (Shield of Saphery)",Observed in Damage contexts; direct ability usage 2.,"Requirement rows: 1; direct abilities: 2; direct components: 0; parent requirements: 0; sample abilities: 1932 (Don' Feel Nuthin), 9268 (Shield of Saphery); context tags: Damage."
9611,1,10,1,1,0,0,Damage,1543 (Lightning Rod),Observed in Damage contexts; direct ability usage 1; component sources 1.,Requirement rows: 1; direct abilities: 1; direct components: 1; parent requirements: 0; sample abilities: 1543 (Lightning Rod); context tags: Damage.
9612,1,10,1,1,0,0,Heal,1544 (Bugman's Best),Observed in Heal contexts; direct ability usage 1; component sources 1.,Requirement rows: 1; direct abilities: 1; direct components: 1; parent requirements: 0; sample abilities: 1544 (Bugman's Best); context tags: Heal.
9613,1,19,1,1,0,0,Heal,1544 (Bugman's Best),Observed in Heal contexts; direct ability usage 1; component sources 1.,Requirement rows: 1; direct abilities: 1; direct components: 1; parent requirements: 0; sample abilities: 1544 (Bugman's Best); context tags: Heal.
9614,1,14,1,0,0,0,,27826 (Cleansing Wind),direct ability usage 1.,Requirement rows: 1; direct abilities: 1; direct components: 0; parent requirements: 0; sample abilities: 27826 (Cleansing Wind).
9615,1,10,1,1,0,0,"Immunity, Knockback, Knockdown, Root, Stagger",28300 (Inexorable Force),"Observed in Immunity, Knockback, Knockdown, Root contexts; direct ability usage 1; component sources 1.","Requirement rows: 1; direct abilities: 1; direct components: 1; parent requirements: 0; sample abilities: 28300 (Inexorable Force); context tags: Immunity, Knockback, Knockdown, Root, Stagger."
9620,1,11,0,0,1,0,,,referenced from 1 parent requirement row(s).,Requirement rows: 1; direct abilities: 0; direct components: 0; parent requirements: 1.
9621,1,9,0,0,1,0,,,referenced from 1 parent requirement row(s).,Requirement rows: 1; direct abilities: 0; direct components: 0; parent requirements: 1.
9622,1,11,420,485,0,2,"Damage, Disarm, Heal, Immunity, Knockback, Knockdown, Silence, Snare, Stagger, Stun","1 (Ard Noggin), 2 (Big Claw), 3 (Bounce), 127 (Main Hand Weap), 128 (Off Hand Weap), 129 (Both Hand Weap), 130 (Tags on Main (Both have fx trails)), 131 (Tags on Off (Both have fx trails))","Observed in Damage, Disarm, Heal, Immunity contexts; direct ability usage 420; component sources 485; child requirement ids 9620, 9621.","Requirement rows: 1; direct abilities: 420; direct components: 485; parent requirements: 0; child requirements: 9620, 9621; sample abilities: 1 (Ard Noggin), 2 (Big Claw), 3 (Bounce), 127 (Main Hand Weap), 128 (Off Hand Weap), 129 (Both Hand Weap), 130 (Tags on Main (Both have fx trails)), 131 (Tags on Off (Both have fx trails)); context tags: Damage, Disarm, Heal, Immunity, Knockback, Knockdown, Silence, Snare, Stagger, Stun."
9623,1,9,0,0,1,0,,,referenced from 1 parent requirement row(s).,Requirement rows: 1; direct abilities: 0; direct components: 0; parent requirements: 1.
9624,1,10,0,0,1,0,,,referenced from 1 parent requirement row(s).,Requirement rows: 1; direct abilities: 0; direct components: 0; parent requirements: 1.
9625,1,11,420,485,0,2,"Damage, Disarm, Heal, Immunity, Knockback, Knockdown, Silence, Snare, Stagger, Stun","1 (Ard Noggin), 2 (Big Claw), 3 (Bounce), 127 (Main Hand Weap), 128 (Off Hand Weap), 129 (Both Hand Weap), 130 (Tags on Main (Both have fx trails)), 131 (Tags on Off (Both have fx trails))","Observed in Damage, Disarm, Heal, Immunity contexts; direct ability usage 420; component sources 485; child requirement ids 9623, 9624.","Requirement rows: 1; direct abilities: 420; direct components: 485; parent requirements: 0; child requirements: 9623, 9624; sample abilities: 1 (Ard Noggin), 2 (Big Claw), 3 (Bounce), 127 (Main Hand Weap), 128 (Off Hand Weap), 129 (Both Hand Weap), 130 (Tags on Main (Both have fx trails)), 131 (Tags on Off (Both have fx trails)); context tags: Damage, Disarm, Heal, Immunity, Knockback, Knockdown, Silence, Snare, Stagger, Stun."
23739,1,8,0,0,0,0,,,No direct ability or component context is decoded yet.,Requirement rows: 1; direct abilities: 0; direct components: 0; parent requirements: 0.
24868,1,11,10,10,1,2,,"24703 (Pass Curse), 24704 (Pass Curse), 24705 (Pass Curse), 24706 (Pass Curse), 24707 (Pass Curse), 24708 (Pass Curse), 24709 (Pass Curse), 24710 (Pass Curse)","direct ability usage 10; component sources 10; child requirement ids 24869, 24870.","Requirement rows: 1; direct abilities: 10; direct components: 10; parent requirements: 1; child requirements: 24869, 24870; sample abilities: 24703 (Pass Curse), 24704 (Pass Curse), 24705 (Pass Curse), 24706 (Pass Curse), 24707 (Pass Curse), 24708 (Pass Curse), 24709 (Pass Curse), 24710 (Pass Curse)."
24869,1,4,0,0,1,0,,,referenced from 1 parent requirement row(s).,Requirement rows: 1; direct abilities: 0; direct components: 0; parent requirements: 1.
24870,1,11,0,0,1,1,,,child requirement ids 24871.,Requirement rows: 1; direct abilities: 0; direct components: 0; parent requirements: 1; child requirements: 24871.
24871,1,25,0,0,1,0,,,referenced from 1 parent requirement row(s).,Requirement rows: 1; direct abilities: 0; direct components: 0; parent requirements: 1.
24877,1,29,0,0,1,1,,,child requirement ids 24868.,Requirement rows: 1; direct abilities: 0; direct components: 0; parent requirements: 1; child requirements: 24868.
24878,1,29,2,4,1,0,"Damage, Heal","24880 (Plagueshroud), 24881 (Cloud of Corruption)","Observed in Damage, Heal contexts; direct ability usage 2; component sources 4.","Requirement rows: 1; direct abilities: 2; direct components: 4; parent requirements: 1; sample abilities: 24880 (Plagueshroud), 24881 (Cloud of Corruption); context tags: Damage, Heal."
24879,1,11,10,0,0,2,,"24703 (Pass Curse), 24704 (Pass Curse), 24705 (Pass Curse), 24706 (Pass Curse), 24707 (Pass Curse), 24708 (Pass Curse), 24709 (Pass Curse), 24710 (Pass Curse)","direct ability usage 10; child requirement ids 24877, 24878.","Requirement rows: 1; direct abilities: 10; direct components: 0; parent requirements: 0; child requirements: 24877, 24878; sample abilities: 24703 (Pass Curse), 24704 (Pass Curse), 24705 (Pass Curse), 24706 (Pass Curse), 24707 (Pass Curse), 24708 (Pass Curse), 24709 (Pass Curse), 24710 (Pass Curse)."
25129,1,47,0,0,1,0,,,referenced from 1 parent requirement row(s).,Requirement rows: 1; direct abilities: 0; direct components: 0; parent requirements: 1.
25130,1,8,0,0,1,0,,,referenced from 1 parent requirement row(s).,Requirement rows: 1; direct abilities: 0; direct components: 0; parent requirements: 1.
25131,1,8,0,0,1,0,,,referenced from 1 parent requirement row(s).,Requirement rows: 1; direct abilities: 0; direct components: 0; parent requirements: 1.
25132,1,8,0,0,1,0,,,referenced from 1 parent requirement row(s).,Requirement rows: 1; direct abilities: 0; direct components: 0; parent requirements: 1.
25133,1,23,0,0,1,4,,,"child requirement ids 25129, 25130, 25131, 25132.","Requirement rows: 1; direct abilities: 0; direct components: 0; parent requirements: 1; child requirements: 25129, 25130, 25131, 25132."
25134,1,21,1,0,0,1,,24727 (Pass Relic),direct ability usage 1; child requirement ids 25133.,Requirement rows: 1; direct abilities: 1; direct components: 0; parent requirements: 0; child requirements: 25133; sample abilities: 24727 (Pass Relic).
25473,1,4,9,0,0,0,"Damage, Heal","1830 (Squig Armor), 8394 (Gift of Savagery), 8398 (Gift of Brutality), 8403 (Gift of Monstrosity), 9080 (Scout Stance), 9090 (Assault Stance), 9094 (Skirmish Stance), 9393 (Shadow Prowler)","Observed in Damage, Heal contexts; direct ability usage 9.","Requirement rows: 1; direct abilities: 9; direct components: 0; parent requirements: 0; sample abilities: 1830 (Squig Armor), 8394 (Gift of Savagery), 8398 (Gift of Brutality), 8403 (Gift of Monstrosity), 9080 (Scout Stance), 9090 (Assault Stance), 9094 (Skirmish Stance), 9393 (Shadow Prowler); context tags: Damage, Heal."
32825,1,0,1,0,0,0,,23642 (Deploy Ram),direct ability usage 1.,Requirement rows: 1; direct abilities: 1; direct components: 0; parent requirements: 0; sample abilities: 23642 (Deploy Ram).
32826,1,0,1,1,0,0,,23642 (Deploy Ram),direct ability usage 1; component sources 1.,Requirement rows: 1; direct abilities: 1; direct components: 1; parent requirements: 0; sample abilities: 23642 (Deploy Ram).
32875,1,0,1,0,0,0,,23648 (Deploy Ram),direct ability usage 1.,Requirement rows: 1; direct abilities: 1; direct components: 0; parent requirements: 0; sample abilities: 23648 (Deploy Ram).
32876,1,0,1,1,0,0,,23648 (Deploy Ram),direct ability usage 1; component sources 1.,Requirement rows: 1; direct abilities: 1; direct components: 1; parent requirements: 0; sample abilities: 23648 (Deploy Ram).
32899,1,0,4,0,0,0,,"23644 (Deploy Cannon), 23646 (Deploy Organ Gun), 23650 (Deploy Supa-Chucka), 23652 (Deploy Orcapult)",direct ability usage 4.,"Requirement rows: 1; direct abilities: 4; direct components: 0; parent requirements: 0; sample abilities: 23644 (Deploy Cannon), 23646 (Deploy Organ Gun), 23650 (Deploy Supa-Chucka), 23652 (Deploy Orcapult)."
32925,1,0,1,0,0,0,,24746 (Deploy Ram),direct ability usage 1.,Requirement rows: 1; direct abilities: 1; direct components: 0; parent requirements: 0; sample abilities: 24746 (Deploy Ram).
32926,1,0,1,1,0,0,,24746 (Deploy Ram),direct ability usage 1; component sources 1.,Requirement rows: 1; direct abilities: 1; direct components: 1; parent requirements: 0; sample abilities: 24746 (Deploy Ram).
32975,1,0,1,0,0,0,,24752 (Deploy Ram),direct ability usage 1.,Requirement rows: 1; direct abilities: 1; direct components: 0; parent requirements: 0; sample abilities: 24752 (Deploy Ram).
32976,1,0,1,1,0,0,,24752 (Deploy Ram),direct ability usage 1; component sources 1.,Requirement rows: 1; direct abilities: 1; direct components: 1; parent requirements: 0; sample abilities: 24752 (Deploy Ram).
32999,1,0,4,0,0,0,,"24748 (Deploy Cannon), 24750 (Deploy Hellblaster), 24754 (Deploy Hellcannon), 24756 (Deploy Tri-Barrel Hellcannon)",direct ability usage 4.,"Requirement rows: 1; direct abilities: 4; direct components: 0; parent requirements: 0; sample abilities: 24748 (Deploy Cannon), 24750 (Deploy Hellblaster), 24754 (Deploy Hellcannon), 24756 (Deploy Tri-Barrel Hellcannon)."
33025,1,0,1,0,0,0,,23678 (Deploy Ram),direct ability usage 1.,Requirement rows: 1; direct abilities: 1; direct components: 0; parent requirements: 0; sample abilities: 23678 (Deploy Ram).
33026,1,0,1,1,0,0,,23678 (Deploy Ram),direct ability usage 1; component sources 1.,Requirement rows: 1; direct abilities: 1; direct components: 1; parent requirements: 0; sample abilities: 23678 (Deploy Ram).
33075,1,0,1,0,0,0,,23684 (Deploy Ram),direct ability usage 1.,Requirement rows: 1; direct abilities: 1; direct components: 0; parent requirements: 0; sample abilities: 23684 (Deploy Ram).
33076,1,0,1,1,0,0,,23684 (Deploy Ram),direct ability usage 1; component sources 1.,Requirement rows: 1; direct abilities: 1; direct components: 1; parent requirements: 0; sample abilities: 23684 (Deploy Ram).
33099,1,0,4,0,0,0,,"23680 (Deploy Ballista), 23682 (Deploy Bolt Thrower), 23686 (Deploy Ballista), 23688 (Deploy Bolt Thrower)",direct ability usage 4.,"Requirement rows: 1; direct abilities: 4; direct components: 0; parent requirements: 0; sample abilities: 23680 (Deploy Ballista), 23682 (Deploy Bolt Thrower), 23686 (Deploy Ballista), 23688 (Deploy Bolt Thrower)."
33125,1,0,1,0,0,0,,23654 (Deploy Ram),direct ability usage 1.,Requirement rows: 1; direct abilities: 1; direct components: 0; parent requirements: 0; sample abilities: 23654 (Deploy Ram).
33126,1,0,1,0,0,0,,23654 (Deploy Ram),direct ability usage 1.,Requirement rows: 1; direct abilities: 1; direct components: 0; parent requirements: 0; sample abilities: 23654 (Deploy Ram).
33175,1,0,1,0,0,0,,23660 (Deploy Ram),direct ability usage 1.,Requirement rows: 1; direct abilities: 1; direct components: 0; parent requirements: 0; sample abilities: 23660 (Deploy Ram).
33176,1,0,1,0,0,0,,23660 (Deploy Ram),direct ability usage 1.,Requirement rows: 1; direct abilities: 1; direct components: 0; parent requirements: 0; sample abilities: 23660 (Deploy Ram).
33199,1,0,4,0,0,0,,"23656 (Deploy Cannon), 23658 (Deploy Organ Gun), 23662 (Deploy Supa-Chucka), 23664 (Deploy Orcapult)",direct ability usage 4.,"Requirement rows: 1; direct abilities: 4; direct components: 0; parent requirements: 0; sample abilities: 23656 (Deploy Cannon), 23658 (Deploy Organ Gun), 23662 (Deploy Supa-Chucka), 23664 (Deploy Orcapult)."
33225,2,0,1,0,0,0,,24662 (Deploy Ram),direct ability usage 1.,Requirement rows: 2; direct abilities: 1; direct components: 0; parent requirements: 0; sample abilities: 24662 (Deploy Ram).
33226,2,0,1,0,0,0,,24662 (Deploy Ram),direct ability usage 1.,Requirement rows: 2; direct abilities: 1; direct components: 0; parent requirements: 0; sample abilities: 24662 (Deploy Ram).
33275,2,0,1,0,0,0,,24668 (Deploy Ram),direct ability usage 1.,Requirement rows: 2; direct abilities: 1; direct components: 0; parent requirements: 0; sample abilities: 24668 (Deploy Ram).
33276,2,0,1,0,0,0,,24668 (Deploy Ram),direct ability usage 1.,Requirement rows: 2; direct abilities: 1; direct components: 0; parent requirements: 0; sample abilities: 24668 (Deploy Ram).
33299,1,0,4,0,0,0,,"24664 (Deploy Cannon), 24666 (Deploy Hellblaster), 24670 (Deploy Hellcannon), 24672 (Deploy Tri-Barrel Hellcannon)",direct ability usage 4.,"Requirement rows: 1; direct abilities: 4; direct components: 0; parent requirements: 0; sample abilities: 24664 (Deploy Cannon), 24666 (Deploy Hellblaster), 24670 (Deploy Hellcannon), 24672 (Deploy Tri-Barrel Hellcannon)."
33325,1,0,1,0,0,0,,23936 (Deploy Ram),direct ability usage 1.,Requirement rows: 1; direct abilities: 1; direct components: 0; parent requirements: 0; sample abilities: 23936 (Deploy Ram).
33326,1,0,1,0,0,0,,23936 (Deploy Ram),direct ability usage 1.,Requirement rows: 1; direct abilities: 1; direct components: 0; parent requirements: 0; sample abilities: 23936 (Deploy Ram).
33375,1,0,1,0,0,0,,23942 (Deploy Ram),direct ability usage 1.,Requirement rows: 1; direct abilities: 1; direct components: 0; parent requirements: 0; sample abilities: 23942 (Deploy Ram).
33376,1,0,1,0,0,0,,23942 (Deploy Ram),direct ability usage 1.,Requirement rows: 1; direct abilities: 1; direct components: 0; parent requirements: 0; sample abilities: 23942 (Deploy Ram).
33399,1,0,4,0,0,0,,"23938 (Deploy Ballista), 23940 (Deploy Bolt Thrower), 23944 (Deploy Ballista), 23946 (Deploy Bolt Thrower)",direct ability usage 4.,"Requirement rows: 1; direct abilities: 4; direct components: 0; parent requirements: 0; sample abilities: 23938 (Deploy Ballista), 23940 (Deploy Bolt Thrower), 23944 (Deploy Ballista), 23946 (Deploy Bolt Thrower)."
33525,1,0,1,0,0,0,,23666 (Deploy Ram),direct ability usage 1.,Requirement rows: 1; direct abilities: 1; direct components: 0; parent requirements: 0; sample abilities: 23666 (Deploy Ram).
33526,1,0,1,0,0,0,,23666 (Deploy Ram),direct ability usage 1.,Requirement rows: 1; direct abilities: 1; direct components: 0; parent requirements: 0; sample abilities: 23666 (Deploy Ram).
33575,1,0,1,0,0,0,,23672 (Deploy Ram),direct ability usage 1.,Requirement rows: 1; direct abilities: 1; direct components: 0; parent requirements: 0; sample abilities: 23672 (Deploy Ram).
33576,1,0,1,0,0,0,,23672 (Deploy Ram),direct ability usage 1.,Requirement rows: 1; direct abilities: 1; direct components: 0; parent requirements: 0; sample abilities: 23672 (Deploy Ram).
33599,1,0,4,0,0,0,,"23668 (Deploy Cannon), 23670 (Deploy Organ Gun), 23674 (Deploy Supa-Chucka), 23676 (Deploy Orcapult)",direct ability usage 4.,"Requirement rows: 1; direct abilities: 4; direct components: 0; parent requirements: 0; sample abilities: 23668 (Deploy Cannon), 23670 (Deploy Organ Gun), 23674 (Deploy Supa-Chucka), 23676 (Deploy Orcapult)."
33625,1,0,1,0,0,0,,23912 (Deploy Ram),direct ability usage 1.,Requirement rows: 1; direct abilities: 1; direct components: 0; parent requirements: 0; sample abilities: 23912 (Deploy Ram).
33626,1,0,1,0,0,0,,23912 (Deploy Ram),direct ability usage 1.,Requirement rows: 1; direct abilities: 1; direct components: 0; parent requirements: 0; sample abilities: 23912 (Deploy Ram).
33675,1,0,1,0,0,0,,23918 (Deploy Ram),direct ability usage 1.,Requirement rows: 1; direct abilities: 1; direct components: 0; parent requirements: 0; sample abilities: 23918 (Deploy Ram).
33676,1,0,1,0,0,0,,23918 (Deploy Ram),direct ability usage 1.,Requirement rows: 1; direct abilities: 1; direct components: 0; parent requirements: 0; sample abilities: 23918 (Deploy Ram).
33699,1,0,4,0,0,0,,"23914 (Deploy Cannon), 23916 (Deploy Organ Gun), 23920 (Deploy Supa-Chucka), 23922 (Deploy Orcapult)",direct ability usage 4.,"Requirement rows: 1; direct abilities: 4; direct components: 0; parent requirements: 0; sample abilities: 23914 (Deploy Cannon), 23916 (Deploy Organ Gun), 23920 (Deploy Supa-Chucka), 23922 (Deploy Orcapult)."
33725,1,0,1,0,0,0,,23924 (Deploy Ram),direct ability usage 1.,Requirement rows: 1; direct abilities: 1; direct components: 0; parent requirements: 0; sample abilities: 23924 (Deploy Ram).
33726,1,0,1,0,0,0,,23924 (Deploy Ram),direct ability usage 1.,Requirement rows: 1; direct abilities: 1; direct components: 0; parent requirements: 0; sample abilities: 23924 (Deploy Ram).
33775,1,0,1,0,0,0,,23930 (Deploy Ram),direct ability usage 1.,Requirement rows: 1; direct abilities: 1; direct components: 0; parent requirements: 0; sample abilities: 23930 (Deploy Ram).
33776,1,0,1,0,0,0,,23930 (Deploy Ram),direct ability usage 1.,Requirement rows: 1; direct abilities: 1; direct components: 0; parent requirements: 0; sample abilities: 23930 (Deploy Ram).
33799,1,0,4,0,0,0,,"23926 (Deploy Cannon), 23928 (Deploy Organ Gun), 23932 (Deploy Supa-Chucka), 23934 (Deploy Orcapult)",direct ability usage 4.,"Requirement rows: 1; direct abilities: 4; direct components: 0; parent requirements: 0; sample abilities: 23926 (Deploy Cannon), 23928 (Deploy Organ Gun), 23932 (Deploy Supa-Chucka), 23934 (Deploy Orcapult)."
33825,1,0,1,0,0,0,,24758 (Deploy Ram),direct ability usage 1.,Requirement rows: 1; direct abilities: 1; direct components: 0; parent requirements: 0; sample abilities: 24758 (Deploy Ram).
33826,1,0,1,0,0,0,,24758 (Deploy Ram),direct ability usage 1.,Requirement rows: 1; direct abilities: 1; direct components: 0; parent requirements: 0; sample abilities: 24758 (Deploy Ram).
33875,1,0,1,0,0,0,,24764 (Deploy Ram),direct ability usage 1.,Requirement rows: 1; direct abilities: 1; direct components: 0; parent requirements: 0; sample abilities: 24764 (Deploy Ram).
33876,1,0,1,0,0,0,,24764 (Deploy Ram),direct ability usage 1.,Requirement rows: 1; direct abilities: 1; direct components: 0; parent requirements: 0; sample abilities: 24764 (Deploy Ram).
33899,1,0,4,0,0,0,,"24760 (Deploy Cannon), 24762 (Deploy Hellblaster), 24766 (Deploy Hellcannon), 24768 (Deploy Tri-Barrel Hellcannon)",direct ability usage 4.,"Requirement rows: 1; direct abilities: 4; direct components: 0; parent requirements: 0; sample abilities: 24760 (Deploy Cannon), 24762 (Deploy Hellblaster), 24766 (Deploy Hellcannon), 24768 (Deploy Tri-Barrel Hellcannon)."
33925,1,0,1,0,0,0,,24770 (Deploy Ram),direct ability usage 1.,Requirement rows: 1; direct abilities: 1; direct components: 0; parent requirements: 0; sample abilities: 24770 (Deploy Ram).
33926,1,0,1,0,0,0,,24770 (Deploy Ram),direct ability usage 1.,Requirement rows: 1; direct abilities: 1; direct components: 0; parent requirements: 0; sample abilities: 24770 (Deploy Ram).
33975,1,0,1,0,0,0,,24776 (Deploy Ram),direct ability usage 1.,Requirement rows: 1; direct abilities: 1; direct components: 0; parent requirements: 0; sample abilities: 24776 (Deploy Ram).
33976,1,0,1,0,0,0,,24776 (Deploy Ram),direct ability usage 1.,Requirement rows: 1; direct abilities: 1; direct components: 0; parent requirements: 0; sample abilities: 24776 (Deploy Ram).
33999,1,0,4,0,0,0,,"24772 (Deploy Cannon), 24774 (Deploy Hellblaster), 24778 (Deploy Hellcannon), 24780 (Deploy Tri-Barrel Hellcannon)",direct ability usage 4.,"Requirement rows: 1; direct abilities: 4; direct components: 0; parent requirements: 0; sample abilities: 24772 (Deploy Cannon), 24774 (Deploy Hellblaster), 24778 (Deploy Hellcannon), 24780 (Deploy Tri-Barrel Hellcannon)."
34025,1,0,1,0,0,0,,24782 (Deploy Ram),direct ability usage 1.,Requirement rows: 1; direct abilities: 1; direct components: 0; parent requirements: 0; sample abilities: 24782 (Deploy Ram).
34026,1,0,1,0,0,0,,24782 (Deploy Ram),direct ability usage 1.,Requirement rows: 1; direct abilities: 1; direct components: 0; parent requirements: 0; sample abilities: 24782 (Deploy Ram).
34075,1,0,1,0,0,0,,24788 (Deploy Ram),direct ability usage 1.,Requirement rows: 1; direct abilities: 1; direct components: 0; parent requirements: 0; sample abilities: 24788 (Deploy Ram).
34076,1,0,1,0,0,0,,24788 (Deploy Ram),direct ability usage 1.,Requirement rows: 1; direct abilities: 1; direct components: 0; parent requirements: 0; sample abilities: 24788 (Deploy Ram).
34099,1,0,4,0,0,0,,"24784 (Deploy Cannon), 24786 (Deploy Hellblaster), 24790 (Deploy Hellcannon), 24792 (Deploy Tri-Barrel Hellcannon)",direct ability usage 4.,"Requirement rows: 1; direct abilities: 4; direct components: 0; parent requirements: 0; sample abilities: 24784 (Deploy Cannon), 24786 (Deploy Hellblaster), 24790 (Deploy Hellcannon), 24792 (Deploy Tri-Barrel Hellcannon)."
34125,1,0,1,0,0,0,,23948 (Deploy Ram),direct ability usage 1.,Requirement rows: 1; direct abilities: 1; direct components: 0; parent requirements: 0; sample abilities: 23948 (Deploy Ram).
34126,1,0,1,0,0,0,,23948 (Deploy Ram),direct ability usage 1.,Requirement rows: 1; direct abilities: 1; direct components: 0; parent requirements: 0; sample abilities: 23948 (Deploy Ram).
34175,1,0,1,0,0,0,,23954 (Deploy Ram),direct ability usage 1.,Requirement rows: 1; direct abilities: 1; direct components: 0; parent requirements: 0; sample abilities: 23954 (Deploy Ram).
34176,1,0,1,0,0,0,,23954 (Deploy Ram),direct ability usage 1.,Requirement rows: 1; direct abilities: 1; direct components: 0; parent requirements: 0; sample abilities: 23954 (Deploy Ram).
34199,1,0,4,0,0,0,,"23950 (Deploy Ballista), 23952 (Deploy Bolt Thrower), 23956 (Deploy Ballista), 23958 (Deploy Bolt Thrower)",direct ability usage 4.,"Requirement rows: 1; direct abilities: 4; direct components: 0; parent requirements: 0; sample abilities: 23950 (Deploy Ballista), 23952 (Deploy Bolt Thrower), 23956 (Deploy Ballista), 23958 (Deploy Bolt Thrower)."
34225,1,0,1,0,0,0,,23960 (Deploy Ram),direct ability usage 1.,Requirement rows: 1; direct abilities: 1; direct components: 0; parent requirements: 0; sample abilities: 23960 (Deploy Ram).
34226,1,0,1,0,0,0,,23960 (Deploy Ram),direct ability usage 1.,Requirement rows: 1; direct abilities: 1; direct components: 0; parent requirements: 0; sample abilities: 23960 (Deploy Ram).
34275,1,0,1,0,0,0,,23966 (Deploy Ram),direct ability usage 1.,Requirement rows: 1; direct abilities: 1; direct components: 0; parent requirements: 0; sample abilities: 23966 (Deploy Ram).
34276,1,0,1,0,0,0,,23966 (Deploy Ram),direct ability usage 1.,Requirement rows: 1; direct abilities: 1; direct components: 0; parent requirements: 0; sample abilities: 23966 (Deploy Ram).
34299,1,0,4,0,0,0,,"23962 (Deploy Ballista), 23964 (Deploy Bolt Thrower), 23968 (Deploy Ballista), 23970 (Deploy Bolt Thrower)",direct ability usage 4.,"Requirement rows: 1; direct abilities: 4; direct components: 0; parent requirements: 0; sample abilities: 23962 (Deploy Ballista), 23964 (Deploy Bolt Thrower), 23968 (Deploy Ballista), 23970 (Deploy Bolt Thrower)."
34325,1,0,1,0,0,0,,23972 (Deploy Ram),direct ability usage 1.,Requirement rows: 1; direct abilities: 1; direct components: 0; parent requirements: 0; sample abilities: 23972 (Deploy Ram).
34326,1,0,1,0,0,0,,23972 (Deploy Ram),direct ability usage 1.,Requirement rows: 1; direct abilities: 1; direct components: 0; parent requirements: 0; sample abilities: 23972 (Deploy Ram).
34375,1,0,1,0,0,0,,23978 (Deploy Ram),direct ability usage 1.,Requirement rows: 1; direct abilities: 1; direct components: 0; parent requirements: 0; sample abilities: 23978 (Deploy Ram).
34376,1,0,1,0,0,0,,23978 (Deploy Ram),direct ability usage 1.,Requirement rows: 1; direct abilities: 1; direct components: 0; parent requirements: 0; sample abilities: 23978 (Deploy Ram).
34399,1,0,4,0,0,0,,"23974 (Deploy Ballista), 23976 (Deploy Bolt Thrower), 23980 (Deploy Ballista), 23982 (Deploy Bolt Thrower)",direct ability usage 4.,"Requirement rows: 1; direct abilities: 4; direct components: 0; parent requirements: 0; sample abilities: 23974 (Deploy Ballista), 23976 (Deploy Bolt Thrower), 23980 (Deploy Ballista), 23982 (Deploy Bolt Thrower)."
