RequirementId,FieldKey,NonZeroCount,DistinctValueCount,SampleValues,SemanticSummary,Confidence,Notes
9002,ExtData[0].Val1,1,1,1,AbilitySourceType: 1=Cast.,Confirmed,
9002,ExtData[0].Val2,1,1,19,AbilityOperation: 19=TargetRace.,Confirmed,
9002,ExtData[0].Val3,1,1,1,AbilityCondition: 1=Equal.,Confirmed,
9002,ExtData[0].Val4,1,1,9,AbilityLogicOperator: 9=Or.,Confirmed,
9002,ExtData[0].Val7,1,1,2,Operation-specific auxiliary parameter. Position confirmed from decompiled client ExtData schema.,Inferred,
9002,ExtData[1].Val1,1,1,1,AbilitySourceType: 1=Cast.,Confirmed,
9002,ExtData[1].Val2,1,1,19,AbilityOperation: 19=TargetRace.,Confirmed,
9002,ExtData[1].Val3,1,1,1,AbilityCondition: 1=Equal.,Confirmed,
9002,ExtData[1].Val7,1,1,3,Operation-specific auxiliary parameter. Position confirmed from decompiled client ExtData schema.,Inferred,
9003,ExtData[0].Val1,1,1,1,AbilitySourceType: 1=Cast.,Confirmed,
9003,ExtData[0].Val2,1,1,47,AbilityOperation: 47=Unk47.,Confirmed,
9003,ExtData[0].Val3,1,1,6,AbilityCondition: 6=LessThan.,Confirmed,
9003,ExtData[0].Val9,1,1,1,Binary flag byte. Position confirmed from decompiled client ExtData schema.,Inferred,
9004,ExtData[0].Val1,1,1,1,AbilitySourceType: 1=Cast.,Confirmed,
9004,ExtData[0].Val2,1,1,9,AbilityOperation: 9=Random.,Confirmed,
9004,ExtData[0].Val3,1,1,4,AbilityCondition: 4=LessThanEqual.,Confirmed,
9004,ExtData[0].Val4,1,1,8,AbilityLogicOperator: 8=And.,Confirmed,
9004,ExtData[0].Val6,1,1,100,"Operation-specific reference value (RequirementId child link, ability ID, monster type, or other reference depending on AbilityOperation). Position confirmed from decompiled client ExtData schema.",Inferred,
9004,ExtData[0].Val7,1,1,99,Operation-specific auxiliary parameter. Position confirmed from decompiled client ExtData schema.,Inferred,
9004,ExtData[1].Val1,1,1,1,AbilitySourceType: 1=Cast.,Confirmed,
9004,ExtData[1].Val2,1,1,12,AbilityOperation: 12=AbilityType.,Confirmed,
9004,ExtData[1].Val3,1,1,1,AbilityCondition: 1=Equal.,Confirmed,
9004,ExtData[1].Val7,1,1,2,Operation-specific auxiliary parameter. Position confirmed from decompiled client ExtData schema.,Inferred,
9004,ExtData[1].Val9,1,1,1,Binary flag byte. Position confirmed from decompiled client ExtData schema.,Inferred,
9005,ExtData[0].Val1,1,1,1,AbilitySourceType: 1=Cast.,Confirmed,
9005,ExtData[0].Val2,1,1,9,AbilityOperation: 9=Random.,Confirmed,
9005,ExtData[0].Val3,1,1,4,AbilityCondition: 4=LessThanEqual.,Confirmed,
9005,ExtData[0].Val4,1,1,8,AbilityLogicOperator: 8=And.,Confirmed,
9005,ExtData[0].Val6,1,1,100,"Operation-specific reference value (RequirementId child link, ability ID, monster type, or other reference depending on AbilityOperation). Position confirmed from decompiled client ExtData schema.",Inferred,
9005,ExtData[0].Val7,1,1,21,Operation-specific auxiliary parameter. Position confirmed from decompiled client ExtData schema.,Inferred,
9005,ExtData[1].Val1,1,1,1,AbilitySourceType: 1=Cast.,Confirmed,
9005,ExtData[1].Val2,1,1,12,AbilityOperation: 12=AbilityType.,Confirmed,
9005,ExtData[1].Val3,1,1,1,AbilityCondition: 1=Equal.,Confirmed,
9005,ExtData[1].Val7,1,1,1,Operation-specific auxiliary parameter. Position confirmed from decompiled client ExtData schema.,Inferred,
9006,ExtData[0].Val1,1,1,1,AbilitySourceType: 1=Cast.,Confirmed,
9006,ExtData[0].Val2,1,1,9,AbilityOperation: 9=Random.,Confirmed,
9006,ExtData[0].Val3,1,1,4,AbilityCondition: 4=LessThanEqual.,Confirmed,
9006,ExtData[0].Val4,1,1,8,AbilityLogicOperator: 8=And.,Confirmed,
9006,ExtData[0].Val6,1,1,100,"Operation-specific reference value (RequirementId child link, ability ID, monster type, or other reference depending on AbilityOperation). Position confirmed from decompiled client ExtData schema.",Inferred,
9006,ExtData[0].Val7,1,1,6,Operation-specific auxiliary parameter. Position confirmed from decompiled client ExtData schema.,Inferred,
9006,ExtData[1].Val1,1,1,1,AbilitySourceType: 1=Cast.,Confirmed,
9006,ExtData[1].Val2,1,1,12,AbilityOperation: 12=AbilityType.,Confirmed,
9006,ExtData[1].Val3,1,1,1,AbilityCondition: 1=Equal.,Confirmed,
9006,ExtData[1].Val7,1,1,2,Operation-specific auxiliary parameter. Position confirmed from decompiled client ExtData schema.,Inferred,
9007,ExtData[0].Val1,1,1,1,AbilitySourceType: 1=Cast.,Confirmed,
9007,ExtData[0].Val2,1,1,9,AbilityOperation: 9=Random.,Confirmed,
9007,ExtData[0].Val3,1,1,4,AbilityCondition: 4=LessThanEqual.,Confirmed,
9007,ExtData[0].Val6,1,1,100,"Operation-specific reference value (RequirementId child link, ability ID, monster type, or other reference depending on AbilityOperation). Position confirmed from decompiled client ExtData schema.",Inferred,
9007,ExtData[0].Val7,1,1,99,Operation-specific auxiliary parameter. Position confirmed from decompiled client ExtData schema.,Inferred,
9008,ExtData[0].Val1,1,1,1,AbilitySourceType: 1=Cast.,Confirmed,
9008,ExtData[0].Val2,1,1,9,AbilityOperation: 9=Random.,Confirmed,
9008,ExtData[0].Val3,1,1,4,AbilityCondition: 4=LessThanEqual.,Confirmed,
9008,ExtData[0].Val4,1,1,8,AbilityLogicOperator: 8=And.,Confirmed,
9008,ExtData[0].Val6,1,1,100,"Operation-specific reference value (RequirementId child link, ability ID, monster type, or other reference depending on AbilityOperation). Position confirmed from decompiled client ExtData schema.",Inferred,
9008,ExtData[0].Val7,1,1,16,Operation-specific auxiliary parameter. Position confirmed from decompiled client ExtData schema.,Inferred,
9008,ExtData[1].Val1,1,1,1,AbilitySourceType: 1=Cast.,Confirmed,
9008,ExtData[1].Val2,1,1,12,AbilityOperation: 12=AbilityType.,Confirmed,
9008,ExtData[1].Val3,1,1,1,AbilityCondition: 1=Equal.,Confirmed,
9008,ExtData[1].Val7,1,1,2,Operation-specific auxiliary parameter. Position confirmed from decompiled client ExtData schema.,Inferred,
9009,ExtData[0].Val1,1,1,1,AbilitySourceType: 1=Cast.,Confirmed,
9009,ExtData[0].Val2,1,1,44,AbilityOperation: 44=EquippedInventorySlot.,Confirmed,
9009,ExtData[0].Val3,1,1,1,AbilityCondition: 1=Equal.,Confirmed,
9009,ExtData[0].Val4,1,1,9,AbilityLogicOperator: 9=Or.,Confirmed,
9009,ExtData[0].Val6,1,1,11,"Operation-specific reference value (RequirementId child link, ability ID, monster type, or other reference depending on AbilityOperation). Position confirmed from decompiled client ExtData schema.",Inferred,
9009,ExtData[0].Val7,1,1,4,Operation-specific auxiliary parameter. Position confirmed from decompiled client ExtData schema.,Inferred,
9009,ExtData[1].Val1,1,1,1,AbilitySourceType: 1=Cast.,Confirmed,
9009,ExtData[1].Val2,1,1,44,AbilityOperation: 44=EquippedInventorySlot.,Confirmed,
9009,ExtData[1].Val3,1,1,1,AbilityCondition: 1=Equal.,Confirmed,
9009,ExtData[1].Val4,1,1,9,AbilityLogicOperator: 9=Or.,Confirmed,
9009,ExtData[1].Val6,1,1,11,"Operation-specific reference value (RequirementId child link, ability ID, monster type, or other reference depending on AbilityOperation). Position confirmed from decompiled client ExtData schema.",Inferred,
9009,ExtData[1].Val7,1,1,5,Operation-specific auxiliary parameter. Position confirmed from decompiled client ExtData schema.,Inferred,
9009,ExtData[2].Val1,1,1,1,AbilitySourceType: 1=Cast.,Confirmed,
9009,ExtData[2].Val2,1,1,44,AbilityOperation: 44=EquippedInventorySlot.,Confirmed,
9009,ExtData[2].Val3,1,1,1,AbilityCondition: 1=Equal.,Confirmed,
9009,ExtData[2].Val6,1,1,11,"Operation-specific reference value (RequirementId child link, ability ID, monster type, or other reference depending on AbilityOperation). Position confirmed from decompiled client ExtData schema.",Inferred,
9009,ExtData[2].Val7,1,1,10,Operation-specific auxiliary parameter. Position confirmed from decompiled client ExtData schema.,Inferred,
9010,ExtData[0].Val1,1,1,1,AbilitySourceType: 1=Cast.,Confirmed,
9010,ExtData[0].Val2,1,1,86,AbilityOperation: 86=Unk86.,Confirmed,
9010,ExtData[0].Val3,1,1,1,AbilityCondition: 1=Equal.,Confirmed,
9010,ExtData[0].Val7,1,1,3,Operation-specific auxiliary parameter. Position confirmed from decompiled client ExtData schema.,Inferred,
9011,ExtData[0].Val1,1,1,1,AbilitySourceType: 1=Cast.,Confirmed,
9011,ExtData[0].Val2,1,1,86,AbilityOperation: 86=Unk86.,Confirmed,
9011,ExtData[0].Val3,1,1,1,AbilityCondition: 1=Equal.,Confirmed,
9011,ExtData[0].Val7,1,1,1,Operation-specific auxiliary parameter. Position confirmed from decompiled client ExtData schema.,Inferred,
9012,ExtData[0].Val1,1,1,1,AbilitySourceType: 1=Cast.,Confirmed,
9012,ExtData[0].Val2,1,1,86,AbilityOperation: 86=Unk86.,Confirmed,
9012,ExtData[0].Val3,1,1,1,AbilityCondition: 1=Equal.,Confirmed,
9012,ExtData[0].Val7,1,1,2,Operation-specific auxiliary parameter. Position confirmed from decompiled client ExtData schema.,Inferred,
9013,ExtData[0].Val1,1,1,1,AbilitySourceType: 1=Cast.,Confirmed,
9013,ExtData[0].Val2,1,1,1,AbilityOperation: 1=FriendlyTargeted.,Confirmed,
9013,ExtData[0].Val3,1,1,1,AbilityCondition: 1=Equal.,Confirmed,
9013,ExtData[0].Val4,1,1,8,AbilityLogicOperator: 8=And.,Confirmed,
9013,ExtData[0].Val7,1,1,1,Operation-specific auxiliary parameter. Position confirmed from decompiled client ExtData schema.,Inferred,
9013,ExtData[1].Val1,1,1,1,AbilitySourceType: 1=Cast.,Confirmed,
9013,ExtData[1].Val2,1,1,4,AbilityOperation: 4=Range.,Confirmed,
9013,ExtData[1].Val3,1,1,4,AbilityCondition: 4=LessThanEqual.,Confirmed,
9013,ExtData[1].Val7,1,1,480,Operation-specific auxiliary parameter. Position confirmed from decompiled client ExtData schema.,Inferred,
9014,ExtData[0].Val1,1,1,1,AbilitySourceType: 1=Cast.,Confirmed,
9014,ExtData[0].Val2,1,1,6,AbilityOperation: 6=BuffGroupCount.,Confirmed,
9014,ExtData[0].Val3,1,1,3,AbilityCondition: 3=Unk3.,Confirmed,
9014,ExtData[0].Val4,1,1,8,AbilityLogicOperator: 8=And.,Confirmed,
9014,ExtData[0].Val6,1,1,50,"Operation-specific reference value (RequirementId child link, ability ID, monster type, or other reference depending on AbilityOperation). Position confirmed from decompiled client ExtData schema.",Inferred,
9014,ExtData[0].Val7,1,1,7,Operation-specific auxiliary parameter. Position confirmed from decompiled client ExtData schema.,Inferred,
9014,ExtData[1].Val1,1,1,1,AbilitySourceType: 1=Cast.,Confirmed,
9014,ExtData[1].Val2,1,1,6,AbilityOperation: 6=BuffGroupCount.,Confirmed,
9014,ExtData[1].Val3,1,1,1,AbilityCondition: 1=Equal.,Confirmed,
9014,ExtData[1].Val6,1,1,51,"Operation-specific reference value (RequirementId child link, ability ID, monster type, or other reference depending on AbilityOperation). Position confirmed from decompiled client ExtData schema.",Inferred,
9014,ExtData[1].Val7,1,1,1,Operation-specific auxiliary parameter. Position confirmed from decompiled client ExtData schema.,Inferred,
9015,ExtData[0].Val1,1,1,1,AbilitySourceType: 1=Cast.,Confirmed,
9015,ExtData[0].Val2,1,1,11,AbilityOperation: 11=TargetActivatedComponent.,Confirmed,
9015,ExtData[0].Val3,1,1,1,AbilityCondition: 1=Equal.,Confirmed,
9015,ExtData[0].Val4,1,1,9,AbilityLogicOperator: 9=Or.,Confirmed,
9015,ExtData[0].Val5,1,1,3,Operation-specific threshold or comparison value (semantics depend on AbilityOperation). Position confirmed from decompiled client ExtData schema.,Inferred,
9015,ExtData[1].Val1,1,1,1,AbilitySourceType: 1=Cast.,Confirmed,
9015,ExtData[1].Val2,1,1,6,AbilityOperation: 6=BuffGroupCount.,Confirmed,
9015,ExtData[1].Val3,1,1,6,AbilityCondition: 6=LessThan.,Confirmed,
9015,ExtData[1].Val5,1,1,3,Operation-specific threshold or comparison value (semantics depend on AbilityOperation). Position confirmed from decompiled client ExtData schema.,Inferred,
9015,ExtData[1].Val6,1,1,82,"Operation-specific reference value (RequirementId child link, ability ID, monster type, or other reference depending on AbilityOperation). Position confirmed from decompiled client ExtData schema.",Inferred,
9016,ExtData[0].Val1,1,1,1,AbilitySourceType: 1=Cast.,Confirmed,
9016,ExtData[0].Val2,1,1,21,AbilityOperation: 21=TargetBackSide.,Confirmed,
9016,ExtData[0].Val3,1,1,6,AbilityCondition: 6=LessThan.,Confirmed,
9016,ExtData[0].Val4,1,1,9,AbilityLogicOperator: 9=Or.,Confirmed,
9016,ExtData[0].Val7,1,1,1,Operation-specific auxiliary parameter. Position confirmed from decompiled client ExtData schema.,Inferred,
9016,ExtData[1].Val1,1,1,1,AbilitySourceType: 1=Cast.,Confirmed,
9016,ExtData[1].Val2,1,1,6,AbilityOperation: 6=BuffGroupCount.,Confirmed,
9016,ExtData[1].Val3,1,1,1,AbilityCondition: 1=Equal.,Confirmed,
9016,ExtData[1].Val6,1,1,237,"Operation-specific reference value (RequirementId child link, ability ID, monster type, or other reference depending on AbilityOperation). Position confirmed from decompiled client ExtData schema.",Inferred,
9016,ExtData[1].Val7,1,1,1,Operation-specific auxiliary parameter. Position confirmed from decompiled client ExtData schema.,Inferred,
9017,ExtData[0].Val1,1,1,1,AbilitySourceType: 1=Cast.,Confirmed,
9017,ExtData[0].Val2,1,1,6,AbilityOperation: 6=BuffGroupCount.,Confirmed,
9017,ExtData[0].Val3,1,1,1,AbilityCondition: 1=Equal.,Confirmed,
9017,ExtData[0].Val4,1,1,8,AbilityLogicOperator: 8=And.,Confirmed,
9017,ExtData[0].Val5,1,1,1,Operation-specific threshold or comparison value (semantics depend on AbilityOperation). Position confirmed from decompiled client ExtData schema.,Inferred,
9017,ExtData[0].Val6,1,1,60,"Operation-specific reference value (RequirementId child link, ability ID, monster type, or other reference depending on AbilityOperation). Position confirmed from decompiled client ExtData schema.",Inferred,
9017,ExtData[1].Val1,1,1,1,AbilitySourceType: 1=Cast.,Confirmed,
9017,ExtData[1].Val2,1,1,6,AbilityOperation: 6=BuffGroupCount.,Confirmed,
9017,ExtData[1].Val3,1,1,1,AbilityCondition: 1=Equal.,Confirmed,
9017,ExtData[1].Val5,1,1,1,Operation-specific threshold or comparison value (semantics depend on AbilityOperation). Position confirmed from decompiled client ExtData schema.,Inferred,
9017,ExtData[1].Val6,1,1,61,"Operation-specific reference value (RequirementId child link, ability ID, monster type, or other reference depending on AbilityOperation). Position confirmed from decompiled client ExtData schema.",Inferred,
9017,ExtData[1].Val7,1,1,1,Operation-specific auxiliary parameter. Position confirmed from decompiled client ExtData schema.,Inferred,
9018,ExtData[0].Val1,1,1,1,AbilitySourceType: 1=Cast.,Confirmed,
9018,ExtData[0].Val2,1,1,6,AbilityOperation: 6=BuffGroupCount.,Confirmed,
9018,ExtData[0].Val3,1,1,4,AbilityCondition: 4=LessThanEqual.,Confirmed,
9018,ExtData[0].Val5,1,1,1,Operation-specific threshold or comparison value (semantics depend on AbilityOperation). Position confirmed from decompiled client ExtData schema.,Inferred,
9018,ExtData[0].Val6,1,1,60,"Operation-specific reference value (RequirementId child link, ability ID, monster type, or other reference depending on AbilityOperation). Position confirmed from decompiled client ExtData schema.",Inferred,
9018,ExtData[0].Val7,1,1,2,Operation-specific auxiliary parameter. Position confirmed from decompiled client ExtData schema.,Inferred,
9019,ExtData[0].Val1,1,1,1,AbilitySourceType: 1=Cast.,Confirmed,
9019,ExtData[0].Val2,1,1,10,AbilityOperation: 10=RequirmentGroupCheck.,Confirmed,
9019,ExtData[0].Val3,1,1,1,AbilityCondition: 1=Equal.,Confirmed,
9019,ExtData[0].Val4,1,1,9,AbilityLogicOperator: 9=Or.,Confirmed,
9019,ExtData[0].Val6,1,1,9015,Every distinct observed value in this field matches a known RequirementId row.,Inferred,Example requirement ids: 9015.
9019,ExtData[0].Val7,1,1,1,Operation-specific auxiliary parameter. Position confirmed from decompiled client ExtData schema.,Inferred,
9019,ExtData[1].Val1,1,1,1,AbilitySourceType: 1=Cast.,Confirmed,
9019,ExtData[1].Val2,1,1,10,AbilityOperation: 10=RequirmentGroupCheck.,Confirmed,
9019,ExtData[1].Val3,1,1,1,AbilityCondition: 1=Equal.,Confirmed,
9019,ExtData[1].Val4,1,1,9,AbilityLogicOperator: 9=Or.,Confirmed,
9019,ExtData[1].Val6,1,1,9016,Every distinct observed value in this field matches a known RequirementId row.,Inferred,Example requirement ids: 9016.
9019,ExtData[1].Val7,1,1,1,Operation-specific auxiliary parameter. Position confirmed from decompiled client ExtData schema.,Inferred,
9019,ExtData[2].Val1,1,1,1,AbilitySourceType: 1=Cast.,Confirmed,
9019,ExtData[2].Val2,1,1,10,AbilityOperation: 10=RequirmentGroupCheck.,Confirmed,
9019,ExtData[2].Val3,1,1,1,AbilityCondition: 1=Equal.,Confirmed,
9019,ExtData[2].Val6,1,1,9017,Every distinct observed value in this field matches a known RequirementId row.,Inferred,Example requirement ids: 9017.
9019,ExtData[2].Val7,1,1,1,Operation-specific auxiliary parameter. Position confirmed from decompiled client ExtData schema.,Inferred,
9020,ExtData[0].Val1,1,1,1,AbilitySourceType: 1=Cast.,Confirmed,
9020,ExtData[0].Val2,1,1,13,AbilityOperation: 13=SpellConvention.,Confirmed,
9020,ExtData[0].Val3,1,1,1,AbilityCondition: 1=Equal.,Confirmed,
9020,ExtData[0].Val7,1,1,12,Operation-specific auxiliary parameter. Position confirmed from decompiled client ExtData schema.,Inferred,
9021,ExtData[0].Val1,1,1,1,AbilitySourceType: 1=Cast.,Confirmed,
9021,ExtData[0].Val2,1,1,6,AbilityOperation: 6=BuffGroupCount.,Confirmed,
9021,ExtData[0].Val3,1,1,5,AbilityCondition: 5=GreaterThanEqual.,Confirmed,
9021,ExtData[0].Val5,1,1,1,Operation-specific threshold or comparison value (semantics depend on AbilityOperation). Position confirmed from decompiled client ExtData schema.,Inferred,
9021,ExtData[0].Val6,1,1,60,"Operation-specific reference value (RequirementId child link, ability ID, monster type, or other reference depending on AbilityOperation). Position confirmed from decompiled client ExtData schema.",Inferred,
9021,ExtData[0].Val7,1,1,2,Operation-specific auxiliary parameter. Position confirmed from decompiled client ExtData schema.,Inferred,
9022,ExtData[0].Val1,1,1,1,AbilitySourceType: 1=Cast.,Confirmed,
9022,ExtData[0].Val2,1,1,6,AbilityOperation: 6=BuffGroupCount.,Confirmed,
9022,ExtData[0].Val3,1,1,1,AbilityCondition: 1=Equal.,Confirmed,
9022,ExtData[0].Val4,1,1,8,AbilityLogicOperator: 8=And.,Confirmed,
9022,ExtData[0].Val5,1,1,1,Operation-specific threshold or comparison value (semantics depend on AbilityOperation). Position confirmed from decompiled client ExtData schema.,Inferred,
9022,ExtData[0].Val6,1,1,60,"Operation-specific reference value (RequirementId child link, ability ID, monster type, or other reference depending on AbilityOperation). Position confirmed from decompiled client ExtData schema.",Inferred,
9022,ExtData[0].Val7,1,1,1,Operation-specific auxiliary parameter. Position confirmed from decompiled client ExtData schema.,Inferred,
9022,ExtData[1].Val1,1,1,1,AbilitySourceType: 1=Cast.,Confirmed,
9022,ExtData[1].Val2,1,1,6,AbilityOperation: 6=BuffGroupCount.,Confirmed,
9022,ExtData[1].Val3,1,1,1,AbilityCondition: 1=Equal.,Confirmed,
9022,ExtData[1].Val5,1,1,1,Operation-specific threshold or comparison value (semantics depend on AbilityOperation). Position confirmed from decompiled client ExtData schema.,Inferred,
9022,ExtData[1].Val6,1,1,61,"Operation-specific reference value (RequirementId child link, ability ID, monster type, or other reference depending on AbilityOperation). Position confirmed from decompiled client ExtData schema.",Inferred,
9022,ExtData[1].Val7,1,1,1,Operation-specific auxiliary parameter. Position confirmed from decompiled client ExtData schema.,Inferred,
9023,ExtData[0].Val1,1,1,1,AbilitySourceType: 1=Cast.,Confirmed,
9023,ExtData[0].Val2,1,1,6,AbilityOperation: 6=BuffGroupCount.,Confirmed,
9023,ExtData[0].Val3,1,1,5,AbilityCondition: 5=GreaterThanEqual.,Confirmed,
9023,ExtData[0].Val5,1,1,1,Operation-specific threshold or comparison value (semantics depend on AbilityOperation). Position confirmed from decompiled client ExtData schema.,Inferred,
9023,ExtData[0].Val6,1,1,61,"Operation-specific reference value (RequirementId child link, ability ID, monster type, or other reference depending on AbilityOperation). Position confirmed from decompiled client ExtData schema.",Inferred,
9023,ExtData[0].Val7,1,1,2,Operation-specific auxiliary parameter. Position confirmed from decompiled client ExtData schema.,Inferred,
9024,ExtData[0].Val1,1,1,1,AbilitySourceType: 1=Cast.,Confirmed,
9024,ExtData[0].Val2,1,1,8,AbilityOperation: 8=GetGroupOnAbilityUsed.,Confirmed,
9024,ExtData[0].Val3,1,1,1,AbilityCondition: 1=Equal.,Confirmed,
9024,ExtData[0].Val6,1,1,62,"Operation-specific reference value (RequirementId child link, ability ID, monster type, or other reference depending on AbilityOperation). Position confirmed from decompiled client ExtData schema.",Inferred,
9024,ExtData[0].Val7,1,1,1,Operation-specific auxiliary parameter. Position confirmed from decompiled client ExtData schema.,Inferred,
9025,ExtData[0].Val1,1,1,1,AbilitySourceType: 1=Cast.,Confirmed,
9025,ExtData[0].Val2,1,1,8,AbilityOperation: 8=GetGroupOnAbilityUsed.,Confirmed,
9025,ExtData[0].Val3,1,1,1,AbilityCondition: 1=Equal.,Confirmed,
9025,ExtData[0].Val6,1,1,63,"Operation-specific reference value (RequirementId child link, ability ID, monster type, or other reference depending on AbilityOperation). Position confirmed from decompiled client ExtData schema.",Inferred,
9025,ExtData[0].Val7,1,1,1,Operation-specific auxiliary parameter. Position confirmed from decompiled client ExtData schema.,Inferred,
9026,ExtData[0].Val1,1,1,1,AbilitySourceType: 1=Cast.,Confirmed,
9026,ExtData[0].Val2,1,1,10,AbilityOperation: 10=RequirmentGroupCheck.,Confirmed,
9026,ExtData[0].Val3,1,1,1,AbilityCondition: 1=Equal.,Confirmed,
9026,ExtData[0].Val4,1,1,9,AbilityLogicOperator: 9=Or.,Confirmed,
9026,ExtData[0].Val6,1,1,9021,Every distinct observed value in this field matches a known RequirementId row.,Inferred,Example requirement ids: 9021.
9026,ExtData[0].Val7,1,1,1,Operation-specific auxiliary parameter. Position confirmed from decompiled client ExtData schema.,Inferred,
9026,ExtData[1].Val1,1,1,1,AbilitySourceType: 1=Cast.,Confirmed,
9026,ExtData[1].Val2,1,1,10,AbilityOperation: 10=RequirmentGroupCheck.,Confirmed,
9026,ExtData[1].Val3,1,1,1,AbilityCondition: 1=Equal.,Confirmed,
9026,ExtData[1].Val4,1,1,9,AbilityLogicOperator: 9=Or.,Confirmed,
9026,ExtData[1].Val6,1,1,9022,Every distinct observed value in this field matches a known RequirementId row.,Inferred,Example requirement ids: 9022.
9026,ExtData[1].Val7,1,1,1,Operation-specific auxiliary parameter. Position confirmed from decompiled client ExtData schema.,Inferred,
9026,ExtData[2].Val1,1,1,1,AbilitySourceType: 1=Cast.,Confirmed,
9026,ExtData[2].Val2,1,1,10,AbilityOperation: 10=RequirmentGroupCheck.,Confirmed,
9026,ExtData[2].Val3,1,1,1,AbilityCondition: 1=Equal.,Confirmed,
9026,ExtData[2].Val6,1,1,9023,Every distinct observed value in this field matches a known RequirementId row.,Inferred,Example requirement ids: 9023.
9026,ExtData[2].Val7,1,1,1,Operation-specific auxiliary parameter. Position confirmed from decompiled client ExtData schema.,Inferred,
9027,ExtData[0].Val1,1,1,1,AbilitySourceType: 1=Cast.,Confirmed,
9027,ExtData[0].Val2,1,1,10,AbilityOperation: 10=RequirmentGroupCheck.,Confirmed,
9027,ExtData[0].Val3,1,1,1,AbilityCondition: 1=Equal.,Confirmed,
9027,ExtData[0].Val4,1,1,8,AbilityLogicOperator: 8=And.,Confirmed,
9027,ExtData[0].Val6,1,1,9024,Every distinct observed value in this field matches a known RequirementId row.,Inferred,Example requirement ids: 9024.
9027,ExtData[0].Val7,1,1,1,Operation-specific auxiliary parameter. Position confirmed from decompiled client ExtData schema.,Inferred,
9027,ExtData[1].Val1,1,1,1,AbilitySourceType: 1=Cast.,Confirmed,
9027,ExtData[1].Val2,1,1,10,AbilityOperation: 10=RequirmentGroupCheck.,Confirmed,
9027,ExtData[1].Val3,1,1,1,AbilityCondition: 1=Equal.,Confirmed,
9027,ExtData[1].Val6,1,1,9026,Every distinct observed value in this field matches a known RequirementId row.,Inferred,Example requirement ids: 9026.
9027,ExtData[1].Val7,1,1,1,Operation-specific auxiliary parameter. Position confirmed from decompiled client ExtData schema.,Inferred,
9028,ExtData[0].Val1,1,1,1,AbilitySourceType: 1=Cast.,Confirmed,
9028,ExtData[0].Val2,1,1,8,AbilityOperation: 8=GetGroupOnAbilityUsed.,Confirmed,
9028,ExtData[0].Val3,1,1,6,AbilityCondition: 6=LessThan.,Confirmed,
9028,ExtData[0].Val4,1,1,9,AbilityLogicOperator: 9=Or.,Confirmed,
9028,ExtData[0].Val6,1,1,14,"Operation-specific reference value (RequirementId child link, ability ID, monster type, or other reference depending on AbilityOperation). Position confirmed from decompiled client ExtData schema.",Inferred,
9028,ExtData[1].Val1,1,1,1,AbilitySourceType: 1=Cast.,Confirmed,
9028,ExtData[1].Val2,1,1,8,AbilityOperation: 8=GetGroupOnAbilityUsed.,Confirmed,
9028,ExtData[1].Val3,1,1,6,AbilityCondition: 6=LessThan.,Confirmed,
9028,ExtData[1].Val4,1,1,9,AbilityLogicOperator: 9=Or.,Confirmed,
9028,ExtData[1].Val6,1,1,24,"Operation-specific reference value (RequirementId child link, ability ID, monster type, or other reference depending on AbilityOperation). Position confirmed from decompiled client ExtData schema.",Inferred,
9028,ExtData[2].Val1,1,1,1,AbilitySourceType: 1=Cast.,Confirmed,
9028,ExtData[2].Val2,1,1,8,AbilityOperation: 8=GetGroupOnAbilityUsed.,Confirmed,
9028,ExtData[2].Val3,1,1,6,AbilityCondition: 6=LessThan.,Confirmed,
9028,ExtData[2].Val6,1,1,19,"Operation-specific reference value (RequirementId child link, ability ID, monster type, or other reference depending on AbilityOperation). Position confirmed from decompiled client ExtData schema.",Inferred,
9029,ExtData[0].Val1,1,1,1,AbilitySourceType: 1=Cast.,Confirmed,
9029,ExtData[0].Val2,1,1,86,AbilityOperation: 86=Unk86.,Confirmed,
9029,ExtData[0].Val3,1,1,1,AbilityCondition: 1=Equal.,Confirmed,
9029,ExtData[0].Val7,1,1,22,Operation-specific auxiliary parameter. Position confirmed from decompiled client ExtData schema.,Inferred,
9030,ExtData[0].Val1,1,1,1,AbilitySourceType: 1=Cast.,Confirmed,
9030,ExtData[0].Val2,1,1,4,AbilityOperation: 4=Range.,Confirmed,
9030,ExtData[0].Val3,1,1,4,AbilityCondition: 4=LessThanEqual.,Confirmed,
9030,ExtData[0].Val4,1,1,8,AbilityLogicOperator: 8=And.,Confirmed,
9030,ExtData[0].Val7,1,1,750,Operation-specific auxiliary parameter. Position confirmed from decompiled client ExtData schema.,Inferred,
9030,ExtData[1].Val1,1,1,1,AbilitySourceType: 1=Cast.,Confirmed,
9030,ExtData[1].Val2,1,1,1,AbilityOperation: 1=FriendlyTargeted.,Confirmed,
9030,ExtData[1].Val3,1,1,1,AbilityCondition: 1=Equal.,Confirmed,
9030,ExtData[1].Val4,1,1,8,AbilityLogicOperator: 8=And.,Confirmed,
9030,ExtData[1].Val7,1,1,1,Operation-specific auxiliary parameter. Position confirmed from decompiled client ExtData schema.,Inferred,
9030,ExtData[2].Val1,1,1,1,AbilitySourceType: 1=Cast.,Confirmed,
9030,ExtData[2].Val2,1,1,18,AbilityOperation: 18=WoundsPercent.,Confirmed,
9030,ExtData[2].Val3,1,1,4,AbilityCondition: 4=LessThanEqual.,Confirmed,
9030,ExtData[2].Val7,1,1,25,Operation-specific auxiliary parameter. Position confirmed from decompiled client ExtData schema.,Inferred,
9031,ExtData[0].Val1,1,1,1,AbilitySourceType: 1=Cast.,Confirmed,
9031,ExtData[0].Val2,1,1,3,AbilityOperation: 3=BuffGroupCounterSum.,Confirmed,
9031,ExtData[0].Val3,1,1,3,AbilityCondition: 3=Unk3.,Confirmed,
9031,ExtData[0].Val4,1,1,9,AbilityLogicOperator: 9=Or.,Confirmed,
9031,ExtData[0].Val6,1,1,59,"Operation-specific reference value (RequirementId child link, ability ID, monster type, or other reference depending on AbilityOperation). Position confirmed from decompiled client ExtData schema.",Inferred,
9031,ExtData[0].Val7,1,1,10,Operation-specific auxiliary parameter. Position confirmed from decompiled client ExtData schema.,Inferred,
9031,ExtData[1].Val1,1,1,1,AbilitySourceType: 1=Cast.,Confirmed,
9031,ExtData[1].Val2,1,1,10,AbilityOperation: 10=RequirmentGroupCheck.,Confirmed,
9031,ExtData[1].Val3,1,1,6,AbilityCondition: 6=LessThan.,Confirmed,
9031,ExtData[1].Val6,1,1,9052,Every distinct observed value in this field matches a known RequirementId row.,Inferred,Example requirement ids: 9052.
9032,ExtData[0].Val1,1,1,1,AbilitySourceType: 1=Cast.,Confirmed,
9032,ExtData[0].Val2,1,1,6,AbilityOperation: 6=BuffGroupCount.,Confirmed,
9032,ExtData[0].Val3,1,1,1,AbilityCondition: 1=Equal.,Confirmed,
9032,ExtData[0].Val6,1,1,60,"Operation-specific reference value (RequirementId child link, ability ID, monster type, or other reference depending on AbilityOperation). Position confirmed from decompiled client ExtData schema.",Inferred,
9032,ExtData[0].Val7,1,1,2,Operation-specific auxiliary parameter. Position confirmed from decompiled client ExtData schema.,Inferred,
9033,ExtData[0].Val1,1,1,1,AbilitySourceType: 1=Cast.,Confirmed,
9033,ExtData[0].Val2,1,1,6,AbilityOperation: 6=BuffGroupCount.,Confirmed,
9033,ExtData[0].Val3,1,1,1,AbilityCondition: 1=Equal.,Confirmed,
9033,ExtData[0].Val4,1,1,8,AbilityLogicOperator: 8=And.,Confirmed,
9033,ExtData[0].Val6,1,1,60,"Operation-specific reference value (RequirementId child link, ability ID, monster type, or other reference depending on AbilityOperation). Position confirmed from decompiled client ExtData schema.",Inferred,
9033,ExtData[0].Val7,1,1,1,Operation-specific auxiliary parameter. Position confirmed from decompiled client ExtData schema.,Inferred,
9033,ExtData[1].Val1,1,1,1,AbilitySourceType: 1=Cast.,Confirmed,
9033,ExtData[1].Val2,1,1,6,AbilityOperation: 6=BuffGroupCount.,Confirmed,
9033,ExtData[1].Val3,1,1,1,AbilityCondition: 1=Equal.,Confirmed,
9033,ExtData[1].Val6,1,1,61,"Operation-specific reference value (RequirementId child link, ability ID, monster type, or other reference depending on AbilityOperation). Position confirmed from decompiled client ExtData schema.",Inferred,
9033,ExtData[1].Val7,1,1,1,Operation-specific auxiliary parameter. Position confirmed from decompiled client ExtData schema.,Inferred,
9034,ExtData[0].Val1,1,1,1,AbilitySourceType: 1=Cast.,Confirmed,
9034,ExtData[0].Val2,1,1,6,AbilityOperation: 6=BuffGroupCount.,Confirmed,
9034,ExtData[0].Val3,1,1,1,AbilityCondition: 1=Equal.,Confirmed,
9034,ExtData[0].Val6,1,1,61,"Operation-specific reference value (RequirementId child link, ability ID, monster type, or other reference depending on AbilityOperation). Position confirmed from decompiled client ExtData schema.",Inferred,
9034,ExtData[0].Val7,1,1,2,Operation-specific auxiliary parameter. Position confirmed from decompiled client ExtData schema.,Inferred,
9035,ExtData[0].Val1,1,1,1,AbilitySourceType: 1=Cast.,Confirmed,
9035,ExtData[0].Val2,1,1,10,AbilityOperation: 10=RequirmentGroupCheck.,Confirmed,
9035,ExtData[0].Val3,1,1,1,AbilityCondition: 1=Equal.,Confirmed,
9035,ExtData[0].Val4,1,1,9,AbilityLogicOperator: 9=Or.,Confirmed,
9035,ExtData[0].Val6,1,1,9032,Every distinct observed value in this field matches a known RequirementId row.,Inferred,Example requirement ids: 9032.
9035,ExtData[0].Val7,1,1,1,Operation-specific auxiliary parameter. Position confirmed from decompiled client ExtData schema.,Inferred,
9035,ExtData[1].Val1,1,1,1,AbilitySourceType: 1=Cast.,Confirmed,
9035,ExtData[1].Val2,1,1,10,AbilityOperation: 10=RequirmentGroupCheck.,Confirmed,
9035,ExtData[1].Val3,1,1,1,AbilityCondition: 1=Equal.,Confirmed,
9035,ExtData[1].Val4,1,1,9,AbilityLogicOperator: 9=Or.,Confirmed,
9035,ExtData[1].Val6,1,1,9033,Every distinct observed value in this field matches a known RequirementId row.,Inferred,Example requirement ids: 9033.
9035,ExtData[1].Val7,1,1,1,Operation-specific auxiliary parameter. Position confirmed from decompiled client ExtData schema.,Inferred,
9035,ExtData[2].Val1,1,1,1,AbilitySourceType: 1=Cast.,Confirmed,
9035,ExtData[2].Val2,1,1,10,AbilityOperation: 10=RequirmentGroupCheck.,Confirmed,
9035,ExtData[2].Val3,1,1,1,AbilityCondition: 1=Equal.,Confirmed,
9035,ExtData[2].Val4,1,1,9,AbilityLogicOperator: 9=Or.,Confirmed,
9035,ExtData[2].Val6,1,1,9034,Every distinct observed value in this field matches a known RequirementId row.,Inferred,Example requirement ids: 9034.
9035,ExtData[2].Val7,1,1,1,Operation-specific auxiliary parameter. Position confirmed from decompiled client ExtData schema.,Inferred,
9036,ExtData[0].Val1,1,1,1,AbilitySourceType: 1=Cast.,Confirmed,
9036,ExtData[0].Val2,1,1,44,AbilityOperation: 44=EquippedInventorySlot.,Confirmed,
9036,ExtData[0].Val3,1,1,1,AbilityCondition: 1=Equal.,Confirmed,
9036,ExtData[0].Val4,1,1,9,AbilityLogicOperator: 9=Or.,Confirmed,
9036,ExtData[0].Val6,1,1,10,"Operation-specific reference value (RequirementId child link, ability ID, monster type, or other reference depending on AbilityOperation). Position confirmed from decompiled client ExtData schema.",Inferred,
9036,ExtData[0].Val7,1,1,1,Operation-specific auxiliary parameter. Position confirmed from decompiled client ExtData schema.,Inferred,
9036,ExtData[1].Val1,1,1,1,AbilitySourceType: 1=Cast.,Confirmed,
9036,ExtData[1].Val2,1,1,44,AbilityOperation: 44=EquippedInventorySlot.,Confirmed,
9036,ExtData[1].Val3,1,1,1,AbilityCondition: 1=Equal.,Confirmed,
9036,ExtData[1].Val4,1,1,9,AbilityLogicOperator: 9=Or.,Confirmed,
9036,ExtData[1].Val6,1,1,10,"Operation-specific reference value (RequirementId child link, ability ID, monster type, or other reference depending on AbilityOperation). Position confirmed from decompiled client ExtData schema.",Inferred,
9036,ExtData[1].Val7,1,1,2,Operation-specific auxiliary parameter. Position confirmed from decompiled client ExtData schema.,Inferred,
9036,ExtData[2].Val1,1,1,1,AbilitySourceType: 1=Cast.,Confirmed,
9036,ExtData[2].Val2,1,1,44,AbilityOperation: 44=EquippedInventorySlot.,Confirmed,
9036,ExtData[2].Val3,1,1,1,AbilityCondition: 1=Equal.,Confirmed,
9036,ExtData[2].Val4,1,1,9,AbilityLogicOperator: 9=Or.,Confirmed,
9036,ExtData[2].Val6,1,1,10,"Operation-specific reference value (RequirementId child link, ability ID, monster type, or other reference depending on AbilityOperation). Position confirmed from decompiled client ExtData schema.",Inferred,
9036,ExtData[2].Val7,1,1,3,Operation-specific auxiliary parameter. Position confirmed from decompiled client ExtData schema.,Inferred,
9036,ExtData[3].Val1,1,1,1,AbilitySourceType: 1=Cast.,Confirmed,
9036,ExtData[3].Val2,1,1,44,AbilityOperation: 44=EquippedInventorySlot.,Confirmed,
9036,ExtData[3].Val3,1,1,1,AbilityCondition: 1=Equal.,Confirmed,
9036,ExtData[3].Val4,1,1,9,AbilityLogicOperator: 9=Or.,Confirmed,
9036,ExtData[3].Val6,1,1,10,"Operation-specific reference value (RequirementId child link, ability ID, monster type, or other reference depending on AbilityOperation). Position confirmed from decompiled client ExtData schema.",Inferred,
9036,ExtData[3].Val7,1,1,12,Operation-specific auxiliary parameter. Position confirmed from decompiled client ExtData schema.,Inferred,
9036,ExtData[4].Val1,1,1,1,AbilitySourceType: 1=Cast.,Confirmed,
9036,ExtData[4].Val2,1,1,44,AbilityOperation: 44=EquippedInventorySlot.,Confirmed,
9036,ExtData[4].Val3,1,1,1,AbilityCondition: 1=Equal.,Confirmed,
9036,ExtData[4].Val4,1,1,9,AbilityLogicOperator: 9=Or.,Confirmed,
9036,ExtData[4].Val6,1,1,10,"Operation-specific reference value (RequirementId child link, ability ID, monster type, or other reference depending on AbilityOperation). Position confirmed from decompiled client ExtData schema.",Inferred,
9036,ExtData[4].Val7,1,1,14,Operation-specific auxiliary parameter. Position confirmed from decompiled client ExtData schema.,Inferred,
9036,ExtData[5].Val1,1,1,1,AbilitySourceType: 1=Cast.,Confirmed,
9036,ExtData[5].Val2,1,1,44,AbilityOperation: 44=EquippedInventorySlot.,Confirmed,
9036,ExtData[5].Val3,1,1,1,AbilityCondition: 1=Equal.,Confirmed,
9036,ExtData[5].Val6,1,1,10,"Operation-specific reference value (RequirementId child link, ability ID, monster type, or other reference depending on AbilityOperation). Position confirmed from decompiled client ExtData schema.",Inferred,
9036,ExtData[5].Val7,1,1,15,Operation-specific auxiliary parameter. Position confirmed from decompiled client ExtData schema.,Inferred,
9037,ExtData[0].Val1,1,1,1,AbilitySourceType: 1=Cast.,Confirmed,
9037,ExtData[0].Val2,1,1,44,AbilityOperation: 44=EquippedInventorySlot.,Confirmed,
9037,ExtData[0].Val3,1,1,1,AbilityCondition: 1=Equal.,Confirmed,
9037,ExtData[0].Val4,1,1,9,AbilityLogicOperator: 9=Or.,Confirmed,
9037,ExtData[0].Val6,1,1,11,"Operation-specific reference value (RequirementId child link, ability ID, monster type, or other reference depending on AbilityOperation). Position confirmed from decompiled client ExtData schema.",Inferred,
9037,ExtData[0].Val7,1,1,1,Operation-specific auxiliary parameter. Position confirmed from decompiled client ExtData schema.,Inferred,
9037,ExtData[1].Val1,1,1,1,AbilitySourceType: 1=Cast.,Confirmed,
9037,ExtData[1].Val2,1,1,44,AbilityOperation: 44=EquippedInventorySlot.,Confirmed,
9037,ExtData[1].Val3,1,1,1,AbilityCondition: 1=Equal.,Confirmed,
9037,ExtData[1].Val4,1,1,9,AbilityLogicOperator: 9=Or.,Confirmed,
9037,ExtData[1].Val6,1,1,11,"Operation-specific reference value (RequirementId child link, ability ID, monster type, or other reference depending on AbilityOperation). Position confirmed from decompiled client ExtData schema.",Inferred,
9037,ExtData[1].Val7,1,1,2,Operation-specific auxiliary parameter. Position confirmed from decompiled client ExtData schema.,Inferred,
9037,ExtData[2].Val1,1,1,1,AbilitySourceType: 1=Cast.,Confirmed,
9037,ExtData[2].Val2,1,1,44,AbilityOperation: 44=EquippedInventorySlot.,Confirmed,
9037,ExtData[2].Val3,1,1,1,AbilityCondition: 1=Equal.,Confirmed,
9037,ExtData[2].Val4,1,1,9,AbilityLogicOperator: 9=Or.,Confirmed,
9037,ExtData[2].Val6,1,1,11,"Operation-specific reference value (RequirementId child link, ability ID, monster type, or other reference depending on AbilityOperation). Position confirmed from decompiled client ExtData schema.",Inferred,
9037,ExtData[2].Val7,1,1,3,Operation-specific auxiliary parameter. Position confirmed from decompiled client ExtData schema.,Inferred,
9037,ExtData[3].Val1,1,1,1,AbilitySourceType: 1=Cast.,Confirmed,
9037,ExtData[3].Val2,1,1,44,AbilityOperation: 44=EquippedInventorySlot.,Confirmed,
9037,ExtData[3].Val3,1,1,1,AbilityCondition: 1=Equal.,Confirmed,
9037,ExtData[3].Val4,1,1,9,AbilityLogicOperator: 9=Or.,Confirmed,
9037,ExtData[3].Val6,1,1,11,"Operation-specific reference value (RequirementId child link, ability ID, monster type, or other reference depending on AbilityOperation). Position confirmed from decompiled client ExtData schema.",Inferred,
9037,ExtData[3].Val7,1,1,12,Operation-specific auxiliary parameter. Position confirmed from decompiled client ExtData schema.,Inferred,
9037,ExtData[4].Val1,1,1,1,AbilitySourceType: 1=Cast.,Confirmed,
9037,ExtData[4].Val2,1,1,44,AbilityOperation: 44=EquippedInventorySlot.,Confirmed,
9037,ExtData[4].Val3,1,1,1,AbilityCondition: 1=Equal.,Confirmed,
9037,ExtData[4].Val4,1,1,9,AbilityLogicOperator: 9=Or.,Confirmed,
9037,ExtData[4].Val6,1,1,11,"Operation-specific reference value (RequirementId child link, ability ID, monster type, or other reference depending on AbilityOperation). Position confirmed from decompiled client ExtData schema.",Inferred,
9037,ExtData[4].Val7,1,1,14,Operation-specific auxiliary parameter. Position confirmed from decompiled client ExtData schema.,Inferred,
9037,ExtData[5].Val1,1,1,1,AbilitySourceType: 1=Cast.,Confirmed,
9037,ExtData[5].Val2,1,1,44,AbilityOperation: 44=EquippedInventorySlot.,Confirmed,
9037,ExtData[5].Val3,1,1,1,AbilityCondition: 1=Equal.,Confirmed,
9037,ExtData[5].Val6,1,1,11,"Operation-specific reference value (RequirementId child link, ability ID, monster type, or other reference depending on AbilityOperation). Position confirmed from decompiled client ExtData schema.",Inferred,
9037,ExtData[5].Val7,1,1,15,Operation-specific auxiliary parameter. Position confirmed from decompiled client ExtData schema.,Inferred,
9038,ExtData[0].Val1,1,1,1,AbilitySourceType: 1=Cast.,Confirmed,
9038,ExtData[0].Val2,1,1,10,AbilityOperation: 10=RequirmentGroupCheck.,Confirmed,
9038,ExtData[0].Val3,1,1,1,AbilityCondition: 1=Equal.,Confirmed,
9038,ExtData[0].Val4,1,1,8,AbilityLogicOperator: 8=And.,Confirmed,
9038,ExtData[0].Val6,1,1,9036,Every distinct observed value in this field matches a known RequirementId row.,Inferred,Example requirement ids: 9036.
9038,ExtData[0].Val7,1,1,1,Operation-specific auxiliary parameter. Position confirmed from decompiled client ExtData schema.,Inferred,
9038,ExtData[1].Val1,1,1,1,AbilitySourceType: 1=Cast.,Confirmed,
9038,ExtData[1].Val2,1,1,10,AbilityOperation: 10=RequirmentGroupCheck.,Confirmed,
9038,ExtData[1].Val3,1,1,1,AbilityCondition: 1=Equal.,Confirmed,
9038,ExtData[1].Val6,1,1,9037,Every distinct observed value in this field matches a known RequirementId row.,Inferred,Example requirement ids: 9037.
9038,ExtData[1].Val7,1,1,1,Operation-specific auxiliary parameter. Position confirmed from decompiled client ExtData schema.,Inferred,
9039,ExtData[0].Val1,1,1,1,AbilitySourceType: 1=Cast.,Confirmed,
9039,ExtData[0].Val2,1,1,6,AbilityOperation: 6=BuffGroupCount.,Confirmed,
9039,ExtData[0].Val3,1,1,6,AbilityCondition: 6=LessThan.,Confirmed,
9039,ExtData[0].Val4,1,1,8,AbilityLogicOperator: 8=And.,Confirmed,
9039,ExtData[0].Val6,1,1,77,"Operation-specific reference value (RequirementId child link, ability ID, monster type, or other reference depending on AbilityOperation). Position confirmed from decompiled client ExtData schema.",Inferred,
9039,ExtData[1].Val1,1,1,1,AbilitySourceType: 1=Cast.,Confirmed,
9039,ExtData[1].Val2,1,1,6,AbilityOperation: 6=BuffGroupCount.,Confirmed,
9039,ExtData[1].Val3,1,1,1,AbilityCondition: 1=Equal.,Confirmed,
9039,ExtData[1].Val6,1,1,78,"Operation-specific reference value (RequirementId child link, ability ID, monster type, or other reference depending on AbilityOperation). Position confirmed from decompiled client ExtData schema.",Inferred,
9040,ExtData[0].Val1,1,1,1,AbilitySourceType: 1=Cast.,Confirmed,
9040,ExtData[0].Val2,1,1,6,AbilityOperation: 6=BuffGroupCount.,Confirmed,
9040,ExtData[0].Val3,1,1,6,AbilityCondition: 6=LessThan.,Confirmed,
9040,ExtData[0].Val6,1,1,78,"Operation-specific reference value (RequirementId child link, ability ID, monster type, or other reference depending on AbilityOperation). Position confirmed from decompiled client ExtData schema.",Inferred,
9041,ExtData[0].Val1,1,1,1,AbilitySourceType: 1=Cast.,Confirmed,
9041,ExtData[0].Val2,1,1,6,AbilityOperation: 6=BuffGroupCount.,Confirmed,
9041,ExtData[0].Val3,1,1,1,AbilityCondition: 1=Equal.,Confirmed,
9041,ExtData[0].Val4,1,1,8,AbilityLogicOperator: 8=And.,Confirmed,
9041,ExtData[0].Val6,1,1,77,"Operation-specific reference value (RequirementId child link, ability ID, monster type, or other reference depending on AbilityOperation). Position confirmed from decompiled client ExtData schema.",Inferred,
9041,ExtData[1].Val1,1,1,1,AbilitySourceType: 1=Cast.,Confirmed,
9041,ExtData[1].Val2,1,1,6,AbilityOperation: 6=BuffGroupCount.,Confirmed,
9041,ExtData[1].Val3,1,1,1,AbilityCondition: 1=Equal.,Confirmed,
9041,ExtData[1].Val6,1,1,78,"Operation-specific reference value (RequirementId child link, ability ID, monster type, or other reference depending on AbilityOperation). Position confirmed from decompiled client ExtData schema.",Inferred,
9042,ExtData[0].Val1,1,1,1,AbilitySourceType: 1=Cast.,Confirmed,
9042,ExtData[0].Val2,1,1,6,AbilityOperation: 6=BuffGroupCount.,Confirmed,
9042,ExtData[0].Val3,1,1,1,AbilityCondition: 1=Equal.,Confirmed,
9042,ExtData[0].Val4,1,1,8,AbilityLogicOperator: 8=And.,Confirmed,
9042,ExtData[0].Val6,1,1,79,"Operation-specific reference value (RequirementId child link, ability ID, monster type, or other reference depending on AbilityOperation). Position confirmed from decompiled client ExtData schema.",Inferred,
9043,ExtData[0].Val1,1,1,1,AbilitySourceType: 1=Cast.,Confirmed,
9043,ExtData[0].Val2,1,1,6,AbilityOperation: 6=BuffGroupCount.,Confirmed,
9043,ExtData[0].Val3,1,1,1,AbilityCondition: 1=Equal.,Confirmed,
9043,ExtData[0].Val4,1,1,8,AbilityLogicOperator: 8=And.,Confirmed,
9043,ExtData[0].Val6,1,1,70,"Operation-specific reference value (RequirementId child link, ability ID, monster type, or other reference depending on AbilityOperation). Position confirmed from decompiled client ExtData schema.",Inferred,
9043,ExtData[1].Val1,1,1,1,AbilitySourceType: 1=Cast.,Confirmed,
9043,ExtData[1].Val2,1,1,6,AbilityOperation: 6=BuffGroupCount.,Confirmed,
9043,ExtData[1].Val3,1,1,1,AbilityCondition: 1=Equal.,Confirmed,
9043,ExtData[1].Val6,1,1,76,"Operation-specific reference value (RequirementId child link, ability ID, monster type, or other reference depending on AbilityOperation). Position confirmed from decompiled client ExtData schema.",Inferred,
9044,ExtData[0].Val1,1,1,1,AbilitySourceType: 1=Cast.,Confirmed,
9044,ExtData[0].Val2,1,1,6,AbilityOperation: 6=BuffGroupCount.,Confirmed,
9044,ExtData[0].Val3,1,1,4,AbilityCondition: 4=LessThanEqual.,Confirmed,
9044,ExtData[0].Val4,1,1,8,AbilityLogicOperator: 8=And.,Confirmed,
9044,ExtData[0].Val6,1,1,70,"Operation-specific reference value (RequirementId child link, ability ID, monster type, or other reference depending on AbilityOperation). Position confirmed from decompiled client ExtData schema.",Inferred,
9044,ExtData[0].Val7,1,1,2,Operation-specific auxiliary parameter. Position confirmed from decompiled client ExtData schema.,Inferred,
9044,ExtData[1].Val1,1,1,1,AbilitySourceType: 1=Cast.,Confirmed,
9044,ExtData[1].Val2,1,1,6,AbilityOperation: 6=BuffGroupCount.,Confirmed,
9044,ExtData[1].Val3,1,1,1,AbilityCondition: 1=Equal.,Confirmed,
9044,ExtData[1].Val6,1,1,76,"Operation-specific reference value (RequirementId child link, ability ID, monster type, or other reference depending on AbilityOperation). Position confirmed from decompiled client ExtData schema.",Inferred,
9044,ExtData[1].Val7,1,1,1,Operation-specific auxiliary parameter. Position confirmed from decompiled client ExtData schema.,Inferred,
9045,ExtData[0].Val1,1,1,1,AbilitySourceType: 1=Cast.,Confirmed,
9045,ExtData[0].Val2,1,1,10,AbilityOperation: 10=RequirmentGroupCheck.,Confirmed,
9045,ExtData[0].Val3,1,1,1,AbilityCondition: 1=Equal.,Confirmed,
9045,ExtData[0].Val4,1,1,9,AbilityLogicOperator: 9=Or.,Confirmed,
9045,ExtData[0].Val6,1,1,9043,Every distinct observed value in this field matches a known RequirementId row.,Inferred,Example requirement ids: 9043.
9045,ExtData[0].Val7,1,1,1,Operation-specific auxiliary parameter. Position confirmed from decompiled client ExtData schema.,Inferred,
9045,ExtData[1].Val1,1,1,1,AbilitySourceType: 1=Cast.,Confirmed,
9045,ExtData[1].Val2,1,1,10,AbilityOperation: 10=RequirmentGroupCheck.,Confirmed,
9045,ExtData[1].Val3,1,1,1,AbilityCondition: 1=Equal.,Confirmed,
9045,ExtData[1].Val6,1,1,9044,Every distinct observed value in this field matches a known RequirementId row.,Inferred,Example requirement ids: 9044.
9045,ExtData[1].Val7,1,1,1,Operation-specific auxiliary parameter. Position confirmed from decompiled client ExtData schema.,Inferred,
9046,ExtData[0].Val1,1,1,1,AbilitySourceType: 1=Cast.,Confirmed,
9046,ExtData[0].Val2,1,1,4,AbilityOperation: 4=Range.,Confirmed,
9046,ExtData[0].Val3,1,1,4,AbilityCondition: 4=LessThanEqual.,Confirmed,
9046,ExtData[0].Val4,1,1,8,AbilityLogicOperator: 8=And.,Confirmed,
9046,ExtData[0].Val7,1,1,360,Operation-specific auxiliary parameter. Position confirmed from decompiled client ExtData schema.,Inferred,
9046,ExtData[1].Val1,1,1,1,AbilitySourceType: 1=Cast.,Confirmed,
9046,ExtData[1].Val2,1,1,1,AbilityOperation: 1=FriendlyTargeted.,Confirmed,
9046,ExtData[1].Val3,1,1,1,AbilityCondition: 1=Equal.,Confirmed,
9046,ExtData[1].Val4,1,1,8,AbilityLogicOperator: 8=And.,Confirmed,
9046,ExtData[1].Val7,1,1,1,Operation-specific auxiliary parameter. Position confirmed from decompiled client ExtData schema.,Inferred,
9047,ExtData[0].Val1,1,1,1,AbilitySourceType: 1=Cast.,Confirmed,
9047,ExtData[0].Val2,1,1,8,AbilityOperation: 8=GetGroupOnAbilityUsed.,Confirmed,
9047,ExtData[0].Val3,1,1,6,AbilityCondition: 6=LessThan.,Confirmed,
9047,ExtData[0].Val4,1,1,9,AbilityLogicOperator: 9=Or.,Confirmed,
9047,ExtData[0].Val6,1,1,17,"Operation-specific reference value (RequirementId child link, ability ID, monster type, or other reference depending on AbilityOperation). Position confirmed from decompiled client ExtData schema.",Inferred,
9047,ExtData[1].Val1,1,1,1,AbilitySourceType: 1=Cast.,Confirmed,
9047,ExtData[1].Val2,1,1,8,AbilityOperation: 8=GetGroupOnAbilityUsed.,Confirmed,
9047,ExtData[1].Val3,1,1,6,AbilityCondition: 6=LessThan.,Confirmed,
9047,ExtData[1].Val4,1,1,8,AbilityLogicOperator: 8=And.,Confirmed,
9047,ExtData[1].Val6,1,1,24,"Operation-specific reference value (RequirementId child link, ability ID, monster type, or other reference depending on AbilityOperation). Position confirmed from decompiled client ExtData schema.",Inferred,
9048,ExtData[0].Val1,1,1,1,AbilitySourceType: 1=Cast.,Confirmed,
9048,ExtData[0].Val2,1,1,3,AbilityOperation: 3=BuffGroupCounterSum.,Confirmed,
9048,ExtData[0].Val3,1,1,7,AbilityCondition: 7=GreaterThan.,Confirmed,
9048,ExtData[0].Val4,1,1,11,AbilityLogicOperator: 11=Unk11.,Confirmed,
9048,ExtData[0].Val6,1,1,81,"Operation-specific reference value (RequirementId child link, ability ID, monster type, or other reference depending on AbilityOperation). Position confirmed from decompiled client ExtData schema.",Inferred,
9048,ExtData[1].Val1,1,1,1,AbilitySourceType: 1=Cast.,Confirmed,
9048,ExtData[1].Val2,1,1,3,AbilityOperation: 3=BuffGroupCounterSum.,Confirmed,
9048,ExtData[1].Val3,1,1,7,AbilityCondition: 7=GreaterThan.,Confirmed,
9048,ExtData[1].Val6,1,1,83,"Operation-specific reference value (RequirementId child link, ability ID, monster type, or other reference depending on AbilityOperation). Position confirmed from decompiled client ExtData schema.",Inferred,
9049,ExtData[0].Val1,1,1,1,AbilitySourceType: 1=Cast.,Confirmed,
9049,ExtData[0].Val2,1,1,3,AbilityOperation: 3=BuffGroupCounterSum.,Confirmed,
9049,ExtData[0].Val3,1,1,7,AbilityCondition: 7=GreaterThan.,Confirmed,
9049,ExtData[0].Val4,1,1,11,AbilityLogicOperator: 11=Unk11.,Confirmed,
9049,ExtData[0].Val6,1,1,82,"Operation-specific reference value (RequirementId child link, ability ID, monster type, or other reference depending on AbilityOperation). Position confirmed from decompiled client ExtData schema.",Inferred,
9049,ExtData[1].Val1,1,1,1,AbilitySourceType: 1=Cast.,Confirmed,
9049,ExtData[1].Val2,1,1,3,AbilityOperation: 3=BuffGroupCounterSum.,Confirmed,
9049,ExtData[1].Val3,1,1,7,AbilityCondition: 7=GreaterThan.,Confirmed,
9049,ExtData[1].Val6,1,1,84,"Operation-specific reference value (RequirementId child link, ability ID, monster type, or other reference depending on AbilityOperation). Position confirmed from decompiled client ExtData schema.",Inferred,
9050,ExtData[0].Val1,1,1,1,AbilitySourceType: 1=Cast.,Confirmed,
9050,ExtData[0].Val2,1,1,3,AbilityOperation: 3=BuffGroupCounterSum.,Confirmed,
9050,ExtData[0].Val3,1,1,7,AbilityCondition: 7=GreaterThan.,Confirmed,
9050,ExtData[0].Val4,1,1,11,AbilityLogicOperator: 11=Unk11.,Confirmed,
9050,ExtData[0].Val6,1,1,81,"Operation-specific reference value (RequirementId child link, ability ID, monster type, or other reference depending on AbilityOperation). Position confirmed from decompiled client ExtData schema.",Inferred,
9050,ExtData[1].Val1,1,1,1,AbilitySourceType: 1=Cast.,Confirmed,
9050,ExtData[1].Val2,1,1,53,AbilityOperation: 53=Unk53.,Confirmed,
9050,ExtData[1].Val3,1,1,7,AbilityCondition: 7=GreaterThan.,Confirmed,
9050,ExtData[1].Val4,1,1,10,AbilityLogicOperator: 10=Unk10.,Confirmed,
9050,ExtData[1].Val6,1,1,77,"Operation-specific reference value (RequirementId child link, ability ID, monster type, or other reference depending on AbilityOperation). Position confirmed from decompiled client ExtData schema.",Inferred,
9050,ExtData[2].Val1,1,1,1,AbilitySourceType: 1=Cast.,Confirmed,
9050,ExtData[2].Val2,1,1,23,AbilityOperation: 23=RequirmentGroupCheck2.,Confirmed,
9050,ExtData[2].Val3,1,1,7,AbilityCondition: 7=GreaterThan.,Confirmed,
9050,ExtData[2].Val5,1,1,1,Operation-specific threshold or comparison value (semantics depend on AbilityOperation). Position confirmed from decompiled client ExtData schema.,Inferred,
9050,ExtData[2].Val6,1,1,9058,Every distinct observed value in this field matches a known RequirementId row.,Inferred,Example requirement ids: 9058.
9051,ExtData[0].Val1,1,1,1,AbilitySourceType: 1=Cast.,Confirmed,
9051,ExtData[0].Val2,1,1,3,AbilityOperation: 3=BuffGroupCounterSum.,Confirmed,
9051,ExtData[0].Val3,1,1,7,AbilityCondition: 7=GreaterThan.,Confirmed,
9051,ExtData[0].Val4,1,1,11,AbilityLogicOperator: 11=Unk11.,Confirmed,
9051,ExtData[0].Val6,1,1,82,"Operation-specific reference value (RequirementId child link, ability ID, monster type, or other reference depending on AbilityOperation). Position confirmed from decompiled client ExtData schema.",Inferred,
9051,ExtData[1].Val1,1,1,1,AbilitySourceType: 1=Cast.,Confirmed,
9051,ExtData[1].Val2,1,1,53,AbilityOperation: 53=Unk53.,Confirmed,
9051,ExtData[1].Val3,1,1,7,AbilityCondition: 7=GreaterThan.,Confirmed,
9051,ExtData[1].Val6,1,1,78,"Operation-specific reference value (RequirementId child link, ability ID, monster type, or other reference depending on AbilityOperation). Position confirmed from decompiled client ExtData schema.",Inferred,
9052,ExtData[0].Val1,1,1,1,AbilitySourceType: 1=Cast.,Confirmed,
9052,ExtData[0].Val2,1,1,6,AbilityOperation: 6=BuffGroupCount.,Confirmed,
9052,ExtData[0].Val3,1,1,6,AbilityCondition: 6=LessThan.,Confirmed,
9052,ExtData[0].Val4,1,1,8,AbilityLogicOperator: 8=And.,Confirmed,
9052,ExtData[0].Val6,1,1,88,"Operation-specific reference value (RequirementId child link, ability ID, monster type, or other reference depending on AbilityOperation). Position confirmed from decompiled client ExtData schema.",Inferred,
9052,ExtData[1].Val1,1,1,1,AbilitySourceType: 1=Cast.,Confirmed,
9052,ExtData[1].Val2,1,1,3,AbilityOperation: 3=BuffGroupCounterSum.,Confirmed,
9052,ExtData[1].Val3,1,1,3,AbilityCondition: 3=Unk3.,Confirmed,
9052,ExtData[1].Val6,1,1,59,"Operation-specific reference value (RequirementId child link, ability ID, monster type, or other reference depending on AbilityOperation). Position confirmed from decompiled client ExtData schema.",Inferred,
9052,ExtData[1].Val7,1,1,15,Operation-specific auxiliary parameter. Position confirmed from decompiled client ExtData schema.,Inferred,
9053,ExtData[0].Val1,1,1,1,AbilitySourceType: 1=Cast.,Confirmed,
9053,ExtData[0].Val2,1,1,6,AbilityOperation: 6=BuffGroupCount.,Confirmed,
9053,ExtData[0].Val3,1,1,5,AbilityCondition: 5=GreaterThanEqual.,Confirmed,
9053,ExtData[0].Val4,1,1,8,AbilityLogicOperator: 8=And.,Confirmed,
9053,ExtData[0].Val6,1,1,50,"Operation-specific reference value (RequirementId child link, ability ID, monster type, or other reference depending on AbilityOperation). Position confirmed from decompiled client ExtData schema.",Inferred,
9053,ExtData[0].Val7,1,1,1,Operation-specific auxiliary parameter. Position confirmed from decompiled client ExtData schema.,Inferred,
9053,ExtData[1].Val1,1,1,1,AbilitySourceType: 1=Cast.,Confirmed,
9053,ExtData[1].Val2,1,1,26,AbilityOperation: 26=ApPercent.,Confirmed,
9053,ExtData[1].Val3,1,1,3,AbilityCondition: 3=Unk3.,Confirmed,
9053,ExtData[1].Val7,1,1,100,Operation-specific auxiliary parameter. Position confirmed from decompiled client ExtData schema.,Inferred,
9054,ExtData[0].Val1,1,1,1,AbilitySourceType: 1=Cast.,Confirmed,
9054,ExtData[0].Val2,1,1,58,AbilityOperation: 58=Unk58.,Confirmed,
9054,ExtData[0].Val3,1,1,1,AbilityCondition: 1=Equal.,Confirmed,
9054,ExtData[0].Val4,1,1,8,AbilityLogicOperator: 8=And.,Confirmed,
9054,ExtData[0].Val6,1,1,9804,"Operation-specific reference value (RequirementId child link, ability ID, monster type, or other reference depending on AbilityOperation). Position confirmed from decompiled client ExtData schema.",Inferred,
9054,ExtData[1].Val1,1,1,1,AbilitySourceType: 1=Cast.,Confirmed,
9054,ExtData[1].Val2,1,1,58,AbilityOperation: 58=Unk58.,Confirmed,
9054,ExtData[1].Val3,1,1,1,AbilityCondition: 1=Equal.,Confirmed,
9054,ExtData[1].Val4,1,1,8,AbilityLogicOperator: 8=And.,Confirmed,
9054,ExtData[1].Val6,1,1,9805,"Operation-specific reference value (RequirementId child link, ability ID, monster type, or other reference depending on AbilityOperation). Position confirmed from decompiled client ExtData schema.",Inferred,
9054,ExtData[2].Val1,1,1,1,AbilitySourceType: 1=Cast.,Confirmed,
9054,ExtData[2].Val2,1,1,58,AbilityOperation: 58=Unk58.,Confirmed,
9054,ExtData[2].Val3,1,1,1,AbilityCondition: 1=Equal.,Confirmed,
9054,ExtData[2].Val4,1,1,8,AbilityLogicOperator: 8=And.,Confirmed,
9054,ExtData[2].Val6,1,1,9806,"Operation-specific reference value (RequirementId child link, ability ID, monster type, or other reference depending on AbilityOperation). Position confirmed from decompiled client ExtData schema.",Inferred,
9054,ExtData[3].Val1,1,1,1,AbilitySourceType: 1=Cast.,Confirmed,
9054,ExtData[3].Val2,1,1,58,AbilityOperation: 58=Unk58.,Confirmed,
9054,ExtData[3].Val3,1,1,1,AbilityCondition: 1=Equal.,Confirmed,
9054,ExtData[3].Val6,1,1,9807,"Operation-specific reference value (RequirementId child link, ability ID, monster type, or other reference depending on AbilityOperation). Position confirmed from decompiled client ExtData schema.",Inferred,
9054,ExtData[5].Val1,1,1,1,AbilitySourceType: 1=Cast.,Confirmed,
9054,ExtData[5].Val2,1,1,58,AbilityOperation: 58=Unk58.,Confirmed,
9054,ExtData[5].Val3,1,1,1,AbilityCondition: 1=Equal.,Confirmed,
9054,ExtData[5].Val6,1,1,9807,"Operation-specific reference value (RequirementId child link, ability ID, monster type, or other reference depending on AbilityOperation). Position confirmed from decompiled client ExtData schema.",Inferred,
9055,ExtData[0].Val1,1,1,1,AbilitySourceType: 1=Cast.,Confirmed,
9055,ExtData[0].Val2,1,1,58,AbilityOperation: 58=Unk58.,Confirmed,
9055,ExtData[0].Val3,1,1,1,AbilityCondition: 1=Equal.,Confirmed,
9055,ExtData[0].Val4,1,1,8,AbilityLogicOperator: 8=And.,Confirmed,
9055,ExtData[0].Val6,1,1,9808,"Operation-specific reference value (RequirementId child link, ability ID, monster type, or other reference depending on AbilityOperation). Position confirmed from decompiled client ExtData schema.",Inferred,
9055,ExtData[1].Val1,1,1,1,AbilitySourceType: 1=Cast.,Confirmed,
9055,ExtData[1].Val2,1,1,58,AbilityOperation: 58=Unk58.,Confirmed,
9055,ExtData[1].Val3,1,1,1,AbilityCondition: 1=Equal.,Confirmed,
9055,ExtData[1].Val4,1,1,8,AbilityLogicOperator: 8=And.,Confirmed,
9055,ExtData[1].Val6,1,1,9809,"Operation-specific reference value (RequirementId child link, ability ID, monster type, or other reference depending on AbilityOperation). Position confirmed from decompiled client ExtData schema.",Inferred,
9055,ExtData[2].Val1,1,1,1,AbilitySourceType: 1=Cast.,Confirmed,
9055,ExtData[2].Val2,1,1,10,AbilityOperation: 10=RequirmentGroupCheck.,Confirmed,
9055,ExtData[2].Val3,1,1,1,AbilityCondition: 1=Equal.,Confirmed,
9055,ExtData[2].Val6,1,1,9054,Every distinct observed value in this field matches a known RequirementId row.,Inferred,Example requirement ids: 9054.
9056,ExtData[0].Val1,1,1,1,AbilitySourceType: 1=Cast.,Confirmed,
9056,ExtData[0].Val2,1,1,58,AbilityOperation: 58=Unk58.,Confirmed,
9056,ExtData[0].Val3,1,1,1,AbilityCondition: 1=Equal.,Confirmed,
9056,ExtData[0].Val4,1,1,8,AbilityLogicOperator: 8=And.,Confirmed,
9056,ExtData[0].Val6,1,1,9810,"Operation-specific reference value (RequirementId child link, ability ID, monster type, or other reference depending on AbilityOperation). Position confirmed from decompiled client ExtData schema.",Inferred,
9056,ExtData[1].Val1,1,1,1,AbilitySourceType: 1=Cast.,Confirmed,
9056,ExtData[1].Val2,1,1,58,AbilityOperation: 58=Unk58.,Confirmed,
9056,ExtData[1].Val3,1,1,1,AbilityCondition: 1=Equal.,Confirmed,
9056,ExtData[1].Val4,1,1,8,AbilityLogicOperator: 8=And.,Confirmed,
9056,ExtData[1].Val6,1,1,9811,"Operation-specific reference value (RequirementId child link, ability ID, monster type, or other reference depending on AbilityOperation). Position confirmed from decompiled client ExtData schema.",Inferred,
9056,ExtData[2].Val1,1,1,1,AbilitySourceType: 1=Cast.,Confirmed,
9056,ExtData[2].Val2,1,1,58,AbilityOperation: 58=Unk58.,Confirmed,
9056,ExtData[2].Val3,1,1,1,AbilityCondition: 1=Equal.,Confirmed,
9056,ExtData[2].Val6,1,1,9812,"Operation-specific reference value (RequirementId child link, ability ID, monster type, or other reference depending on AbilityOperation). Position confirmed from decompiled client ExtData schema.",Inferred,
9057,ExtData[0].Val1,1,1,1,AbilitySourceType: 1=Cast.,Confirmed,
9057,ExtData[0].Val2,1,1,8,AbilityOperation: 8=GetGroupOnAbilityUsed.,Confirmed,
9057,ExtData[0].Val3,1,1,6,AbilityCondition: 6=LessThan.,Confirmed,
9057,ExtData[0].Val4,1,1,8,AbilityLogicOperator: 8=And.,Confirmed,
9057,ExtData[0].Val6,1,1,106,"Operation-specific reference value (RequirementId child link, ability ID, monster type, or other reference depending on AbilityOperation). Position confirmed from decompiled client ExtData schema.",Inferred,
9057,ExtData[1].Val1,1,1,1,AbilitySourceType: 1=Cast.,Confirmed,
9057,ExtData[1].Val2,1,1,11,AbilityOperation: 11=TargetActivatedComponent.,Confirmed,
9057,ExtData[1].Val3,1,1,1,AbilityCondition: 1=Equal.,Confirmed,
9057,ExtData[1].Val5,1,1,3,Operation-specific threshold or comparison value (semantics depend on AbilityOperation). Position confirmed from decompiled client ExtData schema.,Inferred,
9057,ExtData[1].Val7,1,1,1,Operation-specific auxiliary parameter. Position confirmed from decompiled client ExtData schema.,Inferred,
9058,ExtData[0].Val1,1,1,1,AbilitySourceType: 1=Cast.,Confirmed,
9058,ExtData[0].Val2,1,1,8,AbilityOperation: 8=GetGroupOnAbilityUsed.,Confirmed,
9058,ExtData[0].Val3,1,1,6,AbilityCondition: 6=LessThan.,Confirmed,
9058,ExtData[0].Val4,1,1,8,AbilityLogicOperator: 8=And.,Confirmed,
9058,ExtData[0].Val6,1,1,77,"Operation-specific reference value (RequirementId child link, ability ID, monster type, or other reference depending on AbilityOperation). Position confirmed from decompiled client ExtData schema.",Inferred,
9058,ExtData[1].Val1,1,1,1,AbilitySourceType: 1=Cast.,Confirmed,
9058,ExtData[1].Val2,1,1,11,AbilityOperation: 11=TargetActivatedComponent.,Confirmed,
9058,ExtData[1].Val3,1,1,6,AbilityCondition: 6=LessThan.,Confirmed,
9058,ExtData[1].Val5,1,1,3,Operation-specific threshold or comparison value (semantics depend on AbilityOperation). Position confirmed from decompiled client ExtData schema.,Inferred,
9058,ExtData[1].Val9,1,1,1,Binary flag byte. Position confirmed from decompiled client ExtData schema.,Inferred,
9059,ExtData[0].Val1,1,1,1,AbilitySourceType: 1=Cast.,Confirmed,
9059,ExtData[0].Val2,1,1,3,AbilityOperation: 3=BuffGroupCounterSum.,Confirmed,
9059,ExtData[0].Val3,1,1,7,AbilityCondition: 7=GreaterThan.,Confirmed,
9059,ExtData[0].Val4,1,1,11,AbilityLogicOperator: 11=Unk11.,Confirmed,
9059,ExtData[0].Val6,1,1,105,"Operation-specific reference value (RequirementId child link, ability ID, monster type, or other reference depending on AbilityOperation). Position confirmed from decompiled client ExtData schema.",Inferred,
9059,ExtData[1].Val1,1,1,1,AbilitySourceType: 1=Cast.,Confirmed,
9059,ExtData[1].Val2,1,1,53,AbilityOperation: 53=Unk53.,Confirmed,
9059,ExtData[1].Val3,1,1,7,AbilityCondition: 7=GreaterThan.,Confirmed,
9059,ExtData[1].Val6,1,1,107,"Operation-specific reference value (RequirementId child link, ability ID, monster type, or other reference depending on AbilityOperation). Position confirmed from decompiled client ExtData schema.",Inferred,
9060,ExtData[0].Val1,1,1,1,AbilitySourceType: 1=Cast.,Confirmed,
9060,ExtData[0].Val2,1,1,8,AbilityOperation: 8=GetGroupOnAbilityUsed.,Confirmed,
9060,ExtData[0].Val3,1,1,6,AbilityCondition: 6=LessThan.,Confirmed,
9060,ExtData[0].Val4,1,1,8,AbilityLogicOperator: 8=And.,Confirmed,
9060,ExtData[0].Val6,1,1,107,"Operation-specific reference value (RequirementId child link, ability ID, monster type, or other reference depending on AbilityOperation). Position confirmed from decompiled client ExtData schema.",Inferred,
9060,ExtData[1].Val1,1,1,1,AbilitySourceType: 1=Cast.,Confirmed,
9060,ExtData[1].Val2,1,1,11,AbilityOperation: 11=TargetActivatedComponent.,Confirmed,
9060,ExtData[1].Val3,1,1,1,AbilityCondition: 1=Equal.,Confirmed,
9060,ExtData[1].Val5,1,1,3,Operation-specific threshold or comparison value (semantics depend on AbilityOperation). Position confirmed from decompiled client ExtData schema.,Inferred,
9060,ExtData[1].Val7,1,1,1,Operation-specific auxiliary parameter. Position confirmed from decompiled client ExtData schema.,Inferred,
9061,ExtData[0].Val1,1,1,1,AbilitySourceType: 1=Cast.,Confirmed,
9061,ExtData[0].Val2,1,1,6,AbilityOperation: 6=BuffGroupCount.,Confirmed,
9061,ExtData[0].Val3,1,1,5,AbilityCondition: 5=GreaterThanEqual.,Confirmed,
9061,ExtData[0].Val6,1,1,107,"Operation-specific reference value (RequirementId child link, ability ID, monster type, or other reference depending on AbilityOperation). Position confirmed from decompiled client ExtData schema.",Inferred,
9061,ExtData[0].Val7,1,1,2,Operation-specific auxiliary parameter. Position confirmed from decompiled client ExtData schema.,Inferred,
9062,ExtData[0].Val1,1,1,1,AbilitySourceType: 1=Cast.,Confirmed,
9062,ExtData[0].Val2,1,1,23,AbilityOperation: 23=RequirmentGroupCheck2.,Confirmed,
9062,ExtData[0].Val3,1,1,1,AbilityCondition: 1=Equal.,Confirmed,
9062,ExtData[0].Val4,1,1,8,AbilityLogicOperator: 8=And.,Confirmed,
9062,ExtData[0].Val6,1,1,9060,Every distinct observed value in this field matches a known RequirementId row.,Inferred,Example requirement ids: 9060.
9062,ExtData[1].Val1,1,1,1,AbilitySourceType: 1=Cast.,Confirmed,
9062,ExtData[1].Val2,1,1,10,AbilityOperation: 10=RequirmentGroupCheck.,Confirmed,
9062,ExtData[1].Val3,1,1,1,AbilityCondition: 1=Equal.,Confirmed,
9062,ExtData[1].Val6,1,1,9061,Every distinct observed value in this field matches a known RequirementId row.,Inferred,Example requirement ids: 9061.
9063,ExtData[0].Val1,1,1,1,AbilitySourceType: 1=Cast.,Confirmed,
9063,ExtData[0].Val2,1,1,6,AbilityOperation: 6=BuffGroupCount.,Confirmed,
9063,ExtData[0].Val3,1,1,5,AbilityCondition: 5=GreaterThanEqual.,Confirmed,
9063,ExtData[0].Val6,1,1,61,"Operation-specific reference value (RequirementId child link, ability ID, monster type, or other reference depending on AbilityOperation). Position confirmed from decompiled client ExtData schema.",Inferred,
9063,ExtData[0].Val7,1,1,1,Operation-specific auxiliary parameter. Position confirmed from decompiled client ExtData schema.,Inferred,
9064,ExtData[0].Val1,1,1,1,AbilitySourceType: 1=Cast.,Confirmed,
9064,ExtData[0].Val2,1,1,6,AbilityOperation: 6=BuffGroupCount.,Confirmed,
9064,ExtData[0].Val3,1,1,5,AbilityCondition: 5=GreaterThanEqual.,Confirmed,
9064,ExtData[0].Val6,1,1,61,"Operation-specific reference value (RequirementId child link, ability ID, monster type, or other reference depending on AbilityOperation). Position confirmed from decompiled client ExtData schema.",Inferred,
9064,ExtData[0].Val7,1,1,2,Operation-specific auxiliary parameter. Position confirmed from decompiled client ExtData schema.,Inferred,
9065,ExtData[0].Val1,1,1,1,AbilitySourceType: 1=Cast.,Confirmed,
9065,ExtData[0].Val2,1,1,8,AbilityOperation: 8=GetGroupOnAbilityUsed.,Confirmed,
9065,ExtData[0].Val3,1,1,6,AbilityCondition: 6=LessThan.,Confirmed,
9065,ExtData[0].Val4,1,1,8,AbilityLogicOperator: 8=And.,Confirmed,
9065,ExtData[0].Val6,1,1,1020,"Operation-specific reference value (RequirementId child link, ability ID, monster type, or other reference depending on AbilityOperation). Position confirmed from decompiled client ExtData schema.",Inferred,
9065,ExtData[1].Val1,1,1,1,AbilitySourceType: 1=Cast.,Confirmed,
9065,ExtData[1].Val2,1,1,11,AbilityOperation: 11=TargetActivatedComponent.,Confirmed,
9065,ExtData[1].Val3,1,1,6,AbilityCondition: 6=LessThan.,Confirmed,
9065,ExtData[1].Val5,1,1,3,Operation-specific threshold or comparison value (semantics depend on AbilityOperation). Position confirmed from decompiled client ExtData schema.,Inferred,
9066,ExtData[0].Val1,1,1,1,AbilitySourceType: 1=Cast.,Confirmed,
9066,ExtData[0].Val2,1,1,82,AbilityOperation: 82=LastAbilityResult.,Confirmed,
9066,ExtData[0].Val3,1,1,6,AbilityCondition: 6=LessThan.,Confirmed,
9067,ExtData[0].Val1,1,1,1,AbilitySourceType: 1=Cast.,Confirmed,
9067,ExtData[0].Val2,1,1,3,AbilityOperation: 3=BuffGroupCounterSum.,Confirmed,
9067,ExtData[0].Val3,1,1,7,AbilityCondition: 7=GreaterThan.,Confirmed,
9067,ExtData[0].Val4,1,1,11,AbilityLogicOperator: 11=Unk11.,Confirmed,
9067,ExtData[0].Val6,1,1,143,"Operation-specific reference value (RequirementId child link, ability ID, monster type, or other reference depending on AbilityOperation). Position confirmed from decompiled client ExtData schema.",Inferred,
9067,ExtData[1].Val1,1,1,1,AbilitySourceType: 1=Cast.,Confirmed,
9067,ExtData[1].Val2,1,1,3,AbilityOperation: 3=BuffGroupCounterSum.,Confirmed,
9067,ExtData[1].Val3,1,1,7,AbilityCondition: 7=GreaterThan.,Confirmed,
9067,ExtData[1].Val6,1,1,144,"Operation-specific reference value (RequirementId child link, ability ID, monster type, or other reference depending on AbilityOperation). Position confirmed from decompiled client ExtData schema.",Inferred,
9068,ExtData[0].Val1,1,1,1,AbilitySourceType: 1=Cast.,Confirmed,
9068,ExtData[0].Val2,1,1,3,AbilityOperation: 3=BuffGroupCounterSum.,Confirmed,
9068,ExtData[0].Val3,1,1,7,AbilityCondition: 7=GreaterThan.,Confirmed,
9068,ExtData[0].Val4,1,1,11,AbilityLogicOperator: 11=Unk11.,Confirmed,
9068,ExtData[0].Val6,1,1,142,"Operation-specific reference value (RequirementId child link, ability ID, monster type, or other reference depending on AbilityOperation). Position confirmed from decompiled client ExtData schema.",Inferred,
9068,ExtData[1].Val1,1,1,1,AbilitySourceType: 1=Cast.,Confirmed,
9068,ExtData[1].Val2,1,1,53,AbilityOperation: 53=Unk53.,Confirmed,
9068,ExtData[1].Val3,1,1,7,AbilityCondition: 7=GreaterThan.,Confirmed,
9068,ExtData[1].Val4,1,1,10,AbilityLogicOperator: 10=Unk10.,Confirmed,
9068,ExtData[1].Val6,1,1,77,"Operation-specific reference value (RequirementId child link, ability ID, monster type, or other reference depending on AbilityOperation). Position confirmed from decompiled client ExtData schema.",Inferred,
9068,ExtData[2].Val1,1,1,1,AbilitySourceType: 1=Cast.,Confirmed,
9068,ExtData[2].Val2,1,1,10,AbilityOperation: 10=RequirmentGroupCheck.,Confirmed,
9068,ExtData[2].Val3,1,1,6,AbilityCondition: 6=LessThan.,Confirmed,
9068,ExtData[2].Val5,1,1,1,Operation-specific threshold or comparison value (semantics depend on AbilityOperation). Position confirmed from decompiled client ExtData schema.,Inferred,
9068,ExtData[2].Val6,1,1,9069,Every distinct observed value in this field matches a known RequirementId row.,Inferred,Example requirement ids: 9069.
9069,ExtData[0].Val1,1,1,1,AbilitySourceType: 1=Cast.,Confirmed,
9069,ExtData[0].Val2,1,1,10,AbilityOperation: 10=RequirmentGroupCheck.,Confirmed,
9069,ExtData[0].Val3,1,1,6,AbilityCondition: 6=LessThan.,Confirmed,
9069,ExtData[0].Val4,1,1,9,AbilityLogicOperator: 9=Or.,Confirmed,
9069,ExtData[0].Val6,1,1,9070,Every distinct observed value in this field matches a known RequirementId row.,Inferred,Example requirement ids: 9070.
9069,ExtData[1].Val1,1,1,1,AbilitySourceType: 1=Cast.,Confirmed,
9069,ExtData[1].Val2,1,1,10,AbilityOperation: 10=RequirmentGroupCheck.,Confirmed,
9069,ExtData[1].Val3,1,1,6,AbilityCondition: 6=LessThan.,Confirmed,
9069,ExtData[1].Val4,1,1,9,AbilityLogicOperator: 9=Or.,Confirmed,
9069,ExtData[1].Val6,1,1,9071,Every distinct observed value in this field matches a known RequirementId row.,Inferred,Example requirement ids: 9071.
9069,ExtData[2].Val1,1,1,1,AbilitySourceType: 1=Cast.,Confirmed,
9069,ExtData[2].Val2,1,1,10,AbilityOperation: 10=RequirmentGroupCheck.,Confirmed,
9069,ExtData[2].Val3,1,1,6,AbilityCondition: 6=LessThan.,Confirmed,
9069,ExtData[2].Val4,1,1,9,AbilityLogicOperator: 9=Or.,Confirmed,
9069,ExtData[2].Val6,1,1,9072,Every distinct observed value in this field matches a known RequirementId row.,Inferred,Example requirement ids: 9072.
9069,ExtData[3].Val1,1,1,1,AbilitySourceType: 1=Cast.,Confirmed,
9069,ExtData[3].Val2,1,1,10,AbilityOperation: 10=RequirmentGroupCheck.,Confirmed,
9069,ExtData[3].Val3,1,1,6,AbilityCondition: 6=LessThan.,Confirmed,
9069,ExtData[3].Val4,1,1,9,AbilityLogicOperator: 9=Or.,Confirmed,
9069,ExtData[3].Val6,1,1,9073,Every distinct observed value in this field matches a known RequirementId row.,Inferred,Example requirement ids: 9073.
9069,ExtData[4].Val1,1,1,1,AbilitySourceType: 1=Cast.,Confirmed,
9069,ExtData[4].Val2,1,1,10,AbilityOperation: 10=RequirmentGroupCheck.,Confirmed,
9069,ExtData[4].Val3,1,1,6,AbilityCondition: 6=LessThan.,Confirmed,
9069,ExtData[4].Val6,1,1,9084,Every distinct observed value in this field matches a known RequirementId row.,Inferred,Example requirement ids: 9084.
9069,ExtData[5].Val1,1,1,1,AbilitySourceType: 1=Cast.,Confirmed,
9069,ExtData[5].Val2,1,1,10,AbilityOperation: 10=RequirmentGroupCheck.,Confirmed,
9069,ExtData[5].Val3,1,1,6,AbilityCondition: 6=LessThan.,Confirmed,
9069,ExtData[5].Val4,1,1,9,AbilityLogicOperator: 9=Or.,Confirmed,
9069,ExtData[5].Val6,1,1,9073,Every distinct observed value in this field matches a known RequirementId row.,Inferred,Example requirement ids: 9073.
9070,ExtData[0].Val1,1,1,1,AbilitySourceType: 1=Cast.,Confirmed,
9070,ExtData[0].Val2,1,1,8,AbilityOperation: 8=GetGroupOnAbilityUsed.,Confirmed,
9070,ExtData[0].Val3,1,1,6,AbilityCondition: 6=LessThan.,Confirmed,
9070,ExtData[0].Val4,1,1,8,AbilityLogicOperator: 8=And.,Confirmed,
9070,ExtData[0].Val6,1,1,150,"Operation-specific reference value (RequirementId child link, ability ID, monster type, or other reference depending on AbilityOperation). Position confirmed from decompiled client ExtData schema.",Inferred,
9070,ExtData[1].Val1,1,1,1,AbilitySourceType: 1=Cast.,Confirmed,
9070,ExtData[1].Val2,1,1,6,AbilityOperation: 6=BuffGroupCount.,Confirmed,
9070,ExtData[1].Val3,1,1,6,AbilityCondition: 6=LessThan.,Confirmed,
9070,ExtData[1].Val5,1,1,1,Operation-specific threshold or comparison value (semantics depend on AbilityOperation). Position confirmed from decompiled client ExtData schema.,Inferred,
9070,ExtData[1].Val6,1,1,150,"Operation-specific reference value (RequirementId child link, ability ID, monster type, or other reference depending on AbilityOperation). Position confirmed from decompiled client ExtData schema.",Inferred,
9071,ExtData[0].Val1,1,1,1,AbilitySourceType: 1=Cast.,Confirmed,
9071,ExtData[0].Val2,1,1,8,AbilityOperation: 8=GetGroupOnAbilityUsed.,Confirmed,
9071,ExtData[0].Val3,1,1,6,AbilityCondition: 6=LessThan.,Confirmed,
9071,ExtData[0].Val4,1,1,8,AbilityLogicOperator: 8=And.,Confirmed,
9071,ExtData[0].Val6,1,1,151,"Operation-specific reference value (RequirementId child link, ability ID, monster type, or other reference depending on AbilityOperation). Position confirmed from decompiled client ExtData schema.",Inferred,
9071,ExtData[1].Val1,1,1,1,AbilitySourceType: 1=Cast.,Confirmed,
9071,ExtData[1].Val2,1,1,6,AbilityOperation: 6=BuffGroupCount.,Confirmed,
9071,ExtData[1].Val3,1,1,6,AbilityCondition: 6=LessThan.,Confirmed,
9071,ExtData[1].Val5,1,1,1,Operation-specific threshold or comparison value (semantics depend on AbilityOperation). Position confirmed from decompiled client ExtData schema.,Inferred,
9071,ExtData[1].Val6,1,1,151,"Operation-specific reference value (RequirementId child link, ability ID, monster type, or other reference depending on AbilityOperation). Position confirmed from decompiled client ExtData schema.",Inferred,
9072,ExtData[0].Val1,1,1,1,AbilitySourceType: 1=Cast.,Confirmed,
9072,ExtData[0].Val2,1,1,8,AbilityOperation: 8=GetGroupOnAbilityUsed.,Confirmed,
9072,ExtData[0].Val3,1,1,6,AbilityCondition: 6=LessThan.,Confirmed,
9072,ExtData[0].Val4,1,1,8,AbilityLogicOperator: 8=And.,Confirmed,
9072,ExtData[0].Val6,1,1,152,"Operation-specific reference value (RequirementId child link, ability ID, monster type, or other reference depending on AbilityOperation). Position confirmed from decompiled client ExtData schema.",Inferred,
9072,ExtData[1].Val1,1,1,1,AbilitySourceType: 1=Cast.,Confirmed,
9072,ExtData[1].Val2,1,1,6,AbilityOperation: 6=BuffGroupCount.,Confirmed,
9072,ExtData[1].Val3,1,1,6,AbilityCondition: 6=LessThan.,Confirmed,
9072,ExtData[1].Val5,1,1,1,Operation-specific threshold or comparison value (semantics depend on AbilityOperation). Position confirmed from decompiled client ExtData schema.,Inferred,
9072,ExtData[1].Val6,1,1,152,"Operation-specific reference value (RequirementId child link, ability ID, monster type, or other reference depending on AbilityOperation). Position confirmed from decompiled client ExtData schema.",Inferred,
9073,ExtData[0].Val1,1,1,1,AbilitySourceType: 1=Cast.,Confirmed,
9073,ExtData[0].Val2,1,1,8,AbilityOperation: 8=GetGroupOnAbilityUsed.,Confirmed,
9073,ExtData[0].Val3,1,1,6,AbilityCondition: 6=LessThan.,Confirmed,
9073,ExtData[0].Val4,1,1,8,AbilityLogicOperator: 8=And.,Confirmed,
9073,ExtData[0].Val6,1,1,153,"Operation-specific reference value (RequirementId child link, ability ID, monster type, or other reference depending on AbilityOperation). Position confirmed from decompiled client ExtData schema.",Inferred,
9073,ExtData[1].Val1,1,1,1,AbilitySourceType: 1=Cast.,Confirmed,
9073,ExtData[1].Val2,1,1,6,AbilityOperation: 6=BuffGroupCount.,Confirmed,
9073,ExtData[1].Val3,1,1,6,AbilityCondition: 6=LessThan.,Confirmed,
9073,ExtData[1].Val5,1,1,1,Operation-specific threshold or comparison value (semantics depend on AbilityOperation). Position confirmed from decompiled client ExtData schema.,Inferred,
9073,ExtData[1].Val6,1,1,153,"Operation-specific reference value (RequirementId child link, ability ID, monster type, or other reference depending on AbilityOperation). Position confirmed from decompiled client ExtData schema.",Inferred,
9074,ExtData[0].Val1,1,1,1,AbilitySourceType: 1=Cast.,Confirmed,
9074,ExtData[0].Val2,1,1,6,AbilityOperation: 6=BuffGroupCount.,Confirmed,
9074,ExtData[0].Val3,1,1,3,AbilityCondition: 3=Unk3.,Confirmed,
9074,ExtData[0].Val4,1,1,9,AbilityLogicOperator: 9=Or.,Confirmed,
9074,ExtData[0].Val5,1,1,1,Operation-specific threshold or comparison value (semantics depend on AbilityOperation). Position confirmed from decompiled client ExtData schema.,Inferred,
9074,ExtData[0].Val6,1,1,154,"Operation-specific reference value (RequirementId child link, ability ID, monster type, or other reference depending on AbilityOperation). Position confirmed from decompiled client ExtData schema.",Inferred,
9074,ExtData[0].Val7,1,1,2,Operation-specific auxiliary parameter. Position confirmed from decompiled client ExtData schema.,Inferred,
9074,ExtData[1].Val1,1,1,1,AbilitySourceType: 1=Cast.,Confirmed,
9074,ExtData[1].Val2,1,1,10,AbilityOperation: 10=RequirmentGroupCheck.,Confirmed,
9074,ExtData[1].Val3,1,1,6,AbilityCondition: 6=LessThan.,Confirmed,
9074,ExtData[1].Val5,1,1,1,Operation-specific threshold or comparison value (semantics depend on AbilityOperation). Position confirmed from decompiled client ExtData schema.,Inferred,
9074,ExtData[1].Val6,1,1,9069,Every distinct observed value in this field matches a known RequirementId row.,Inferred,Example requirement ids: 9069.
9075,ExtData[0].Val1,1,1,1,AbilitySourceType: 1=Cast.,Confirmed,
9075,ExtData[0].Val2,1,1,10,AbilityOperation: 10=RequirmentGroupCheck.,Confirmed,
9075,ExtData[0].Val3,1,1,6,AbilityCondition: 6=LessThan.,Confirmed,
9075,ExtData[0].Val4,1,1,8,AbilityLogicOperator: 8=And.,Confirmed,
9075,ExtData[0].Val6,1,1,9074,Every distinct observed value in this field matches a known RequirementId row.,Inferred,Example requirement ids: 9074.
9075,ExtData[1].Val1,1,1,1,AbilitySourceType: 1=Cast.,Confirmed,
9075,ExtData[1].Val2,1,1,10,AbilityOperation: 10=RequirmentGroupCheck.,Confirmed,
9075,ExtData[1].Val3,1,1,5,AbilityCondition: 5=GreaterThanEqual.,Confirmed,
9075,ExtData[1].Val6,1,1,9068,Every distinct observed value in this field matches a known RequirementId row.,Inferred,Example requirement ids: 9068.
9075,ExtData[1].Val7,1,1,1,Operation-specific auxiliary parameter. Position confirmed from decompiled client ExtData schema.,Inferred,
9076,ExtData[0].Val1,1,1,1,AbilitySourceType: 1=Cast.,Confirmed,
9076,ExtData[0].Val2,1,1,82,AbilityOperation: 82=LastAbilityResult.,Confirmed,
9076,ExtData[0].Val3,1,1,6,AbilityCondition: 6=LessThan.,Confirmed,
9076,ExtData[0].Val6,1,1,2,"Operation-specific reference value (RequirementId child link, ability ID, monster type, or other reference depending on AbilityOperation). Position confirmed from decompiled client ExtData schema.",Inferred,
9077,ExtData[0].Val1,1,1,1,AbilitySourceType: 1=Cast.,Confirmed,
9077,ExtData[0].Val2,1,1,8,AbilityOperation: 8=GetGroupOnAbilityUsed.,Confirmed,
9077,ExtData[0].Val3,1,1,6,AbilityCondition: 6=LessThan.,Confirmed,
9077,ExtData[0].Val4,1,1,8,AbilityLogicOperator: 8=And.,Confirmed,
9077,ExtData[0].Val6,1,1,149,"Operation-specific reference value (RequirementId child link, ability ID, monster type, or other reference depending on AbilityOperation). Position confirmed from decompiled client ExtData schema.",Inferred,
9077,ExtData[1].Val1,1,1,1,AbilitySourceType: 1=Cast.,Confirmed,
9077,ExtData[1].Val2,1,1,11,AbilityOperation: 11=TargetActivatedComponent.,Confirmed,
9077,ExtData[1].Val3,1,1,1,AbilityCondition: 1=Equal.,Confirmed,
9077,ExtData[1].Val5,1,1,3,Operation-specific threshold or comparison value (semantics depend on AbilityOperation). Position confirmed from decompiled client ExtData schema.,Inferred,
9077,ExtData[1].Val7,1,1,1,Operation-specific auxiliary parameter. Position confirmed from decompiled client ExtData schema.,Inferred,
9078,ExtData[0].Val1,1,1,1,AbilitySourceType: 1=Cast.,Confirmed,
9078,ExtData[0].Val2,1,1,3,AbilityOperation: 3=BuffGroupCounterSum.,Confirmed,
9078,ExtData[0].Val3,1,1,7,AbilityCondition: 7=GreaterThan.,Confirmed,
9078,ExtData[0].Val4,1,1,11,AbilityLogicOperator: 11=Unk11.,Confirmed,
9078,ExtData[0].Val6,1,1,157,"Operation-specific reference value (RequirementId child link, ability ID, monster type, or other reference depending on AbilityOperation). Position confirmed from decompiled client ExtData schema.",Inferred,
9078,ExtData[1].Val1,1,1,1,AbilitySourceType: 1=Cast.,Confirmed,
9078,ExtData[1].Val2,1,1,53,AbilityOperation: 53=Unk53.,Confirmed,
9078,ExtData[1].Val3,1,1,7,AbilityCondition: 7=GreaterThan.,Confirmed,
9078,ExtData[1].Val4,1,1,10,AbilityLogicOperator: 10=Unk10.,Confirmed,
9078,ExtData[1].Val6,1,1,158,"Operation-specific reference value (RequirementId child link, ability ID, monster type, or other reference depending on AbilityOperation). Position confirmed from decompiled client ExtData schema.",Inferred,
9078,ExtData[2].Val1,1,1,1,AbilitySourceType: 1=Cast.,Confirmed,
9078,ExtData[2].Val2,1,1,23,AbilityOperation: 23=RequirmentGroupCheck2.,Confirmed,
9078,ExtData[2].Val3,1,1,7,AbilityCondition: 7=GreaterThan.,Confirmed,
9078,ExtData[2].Val5,1,1,1,Operation-specific threshold or comparison value (semantics depend on AbilityOperation). Position confirmed from decompiled client ExtData schema.,Inferred,
9078,ExtData[2].Val6,1,1,9079,Every distinct observed value in this field matches a known RequirementId row.,Inferred,Example requirement ids: 9079.
9079,ExtData[0].Val1,1,1,1,AbilitySourceType: 1=Cast.,Confirmed,
9079,ExtData[0].Val2,1,1,8,AbilityOperation: 8=GetGroupOnAbilityUsed.,Confirmed,
9079,ExtData[0].Val3,1,1,6,AbilityCondition: 6=LessThan.,Confirmed,
9079,ExtData[0].Val4,1,1,8,AbilityLogicOperator: 8=And.,Confirmed,
9079,ExtData[0].Val6,1,1,158,"Operation-specific reference value (RequirementId child link, ability ID, monster type, or other reference depending on AbilityOperation). Position confirmed from decompiled client ExtData schema.",Inferred,
9079,ExtData[1].Val1,1,1,1,AbilitySourceType: 1=Cast.,Confirmed,
9079,ExtData[1].Val2,1,1,11,AbilityOperation: 11=TargetActivatedComponent.,Confirmed,
9079,ExtData[1].Val3,1,1,1,AbilityCondition: 1=Equal.,Confirmed,
9079,ExtData[1].Val5,1,1,3,Operation-specific threshold or comparison value (semantics depend on AbilityOperation). Position confirmed from decompiled client ExtData schema.,Inferred,
9079,ExtData[1].Val7,1,1,1,Operation-specific auxiliary parameter. Position confirmed from decompiled client ExtData schema.,Inferred,
9080,ExtData[0].Val1,1,1,1,AbilitySourceType: 1=Cast.,Confirmed,
9080,ExtData[0].Val2,1,1,6,AbilityOperation: 6=BuffGroupCount.,Confirmed,
9080,ExtData[0].Val3,1,1,1,AbilityCondition: 1=Equal.,Confirmed,
9080,ExtData[0].Val4,1,1,8,AbilityLogicOperator: 8=And.,Confirmed,
9080,ExtData[0].Val6,1,1,79,"Operation-specific reference value (RequirementId child link, ability ID, monster type, or other reference depending on AbilityOperation). Position confirmed from decompiled client ExtData schema.",Inferred,
9080,ExtData[1].Val1,1,1,1,AbilitySourceType: 1=Cast.,Confirmed,
9080,ExtData[1].Val2,1,1,6,AbilityOperation: 6=BuffGroupCount.,Confirmed,
9080,ExtData[1].Val3,1,1,1,AbilityCondition: 1=Equal.,Confirmed,
9080,ExtData[1].Val6,1,1,161,"Operation-specific reference value (RequirementId child link, ability ID, monster type, or other reference depending on AbilityOperation). Position confirmed from decompiled client ExtData schema.",Inferred,
9081,ExtData[0].Val1,1,1,1,AbilitySourceType: 1=Cast.,Confirmed,
9081,ExtData[0].Val2,1,1,6,AbilityOperation: 6=BuffGroupCount.,Confirmed,
9081,ExtData[0].Val3,1,1,4,AbilityCondition: 4=LessThanEqual.,Confirmed,
9081,ExtData[0].Val4,1,1,8,AbilityLogicOperator: 8=And.,Confirmed,
9081,ExtData[0].Val6,1,1,79,"Operation-specific reference value (RequirementId child link, ability ID, monster type, or other reference depending on AbilityOperation). Position confirmed from decompiled client ExtData schema.",Inferred,
9081,ExtData[0].Val7,1,1,1,Operation-specific auxiliary parameter. Position confirmed from decompiled client ExtData schema.,Inferred,
9081,ExtData[1].Val1,1,1,1,AbilitySourceType: 1=Cast.,Confirmed,
9081,ExtData[1].Val2,1,1,6,AbilityOperation: 6=BuffGroupCount.,Confirmed,
9081,ExtData[1].Val3,1,1,6,AbilityCondition: 6=LessThan.,Confirmed,
9081,ExtData[1].Val6,1,1,161,"Operation-specific reference value (RequirementId child link, ability ID, monster type, or other reference depending on AbilityOperation). Position confirmed from decompiled client ExtData schema.",Inferred,
9082,ExtData[0].Val1,1,1,1,AbilitySourceType: 1=Cast.,Confirmed,
9082,ExtData[0].Val2,1,1,10,AbilityOperation: 10=RequirmentGroupCheck.,Confirmed,
9082,ExtData[0].Val3,1,1,1,AbilityCondition: 1=Equal.,Confirmed,
9082,ExtData[0].Val4,1,1,9,AbilityLogicOperator: 9=Or.,Confirmed,
9082,ExtData[0].Val6,1,1,9080,Every distinct observed value in this field matches a known RequirementId row.,Inferred,Example requirement ids: 9080.
9082,ExtData[0].Val7,1,1,1,Operation-specific auxiliary parameter. Position confirmed from decompiled client ExtData schema.,Inferred,
9082,ExtData[1].Val1,1,1,1,AbilitySourceType: 1=Cast.,Confirmed,
9082,ExtData[1].Val2,1,1,10,AbilityOperation: 10=RequirmentGroupCheck.,Confirmed,
9082,ExtData[1].Val3,1,1,1,AbilityCondition: 1=Equal.,Confirmed,
9082,ExtData[1].Val6,1,1,9081,Every distinct observed value in this field matches a known RequirementId row.,Inferred,Example requirement ids: 9081.
9082,ExtData[1].Val7,1,1,1,Operation-specific auxiliary parameter. Position confirmed from decompiled client ExtData schema.,Inferred,
9083,ExtData[0].Val1,1,1,1,AbilitySourceType: 1=Cast.,Confirmed,
9083,ExtData[0].Val2,1,1,75,AbilityOperation: 75=Finisher.,Confirmed,
9083,ExtData[0].Val3,1,1,1,AbilityCondition: 1=Equal.,Confirmed,
9083,ExtData[0].Val4,1,1,8,AbilityLogicOperator: 8=And.,Confirmed,
9083,ExtData[0].Val7,1,1,1,Operation-specific auxiliary parameter. Position confirmed from decompiled client ExtData schema.,Inferred,
9084,ExtData[0].Val1,1,1,1,AbilitySourceType: 1=Cast.,Confirmed,
9084,ExtData[0].Val2,1,1,8,AbilityOperation: 8=GetGroupOnAbilityUsed.,Confirmed,
9084,ExtData[0].Val3,1,1,6,AbilityCondition: 6=LessThan.,Confirmed,
9084,ExtData[0].Val4,1,1,8,AbilityLogicOperator: 8=And.,Confirmed,
9084,ExtData[0].Val6,1,1,163,"Operation-specific reference value (RequirementId child link, ability ID, monster type, or other reference depending on AbilityOperation). Position confirmed from decompiled client ExtData schema.",Inferred,
9084,ExtData[1].Val1,1,1,1,AbilitySourceType: 1=Cast.,Confirmed,
9084,ExtData[1].Val2,1,1,6,AbilityOperation: 6=BuffGroupCount.,Confirmed,
9084,ExtData[1].Val3,1,1,6,AbilityCondition: 6=LessThan.,Confirmed,
9084,ExtData[1].Val5,1,1,1,Operation-specific threshold or comparison value (semantics depend on AbilityOperation). Position confirmed from decompiled client ExtData schema.,Inferred,
9084,ExtData[1].Val6,1,1,163,"Operation-specific reference value (RequirementId child link, ability ID, monster type, or other reference depending on AbilityOperation). Position confirmed from decompiled client ExtData schema.",Inferred,
9085,ExtData[0].Val1,1,1,1,AbilitySourceType: 1=Cast.,Confirmed,
9085,ExtData[0].Val2,1,1,82,AbilityOperation: 82=LastAbilityResult.,Confirmed,
9085,ExtData[0].Val3,1,1,6,AbilityCondition: 6=LessThan.,Confirmed,
9085,ExtData[0].Val6,1,1,6,"Operation-specific reference value (RequirementId child link, ability ID, monster type, or other reference depending on AbilityOperation). Position confirmed from decompiled client ExtData schema.",Inferred,
9086,ExtData[0].Val1,1,1,1,AbilitySourceType: 1=Cast.,Confirmed,
9086,ExtData[0].Val2,1,1,8,AbilityOperation: 8=GetGroupOnAbilityUsed.,Confirmed,
9086,ExtData[0].Val3,1,1,1,AbilityCondition: 1=Equal.,Confirmed,
9086,ExtData[0].Val4,1,1,9,AbilityLogicOperator: 9=Or.,Confirmed,
9086,ExtData[0].Val6,1,1,28,"Operation-specific reference value (RequirementId child link, ability ID, monster type, or other reference depending on AbilityOperation). Position confirmed from decompiled client ExtData schema.",Inferred,
9086,ExtData[0].Val7,1,1,1,Operation-specific auxiliary parameter. Position confirmed from decompiled client ExtData schema.,Inferred,
9086,ExtData[1].Val1,1,1,1,AbilitySourceType: 1=Cast.,Confirmed,
9086,ExtData[1].Val2,1,1,8,AbilityOperation: 8=GetGroupOnAbilityUsed.,Confirmed,
9086,ExtData[1].Val3,1,1,1,AbilityCondition: 1=Equal.,Confirmed,
9086,ExtData[1].Val6,1,1,31,"Operation-specific reference value (RequirementId child link, ability ID, monster type, or other reference depending on AbilityOperation). Position confirmed from decompiled client ExtData schema.",Inferred,
9086,ExtData[1].Val7,1,1,1,Operation-specific auxiliary parameter. Position confirmed from decompiled client ExtData schema.,Inferred,
9087,ExtData[0].Val1,1,1,1,AbilitySourceType: 1=Cast.,Confirmed,
9087,ExtData[0].Val2,1,1,23,AbilityOperation: 23=RequirmentGroupCheck2.,Confirmed,
9087,ExtData[0].Val3,1,1,6,AbilityCondition: 6=LessThan.,Confirmed,
9087,ExtData[0].Val4,1,1,8,AbilityLogicOperator: 8=And.,Confirmed,
9087,ExtData[0].Val6,1,1,9077,Every distinct observed value in this field matches a known RequirementId row.,Inferred,Example requirement ids: 9077.
9088,ExtData[0].Val1,1,1,1,AbilitySourceType: 1=Cast.,Confirmed,
9088,ExtData[0].Val2,1,1,6,AbilityOperation: 6=BuffGroupCount.,Confirmed,
9088,ExtData[0].Val3,1,1,1,AbilityCondition: 1=Equal.,Confirmed,
9088,ExtData[0].Val4,1,1,8,AbilityLogicOperator: 8=And.,Confirmed,
9088,ExtData[0].Val6,1,1,114,"Operation-specific reference value (RequirementId child link, ability ID, monster type, or other reference depending on AbilityOperation). Position confirmed from decompiled client ExtData schema.",Inferred,
9089,ExtData[0].Val1,1,1,1,AbilitySourceType: 1=Cast.,Confirmed,
9089,ExtData[0].Val2,1,1,16,AbilityOperation: 16=MonsterType.,Confirmed,
9089,ExtData[0].Val3,1,1,1,AbilityCondition: 1=Equal.,Confirmed,
9089,ExtData[0].Val4,1,1,9,AbilityLogicOperator: 9=Or.,Confirmed,
9089,ExtData[0].Val7,1,1,900,Operation-specific auxiliary parameter. Position confirmed from decompiled client ExtData schema.,Inferred,
9089,ExtData[1].Val1,1,1,1,AbilitySourceType: 1=Cast.,Confirmed,
9089,ExtData[1].Val2,1,1,16,AbilityOperation: 16=MonsterType.,Confirmed,
9089,ExtData[1].Val3,1,1,1,AbilityCondition: 1=Equal.,Confirmed,
9089,ExtData[1].Val4,1,1,9,AbilityLogicOperator: 9=Or.,Confirmed,
9089,ExtData[1].Val7,1,1,2000,Operation-specific auxiliary parameter. Position confirmed from decompiled client ExtData schema.,Inferred,
9089,ExtData[2].Val1,1,1,1,AbilitySourceType: 1=Cast.,Confirmed,
9089,ExtData[2].Val2,1,1,19,AbilityOperation: 19=TargetRace.,Confirmed,
9089,ExtData[2].Val3,1,1,1,AbilityCondition: 1=Equal.,Confirmed,
9089,ExtData[2].Val4,1,1,9,AbilityLogicOperator: 9=Or.,Confirmed,
9089,ExtData[2].Val7,1,1,7,Operation-specific auxiliary parameter. Position confirmed from decompiled client ExtData schema.,Inferred,
9090,ExtData[0].Val1,1,1,1,AbilitySourceType: 1=Cast.,Confirmed,
9090,ExtData[0].Val2,1,1,8,AbilityOperation: 8=GetGroupOnAbilityUsed.,Confirmed,
9090,ExtData[0].Val3,1,1,1,AbilityCondition: 1=Equal.,Confirmed,
9090,ExtData[0].Val4,1,1,9,AbilityLogicOperator: 9=Or.,Confirmed,
9090,ExtData[0].Val6,1,1,21,"Operation-specific reference value (RequirementId child link, ability ID, monster type, or other reference depending on AbilityOperation). Position confirmed from decompiled client ExtData schema.",Inferred,
9090,ExtData[0].Val7,1,1,1,Operation-specific auxiliary parameter. Position confirmed from decompiled client ExtData schema.,Inferred,
9090,ExtData[0].Val9,1,1,1,Binary flag byte. Position confirmed from decompiled client ExtData schema.,Inferred,
9090,ExtData[1].Val1,1,1,1,AbilitySourceType: 1=Cast.,Confirmed,
9090,ExtData[1].Val2,1,1,8,AbilityOperation: 8=GetGroupOnAbilityUsed.,Confirmed,
9090,ExtData[1].Val3,1,1,1,AbilityCondition: 1=Equal.,Confirmed,
9090,ExtData[1].Val4,1,1,9,AbilityLogicOperator: 9=Or.,Confirmed,
9090,ExtData[1].Val6,1,1,23,"Operation-specific reference value (RequirementId child link, ability ID, monster type, or other reference depending on AbilityOperation). Position confirmed from decompiled client ExtData schema.",Inferred,
9090,ExtData[1].Val7,1,1,1,Operation-specific auxiliary parameter. Position confirmed from decompiled client ExtData schema.,Inferred,
9090,ExtData[1].Val9,1,1,1,Binary flag byte. Position confirmed from decompiled client ExtData schema.,Inferred,
9090,ExtData[2].Val1,1,1,1,AbilitySourceType: 1=Cast.,Confirmed,
9090,ExtData[2].Val2,1,1,8,AbilityOperation: 8=GetGroupOnAbilityUsed.,Confirmed,
9090,ExtData[2].Val3,1,1,1,AbilityCondition: 1=Equal.,Confirmed,
9090,ExtData[2].Val4,1,1,9,AbilityLogicOperator: 9=Or.,Confirmed,
9090,ExtData[2].Val6,1,1,27,"Operation-specific reference value (RequirementId child link, ability ID, monster type, or other reference depending on AbilityOperation). Position confirmed from decompiled client ExtData schema.",Inferred,
9090,ExtData[2].Val7,1,1,1,Operation-specific auxiliary parameter. Position confirmed from decompiled client ExtData schema.,Inferred,
9090,ExtData[2].Val9,1,1,1,Binary flag byte. Position confirmed from decompiled client ExtData schema.,Inferred,
9090,ExtData[3].Val1,1,1,1,AbilitySourceType: 1=Cast.,Confirmed,
9090,ExtData[3].Val2,1,1,8,AbilityOperation: 8=GetGroupOnAbilityUsed.,Confirmed,
9090,ExtData[3].Val3,1,1,1,AbilityCondition: 1=Equal.,Confirmed,
9090,ExtData[3].Val6,1,1,44,"Operation-specific reference value (RequirementId child link, ability ID, monster type, or other reference depending on AbilityOperation). Position confirmed from decompiled client ExtData schema.",Inferred,
9090,ExtData[3].Val7,1,1,1,Operation-specific auxiliary parameter. Position confirmed from decompiled client ExtData schema.,Inferred,
9090,ExtData[3].Val9,1,1,1,Binary flag byte. Position confirmed from decompiled client ExtData schema.,Inferred,
9090,ExtData[5].Val1,1,1,1,AbilitySourceType: 1=Cast.,Confirmed,
9090,ExtData[5].Val2,1,1,8,AbilityOperation: 8=GetGroupOnAbilityUsed.,Confirmed,
9090,ExtData[5].Val3,1,1,1,AbilityCondition: 1=Equal.,Confirmed,
9090,ExtData[5].Val6,1,1,44,"Operation-specific reference value (RequirementId child link, ability ID, monster type, or other reference depending on AbilityOperation). Position confirmed from decompiled client ExtData schema.",Inferred,
9090,ExtData[5].Val7,1,1,1,Operation-specific auxiliary parameter. Position confirmed from decompiled client ExtData schema.,Inferred,
9090,ExtData[5].Val9,1,1,1,Binary flag byte. Position confirmed from decompiled client ExtData schema.,Inferred,
9091,ExtData[0].Val1,1,1,1,AbilitySourceType: 1=Cast.,Confirmed,
9091,ExtData[0].Val2,1,1,6,AbilityOperation: 6=BuffGroupCount.,Confirmed,
9091,ExtData[0].Val3,1,1,1,AbilityCondition: 1=Equal.,Confirmed,
9091,ExtData[0].Val4,1,1,8,AbilityLogicOperator: 8=And.,Confirmed,
9091,ExtData[0].Val6,1,1,708,"Operation-specific reference value (RequirementId child link, ability ID, monster type, or other reference depending on AbilityOperation). Position confirmed from decompiled client ExtData schema.",Inferred,
9092,ExtData[0].Val1,1,1,1,AbilitySourceType: 1=Cast.,Confirmed,
9092,ExtData[0].Val2,1,1,6,AbilityOperation: 6=BuffGroupCount.,Confirmed,
9092,ExtData[0].Val3,1,1,1,AbilityCondition: 1=Equal.,Confirmed,
9092,ExtData[0].Val4,1,1,8,AbilityLogicOperator: 8=And.,Confirmed,
9092,ExtData[0].Val6,1,1,48,"Operation-specific reference value (RequirementId child link, ability ID, monster type, or other reference depending on AbilityOperation). Position confirmed from decompiled client ExtData schema.",Inferred,
9093,ExtData[0].Val1,1,1,1,AbilitySourceType: 1=Cast.,Confirmed,
9093,ExtData[0].Val2,1,1,6,AbilityOperation: 6=BuffGroupCount.,Confirmed,
9093,ExtData[0].Val3,1,1,1,AbilityCondition: 1=Equal.,Confirmed,
9093,ExtData[0].Val4,1,1,8,AbilityLogicOperator: 8=And.,Confirmed,
9093,ExtData[0].Val6,1,1,1016,"Operation-specific reference value (RequirementId child link, ability ID, monster type, or other reference depending on AbilityOperation). Position confirmed from decompiled client ExtData schema.",Inferred,
9094,ExtData[0].Val1,1,1,1,AbilitySourceType: 1=Cast.,Confirmed,
9094,ExtData[0].Val2,1,1,6,AbilityOperation: 6=BuffGroupCount.,Confirmed,
9094,ExtData[0].Val3,1,1,1,AbilityCondition: 1=Equal.,Confirmed,
9094,ExtData[0].Val4,1,1,8,AbilityLogicOperator: 8=And.,Confirmed,
9094,ExtData[0].Val6,1,1,48,"Operation-specific reference value (RequirementId child link, ability ID, monster type, or other reference depending on AbilityOperation). Position confirmed from decompiled client ExtData schema.",Inferred,
9094,ExtData[1].Val1,1,1,1,AbilitySourceType: 1=Cast.,Confirmed,
9094,ExtData[1].Val2,1,1,6,AbilityOperation: 6=BuffGroupCount.,Confirmed,
9094,ExtData[1].Val3,1,1,1,AbilityCondition: 1=Equal.,Confirmed,
9094,ExtData[1].Val6,1,1,1018,"Operation-specific reference value (RequirementId child link, ability ID, monster type, or other reference depending on AbilityOperation). Position confirmed from decompiled client ExtData schema.",Inferred,
9095,ExtData[0].Val1,1,1,1,AbilitySourceType: 1=Cast.,Confirmed,
9095,ExtData[0].Val2,1,1,6,AbilityOperation: 6=BuffGroupCount.,Confirmed,
9095,ExtData[0].Val3,1,1,1,AbilityCondition: 1=Equal.,Confirmed,
9095,ExtData[0].Val4,1,1,8,AbilityLogicOperator: 8=And.,Confirmed,
9095,ExtData[0].Val6,1,1,48,"Operation-specific reference value (RequirementId child link, ability ID, monster type, or other reference depending on AbilityOperation). Position confirmed from decompiled client ExtData schema.",Inferred,
9096,ExtData[0].Val1,1,1,1,AbilitySourceType: 1=Cast.,Confirmed,
9096,ExtData[0].Val2,1,1,6,AbilityOperation: 6=BuffGroupCount.,Confirmed,
9096,ExtData[0].Val3,1,1,1,AbilityCondition: 1=Equal.,Confirmed,
9096,ExtData[0].Val4,1,1,8,AbilityLogicOperator: 8=And.,Confirmed,
9096,ExtData[0].Val6,1,1,48,"Operation-specific reference value (RequirementId child link, ability ID, monster type, or other reference depending on AbilityOperation). Position confirmed from decompiled client ExtData schema.",Inferred,
9097,ExtData[0].Val1,1,1,1,AbilitySourceType: 1=Cast.,Confirmed,
9097,ExtData[0].Val2,1,1,20,AbilityOperation: 20=TargetInSameGroup.,Confirmed,
9097,ExtData[0].Val3,1,1,1,AbilityCondition: 1=Equal.,Confirmed,
9097,ExtData[0].Val4,1,1,9,AbilityLogicOperator: 9=Or.,Confirmed,
9097,ExtData[0].Val7,1,1,1,Operation-specific auxiliary parameter. Position confirmed from decompiled client ExtData schema.,Inferred,
9097,ExtData[1].Val1,1,1,1,AbilitySourceType: 1=Cast.,Confirmed,
9097,ExtData[1].Val2,1,1,11,AbilityOperation: 11=TargetActivatedComponent.,Confirmed,
9097,ExtData[1].Val3,1,1,1,AbilityCondition: 1=Equal.,Confirmed,
9097,ExtData[1].Val7,1,1,1,Operation-specific auxiliary parameter. Position confirmed from decompiled client ExtData schema.,Inferred,
9098,ExtData[0].Val1,1,1,1,AbilitySourceType: 1=Cast.,Confirmed,
9098,ExtData[0].Val2,1,1,2,AbilityOperation: 2=EnemyTargeted.,Confirmed,
9098,ExtData[0].Val3,1,1,1,AbilityCondition: 1=Equal.,Confirmed,
9098,ExtData[0].Val4,1,1,9,AbilityLogicOperator: 9=Or.,Confirmed,
9098,ExtData[0].Val7,1,1,1,Operation-specific auxiliary parameter. Position confirmed from decompiled client ExtData schema.,Inferred,
9098,ExtData[1].Val1,1,1,1,AbilitySourceType: 1=Cast.,Confirmed,
9098,ExtData[1].Val2,1,1,11,AbilityOperation: 11=TargetActivatedComponent.,Confirmed,
9098,ExtData[1].Val3,1,1,1,AbilityCondition: 1=Equal.,Confirmed,
9098,ExtData[1].Val5,1,1,3,Operation-specific threshold or comparison value (semantics depend on AbilityOperation). Position confirmed from decompiled client ExtData schema.,Inferred,
9098,ExtData[1].Val7,1,1,1,Operation-specific auxiliary parameter. Position confirmed from decompiled client ExtData schema.,Inferred,
9099,ExtData[0].Val1,1,1,1,AbilitySourceType: 1=Cast.,Confirmed,
9099,ExtData[0].Val2,1,1,20,AbilityOperation: 20=TargetInSameGroup.,Confirmed,
9099,ExtData[0].Val3,1,1,1,AbilityCondition: 1=Equal.,Confirmed,
9099,ExtData[0].Val4,1,1,8,AbilityLogicOperator: 8=And.,Confirmed,
9099,ExtData[0].Val7,1,1,1,Operation-specific auxiliary parameter. Position confirmed from decompiled client ExtData schema.,Inferred,
9099,ExtData[1].Val1,1,1,1,AbilitySourceType: 1=Cast.,Confirmed,
9099,ExtData[1].Val2,1,1,11,AbilityOperation: 11=TargetActivatedComponent.,Confirmed,
9099,ExtData[1].Val3,1,1,6,AbilityCondition: 6=LessThan.,Confirmed,
9099,ExtData[1].Val5,1,1,3,Operation-specific threshold or comparison value (semantics depend on AbilityOperation). Position confirmed from decompiled client ExtData schema.,Inferred,
9099,ExtData[1].Val7,1,1,1,Operation-specific auxiliary parameter. Position confirmed from decompiled client ExtData schema.,Inferred,
9100,ExtData[0].Val1,1,1,1,AbilitySourceType: 1=Cast.,Confirmed,
9100,ExtData[0].Val2,1,1,14,AbilityOperation: 14=TargetCheck.,Confirmed,
9100,ExtData[0].Val3,1,1,1,AbilityCondition: 1=Equal.,Confirmed,
9100,ExtData[0].Val4,1,1,9,AbilityLogicOperator: 9=Or.,Confirmed,
9100,ExtData[0].Val7,1,1,1,Operation-specific auxiliary parameter. Position confirmed from decompiled client ExtData schema.,Inferred,
9100,ExtData[1].Val1,1,1,1,AbilitySourceType: 1=Cast.,Confirmed,
9100,ExtData[1].Val2,1,1,81,AbilityOperation: 81=Unk81.,Confirmed,
9100,ExtData[1].Val3,1,1,1,AbilityCondition: 1=Equal.,Confirmed,
9100,ExtData[1].Val4,1,1,9,AbilityLogicOperator: 9=Or.,Confirmed,
9100,ExtData[1].Val7,1,1,1,Operation-specific auxiliary parameter. Position confirmed from decompiled client ExtData schema.,Inferred,
9100,ExtData[2].Val1,1,1,1,AbilitySourceType: 1=Cast.,Confirmed,
9100,ExtData[2].Val2,1,1,16,AbilityOperation: 16=MonsterType.,Confirmed,
9100,ExtData[2].Val3,1,1,1,AbilityCondition: 1=Equal.,Confirmed,
9100,ExtData[2].Val6,1,1,908,"Operation-specific reference value (RequirementId child link, ability ID, monster type, or other reference depending on AbilityOperation). Position confirmed from decompiled client ExtData schema.",Inferred,
9100,ExtData[2].Val7,1,1,1,Operation-specific auxiliary parameter. Position confirmed from decompiled client ExtData schema.,Inferred,
9101,ExtData[0].Val1,1,1,1,AbilitySourceType: 1=Cast.,Confirmed,
9101,ExtData[0].Val2,1,1,14,AbilityOperation: 14=TargetCheck.,Confirmed,
9101,ExtData[0].Val3,1,1,1,AbilityCondition: 1=Equal.,Confirmed,
9101,ExtData[0].Val4,1,1,8,AbilityLogicOperator: 8=And.,Confirmed,
9101,ExtData[0].Val7,1,1,1,Operation-specific auxiliary parameter. Position confirmed from decompiled client ExtData schema.,Inferred,
9101,ExtData[0].Val9,1,1,1,Binary flag byte. Position confirmed from decompiled client ExtData schema.,Inferred,
9102,ExtData[0].Val1,1,1,1,AbilitySourceType: 1=Cast.,Confirmed,
9102,ExtData[0].Val2,1,1,8,AbilityOperation: 8=GetGroupOnAbilityUsed.,Confirmed,
9102,ExtData[0].Val3,1,1,6,AbilityCondition: 6=LessThan.,Confirmed,
9102,ExtData[0].Val4,1,1,8,AbilityLogicOperator: 8=And.,Confirmed,
9102,ExtData[0].Val6,1,1,242,"Operation-specific reference value (RequirementId child link, ability ID, monster type, or other reference depending on AbilityOperation). Position confirmed from decompiled client ExtData schema.",Inferred,
9102,ExtData[1].Val1,1,1,1,AbilitySourceType: 1=Cast.,Confirmed,
9102,ExtData[1].Val2,1,1,11,AbilityOperation: 11=TargetActivatedComponent.,Confirmed,
9102,ExtData[1].Val3,1,1,1,AbilityCondition: 1=Equal.,Confirmed,
9102,ExtData[1].Val5,1,1,3,Operation-specific threshold or comparison value (semantics depend on AbilityOperation). Position confirmed from decompiled client ExtData schema.,Inferred,
9102,ExtData[1].Val7,1,1,1,Operation-specific auxiliary parameter. Position confirmed from decompiled client ExtData schema.,Inferred,
9103,ExtData[0].Val1,1,1,1,AbilitySourceType: 1=Cast.,Confirmed,
9103,ExtData[0].Val2,1,1,8,AbilityOperation: 8=GetGroupOnAbilityUsed.,Confirmed,
9103,ExtData[0].Val3,1,1,6,AbilityCondition: 6=LessThan.,Confirmed,
9103,ExtData[0].Val4,1,1,9,AbilityLogicOperator: 9=Or.,Confirmed,
9103,ExtData[0].Val6,1,1,25,"Operation-specific reference value (RequirementId child link, ability ID, monster type, or other reference depending on AbilityOperation). Position confirmed from decompiled client ExtData schema.",Inferred,
9103,ExtData[1].Val1,1,1,1,AbilitySourceType: 1=Cast.,Confirmed,
9103,ExtData[1].Val2,1,1,8,AbilityOperation: 8=GetGroupOnAbilityUsed.,Confirmed,
9103,ExtData[1].Val3,1,1,6,AbilityCondition: 6=LessThan.,Confirmed,
9103,ExtData[1].Val4,1,1,9,AbilityLogicOperator: 9=Or.,Confirmed,
9103,ExtData[1].Val6,1,1,16,"Operation-specific reference value (RequirementId child link, ability ID, monster type, or other reference depending on AbilityOperation). Position confirmed from decompiled client ExtData schema.",Inferred,
9103,ExtData[2].Val1,1,1,1,AbilitySourceType: 1=Cast.,Confirmed,
9103,ExtData[2].Val2,1,1,8,AbilityOperation: 8=GetGroupOnAbilityUsed.,Confirmed,
9103,ExtData[2].Val3,1,1,6,AbilityCondition: 6=LessThan.,Confirmed,
9103,ExtData[2].Val4,1,1,9,AbilityLogicOperator: 9=Or.,Confirmed,
9103,ExtData[2].Val6,1,1,19,"Operation-specific reference value (RequirementId child link, ability ID, monster type, or other reference depending on AbilityOperation). Position confirmed from decompiled client ExtData schema.",Inferred,
9103,ExtData[3].Val1,1,1,1,AbilitySourceType: 1=Cast.,Confirmed,
9103,ExtData[3].Val2,1,1,8,AbilityOperation: 8=GetGroupOnAbilityUsed.,Confirmed,
9103,ExtData[3].Val3,1,1,6,AbilityCondition: 6=LessThan.,Confirmed,
9103,ExtData[3].Val4,1,1,9,AbilityLogicOperator: 9=Or.,Confirmed,
9103,ExtData[3].Val6,1,1,17,"Operation-specific reference value (RequirementId child link, ability ID, monster type, or other reference depending on AbilityOperation). Position confirmed from decompiled client ExtData schema.",Inferred,
9103,ExtData[4].Val1,1,1,1,AbilitySourceType: 1=Cast.,Confirmed,
9103,ExtData[4].Val2,1,1,8,AbilityOperation: 8=GetGroupOnAbilityUsed.,Confirmed,
9103,ExtData[4].Val3,1,1,6,AbilityCondition: 6=LessThan.,Confirmed,
9103,ExtData[4].Val6,1,1,24,"Operation-specific reference value (RequirementId child link, ability ID, monster type, or other reference depending on AbilityOperation). Position confirmed from decompiled client ExtData schema.",Inferred,
9103,ExtData[5].Val1,1,1,1,AbilitySourceType: 1=Cast.,Confirmed,
9103,ExtData[5].Val2,1,1,8,AbilityOperation: 8=GetGroupOnAbilityUsed.,Confirmed,
9103,ExtData[5].Val3,1,1,6,AbilityCondition: 6=LessThan.,Confirmed,
9103,ExtData[5].Val4,1,1,9,AbilityLogicOperator: 9=Or.,Confirmed,
9103,ExtData[5].Val6,1,1,17,"Operation-specific reference value (RequirementId child link, ability ID, monster type, or other reference depending on AbilityOperation). Position confirmed from decompiled client ExtData schema.",Inferred,
9104,ExtData[0].Val1,1,1,1,AbilitySourceType: 1=Cast.,Confirmed,
9104,ExtData[0].Val2,1,1,13,AbilityOperation: 13=SpellConvention.,Confirmed,
9104,ExtData[0].Val3,1,1,1,AbilityCondition: 1=Equal.,Confirmed,
9104,ExtData[0].Val4,1,1,9,AbilityLogicOperator: 9=Or.,Confirmed,
9104,ExtData[0].Val7,1,1,9,Operation-specific auxiliary parameter. Position confirmed from decompiled client ExtData schema.,Inferred,
9104,ExtData[1].Val1,1,1,1,AbilitySourceType: 1=Cast.,Confirmed,
9104,ExtData[1].Val2,1,1,13,AbilityOperation: 13=SpellConvention.,Confirmed,
9104,ExtData[1].Val3,1,1,1,AbilityCondition: 1=Equal.,Confirmed,
9104,ExtData[1].Val4,1,1,9,AbilityLogicOperator: 9=Or.,Confirmed,
9104,ExtData[1].Val7,1,1,12,Operation-specific auxiliary parameter. Position confirmed from decompiled client ExtData schema.,Inferred,
9104,ExtData[2].Val1,1,1,1,AbilitySourceType: 1=Cast.,Confirmed,
9104,ExtData[2].Val2,1,1,13,AbilityOperation: 13=SpellConvention.,Confirmed,
9104,ExtData[2].Val3,1,1,1,AbilityCondition: 1=Equal.,Confirmed,
9104,ExtData[2].Val7,1,1,21,Operation-specific auxiliary parameter. Position confirmed from decompiled client ExtData schema.,Inferred,
9105,ExtData[0].Val1,1,1,1,AbilitySourceType: 1=Cast.,Confirmed,
9105,ExtData[0].Val2,1,1,3,AbilityOperation: 3=BuffGroupCounterSum.,Confirmed,
9105,ExtData[0].Val3,1,1,5,AbilityCondition: 5=GreaterThanEqual.,Confirmed,
9105,ExtData[0].Val4,1,1,8,AbilityLogicOperator: 8=And.,Confirmed,
9105,ExtData[0].Val6,1,1,174,"Operation-specific reference value (RequirementId child link, ability ID, monster type, or other reference depending on AbilityOperation). Position confirmed from decompiled client ExtData schema.",Inferred,
9105,ExtData[0].Val7,1,1,2,Operation-specific auxiliary parameter. Position confirmed from decompiled client ExtData schema.,Inferred,
9105,ExtData[1].Val1,1,1,1,AbilitySourceType: 1=Cast.,Confirmed,
9105,ExtData[1].Val2,1,1,6,AbilityOperation: 6=BuffGroupCount.,Confirmed,
9105,ExtData[1].Val3,1,1,1,AbilityCondition: 1=Equal.,Confirmed,
9105,ExtData[1].Val6,1,1,255,"Operation-specific reference value (RequirementId child link, ability ID, monster type, or other reference depending on AbilityOperation). Position confirmed from decompiled client ExtData schema.",Inferred,
9106,ExtData[0].Val1,1,1,1,AbilitySourceType: 1=Cast.,Confirmed,
9106,ExtData[0].Val2,1,1,3,AbilityOperation: 3=BuffGroupCounterSum.,Confirmed,
9106,ExtData[0].Val3,1,1,5,AbilityCondition: 5=GreaterThanEqual.,Confirmed,
9106,ExtData[0].Val4,1,1,8,AbilityLogicOperator: 8=And.,Confirmed,
9106,ExtData[0].Val6,1,1,174,"Operation-specific reference value (RequirementId child link, ability ID, monster type, or other reference depending on AbilityOperation). Position confirmed from decompiled client ExtData schema.",Inferred,
9106,ExtData[0].Val7,1,1,1,Operation-specific auxiliary parameter. Position confirmed from decompiled client ExtData schema.,Inferred,
9106,ExtData[1].Val1,1,1,1,AbilitySourceType: 1=Cast.,Confirmed,
9106,ExtData[1].Val2,1,1,6,AbilityOperation: 6=BuffGroupCount.,Confirmed,
9106,ExtData[1].Val3,1,1,1,AbilityCondition: 1=Equal.,Confirmed,
9106,ExtData[1].Val6,1,1,255,"Operation-specific reference value (RequirementId child link, ability ID, monster type, or other reference depending on AbilityOperation). Position confirmed from decompiled client ExtData schema.",Inferred,
9106,ExtData[1].Val7,1,1,1,Operation-specific auxiliary parameter. Position confirmed from decompiled client ExtData schema.,Inferred,
9107,ExtData[0].Val1,1,1,1,AbilitySourceType: 1=Cast.,Confirmed,
9107,ExtData[0].Val2,1,1,10,AbilityOperation: 10=RequirmentGroupCheck.,Confirmed,
9107,ExtData[0].Val3,1,1,1,AbilityCondition: 1=Equal.,Confirmed,
9107,ExtData[0].Val4,1,1,9,AbilityLogicOperator: 9=Or.,Confirmed,
9107,ExtData[0].Val6,1,1,9105,Every distinct observed value in this field matches a known RequirementId row.,Inferred,Example requirement ids: 9105.
9107,ExtData[0].Val7,1,1,1,Operation-specific auxiliary parameter. Position confirmed from decompiled client ExtData schema.,Inferred,
9107,ExtData[1].Val1,1,1,1,AbilitySourceType: 1=Cast.,Confirmed,
9107,ExtData[1].Val2,1,1,10,AbilityOperation: 10=RequirmentGroupCheck.,Confirmed,
9107,ExtData[1].Val3,1,1,1,AbilityCondition: 1=Equal.,Confirmed,
9107,ExtData[1].Val6,1,1,9106,Every distinct observed value in this field matches a known RequirementId row.,Inferred,Example requirement ids: 9106.
9107,ExtData[1].Val7,1,1,1,Operation-specific auxiliary parameter. Position confirmed from decompiled client ExtData schema.,Inferred,
9108,ExtData[0].Val1,1,1,1,AbilitySourceType: 1=Cast.,Confirmed,
9108,ExtData[0].Val2,1,1,3,AbilityOperation: 3=BuffGroupCounterSum.,Confirmed,
9108,ExtData[0].Val3,1,1,5,AbilityCondition: 5=GreaterThanEqual.,Confirmed,
9108,ExtData[0].Val4,1,1,8,AbilityLogicOperator: 8=And.,Confirmed,
9108,ExtData[0].Val6,1,1,174,"Operation-specific reference value (RequirementId child link, ability ID, monster type, or other reference depending on AbilityOperation). Position confirmed from decompiled client ExtData schema.",Inferred,
9108,ExtData[0].Val7,1,1,4,Operation-specific auxiliary parameter. Position confirmed from decompiled client ExtData schema.,Inferred,
9108,ExtData[1].Val1,1,1,1,AbilitySourceType: 1=Cast.,Confirmed,
9108,ExtData[1].Val2,1,1,6,AbilityOperation: 6=BuffGroupCount.,Confirmed,
9108,ExtData[1].Val3,1,1,1,AbilityCondition: 1=Equal.,Confirmed,
9108,ExtData[1].Val6,1,1,259,"Operation-specific reference value (RequirementId child link, ability ID, monster type, or other reference depending on AbilityOperation). Position confirmed from decompiled client ExtData schema.",Inferred,
9109,ExtData[0].Val1,1,1,1,AbilitySourceType: 1=Cast.,Confirmed,
9109,ExtData[0].Val2,1,1,3,AbilityOperation: 3=BuffGroupCounterSum.,Confirmed,
9109,ExtData[0].Val3,1,1,5,AbilityCondition: 5=GreaterThanEqual.,Confirmed,
9109,ExtData[0].Val4,1,1,8,AbilityLogicOperator: 8=And.,Confirmed,
9109,ExtData[0].Val6,1,1,174,"Operation-specific reference value (RequirementId child link, ability ID, monster type, or other reference depending on AbilityOperation). Position confirmed from decompiled client ExtData schema.",Inferred,
9109,ExtData[0].Val7,1,1,3,Operation-specific auxiliary parameter. Position confirmed from decompiled client ExtData schema.,Inferred,
9109,ExtData[1].Val1,1,1,1,AbilitySourceType: 1=Cast.,Confirmed,
9109,ExtData[1].Val2,1,1,6,AbilityOperation: 6=BuffGroupCount.,Confirmed,
9109,ExtData[1].Val3,1,1,1,AbilityCondition: 1=Equal.,Confirmed,
9109,ExtData[1].Val6,1,1,259,"Operation-specific reference value (RequirementId child link, ability ID, monster type, or other reference depending on AbilityOperation). Position confirmed from decompiled client ExtData schema.",Inferred,
9109,ExtData[1].Val7,1,1,1,Operation-specific auxiliary parameter. Position confirmed from decompiled client ExtData schema.,Inferred,
9110,ExtData[0].Val1,1,1,1,AbilitySourceType: 1=Cast.,Confirmed,
9110,ExtData[0].Val2,1,1,10,AbilityOperation: 10=RequirmentGroupCheck.,Confirmed,
9110,ExtData[0].Val3,1,1,1,AbilityCondition: 1=Equal.,Confirmed,
9110,ExtData[0].Val4,1,1,9,AbilityLogicOperator: 9=Or.,Confirmed,
9110,ExtData[0].Val6,1,1,9108,Every distinct observed value in this field matches a known RequirementId row.,Inferred,Example requirement ids: 9108.
9110,ExtData[0].Val7,1,1,1,Operation-specific auxiliary parameter. Position confirmed from decompiled client ExtData schema.,Inferred,
9110,ExtData[1].Val1,1,1,1,AbilitySourceType: 1=Cast.,Confirmed,
9110,ExtData[1].Val2,1,1,10,AbilityOperation: 10=RequirmentGroupCheck.,Confirmed,
9110,ExtData[1].Val3,1,1,1,AbilityCondition: 1=Equal.,Confirmed,
9110,ExtData[1].Val6,1,1,9109,Every distinct observed value in this field matches a known RequirementId row.,Inferred,Example requirement ids: 9109.
9110,ExtData[1].Val7,1,1,1,Operation-specific auxiliary parameter. Position confirmed from decompiled client ExtData schema.,Inferred,
9111,ExtData[0].Val1,1,1,1,AbilitySourceType: 1=Cast.,Confirmed,
9111,ExtData[0].Val2,1,1,53,AbilityOperation: 53=Unk53.,Confirmed,
9111,ExtData[0].Val3,1,1,1,AbilityCondition: 1=Equal.,Confirmed,
9111,ExtData[0].Val4,1,1,8,AbilityLogicOperator: 8=And.,Confirmed,
9111,ExtData[0].Val6,1,1,106,"Operation-specific reference value (RequirementId child link, ability ID, monster type, or other reference depending on AbilityOperation). Position confirmed from decompiled client ExtData schema.",Inferred,
9111,ExtData[1].Val1,1,1,1,AbilitySourceType: 1=Cast.,Confirmed,
9111,ExtData[1].Val2,1,1,6,AbilityOperation: 6=BuffGroupCount.,Confirmed,
9111,ExtData[1].Val3,1,1,1,AbilityCondition: 1=Equal.,Confirmed,
9111,ExtData[1].Val6,1,1,278,"Operation-specific reference value (RequirementId child link, ability ID, monster type, or other reference depending on AbilityOperation). Position confirmed from decompiled client ExtData schema.",Inferred,
9112,ExtData[0].Val1,1,1,1,AbilitySourceType: 1=Cast.,Confirmed,
9112,ExtData[0].Val2,1,1,53,AbilityOperation: 53=Unk53.,Confirmed,
9112,ExtData[0].Val3,1,1,4,AbilityCondition: 4=LessThanEqual.,Confirmed,
9112,ExtData[0].Val4,1,1,8,AbilityLogicOperator: 8=And.,Confirmed,
9112,ExtData[0].Val6,1,1,106,"Operation-specific reference value (RequirementId child link, ability ID, monster type, or other reference depending on AbilityOperation). Position confirmed from decompiled client ExtData schema.",Inferred,
9112,ExtData[0].Val7,1,1,1,Operation-specific auxiliary parameter. Position confirmed from decompiled client ExtData schema.,Inferred,
9112,ExtData[1].Val1,1,1,1,AbilitySourceType: 1=Cast.,Confirmed,
9112,ExtData[1].Val2,1,1,6,AbilityOperation: 6=BuffGroupCount.,Confirmed,
9112,ExtData[1].Val3,1,1,1,AbilityCondition: 1=Equal.,Confirmed,
9112,ExtData[1].Val6,1,1,278,"Operation-specific reference value (RequirementId child link, ability ID, monster type, or other reference depending on AbilityOperation). Position confirmed from decompiled client ExtData schema.",Inferred,
9112,ExtData[1].Val7,1,1,1,Operation-specific auxiliary parameter. Position confirmed from decompiled client ExtData schema.,Inferred,
9113,ExtData[0].Val1,1,1,1,AbilitySourceType: 1=Cast.,Confirmed,
9113,ExtData[0].Val2,1,1,10,AbilityOperation: 10=RequirmentGroupCheck.,Confirmed,
9113,ExtData[0].Val3,1,1,1,AbilityCondition: 1=Equal.,Confirmed,
9113,ExtData[0].Val4,1,1,9,AbilityLogicOperator: 9=Or.,Confirmed,
9113,ExtData[0].Val6,1,1,9111,Every distinct observed value in this field matches a known RequirementId row.,Inferred,Example requirement ids: 9111.
9113,ExtData[0].Val7,1,1,1,Operation-specific auxiliary parameter. Position confirmed from decompiled client ExtData schema.,Inferred,
9113,ExtData[1].Val1,1,1,1,AbilitySourceType: 1=Cast.,Confirmed,
9113,ExtData[1].Val2,1,1,10,AbilityOperation: 10=RequirmentGroupCheck.,Confirmed,
9113,ExtData[1].Val3,1,1,1,AbilityCondition: 1=Equal.,Confirmed,
9113,ExtData[1].Val6,1,1,9112,Every distinct observed value in this field matches a known RequirementId row.,Inferred,Example requirement ids: 9112.
9113,ExtData[1].Val7,1,1,1,Operation-specific auxiliary parameter. Position confirmed from decompiled client ExtData schema.,Inferred,
9114,ExtData[0].Val1,1,1,1,AbilitySourceType: 1=Cast.,Confirmed,
9114,ExtData[0].Val2,1,1,51,AbilityOperation: 51=TargetBack.,Confirmed,
9114,ExtData[0].Val3,1,1,1,AbilityCondition: 1=Equal.,Confirmed,
9114,ExtData[0].Val4,1,1,9,AbilityLogicOperator: 9=Or.,Confirmed,
9114,ExtData[0].Val7,1,1,2,Operation-specific auxiliary parameter. Position confirmed from decompiled client ExtData schema.,Inferred,
9114,ExtData[0].Val9,1,1,1,Binary flag byte. Position confirmed from decompiled client ExtData schema.,Inferred,
9114,ExtData[1].Val1,1,1,1,AbilitySourceType: 1=Cast.,Confirmed,
9114,ExtData[1].Val2,1,1,6,AbilityOperation: 6=BuffGroupCount.,Confirmed,
9114,ExtData[1].Val3,1,1,1,AbilityCondition: 1=Equal.,Confirmed,
9114,ExtData[1].Val4,1,1,9,AbilityLogicOperator: 9=Or.,Confirmed,
9114,ExtData[1].Val6,1,1,314,"Operation-specific reference value (RequirementId child link, ability ID, monster type, or other reference depending on AbilityOperation). Position confirmed from decompiled client ExtData schema.",Inferred,
9114,ExtData[1].Val7,1,1,1,Operation-specific auxiliary parameter. Position confirmed from decompiled client ExtData schema.,Inferred,
9114,ExtData[2].Val1,1,1,1,AbilitySourceType: 1=Cast.,Confirmed,
9114,ExtData[2].Val2,1,1,6,AbilityOperation: 6=BuffGroupCount.,Confirmed,
9114,ExtData[2].Val3,1,1,1,AbilityCondition: 1=Equal.,Confirmed,
9114,ExtData[2].Val6,1,1,598,"Operation-specific reference value (RequirementId child link, ability ID, monster type, or other reference depending on AbilityOperation). Position confirmed from decompiled client ExtData schema.",Inferred,
9114,ExtData[2].Val7,1,1,1,Operation-specific auxiliary parameter. Position confirmed from decompiled client ExtData schema.,Inferred,
9115,ExtData[0].Val1,1,1,1,AbilitySourceType: 1=Cast.,Confirmed,
9115,ExtData[0].Val2,1,1,21,AbilityOperation: 21=TargetBackSide.,Confirmed,
9115,ExtData[0].Val3,1,1,1,AbilityCondition: 1=Equal.,Confirmed,
9115,ExtData[0].Val4,1,1,9,AbilityLogicOperator: 9=Or.,Confirmed,
9115,ExtData[0].Val7,1,1,1,Operation-specific auxiliary parameter. Position confirmed from decompiled client ExtData schema.,Inferred,
9115,ExtData[1].Val1,1,1,1,AbilitySourceType: 1=Cast.,Confirmed,
9115,ExtData[1].Val2,1,1,6,AbilityOperation: 6=BuffGroupCount.,Confirmed,
9115,ExtData[1].Val3,1,1,1,AbilityCondition: 1=Equal.,Confirmed,
9115,ExtData[1].Val6,1,1,327,"Operation-specific reference value (RequirementId child link, ability ID, monster type, or other reference depending on AbilityOperation). Position confirmed from decompiled client ExtData schema.",Inferred,
9115,ExtData[1].Val7,1,1,1,Operation-specific auxiliary parameter. Position confirmed from decompiled client ExtData schema.,Inferred,
9116,ExtData[0].Val1,1,1,1,AbilitySourceType: 1=Cast.,Confirmed,
9116,ExtData[0].Val2,1,1,9,AbilityOperation: 9=Random.,Confirmed,
9116,ExtData[0].Val3,1,1,4,AbilityCondition: 4=LessThanEqual.,Confirmed,
9116,ExtData[0].Val4,1,1,8,AbilityLogicOperator: 8=And.,Confirmed,
9116,ExtData[0].Val6,1,1,100,"Operation-specific reference value (RequirementId child link, ability ID, monster type, or other reference depending on AbilityOperation). Position confirmed from decompiled client ExtData schema.",Inferred,
9116,ExtData[0].Val7,1,1,20,Operation-specific auxiliary parameter. Position confirmed from decompiled client ExtData schema.,Inferred,
9116,ExtData[1].Val1,1,1,1,AbilitySourceType: 1=Cast.,Confirmed,
9116,ExtData[1].Val2,1,1,6,AbilityOperation: 6=BuffGroupCount.,Confirmed,
9116,ExtData[1].Val3,1,1,1,AbilityCondition: 1=Equal.,Confirmed,
9116,ExtData[1].Val6,1,1,328,"Operation-specific reference value (RequirementId child link, ability ID, monster type, or other reference depending on AbilityOperation). Position confirmed from decompiled client ExtData schema.",Inferred,
9117,ExtData[0].Val1,1,1,1,AbilitySourceType: 1=Cast.,Confirmed,
9117,ExtData[0].Val2,1,1,9,AbilityOperation: 9=Random.,Confirmed,
9117,ExtData[0].Val3,1,1,4,AbilityCondition: 4=LessThanEqual.,Confirmed,
9117,ExtData[0].Val4,1,1,8,AbilityLogicOperator: 8=And.,Confirmed,
9117,ExtData[0].Val6,1,1,100,"Operation-specific reference value (RequirementId child link, ability ID, monster type, or other reference depending on AbilityOperation). Position confirmed from decompiled client ExtData schema.",Inferred,
9117,ExtData[0].Val7,1,1,33,Operation-specific auxiliary parameter. Position confirmed from decompiled client ExtData schema.,Inferred,
9117,ExtData[1].Val1,1,1,1,AbilitySourceType: 1=Cast.,Confirmed,
9117,ExtData[1].Val2,1,1,6,AbilityOperation: 6=BuffGroupCount.,Confirmed,
9117,ExtData[1].Val3,1,1,1,AbilityCondition: 1=Equal.,Confirmed,
9117,ExtData[1].Val6,1,1,328,"Operation-specific reference value (RequirementId child link, ability ID, monster type, or other reference depending on AbilityOperation). Position confirmed from decompiled client ExtData schema.",Inferred,
9117,ExtData[1].Val7,1,1,1,Operation-specific auxiliary parameter. Position confirmed from decompiled client ExtData schema.,Inferred,
9118,ExtData[0].Val1,1,1,1,AbilitySourceType: 1=Cast.,Confirmed,
9118,ExtData[0].Val2,1,1,10,AbilityOperation: 10=RequirmentGroupCheck.,Confirmed,
9118,ExtData[0].Val3,1,1,1,AbilityCondition: 1=Equal.,Confirmed,
9118,ExtData[0].Val4,1,1,9,AbilityLogicOperator: 9=Or.,Confirmed,
9118,ExtData[0].Val6,1,1,9116,Every distinct observed value in this field matches a known RequirementId row.,Inferred,Example requirement ids: 9116.
9118,ExtData[0].Val7,1,1,1,Operation-specific auxiliary parameter. Position confirmed from decompiled client ExtData schema.,Inferred,
9118,ExtData[1].Val1,1,1,1,AbilitySourceType: 1=Cast.,Confirmed,
9118,ExtData[1].Val2,1,1,10,AbilityOperation: 10=RequirmentGroupCheck.,Confirmed,
9118,ExtData[1].Val3,1,1,1,AbilityCondition: 1=Equal.,Confirmed,
9118,ExtData[1].Val6,1,1,9117,Every distinct observed value in this field matches a known RequirementId row.,Inferred,Example requirement ids: 9117.
9118,ExtData[1].Val7,1,1,1,Operation-specific auxiliary parameter. Position confirmed from decompiled client ExtData schema.,Inferred,
9119,ExtData[0].Val1,1,1,1,AbilitySourceType: 1=Cast.,Confirmed,
9119,ExtData[0].Val2,1,1,6,AbilityOperation: 6=BuffGroupCount.,Confirmed,
9119,ExtData[0].Val3,1,1,1,AbilityCondition: 1=Equal.,Confirmed,
9119,ExtData[0].Val4,1,1,9,AbilityLogicOperator: 9=Or.,Confirmed,
9119,ExtData[0].Val6,1,1,329,"Operation-specific reference value (RequirementId child link, ability ID, monster type, or other reference depending on AbilityOperation). Position confirmed from decompiled client ExtData schema.",Inferred,
9119,ExtData[0].Val7,1,1,1,Operation-specific auxiliary parameter. Position confirmed from decompiled client ExtData schema.,Inferred,
9119,ExtData[1].Val1,1,1,1,AbilitySourceType: 1=Cast.,Confirmed,
9119,ExtData[1].Val2,1,1,6,AbilityOperation: 6=BuffGroupCount.,Confirmed,
9119,ExtData[1].Val3,1,1,1,AbilityCondition: 1=Equal.,Confirmed,
9119,ExtData[1].Val6,1,1,346,"Operation-specific reference value (RequirementId child link, ability ID, monster type, or other reference depending on AbilityOperation). Position confirmed from decompiled client ExtData schema.",Inferred,
9119,ExtData[1].Val7,1,1,1,Operation-specific auxiliary parameter. Position confirmed from decompiled client ExtData schema.,Inferred,
9120,ExtData[0].Val1,1,1,1,AbilitySourceType: 1=Cast.,Confirmed,
9120,ExtData[0].Val2,1,1,6,AbilityOperation: 6=BuffGroupCount.,Confirmed,
9120,ExtData[0].Val3,1,1,1,AbilityCondition: 1=Equal.,Confirmed,
9120,ExtData[0].Val4,1,1,9,AbilityLogicOperator: 9=Or.,Confirmed,
9120,ExtData[0].Val6,1,1,330,"Operation-specific reference value (RequirementId child link, ability ID, monster type, or other reference depending on AbilityOperation). Position confirmed from decompiled client ExtData schema.",Inferred,
9120,ExtData[0].Val7,1,1,1,Operation-specific auxiliary parameter. Position confirmed from decompiled client ExtData schema.,Inferred,
9120,ExtData[1].Val1,1,1,1,AbilitySourceType: 1=Cast.,Confirmed,
9120,ExtData[1].Val2,1,1,6,AbilityOperation: 6=BuffGroupCount.,Confirmed,
9120,ExtData[1].Val3,1,1,1,AbilityCondition: 1=Equal.,Confirmed,
9120,ExtData[1].Val6,1,1,346,"Operation-specific reference value (RequirementId child link, ability ID, monster type, or other reference depending on AbilityOperation). Position confirmed from decompiled client ExtData schema.",Inferred,
9120,ExtData[1].Val7,1,1,1,Operation-specific auxiliary parameter. Position confirmed from decompiled client ExtData schema.,Inferred,
9121,ExtData[0].Val1,1,1,1,AbilitySourceType: 1=Cast.,Confirmed,
9121,ExtData[0].Val2,1,1,6,AbilityOperation: 6=BuffGroupCount.,Confirmed,
9121,ExtData[0].Val3,1,1,1,AbilityCondition: 1=Equal.,Confirmed,
9121,ExtData[0].Val4,1,1,9,AbilityLogicOperator: 9=Or.,Confirmed,
9121,ExtData[0].Val6,1,1,331,"Operation-specific reference value (RequirementId child link, ability ID, monster type, or other reference depending on AbilityOperation). Position confirmed from decompiled client ExtData schema.",Inferred,
9121,ExtData[0].Val7,1,1,1,Operation-specific auxiliary parameter. Position confirmed from decompiled client ExtData schema.,Inferred,
9121,ExtData[1].Val1,1,1,1,AbilitySourceType: 1=Cast.,Confirmed,
9121,ExtData[1].Val2,1,1,6,AbilityOperation: 6=BuffGroupCount.,Confirmed,
9121,ExtData[1].Val3,1,1,1,AbilityCondition: 1=Equal.,Confirmed,
9121,ExtData[1].Val6,1,1,346,"Operation-specific reference value (RequirementId child link, ability ID, monster type, or other reference depending on AbilityOperation). Position confirmed from decompiled client ExtData schema.",Inferred,
9121,ExtData[1].Val7,1,1,1,Operation-specific auxiliary parameter. Position confirmed from decompiled client ExtData schema.,Inferred,
9122,ExtData[0].Val1,1,1,1,AbilitySourceType: 1=Cast.,Confirmed,
9122,ExtData[0].Val2,1,1,10,AbilityOperation: 10=RequirmentGroupCheck.,Confirmed,
9122,ExtData[0].Val3,1,1,1,AbilityCondition: 1=Equal.,Confirmed,
9122,ExtData[0].Val4,1,1,9,AbilityLogicOperator: 9=Or.,Confirmed,
9122,ExtData[0].Val6,1,1,9119,Every distinct observed value in this field matches a known RequirementId row.,Inferred,Example requirement ids: 9119.
9122,ExtData[0].Val7,1,1,1,Operation-specific auxiliary parameter. Position confirmed from decompiled client ExtData schema.,Inferred,
9122,ExtData[1].Val1,1,1,1,AbilitySourceType: 1=Cast.,Confirmed,
9122,ExtData[1].Val2,1,1,10,AbilityOperation: 10=RequirmentGroupCheck.,Confirmed,
9122,ExtData[1].Val3,1,1,1,AbilityCondition: 1=Equal.,Confirmed,
9122,ExtData[1].Val4,1,1,9,AbilityLogicOperator: 9=Or.,Confirmed,
9122,ExtData[1].Val6,1,1,9120,Every distinct observed value in this field matches a known RequirementId row.,Inferred,Example requirement ids: 9120.
9122,ExtData[1].Val7,1,1,1,Operation-specific auxiliary parameter. Position confirmed from decompiled client ExtData schema.,Inferred,
9122,ExtData[2].Val1,1,1,1,AbilitySourceType: 1=Cast.,Confirmed,
9122,ExtData[2].Val2,1,1,10,AbilityOperation: 10=RequirmentGroupCheck.,Confirmed,
9122,ExtData[2].Val3,1,1,1,AbilityCondition: 1=Equal.,Confirmed,
9122,ExtData[2].Val6,1,1,9121,Every distinct observed value in this field matches a known RequirementId row.,Inferred,Example requirement ids: 9121.
9122,ExtData[2].Val7,1,1,1,Operation-specific auxiliary parameter. Position confirmed from decompiled client ExtData schema.,Inferred,
9123,ExtData[0].Val1,1,1,1,AbilitySourceType: 1=Cast.,Confirmed,
9123,ExtData[0].Val2,1,1,6,AbilityOperation: 6=BuffGroupCount.,Confirmed,
9123,ExtData[0].Val3,1,1,1,AbilityCondition: 1=Equal.,Confirmed,
9123,ExtData[0].Val6,1,1,354,"Operation-specific reference value (RequirementId child link, ability ID, monster type, or other reference depending on AbilityOperation). Position confirmed from decompiled client ExtData schema.",Inferred,
9123,ExtData[0].Val7,1,1,1,Operation-specific auxiliary parameter. Position confirmed from decompiled client ExtData schema.,Inferred,
9124,ExtData[0].Val1,1,1,1,AbilitySourceType: 1=Cast.,Confirmed,
9124,ExtData[0].Val2,1,1,6,AbilityOperation: 6=BuffGroupCount.,Confirmed,
9124,ExtData[0].Val3,1,1,1,AbilityCondition: 1=Equal.,Confirmed,
9124,ExtData[0].Val6,1,1,355,"Operation-specific reference value (RequirementId child link, ability ID, monster type, or other reference depending on AbilityOperation). Position confirmed from decompiled client ExtData schema.",Inferred,
9124,ExtData[0].Val7,1,1,1,Operation-specific auxiliary parameter. Position confirmed from decompiled client ExtData schema.,Inferred,
9125,ExtData[0].Val1,1,1,1,AbilitySourceType: 1=Cast.,Confirmed,
9125,ExtData[0].Val2,1,1,6,AbilityOperation: 6=BuffGroupCount.,Confirmed,
9125,ExtData[0].Val3,1,1,1,AbilityCondition: 1=Equal.,Confirmed,
9125,ExtData[0].Val4,1,1,8,AbilityLogicOperator: 8=And.,Confirmed,
9125,ExtData[0].Val6,1,1,354,"Operation-specific reference value (RequirementId child link, ability ID, monster type, or other reference depending on AbilityOperation). Position confirmed from decompiled client ExtData schema.",Inferred,
9125,ExtData[1].Val1,1,1,1,AbilitySourceType: 1=Cast.,Confirmed,
9125,ExtData[1].Val2,1,1,6,AbilityOperation: 6=BuffGroupCount.,Confirmed,
9125,ExtData[1].Val3,1,1,1,AbilityCondition: 1=Equal.,Confirmed,
9125,ExtData[1].Val6,1,1,355,"Operation-specific reference value (RequirementId child link, ability ID, monster type, or other reference depending on AbilityOperation). Position confirmed from decompiled client ExtData schema.",Inferred,
9126,ExtData[0].Val1,1,1,1,AbilitySourceType: 1=Cast.,Confirmed,
9126,ExtData[0].Val2,1,1,9,AbilityOperation: 9=Random.,Confirmed,
9126,ExtData[0].Val3,1,1,4,AbilityCondition: 4=LessThanEqual.,Confirmed,
9126,ExtData[0].Val4,1,1,8,AbilityLogicOperator: 8=And.,Confirmed,
9126,ExtData[0].Val6,1,1,100,"Operation-specific reference value (RequirementId child link, ability ID, monster type, or other reference depending on AbilityOperation). Position confirmed from decompiled client ExtData schema.",Inferred,
9126,ExtData[0].Val7,1,1,50,Operation-specific auxiliary parameter. Position confirmed from decompiled client ExtData schema.,Inferred,
9126,ExtData[1].Val1,1,1,1,AbilitySourceType: 1=Cast.,Confirmed,
9126,ExtData[1].Val2,1,1,6,AbilityOperation: 6=BuffGroupCount.,Confirmed,
9126,ExtData[1].Val3,1,1,1,AbilityCondition: 1=Equal.,Confirmed,
9126,ExtData[1].Val6,1,1,28,"Operation-specific reference value (RequirementId child link, ability ID, monster type, or other reference depending on AbilityOperation). Position confirmed from decompiled client ExtData schema.",Inferred,
9127,ExtData[0].Val1,1,1,1,AbilitySourceType: 1=Cast.,Confirmed,
9127,ExtData[0].Val2,1,1,6,AbilityOperation: 6=BuffGroupCount.,Confirmed,
9127,ExtData[0].Val3,1,1,5,AbilityCondition: 5=GreaterThanEqual.,Confirmed,
9127,ExtData[0].Val4,1,1,9,AbilityLogicOperator: 9=Or.,Confirmed,
9127,ExtData[0].Val6,1,1,28,"Operation-specific reference value (RequirementId child link, ability ID, monster type, or other reference depending on AbilityOperation). Position confirmed from decompiled client ExtData schema.",Inferred,
9127,ExtData[0].Val7,1,1,1,Operation-specific auxiliary parameter. Position confirmed from decompiled client ExtData schema.,Inferred,
9127,ExtData[1].Val1,1,1,1,AbilitySourceType: 1=Cast.,Confirmed,
9127,ExtData[1].Val2,1,1,10,AbilityOperation: 10=RequirmentGroupCheck.,Confirmed,
9127,ExtData[1].Val3,1,1,1,AbilityCondition: 1=Equal.,Confirmed,
9127,ExtData[1].Val6,1,1,9126,Every distinct observed value in this field matches a known RequirementId row.,Inferred,Example requirement ids: 9126.
9127,ExtData[1].Val7,1,1,1,Operation-specific auxiliary parameter. Position confirmed from decompiled client ExtData schema.,Inferred,
9128,ExtData[0].Val1,1,1,1,AbilitySourceType: 1=Cast.,Confirmed,
9128,ExtData[0].Val2,1,1,9,AbilityOperation: 9=Random.,Confirmed,
9128,ExtData[0].Val3,1,1,4,AbilityCondition: 4=LessThanEqual.,Confirmed,
9128,ExtData[0].Val4,1,1,8,AbilityLogicOperator: 8=And.,Confirmed,
9128,ExtData[0].Val6,1,1,100,"Operation-specific reference value (RequirementId child link, ability ID, monster type, or other reference depending on AbilityOperation). Position confirmed from decompiled client ExtData schema.",Inferred,
9128,ExtData[0].Val7,1,1,50,Operation-specific auxiliary parameter. Position confirmed from decompiled client ExtData schema.,Inferred,
9128,ExtData[1].Val1,1,1,1,AbilitySourceType: 1=Cast.,Confirmed,
9128,ExtData[1].Val2,1,1,6,AbilityOperation: 6=BuffGroupCount.,Confirmed,
9128,ExtData[1].Val3,1,1,1,AbilityCondition: 1=Equal.,Confirmed,
9128,ExtData[1].Val6,1,1,17,"Operation-specific reference value (RequirementId child link, ability ID, monster type, or other reference depending on AbilityOperation). Position confirmed from decompiled client ExtData schema.",Inferred,
9129,ExtData[0].Val1,1,1,1,AbilitySourceType: 1=Cast.,Confirmed,
9129,ExtData[0].Val2,1,1,6,AbilityOperation: 6=BuffGroupCount.,Confirmed,
9129,ExtData[0].Val3,1,1,5,AbilityCondition: 5=GreaterThanEqual.,Confirmed,
9129,ExtData[0].Val4,1,1,9,AbilityLogicOperator: 9=Or.,Confirmed,
9129,ExtData[0].Val6,1,1,17,"Operation-specific reference value (RequirementId child link, ability ID, monster type, or other reference depending on AbilityOperation). Position confirmed from decompiled client ExtData schema.",Inferred,
9129,ExtData[0].Val7,1,1,1,Operation-specific auxiliary parameter. Position confirmed from decompiled client ExtData schema.,Inferred,
9129,ExtData[1].Val1,1,1,1,AbilitySourceType: 1=Cast.,Confirmed,
9129,ExtData[1].Val2,1,1,10,AbilityOperation: 10=RequirmentGroupCheck.,Confirmed,
9129,ExtData[1].Val3,1,1,1,AbilityCondition: 1=Equal.,Confirmed,
9129,ExtData[1].Val6,1,1,9128,Every distinct observed value in this field matches a known RequirementId row.,Inferred,Example requirement ids: 9128.
9129,ExtData[1].Val7,1,1,1,Operation-specific auxiliary parameter. Position confirmed from decompiled client ExtData schema.,Inferred,
9130,ExtData[0].Val1,1,1,1,AbilitySourceType: 1=Cast.,Confirmed,
9130,ExtData[0].Val2,1,1,9,AbilityOperation: 9=Random.,Confirmed,
9130,ExtData[0].Val3,1,1,4,AbilityCondition: 4=LessThanEqual.,Confirmed,
9130,ExtData[0].Val4,1,1,8,AbilityLogicOperator: 8=And.,Confirmed,
9130,ExtData[0].Val6,1,1,100,"Operation-specific reference value (RequirementId child link, ability ID, monster type, or other reference depending on AbilityOperation). Position confirmed from decompiled client ExtData schema.",Inferred,
9130,ExtData[0].Val7,1,1,50,Operation-specific auxiliary parameter. Position confirmed from decompiled client ExtData schema.,Inferred,
9130,ExtData[1].Val1,1,1,1,AbilitySourceType: 1=Cast.,Confirmed,
9130,ExtData[1].Val2,1,1,6,AbilityOperation: 6=BuffGroupCount.,Confirmed,
9130,ExtData[1].Val3,1,1,1,AbilityCondition: 1=Equal.,Confirmed,
9130,ExtData[1].Val6,1,1,27,"Operation-specific reference value (RequirementId child link, ability ID, monster type, or other reference depending on AbilityOperation). Position confirmed from decompiled client ExtData schema.",Inferred,
9131,ExtData[0].Val1,1,1,1,AbilitySourceType: 1=Cast.,Confirmed,
9131,ExtData[0].Val2,1,1,6,AbilityOperation: 6=BuffGroupCount.,Confirmed,
9131,ExtData[0].Val3,1,1,5,AbilityCondition: 5=GreaterThanEqual.,Confirmed,
9131,ExtData[0].Val4,1,1,9,AbilityLogicOperator: 9=Or.,Confirmed,
9131,ExtData[0].Val6,1,1,27,"Operation-specific reference value (RequirementId child link, ability ID, monster type, or other reference depending on AbilityOperation). Position confirmed from decompiled client ExtData schema.",Inferred,
9131,ExtData[0].Val7,1,1,1,Operation-specific auxiliary parameter. Position confirmed from decompiled client ExtData schema.,Inferred,
9131,ExtData[1].Val1,1,1,1,AbilitySourceType: 1=Cast.,Confirmed,
9131,ExtData[1].Val2,1,1,10,AbilityOperation: 10=RequirmentGroupCheck.,Confirmed,
9131,ExtData[1].Val3,1,1,1,AbilityCondition: 1=Equal.,Confirmed,
9131,ExtData[1].Val6,1,1,9130,Every distinct observed value in this field matches a known RequirementId row.,Inferred,Example requirement ids: 9130.
9131,ExtData[1].Val7,1,1,1,Operation-specific auxiliary parameter. Position confirmed from decompiled client ExtData schema.,Inferred,
9132,ExtData[0].Val1,1,1,1,AbilitySourceType: 1=Cast.,Confirmed,
9132,ExtData[0].Val2,1,1,9,AbilityOperation: 9=Random.,Confirmed,
9132,ExtData[0].Val3,1,1,4,AbilityCondition: 4=LessThanEqual.,Confirmed,
9132,ExtData[0].Val4,1,1,8,AbilityLogicOperator: 8=And.,Confirmed,
9132,ExtData[0].Val6,1,1,100,"Operation-specific reference value (RequirementId child link, ability ID, monster type, or other reference depending on AbilityOperation). Position confirmed from decompiled client ExtData schema.",Inferred,
9132,ExtData[0].Val7,1,1,25,Operation-specific auxiliary parameter. Position confirmed from decompiled client ExtData schema.,Inferred,
9132,ExtData[1].Val1,1,1,1,AbilitySourceType: 1=Cast.,Confirmed,
9132,ExtData[1].Val2,1,1,6,AbilityOperation: 6=BuffGroupCount.,Confirmed,
9132,ExtData[1].Val3,1,1,1,AbilityCondition: 1=Equal.,Confirmed,
9132,ExtData[1].Val4,1,1,8,AbilityLogicOperator: 8=And.,Confirmed,
9132,ExtData[1].Val6,1,1,362,"Operation-specific reference value (RequirementId child link, ability ID, monster type, or other reference depending on AbilityOperation). Position confirmed from decompiled client ExtData schema.",Inferred,
9132,ExtData[2].Val1,1,1,1,AbilitySourceType: 1=Cast.,Confirmed,
9132,ExtData[2].Val2,1,1,8,AbilityOperation: 8=GetGroupOnAbilityUsed.,Confirmed,
9132,ExtData[2].Val3,1,1,1,AbilityCondition: 1=Equal.,Confirmed,
9132,ExtData[2].Val6,1,1,72,"Operation-specific reference value (RequirementId child link, ability ID, monster type, or other reference depending on AbilityOperation). Position confirmed from decompiled client ExtData schema.",Inferred,
9133,ExtData[0].Val1,1,1,1,AbilitySourceType: 1=Cast.,Confirmed,
9133,ExtData[0].Val2,1,1,9,AbilityOperation: 9=Random.,Confirmed,
9133,ExtData[0].Val3,1,1,4,AbilityCondition: 4=LessThanEqual.,Confirmed,
9133,ExtData[0].Val4,1,1,8,AbilityLogicOperator: 8=And.,Confirmed,
9133,ExtData[0].Val6,1,1,100,"Operation-specific reference value (RequirementId child link, ability ID, monster type, or other reference depending on AbilityOperation). Position confirmed from decompiled client ExtData schema.",Inferred,
9133,ExtData[0].Val7,1,1,50,Operation-specific auxiliary parameter. Position confirmed from decompiled client ExtData schema.,Inferred,
9133,ExtData[1].Val1,1,1,1,AbilitySourceType: 1=Cast.,Confirmed,
9133,ExtData[1].Val2,1,1,6,AbilityOperation: 6=BuffGroupCount.,Confirmed,
9133,ExtData[1].Val3,1,1,1,AbilityCondition: 1=Equal.,Confirmed,
9133,ExtData[1].Val4,1,1,8,AbilityLogicOperator: 8=And.,Confirmed,
9133,ExtData[1].Val6,1,1,362,"Operation-specific reference value (RequirementId child link, ability ID, monster type, or other reference depending on AbilityOperation). Position confirmed from decompiled client ExtData schema.",Inferred,
9133,ExtData[1].Val7,1,1,1,Operation-specific auxiliary parameter. Position confirmed from decompiled client ExtData schema.,Inferred,
9133,ExtData[2].Val1,1,1,1,AbilitySourceType: 1=Cast.,Confirmed,
9133,ExtData[2].Val2,1,1,8,AbilityOperation: 8=GetGroupOnAbilityUsed.,Confirmed,
9133,ExtData[2].Val3,1,1,1,AbilityCondition: 1=Equal.,Confirmed,
9133,ExtData[2].Val6,1,1,72,"Operation-specific reference value (RequirementId child link, ability ID, monster type, or other reference depending on AbilityOperation). Position confirmed from decompiled client ExtData schema.",Inferred,
9134,ExtData[0].Val1,1,1,1,AbilitySourceType: 1=Cast.,Confirmed,
9134,ExtData[0].Val2,1,1,3,AbilityOperation: 3=BuffGroupCounterSum.,Confirmed,
9134,ExtData[0].Val3,1,1,5,AbilityCondition: 5=GreaterThanEqual.,Confirmed,
9134,ExtData[0].Val4,1,1,8,AbilityLogicOperator: 8=And.,Confirmed,
9134,ExtData[0].Val6,1,1,305,"Operation-specific reference value (RequirementId child link, ability ID, monster type, or other reference depending on AbilityOperation). Position confirmed from decompiled client ExtData schema.",Inferred,
9134,ExtData[0].Val7,1,1,1,Operation-specific auxiliary parameter. Position confirmed from decompiled client ExtData schema.,Inferred,
9134,ExtData[1].Val1,1,1,1,AbilitySourceType: 1=Cast.,Confirmed,
9134,ExtData[1].Val2,1,1,44,AbilityOperation: 44=EquippedInventorySlot.,Confirmed,
9134,ExtData[1].Val3,1,1,1,AbilityCondition: 1=Equal.,Confirmed,
9134,ExtData[1].Val6,1,1,11,"Operation-specific reference value (RequirementId child link, ability ID, monster type, or other reference depending on AbilityOperation). Position confirmed from decompiled client ExtData schema.",Inferred,
9134,ExtData[1].Val7,1,1,15,Operation-specific auxiliary parameter. Position confirmed from decompiled client ExtData schema.,Inferred,
9135,ExtData[0].Val1,1,1,1,AbilitySourceType: 1=Cast.,Confirmed,
9135,ExtData[0].Val2,1,1,10,AbilityOperation: 10=RequirmentGroupCheck.,Confirmed,
9135,ExtData[0].Val3,1,1,1,AbilityCondition: 1=Equal.,Confirmed,
9135,ExtData[0].Val4,1,1,9,AbilityLogicOperator: 9=Or.,Confirmed,
9135,ExtData[0].Val6,1,1,9094,Every distinct observed value in this field matches a known RequirementId row.,Inferred,Example requirement ids: 9094.
9135,ExtData[0].Val7,1,1,1,Operation-specific auxiliary parameter. Position confirmed from decompiled client ExtData schema.,Inferred,
9135,ExtData[1].Val1,1,1,1,AbilitySourceType: 1=Cast.,Confirmed,
9135,ExtData[1].Val2,1,1,10,AbilityOperation: 10=RequirmentGroupCheck.,Confirmed,
9135,ExtData[1].Val3,1,1,1,AbilityCondition: 1=Equal.,Confirmed,
9135,ExtData[1].Val6,1,1,9095,Every distinct observed value in this field matches a known RequirementId row.,Inferred,Example requirement ids: 9095.
9135,ExtData[1].Val7,1,1,1,Operation-specific auxiliary parameter. Position confirmed from decompiled client ExtData schema.,Inferred,
9136,ExtData[0].Val1,1,1,1,AbilitySourceType: 1=Cast.,Confirmed,
9136,ExtData[0].Val2,1,1,8,AbilityOperation: 8=GetGroupOnAbilityUsed.,Confirmed,
9136,ExtData[0].Val3,1,1,6,AbilityCondition: 6=LessThan.,Confirmed,
9136,ExtData[0].Val4,1,1,8,AbilityLogicOperator: 8=And.,Confirmed,
9136,ExtData[0].Val6,1,1,376,"Operation-specific reference value (RequirementId child link, ability ID, monster type, or other reference depending on AbilityOperation). Position confirmed from decompiled client ExtData schema.",Inferred,
9136,ExtData[1].Val1,1,1,1,AbilitySourceType: 1=Cast.,Confirmed,
9136,ExtData[1].Val2,1,1,11,AbilityOperation: 11=TargetActivatedComponent.,Confirmed,
9136,ExtData[1].Val3,1,1,1,AbilityCondition: 1=Equal.,Confirmed,
9136,ExtData[1].Val5,1,1,3,Operation-specific threshold or comparison value (semantics depend on AbilityOperation). Position confirmed from decompiled client ExtData schema.,Inferred,
9136,ExtData[1].Val7,1,1,1,Operation-specific auxiliary parameter. Position confirmed from decompiled client ExtData schema.,Inferred,
9137,ExtData[0].Val1,1,1,1,AbilitySourceType: 1=Cast.,Confirmed,
9137,ExtData[0].Val2,1,1,8,AbilityOperation: 8=GetGroupOnAbilityUsed.,Confirmed,
9137,ExtData[0].Val3,1,1,6,AbilityCondition: 6=LessThan.,Confirmed,
9137,ExtData[0].Val4,1,1,8,AbilityLogicOperator: 8=And.,Confirmed,
9137,ExtData[0].Val6,1,1,378,"Operation-specific reference value (RequirementId child link, ability ID, monster type, or other reference depending on AbilityOperation). Position confirmed from decompiled client ExtData schema.",Inferred,
9137,ExtData[1].Val1,1,1,1,AbilitySourceType: 1=Cast.,Confirmed,
9137,ExtData[1].Val2,1,1,11,AbilityOperation: 11=TargetActivatedComponent.,Confirmed,
9137,ExtData[1].Val3,1,1,1,AbilityCondition: 1=Equal.,Confirmed,
9137,ExtData[1].Val5,1,1,3,Operation-specific threshold or comparison value (semantics depend on AbilityOperation). Position confirmed from decompiled client ExtData schema.,Inferred,
9137,ExtData[1].Val7,1,1,1,Operation-specific auxiliary parameter. Position confirmed from decompiled client ExtData schema.,Inferred,
9138,ExtData[0].Val1,1,1,1,AbilitySourceType: 1=Cast.,Confirmed,
9138,ExtData[0].Val2,1,1,25,AbilityOperation: 25=Ap.,Confirmed,
9138,ExtData[0].Val3,1,1,5,AbilityCondition: 5=GreaterThanEqual.,Confirmed,
9138,ExtData[0].Val4,1,1,9,AbilityLogicOperator: 9=Or.,Confirmed,
9138,ExtData[0].Val7,1,1,25,Operation-specific auxiliary parameter. Position confirmed from decompiled client ExtData schema.,Inferred,
9138,ExtData[1].Val1,1,1,1,AbilitySourceType: 1=Cast.,Confirmed,
9138,ExtData[1].Val2,1,1,6,AbilityOperation: 6=BuffGroupCount.,Confirmed,
9138,ExtData[1].Val3,1,1,1,AbilityCondition: 1=Equal.,Confirmed,
9138,ExtData[1].Val5,1,1,3,Operation-specific threshold or comparison value (semantics depend on AbilityOperation). Position confirmed from decompiled client ExtData schema.,Inferred,
9138,ExtData[1].Val6,1,1,390,"Operation-specific reference value (RequirementId child link, ability ID, monster type, or other reference depending on AbilityOperation). Position confirmed from decompiled client ExtData schema.",Inferred,
9138,ExtData[1].Val7,1,1,1,Operation-specific auxiliary parameter. Position confirmed from decompiled client ExtData schema.,Inferred,
9139,ExtData[0].Val1,1,1,1,AbilitySourceType: 1=Cast.,Confirmed,
9139,ExtData[0].Val2,1,1,3,AbilityOperation: 3=BuffGroupCounterSum.,Confirmed,
9139,ExtData[0].Val3,1,1,5,AbilityCondition: 5=GreaterThanEqual.,Confirmed,
9139,ExtData[0].Val4,1,1,8,AbilityLogicOperator: 8=And.,Confirmed,
9139,ExtData[0].Val6,1,1,379,"Operation-specific reference value (RequirementId child link, ability ID, monster type, or other reference depending on AbilityOperation). Position confirmed from decompiled client ExtData schema.",Inferred,
9139,ExtData[0].Val7,1,1,4,Operation-specific auxiliary parameter. Position confirmed from decompiled client ExtData schema.,Inferred,
9139,ExtData[1].Val1,1,1,1,AbilitySourceType: 1=Cast.,Confirmed,
9139,ExtData[1].Val2,1,1,6,AbilityOperation: 6=BuffGroupCount.,Confirmed,
9139,ExtData[1].Val3,1,1,1,AbilityCondition: 1=Equal.,Confirmed,
9139,ExtData[1].Val4,1,1,9,AbilityLogicOperator: 9=Or.,Confirmed,
9139,ExtData[1].Val6,1,1,391,"Operation-specific reference value (RequirementId child link, ability ID, monster type, or other reference depending on AbilityOperation). Position confirmed from decompiled client ExtData schema.",Inferred,
9139,ExtData[2].Val1,1,1,1,AbilitySourceType: 1=Cast.,Confirmed,
9139,ExtData[2].Val2,1,1,10,AbilityOperation: 10=RequirmentGroupCheck.,Confirmed,
9139,ExtData[2].Val3,1,1,1,AbilityCondition: 1=Equal.,Confirmed,
9139,ExtData[2].Val6,1,1,9140,Every distinct observed value in this field matches a known RequirementId row.,Inferred,Example requirement ids: 9140.
9139,ExtData[2].Val7,1,1,1,Operation-specific auxiliary parameter. Position confirmed from decompiled client ExtData schema.,Inferred,
9140,ExtData[0].Val1,1,1,1,AbilitySourceType: 1=Cast.,Confirmed,
9140,ExtData[0].Val2,1,1,3,AbilityOperation: 3=BuffGroupCounterSum.,Confirmed,
9140,ExtData[0].Val3,1,1,5,AbilityCondition: 5=GreaterThanEqual.,Confirmed,
9140,ExtData[0].Val4,1,1,8,AbilityLogicOperator: 8=And.,Confirmed,
9140,ExtData[0].Val6,1,1,379,"Operation-specific reference value (RequirementId child link, ability ID, monster type, or other reference depending on AbilityOperation). Position confirmed from decompiled client ExtData schema.",Inferred,
9140,ExtData[0].Val7,1,1,3,Operation-specific auxiliary parameter. Position confirmed from decompiled client ExtData schema.,Inferred,
9140,ExtData[1].Val1,1,1,1,AbilitySourceType: 1=Cast.,Confirmed,
9140,ExtData[1].Val2,1,1,6,AbilityOperation: 6=BuffGroupCount.,Confirmed,
9140,ExtData[1].Val3,1,1,1,AbilityCondition: 1=Equal.,Confirmed,
9140,ExtData[1].Val6,1,1,391,"Operation-specific reference value (RequirementId child link, ability ID, monster type, or other reference depending on AbilityOperation). Position confirmed from decompiled client ExtData schema.",Inferred,
9140,ExtData[1].Val7,1,1,1,Operation-specific auxiliary parameter. Position confirmed from decompiled client ExtData schema.,Inferred,
9141,ExtData[0].Val1,1,1,1,AbilitySourceType: 1=Cast.,Confirmed,
9141,ExtData[0].Val2,1,1,8,AbilityOperation: 8=GetGroupOnAbilityUsed.,Confirmed,
9141,ExtData[0].Val3,1,1,6,AbilityCondition: 6=LessThan.,Confirmed,
9141,ExtData[0].Val4,1,1,8,AbilityLogicOperator: 8=And.,Confirmed,
9141,ExtData[0].Val6,1,1,31,"Operation-specific reference value (RequirementId child link, ability ID, monster type, or other reference depending on AbilityOperation). Position confirmed from decompiled client ExtData schema.",Inferred,
9141,ExtData[1].Val1,1,1,1,AbilitySourceType: 1=Cast.,Confirmed,
9141,ExtData[1].Val2,1,1,11,AbilityOperation: 11=TargetActivatedComponent.,Confirmed,
9141,ExtData[1].Val3,1,1,1,AbilityCondition: 1=Equal.,Confirmed,
9141,ExtData[1].Val5,1,1,3,Operation-specific threshold or comparison value (semantics depend on AbilityOperation). Position confirmed from decompiled client ExtData schema.,Inferred,
9141,ExtData[1].Val7,1,1,1,Operation-specific auxiliary parameter. Position confirmed from decompiled client ExtData schema.,Inferred,
9142,ExtData[0].Val1,1,1,1,AbilitySourceType: 1=Cast.,Confirmed,
9142,ExtData[0].Val2,1,1,8,AbilityOperation: 8=GetGroupOnAbilityUsed.,Confirmed,
9142,ExtData[0].Val3,1,1,6,AbilityCondition: 6=LessThan.,Confirmed,
9142,ExtData[0].Val4,1,1,9,AbilityLogicOperator: 9=Or.,Confirmed,
9142,ExtData[0].Val6,1,1,41,"Operation-specific reference value (RequirementId child link, ability ID, monster type, or other reference depending on AbilityOperation). Position confirmed from decompiled client ExtData schema.",Inferred,
9142,ExtData[1].Val1,1,1,1,AbilitySourceType: 1=Cast.,Confirmed,
9142,ExtData[1].Val2,1,1,8,AbilityOperation: 8=GetGroupOnAbilityUsed.,Confirmed,
9142,ExtData[1].Val3,1,1,6,AbilityCondition: 6=LessThan.,Confirmed,
9142,ExtData[1].Val6,1,1,42,"Operation-specific reference value (RequirementId child link, ability ID, monster type, or other reference depending on AbilityOperation). Position confirmed from decompiled client ExtData schema.",Inferred,
9143,ExtData[0].Val1,1,1,1,AbilitySourceType: 1=Cast.,Confirmed,
9143,ExtData[0].Val2,1,1,12,AbilityOperation: 12=AbilityType.,Confirmed,
9143,ExtData[0].Val3,1,1,1,AbilityCondition: 1=Equal.,Confirmed,
9143,ExtData[0].Val4,1,1,9,AbilityLogicOperator: 9=Or.,Confirmed,
9143,ExtData[0].Val7,1,1,2,Operation-specific auxiliary parameter. Position confirmed from decompiled client ExtData schema.,Inferred,
9143,ExtData[1].Val1,1,1,1,AbilitySourceType: 1=Cast.,Confirmed,
9143,ExtData[1].Val2,1,1,10,AbilityOperation: 10=RequirmentGroupCheck.,Confirmed,
9143,ExtData[1].Val3,1,1,1,AbilityCondition: 1=Equal.,Confirmed,
9143,ExtData[1].Val6,1,1,9153,Every distinct observed value in this field matches a known RequirementId row.,Inferred,Example requirement ids: 9153.
9143,ExtData[1].Val7,1,1,1,Operation-specific auxiliary parameter. Position confirmed from decompiled client ExtData schema.,Inferred,
9144,ExtData[0].Val1,1,1,1,AbilitySourceType: 1=Cast.,Confirmed,
9144,ExtData[0].Val2,1,1,8,AbilityOperation: 8=GetGroupOnAbilityUsed.,Confirmed,
9144,ExtData[0].Val3,1,1,6,AbilityCondition: 6=LessThan.,Confirmed,
9144,ExtData[0].Val4,1,1,8,AbilityLogicOperator: 8=And.,Confirmed,
9144,ExtData[0].Val6,1,1,28,"Operation-specific reference value (RequirementId child link, ability ID, monster type, or other reference depending on AbilityOperation). Position confirmed from decompiled client ExtData schema.",Inferred,
9144,ExtData[1].Val1,1,1,1,AbilitySourceType: 1=Cast.,Confirmed,
9144,ExtData[1].Val2,1,1,11,AbilityOperation: 11=TargetActivatedComponent.,Confirmed,
9144,ExtData[1].Val3,1,1,1,AbilityCondition: 1=Equal.,Confirmed,
9144,ExtData[1].Val5,1,1,3,Operation-specific threshold or comparison value (semantics depend on AbilityOperation). Position confirmed from decompiled client ExtData schema.,Inferred,
9145,ExtData[0].Val1,1,1,1,AbilitySourceType: 1=Cast.,Confirmed,
9145,ExtData[0].Val2,1,1,9,AbilityOperation: 9=Random.,Confirmed,
9145,ExtData[0].Val3,1,1,7,AbilityCondition: 7=GreaterThan.,Confirmed,
9145,ExtData[0].Val4,1,1,11,AbilityLogicOperator: 11=Unk11.,Confirmed,
9145,ExtData[0].Val6,1,1,120,"Operation-specific reference value (RequirementId child link, ability ID, monster type, or other reference depending on AbilityOperation). Position confirmed from decompiled client ExtData schema.",Inferred,
9145,ExtData[1].Val1,1,1,1,AbilitySourceType: 1=Cast.,Confirmed,
9145,ExtData[1].Val2,1,1,9,AbilityOperation: 9=Random.,Confirmed,
9145,ExtData[1].Val3,1,1,7,AbilityCondition: 7=GreaterThan.,Confirmed,
9145,ExtData[1].Val6,1,1,240,"Operation-specific reference value (RequirementId child link, ability ID, monster type, or other reference depending on AbilityOperation). Position confirmed from decompiled client ExtData schema.",Inferred,
9146,ExtData[0].Val1,1,1,1,AbilitySourceType: 1=Cast.,Confirmed,
9146,ExtData[0].Val2,1,1,9,AbilityOperation: 9=Random.,Confirmed,
9146,ExtData[0].Val3,1,1,7,AbilityCondition: 7=GreaterThan.,Confirmed,
9146,ExtData[0].Val4,1,1,11,AbilityLogicOperator: 11=Unk11.,Confirmed,
9146,ExtData[0].Val6,1,1,100,"Operation-specific reference value (RequirementId child link, ability ID, monster type, or other reference depending on AbilityOperation). Position confirmed from decompiled client ExtData schema.",Inferred,
9146,ExtData[1].Val1,1,1,1,AbilitySourceType: 1=Cast.,Confirmed,
9146,ExtData[1].Val2,1,1,3,AbilityOperation: 3=BuffGroupCounterSum.,Confirmed,
9146,ExtData[1].Val3,1,1,7,AbilityCondition: 7=GreaterThan.,Confirmed,
9146,ExtData[1].Val6,1,1,420,"Operation-specific reference value (RequirementId child link, ability ID, monster type, or other reference depending on AbilityOperation). Position confirmed from decompiled client ExtData schema.",Inferred,
9147,ExtData[0].Val1,1,1,1,AbilitySourceType: 1=Cast.,Confirmed,
9147,ExtData[0].Val2,1,1,13,AbilityOperation: 13=SpellConvention.,Confirmed,
9147,ExtData[0].Val3,1,1,1,AbilityCondition: 1=Equal.,Confirmed,
9147,ExtData[0].Val4,1,1,8,AbilityLogicOperator: 8=And.,Confirmed,
9147,ExtData[1].Val1,1,1,1,AbilitySourceType: 1=Cast.,Confirmed,
9147,ExtData[1].Val2,1,1,10,AbilityOperation: 10=RequirmentGroupCheck.,Confirmed,
9147,ExtData[1].Val3,1,1,1,AbilityCondition: 1=Equal.,Confirmed,
9147,ExtData[1].Val6,1,1,9159,Every distinct observed value in this field matches a known RequirementId row.,Inferred,Example requirement ids: 9159.
9148,ExtData[0].Val1,1,1,1,AbilitySourceType: 1=Cast.,Confirmed,
9148,ExtData[0].Val2,1,1,6,AbilityOperation: 6=BuffGroupCount.,Confirmed,
9148,ExtData[0].Val3,1,1,1,AbilityCondition: 1=Equal.,Confirmed,
9148,ExtData[0].Val4,1,1,9,AbilityLogicOperator: 9=Or.,Confirmed,
9148,ExtData[0].Val6,1,1,409,"Operation-specific reference value (RequirementId child link, ability ID, monster type, or other reference depending on AbilityOperation). Position confirmed from decompiled client ExtData schema.",Inferred,
9148,ExtData[0].Val7,1,1,1,Operation-specific auxiliary parameter. Position confirmed from decompiled client ExtData schema.,Inferred,
9148,ExtData[1].Val1,1,1,1,AbilitySourceType: 1=Cast.,Confirmed,
9148,ExtData[1].Val2,1,1,6,AbilityOperation: 6=BuffGroupCount.,Confirmed,
9148,ExtData[1].Val3,1,1,1,AbilityCondition: 1=Equal.,Confirmed,
9148,ExtData[1].Val6,1,1,411,"Operation-specific reference value (RequirementId child link, ability ID, monster type, or other reference depending on AbilityOperation). Position confirmed from decompiled client ExtData schema.",Inferred,
9148,ExtData[1].Val7,1,1,1,Operation-specific auxiliary parameter. Position confirmed from decompiled client ExtData schema.,Inferred,
9149,ExtData[0].Val1,1,1,1,AbilitySourceType: 1=Cast.,Confirmed,
9149,ExtData[0].Val2,1,1,6,AbilityOperation: 6=BuffGroupCount.,Confirmed,
9149,ExtData[0].Val3,1,1,1,AbilityCondition: 1=Equal.,Confirmed,
9149,ExtData[0].Val4,1,1,9,AbilityLogicOperator: 9=Or.,Confirmed,
9149,ExtData[0].Val6,1,1,409,"Operation-specific reference value (RequirementId child link, ability ID, monster type, or other reference depending on AbilityOperation). Position confirmed from decompiled client ExtData schema.",Inferred,
9149,ExtData[0].Val7,1,1,1,Operation-specific auxiliary parameter. Position confirmed from decompiled client ExtData schema.,Inferred,
9149,ExtData[1].Val1,1,1,1,AbilitySourceType: 1=Cast.,Confirmed,
9149,ExtData[1].Val2,1,1,6,AbilityOperation: 6=BuffGroupCount.,Confirmed,
9149,ExtData[1].Val3,1,1,1,AbilityCondition: 1=Equal.,Confirmed,
9149,ExtData[1].Val6,1,1,410,"Operation-specific reference value (RequirementId child link, ability ID, monster type, or other reference depending on AbilityOperation). Position confirmed from decompiled client ExtData schema.",Inferred,
9149,ExtData[1].Val7,1,1,1,Operation-specific auxiliary parameter. Position confirmed from decompiled client ExtData schema.,Inferred,
9150,ExtData[0].Val1,1,1,1,AbilitySourceType: 1=Cast.,Confirmed,
9150,ExtData[0].Val2,1,1,6,AbilityOperation: 6=BuffGroupCount.,Confirmed,
9150,ExtData[0].Val3,1,1,1,AbilityCondition: 1=Equal.,Confirmed,
9150,ExtData[0].Val4,1,1,9,AbilityLogicOperator: 9=Or.,Confirmed,
9150,ExtData[0].Val6,1,1,410,"Operation-specific reference value (RequirementId child link, ability ID, monster type, or other reference depending on AbilityOperation). Position confirmed from decompiled client ExtData schema.",Inferred,
9150,ExtData[0].Val7,1,1,1,Operation-specific auxiliary parameter. Position confirmed from decompiled client ExtData schema.,Inferred,
9150,ExtData[1].Val1,1,1,1,AbilitySourceType: 1=Cast.,Confirmed,
9150,ExtData[1].Val2,1,1,6,AbilityOperation: 6=BuffGroupCount.,Confirmed,
9150,ExtData[1].Val3,1,1,1,AbilityCondition: 1=Equal.,Confirmed,
9150,ExtData[1].Val6,1,1,411,"Operation-specific reference value (RequirementId child link, ability ID, monster type, or other reference depending on AbilityOperation). Position confirmed from decompiled client ExtData schema.",Inferred,
9150,ExtData[1].Val7,1,1,1,Operation-specific auxiliary parameter. Position confirmed from decompiled client ExtData schema.,Inferred,
9151,ExtData[0].Val1,1,1,1,AbilitySourceType: 1=Cast.,Confirmed,
9151,ExtData[0].Val2,1,1,8,AbilityOperation: 8=GetGroupOnAbilityUsed.,Confirmed,
9151,ExtData[0].Val3,1,1,6,AbilityCondition: 6=LessThan.,Confirmed,
9151,ExtData[0].Val4,1,1,8,AbilityLogicOperator: 8=And.,Confirmed,
9151,ExtData[0].Val6,1,1,425,"Operation-specific reference value (RequirementId child link, ability ID, monster type, or other reference depending on AbilityOperation). Position confirmed from decompiled client ExtData schema.",Inferred,
9151,ExtData[1].Val1,1,1,1,AbilitySourceType: 1=Cast.,Confirmed,
9151,ExtData[1].Val2,1,1,11,AbilityOperation: 11=TargetActivatedComponent.,Confirmed,
9151,ExtData[1].Val3,1,1,1,AbilityCondition: 1=Equal.,Confirmed,
9151,ExtData[1].Val5,1,1,3,Operation-specific threshold or comparison value (semantics depend on AbilityOperation). Position confirmed from decompiled client ExtData schema.,Inferred,
9151,ExtData[1].Val7,1,1,1,Operation-specific auxiliary parameter. Position confirmed from decompiled client ExtData schema.,Inferred,
9152,ExtData[0].Val1,1,1,1,AbilitySourceType: 1=Cast.,Confirmed,
9152,ExtData[0].Val2,1,1,82,AbilityOperation: 82=LastAbilityResult.,Confirmed,
9152,ExtData[0].Val3,1,1,6,AbilityCondition: 6=LessThan.,Confirmed,
9152,ExtData[0].Val6,1,1,3,"Operation-specific reference value (RequirementId child link, ability ID, monster type, or other reference depending on AbilityOperation). Position confirmed from decompiled client ExtData schema.",Inferred,
9153,ExtData[0].Val1,1,1,1,AbilitySourceType: 1=Cast.,Confirmed,
9153,ExtData[0].Val2,1,1,13,AbilityOperation: 13=SpellConvention.,Confirmed,
9153,ExtData[0].Val3,1,1,1,AbilityCondition: 1=Equal.,Confirmed,
9153,ExtData[0].Val4,1,1,8,AbilityLogicOperator: 8=And.,Confirmed,
9153,ExtData[1].Val1,1,1,1,AbilitySourceType: 1=Cast.,Confirmed,
9153,ExtData[1].Val2,1,1,10,AbilityOperation: 10=RequirmentGroupCheck.,Confirmed,
9153,ExtData[1].Val3,1,1,1,AbilityCondition: 1=Equal.,Confirmed,
9153,ExtData[1].Val6,1,1,9159,Every distinct observed value in this field matches a known RequirementId row.,Inferred,Example requirement ids: 9159.
9153,ExtData[1].Val7,1,1,1,Operation-specific auxiliary parameter. Position confirmed from decompiled client ExtData schema.,Inferred,
9154,ExtData[0].Val1,1,1,1,AbilitySourceType: 1=Cast.,Confirmed,
9154,ExtData[0].Val2,1,1,86,AbilityOperation: 86=Unk86.,Confirmed,
9154,ExtData[0].Val3,1,1,4,AbilityCondition: 4=LessThanEqual.,Confirmed,
9154,ExtData[0].Val4,1,1,9,AbilityLogicOperator: 9=Or.,Confirmed,
9154,ExtData[0].Val7,1,1,3,Operation-specific auxiliary parameter. Position confirmed from decompiled client ExtData schema.,Inferred,
9154,ExtData[1].Val1,1,1,1,AbilitySourceType: 1=Cast.,Confirmed,
9154,ExtData[1].Val2,1,1,86,AbilityOperation: 86=Unk86.,Confirmed,
9154,ExtData[1].Val3,1,1,1,AbilityCondition: 1=Equal.,Confirmed,
9154,ExtData[1].Val4,1,1,9,AbilityLogicOperator: 9=Or.,Confirmed,
9154,ExtData[1].Val7,1,1,11,Operation-specific auxiliary parameter. Position confirmed from decompiled client ExtData schema.,Inferred,
9154,ExtData[2].Val1,1,1,1,AbilitySourceType: 1=Cast.,Confirmed,
9154,ExtData[2].Val2,1,1,86,AbilityOperation: 86=Unk86.,Confirmed,
9154,ExtData[2].Val3,1,1,1,AbilityCondition: 1=Equal.,Confirmed,
9154,ExtData[2].Val4,1,1,9,AbilityLogicOperator: 9=Or.,Confirmed,
9154,ExtData[2].Val7,1,1,12,Operation-specific auxiliary parameter. Position confirmed from decompiled client ExtData schema.,Inferred,
9154,ExtData[3].Val1,1,1,1,AbilitySourceType: 1=Cast.,Confirmed,
9154,ExtData[3].Val2,1,1,86,AbilityOperation: 86=Unk86.,Confirmed,
9154,ExtData[3].Val3,1,1,1,AbilityCondition: 1=Equal.,Confirmed,
9154,ExtData[3].Val4,1,1,9,AbilityLogicOperator: 9=Or.,Confirmed,
9154,ExtData[3].Val7,1,1,14,Operation-specific auxiliary parameter. Position confirmed from decompiled client ExtData schema.,Inferred,
9154,ExtData[4].Val1,1,1,1,AbilitySourceType: 1=Cast.,Confirmed,
9154,ExtData[4].Val2,1,1,86,AbilityOperation: 86=Unk86.,Confirmed,
9154,ExtData[4].Val3,1,1,1,AbilityCondition: 1=Equal.,Confirmed,
9154,ExtData[4].Val4,1,1,9,AbilityLogicOperator: 9=Or.,Confirmed,
9154,ExtData[4].Val7,1,1,16,Operation-specific auxiliary parameter. Position confirmed from decompiled client ExtData schema.,Inferred,
9154,ExtData[5].Val1,1,1,1,AbilitySourceType: 1=Cast.,Confirmed,
9154,ExtData[5].Val2,1,1,86,AbilityOperation: 86=Unk86.,Confirmed,
9154,ExtData[5].Val3,1,1,1,AbilityCondition: 1=Equal.,Confirmed,
9154,ExtData[5].Val7,1,1,14,Operation-specific auxiliary parameter. Position confirmed from decompiled client ExtData schema.,Inferred,
9155,ExtData[0].Val1,1,1,1,AbilitySourceType: 1=Cast.,Confirmed,
9155,ExtData[0].Val2,1,1,9,AbilityOperation: 9=Random.,Confirmed,
9155,ExtData[0].Val3,1,1,7,AbilityCondition: 7=GreaterThan.,Confirmed,
9155,ExtData[0].Val4,1,1,11,AbilityLogicOperator: 11=Unk11.,Confirmed,
9155,ExtData[0].Val6,1,1,100,"Operation-specific reference value (RequirementId child link, ability ID, monster type, or other reference depending on AbilityOperation). Position confirmed from decompiled client ExtData schema.",Inferred,
9155,ExtData[1].Val1,1,1,1,AbilitySourceType: 1=Cast.,Confirmed,
9155,ExtData[1].Val2,1,1,3,AbilityOperation: 3=BuffGroupCounterSum.,Confirmed,
9155,ExtData[1].Val3,1,1,7,AbilityCondition: 7=GreaterThan.,Confirmed,
9155,ExtData[1].Val6,1,1,457,"Operation-specific reference value (RequirementId child link, ability ID, monster type, or other reference depending on AbilityOperation). Position confirmed from decompiled client ExtData schema.",Inferred,
9156,ExtData[0].Val1,1,1,1,AbilitySourceType: 1=Cast.,Confirmed,
9156,ExtData[0].Val2,1,1,8,AbilityOperation: 8=GetGroupOnAbilityUsed.,Confirmed,
9156,ExtData[0].Val3,1,1,6,AbilityCondition: 6=LessThan.,Confirmed,
9156,ExtData[0].Val4,1,1,8,AbilityLogicOperator: 8=And.,Confirmed,
9156,ExtData[0].Val6,1,1,1023,"Operation-specific reference value (RequirementId child link, ability ID, monster type, or other reference depending on AbilityOperation). Position confirmed from decompiled client ExtData schema.",Inferred,
9156,ExtData[1].Val1,1,1,1,AbilitySourceType: 1=Cast.,Confirmed,
9156,ExtData[1].Val2,1,1,11,AbilityOperation: 11=TargetActivatedComponent.,Confirmed,
9156,ExtData[1].Val3,1,1,1,AbilityCondition: 1=Equal.,Confirmed,
9156,ExtData[1].Val5,1,1,3,Operation-specific threshold or comparison value (semantics depend on AbilityOperation). Position confirmed from decompiled client ExtData schema.,Inferred,
9156,ExtData[1].Val7,1,1,1,Operation-specific auxiliary parameter. Position confirmed from decompiled client ExtData schema.,Inferred,
9157,ExtData[0].Val1,1,1,1,AbilitySourceType: 1=Cast.,Confirmed,
9157,ExtData[0].Val2,1,1,16,AbilityOperation: 16=MonsterType.,Confirmed,
9157,ExtData[0].Val3,1,1,1,AbilityCondition: 1=Equal.,Confirmed,
9157,ExtData[0].Val4,1,1,8,AbilityLogicOperator: 8=And.,Confirmed,
9157,ExtData[0].Val6,1,1,4000,"Operation-specific reference value (RequirementId child link, ability ID, monster type, or other reference depending on AbilityOperation). Position confirmed from decompiled client ExtData schema.",Inferred,
9157,ExtData[0].Val7,1,1,1,Operation-specific auxiliary parameter. Position confirmed from decompiled client ExtData schema.,Inferred,
9157,ExtData[1].Val1,1,1,1,AbilitySourceType: 1=Cast.,Confirmed,
9157,ExtData[1].Val2,1,1,88,AbilityOperation: 88=TierCheck88.,Confirmed,
9157,ExtData[1].Val3,1,1,1,AbilityCondition: 1=Equal.,Confirmed,
9157,ExtData[1].Val4,1,1,8,AbilityLogicOperator: 8=And.,Confirmed,
9157,ExtData[2].Val1,1,1,1,AbilitySourceType: 1=Cast.,Confirmed,
9157,ExtData[2].Val2,1,1,10,AbilityOperation: 10=RequirmentGroupCheck.,Confirmed,
9157,ExtData[2].Val3,1,1,5,AbilityCondition: 5=GreaterThanEqual.,Confirmed,
9157,ExtData[2].Val6,1,1,9158,Every distinct observed value in this field matches a known RequirementId row.,Inferred,Example requirement ids: 9158.
9158,ExtData[0].Val1,1,1,1,AbilitySourceType: 1=Cast.,Confirmed,
9158,ExtData[0].Val2,1,1,77,AbilityOperation: 77=BolsterLevel.,Confirmed,
9158,ExtData[0].Val3,1,1,7,AbilityCondition: 7=GreaterThan.,Confirmed,
9158,ExtData[0].Val4,1,1,11,AbilityLogicOperator: 11=Unk11.,Confirmed,
9158,ExtData[0].Val5,1,1,3,Operation-specific threshold or comparison value (semantics depend on AbilityOperation). Position confirmed from decompiled client ExtData schema.,Inferred,
9158,ExtData[1].Val1,1,1,1,AbilitySourceType: 1=Cast.,Confirmed,
9158,ExtData[1].Val2,1,1,77,AbilityOperation: 77=BolsterLevel.,Confirmed,
9158,ExtData[1].Val3,1,1,7,AbilityCondition: 7=GreaterThan.,Confirmed,
9159,ExtData[0].Val1,1,1,1,AbilitySourceType: 1=Cast.,Confirmed,
9159,ExtData[0].Val2,1,1,86,AbilityOperation: 86=Unk86.,Confirmed,
9159,ExtData[0].Val3,1,1,1,AbilityCondition: 1=Equal.,Confirmed,
9159,ExtData[0].Val4,1,1,9,AbilityLogicOperator: 9=Or.,Confirmed,
9159,ExtData[0].Val7,1,1,7,Operation-specific auxiliary parameter. Position confirmed from decompiled client ExtData schema.,Inferred,
9159,ExtData[1].Val1,1,1,1,AbilitySourceType: 1=Cast.,Confirmed,
9159,ExtData[1].Val2,1,1,86,AbilityOperation: 86=Unk86.,Confirmed,
9159,ExtData[1].Val3,1,1,1,AbilityCondition: 1=Equal.,Confirmed,
9159,ExtData[1].Val4,1,1,9,AbilityLogicOperator: 9=Or.,Confirmed,
9159,ExtData[1].Val7,1,1,8,Operation-specific auxiliary parameter. Position confirmed from decompiled client ExtData schema.,Inferred,
9159,ExtData[2].Val1,1,1,1,AbilitySourceType: 1=Cast.,Confirmed,
9159,ExtData[2].Val2,1,1,86,AbilityOperation: 86=Unk86.,Confirmed,
9159,ExtData[2].Val3,1,1,1,AbilityCondition: 1=Equal.,Confirmed,
9159,ExtData[2].Val4,1,1,9,AbilityLogicOperator: 9=Or.,Confirmed,
9159,ExtData[2].Val7,1,1,9,Operation-specific auxiliary parameter. Position confirmed from decompiled client ExtData schema.,Inferred,
9159,ExtData[3].Val1,1,1,1,AbilitySourceType: 1=Cast.,Confirmed,
9159,ExtData[3].Val2,1,1,86,AbilityOperation: 86=Unk86.,Confirmed,
9159,ExtData[3].Val3,1,1,1,AbilityCondition: 1=Equal.,Confirmed,
9159,ExtData[3].Val7,1,1,17,Operation-specific auxiliary parameter. Position confirmed from decompiled client ExtData schema.,Inferred,
9159,ExtData[5].Val1,1,1,1,AbilitySourceType: 1=Cast.,Confirmed,
9159,ExtData[5].Val2,1,1,86,AbilityOperation: 86=Unk86.,Confirmed,
9159,ExtData[5].Val3,1,1,1,AbilityCondition: 1=Equal.,Confirmed,
9159,ExtData[5].Val7,1,1,17,Operation-specific auxiliary parameter. Position confirmed from decompiled client ExtData schema.,Inferred,
9160,ExtData[0].Val1,1,1,1,AbilitySourceType: 1=Cast.,Confirmed,
9160,ExtData[0].Val2,1,1,10,AbilityOperation: 10=RequirmentGroupCheck.,Confirmed,
9160,ExtData[0].Val3,1,1,1,AbilityCondition: 1=Equal.,Confirmed,
9160,ExtData[0].Val4,1,1,8,AbilityLogicOperator: 8=And.,Confirmed,
9160,ExtData[0].Val6,1,1,9159,Every distinct observed value in this field matches a known RequirementId row.,Inferred,Example requirement ids: 9159.
9160,ExtData[0].Val7,1,1,1,Operation-specific auxiliary parameter. Position confirmed from decompiled client ExtData schema.,Inferred,
9160,ExtData[1].Val1,1,1,1,AbilitySourceType: 1=Cast.,Confirmed,
9160,ExtData[1].Val2,1,1,10,AbilityOperation: 10=RequirmentGroupCheck.,Confirmed,
9160,ExtData[1].Val3,1,1,1,AbilityCondition: 1=Equal.,Confirmed,
9160,ExtData[1].Val6,1,1,9154,Every distinct observed value in this field matches a known RequirementId row.,Inferred,Example requirement ids: 9154.
9161,ExtData[0].Val1,1,1,1,AbilitySourceType: 1=Cast.,Confirmed,
9161,ExtData[0].Val2,1,1,51,AbilityOperation: 51=TargetBack.,Confirmed,
9161,ExtData[0].Val3,1,1,1,AbilityCondition: 1=Equal.,Confirmed,
9161,ExtData[0].Val4,1,1,9,AbilityLogicOperator: 9=Or.,Confirmed,
9161,ExtData[0].Val7,1,1,2,Operation-specific auxiliary parameter. Position confirmed from decompiled client ExtData schema.,Inferred,
9161,ExtData[0].Val9,1,1,1,Binary flag byte. Position confirmed from decompiled client ExtData schema.,Inferred,
9161,ExtData[1].Val1,1,1,1,AbilitySourceType: 1=Cast.,Confirmed,
9161,ExtData[1].Val2,1,1,6,AbilityOperation: 6=BuffGroupCount.,Confirmed,
9161,ExtData[1].Val3,1,1,1,AbilityCondition: 1=Equal.,Confirmed,
9161,ExtData[1].Val4,1,1,9,AbilityLogicOperator: 9=Or.,Confirmed,
9161,ExtData[1].Val5,1,1,3,Operation-specific threshold or comparison value (semantics depend on AbilityOperation). Position confirmed from decompiled client ExtData schema.,Inferred,
9161,ExtData[1].Val6,1,1,473,"Operation-specific reference value (RequirementId child link, ability ID, monster type, or other reference depending on AbilityOperation). Position confirmed from decompiled client ExtData schema.",Inferred,
9161,ExtData[1].Val7,1,1,1,Operation-specific auxiliary parameter. Position confirmed from decompiled client ExtData schema.,Inferred,
9161,ExtData[2].Val1,1,1,1,AbilitySourceType: 1=Cast.,Confirmed,
9161,ExtData[2].Val2,1,1,35,AbilityOperation: 35=KeepDoor.,Confirmed,
9161,ExtData[2].Val3,1,1,5,AbilityCondition: 5=GreaterThanEqual.,Confirmed,
9161,ExtData[2].Val5,1,1,1,Operation-specific threshold or comparison value (semantics depend on AbilityOperation). Position confirmed from decompiled client ExtData schema.,Inferred,
9161,ExtData[2].Val7,1,1,1,Operation-specific auxiliary parameter. Position confirmed from decompiled client ExtData schema.,Inferred,
9162,ExtData[0].Val1,1,1,1,AbilitySourceType: 1=Cast.,Confirmed,
9162,ExtData[0].Val2,1,1,10,AbilityOperation: 10=RequirmentGroupCheck.,Confirmed,
9162,ExtData[0].Val3,1,1,1,AbilityCondition: 1=Equal.,Confirmed,
9162,ExtData[0].Val4,1,1,9,AbilityLogicOperator: 9=Or.,Confirmed,
9162,ExtData[0].Val6,1,1,9121,Every distinct observed value in this field matches a known RequirementId row.,Inferred,Example requirement ids: 9121.
9162,ExtData[0].Val7,1,1,1,Operation-specific auxiliary parameter. Position confirmed from decompiled client ExtData schema.,Inferred,
9162,ExtData[1].Val1,1,1,1,AbilitySourceType: 1=Cast.,Confirmed,
9162,ExtData[1].Val2,1,1,10,AbilityOperation: 10=RequirmentGroupCheck.,Confirmed,
9162,ExtData[1].Val3,1,1,1,AbilityCondition: 1=Equal.,Confirmed,
9162,ExtData[1].Val6,1,1,9119,Every distinct observed value in this field matches a known RequirementId row.,Inferred,Example requirement ids: 9119.
9162,ExtData[1].Val7,1,1,1,Operation-specific auxiliary parameter. Position confirmed from decompiled client ExtData schema.,Inferred,
9163,ExtData[0].Val1,1,1,1,AbilitySourceType: 1=Cast.,Confirmed,
9163,ExtData[0].Val2,1,1,10,AbilityOperation: 10=RequirmentGroupCheck.,Confirmed,
9163,ExtData[0].Val3,1,1,1,AbilityCondition: 1=Equal.,Confirmed,
9163,ExtData[0].Val4,1,1,9,AbilityLogicOperator: 9=Or.,Confirmed,
9163,ExtData[0].Val6,1,1,9120,Every distinct observed value in this field matches a known RequirementId row.,Inferred,Example requirement ids: 9120.
9163,ExtData[0].Val7,1,1,1,Operation-specific auxiliary parameter. Position confirmed from decompiled client ExtData schema.,Inferred,
9163,ExtData[1].Val1,1,1,1,AbilitySourceType: 1=Cast.,Confirmed,
9163,ExtData[1].Val2,1,1,10,AbilityOperation: 10=RequirmentGroupCheck.,Confirmed,
9163,ExtData[1].Val3,1,1,1,AbilityCondition: 1=Equal.,Confirmed,
9163,ExtData[1].Val6,1,1,9121,Every distinct observed value in this field matches a known RequirementId row.,Inferred,Example requirement ids: 9121.
9163,ExtData[1].Val7,1,1,1,Operation-specific auxiliary parameter. Position confirmed from decompiled client ExtData schema.,Inferred,
9164,ExtData[0].Val1,1,1,1,AbilitySourceType: 1=Cast.,Confirmed,
9164,ExtData[0].Val2,1,1,10,AbilityOperation: 10=RequirmentGroupCheck.,Confirmed,
9164,ExtData[0].Val3,1,1,1,AbilityCondition: 1=Equal.,Confirmed,
9164,ExtData[0].Val4,1,1,9,AbilityLogicOperator: 9=Or.,Confirmed,
9164,ExtData[0].Val6,1,1,9119,Every distinct observed value in this field matches a known RequirementId row.,Inferred,Example requirement ids: 9119.
9164,ExtData[0].Val7,1,1,1,Operation-specific auxiliary parameter. Position confirmed from decompiled client ExtData schema.,Inferred,
9164,ExtData[1].Val1,1,1,1,AbilitySourceType: 1=Cast.,Confirmed,
9164,ExtData[1].Val2,1,1,10,AbilityOperation: 10=RequirmentGroupCheck.,Confirmed,
9164,ExtData[1].Val3,1,1,1,AbilityCondition: 1=Equal.,Confirmed,
9164,ExtData[1].Val6,1,1,9120,Every distinct observed value in this field matches a known RequirementId row.,Inferred,Example requirement ids: 9120.
9164,ExtData[1].Val7,1,1,1,Operation-specific auxiliary parameter. Position confirmed from decompiled client ExtData schema.,Inferred,
9165,ExtData[0].Val1,1,1,1,AbilitySourceType: 1=Cast.,Confirmed,
9165,ExtData[0].Val2,1,1,6,AbilityOperation: 6=BuffGroupCount.,Confirmed,
9165,ExtData[0].Val3,1,1,6,AbilityCondition: 6=LessThan.,Confirmed,
9165,ExtData[0].Val4,1,1,8,AbilityLogicOperator: 8=And.,Confirmed,
9165,ExtData[0].Val6,1,1,486,"Operation-specific reference value (RequirementId child link, ability ID, monster type, or other reference depending on AbilityOperation). Position confirmed from decompiled client ExtData schema.",Inferred,
9165,ExtData[1].Val1,1,1,1,AbilitySourceType: 1=Cast.,Confirmed,
9165,ExtData[1].Val2,1,1,11,AbilityOperation: 11=TargetActivatedComponent.,Confirmed,
9165,ExtData[1].Val3,1,1,1,AbilityCondition: 1=Equal.,Confirmed,
9165,ExtData[1].Val5,1,1,3,Operation-specific threshold or comparison value (semantics depend on AbilityOperation). Position confirmed from decompiled client ExtData schema.,Inferred,
9165,ExtData[1].Val7,1,1,1,Operation-specific auxiliary parameter. Position confirmed from decompiled client ExtData schema.,Inferred,
9166,ExtData[0].Val1,1,1,1,AbilitySourceType: 1=Cast.,Confirmed,
9166,ExtData[0].Val2,1,1,82,AbilityOperation: 82=LastAbilityResult.,Confirmed,
9166,ExtData[0].Val3,1,1,6,AbilityCondition: 6=LessThan.,Confirmed,
9166,ExtData[0].Val4,1,1,9,AbilityLogicOperator: 9=Or.,Confirmed,
9166,ExtData[0].Val6,1,1,1,"Operation-specific reference value (RequirementId child link, ability ID, monster type, or other reference depending on AbilityOperation). Position confirmed from decompiled client ExtData schema.",Inferred,
9166,ExtData[1].Val1,1,1,1,AbilitySourceType: 1=Cast.,Confirmed,
9166,ExtData[1].Val2,1,1,10,AbilityOperation: 10=RequirmentGroupCheck.,Confirmed,
9166,ExtData[1].Val3,1,1,6,AbilityCondition: 6=LessThan.,Confirmed,
9166,ExtData[1].Val6,1,1,9152,Every distinct observed value in this field matches a known RequirementId row.,Inferred,Example requirement ids: 9152.
9167,ExtData[0].Val1,1,1,1,AbilitySourceType: 1=Cast.,Confirmed,
9167,ExtData[0].Val2,1,1,6,AbilityOperation: 6=BuffGroupCount.,Confirmed,
9167,ExtData[0].Val3,1,1,6,AbilityCondition: 6=LessThan.,Confirmed,
9167,ExtData[0].Val4,1,1,8,AbilityLogicOperator: 8=And.,Confirmed,
9167,ExtData[0].Val6,1,1,541,"Operation-specific reference value (RequirementId child link, ability ID, monster type, or other reference depending on AbilityOperation). Position confirmed from decompiled client ExtData schema.",Inferred,
9167,ExtData[1].Val1,1,1,1,AbilitySourceType: 1=Cast.,Confirmed,
9167,ExtData[1].Val2,1,1,11,AbilityOperation: 11=TargetActivatedComponent.,Confirmed,
9167,ExtData[1].Val3,1,1,1,AbilityCondition: 1=Equal.,Confirmed,
9167,ExtData[1].Val5,1,1,3,Operation-specific threshold or comparison value (semantics depend on AbilityOperation). Position confirmed from decompiled client ExtData schema.,Inferred,
9167,ExtData[1].Val7,1,1,1,Operation-specific auxiliary parameter. Position confirmed from decompiled client ExtData schema.,Inferred,
9168,ExtData[0].Val1,1,1,1,AbilitySourceType: 1=Cast.,Confirmed,
9168,ExtData[0].Val2,1,1,6,AbilityOperation: 6=BuffGroupCount.,Confirmed,
9168,ExtData[0].Val3,1,1,1,AbilityCondition: 1=Equal.,Confirmed,
9168,ExtData[0].Val4,1,1,9,AbilityLogicOperator: 9=Or.,Confirmed,
9168,ExtData[0].Val6,1,1,354,"Operation-specific reference value (RequirementId child link, ability ID, monster type, or other reference depending on AbilityOperation). Position confirmed from decompiled client ExtData schema.",Inferred,
9168,ExtData[0].Val7,1,1,1,Operation-specific auxiliary parameter. Position confirmed from decompiled client ExtData schema.,Inferred,
9168,ExtData[1].Val1,1,1,1,AbilitySourceType: 1=Cast.,Confirmed,
9168,ExtData[1].Val2,1,1,6,AbilityOperation: 6=BuffGroupCount.,Confirmed,
9168,ExtData[1].Val3,1,1,1,AbilityCondition: 1=Equal.,Confirmed,
9168,ExtData[1].Val4,1,1,9,AbilityLogicOperator: 9=Or.,Confirmed,
9168,ExtData[1].Val6,1,1,355,"Operation-specific reference value (RequirementId child link, ability ID, monster type, or other reference depending on AbilityOperation). Position confirmed from decompiled client ExtData schema.",Inferred,
9168,ExtData[1].Val7,1,1,1,Operation-specific auxiliary parameter. Position confirmed from decompiled client ExtData schema.,Inferred,
9168,ExtData[2].Val1,1,1,1,AbilitySourceType: 1=Cast.,Confirmed,
9168,ExtData[2].Val2,1,1,6,AbilityOperation: 6=BuffGroupCount.,Confirmed,
9168,ExtData[2].Val3,1,1,1,AbilityCondition: 1=Equal.,Confirmed,
9168,ExtData[2].Val6,1,1,356,"Operation-specific reference value (RequirementId child link, ability ID, monster type, or other reference depending on AbilityOperation). Position confirmed from decompiled client ExtData schema.",Inferred,
9168,ExtData[2].Val7,1,1,1,Operation-specific auxiliary parameter. Position confirmed from decompiled client ExtData schema.,Inferred,
9169,ExtData[0].Val1,1,1,1,AbilitySourceType: 1=Cast.,Confirmed,
9169,ExtData[0].Val2,1,1,9,AbilityOperation: 9=Random.,Confirmed,
9169,ExtData[0].Val3,1,1,4,AbilityCondition: 4=LessThanEqual.,Confirmed,
9169,ExtData[0].Val4,1,1,8,AbilityLogicOperator: 8=And.,Confirmed,
9169,ExtData[0].Val6,1,1,100,"Operation-specific reference value (RequirementId child link, ability ID, monster type, or other reference depending on AbilityOperation). Position confirmed from decompiled client ExtData schema.",Inferred,
9169,ExtData[0].Val7,1,1,80,Operation-specific auxiliary parameter. Position confirmed from decompiled client ExtData schema.,Inferred,
9169,ExtData[1].Val1,1,1,1,AbilitySourceType: 1=Cast.,Confirmed,
9169,ExtData[1].Val2,1,1,6,AbilityOperation: 6=BuffGroupCount.,Confirmed,
9169,ExtData[1].Val3,1,1,1,AbilityCondition: 1=Equal.,Confirmed,
9169,ExtData[1].Val5,1,1,3,Operation-specific threshold or comparison value (semantics depend on AbilityOperation). Position confirmed from decompiled client ExtData schema.,Inferred,
9169,ExtData[1].Val6,1,1,229,"Operation-specific reference value (RequirementId child link, ability ID, monster type, or other reference depending on AbilityOperation). Position confirmed from decompiled client ExtData schema.",Inferred,
9169,ExtData[1].Val7,1,1,1,Operation-specific auxiliary parameter. Position confirmed from decompiled client ExtData schema.,Inferred,
9170,ExtData[0].Val1,1,1,1,AbilitySourceType: 1=Cast.,Confirmed,
9170,ExtData[0].Val2,1,1,8,AbilityOperation: 8=GetGroupOnAbilityUsed.,Confirmed,
9170,ExtData[0].Val3,1,1,6,AbilityCondition: 6=LessThan.,Confirmed,
9170,ExtData[0].Val4,1,1,9,AbilityLogicOperator: 9=Or.,Confirmed,
9170,ExtData[0].Val6,1,1,1021,"Operation-specific reference value (RequirementId child link, ability ID, monster type, or other reference depending on AbilityOperation). Position confirmed from decompiled client ExtData schema.",Inferred,
9170,ExtData[1].Val1,1,1,1,AbilitySourceType: 1=Cast.,Confirmed,
9170,ExtData[1].Val2,1,1,8,AbilityOperation: 8=GetGroupOnAbilityUsed.,Confirmed,
9170,ExtData[1].Val3,1,1,6,AbilityCondition: 6=LessThan.,Confirmed,
9170,ExtData[1].Val6,1,1,1022,"Operation-specific reference value (RequirementId child link, ability ID, monster type, or other reference depending on AbilityOperation). Position confirmed from decompiled client ExtData schema.",Inferred,
9171,ExtData[0].Val1,1,1,1,AbilitySourceType: 1=Cast.,Confirmed,
9171,ExtData[0].Val2,1,1,9,AbilityOperation: 9=Random.,Confirmed,
9171,ExtData[0].Val3,1,1,7,AbilityCondition: 7=GreaterThan.,Confirmed,
9171,ExtData[0].Val4,1,1,11,AbilityLogicOperator: 11=Unk11.,Confirmed,
9171,ExtData[0].Val6,1,1,100,"Operation-specific reference value (RequirementId child link, ability ID, monster type, or other reference depending on AbilityOperation). Position confirmed from decompiled client ExtData schema.",Inferred,
9171,ExtData[1].Val1,1,1,1,AbilitySourceType: 1=Cast.,Confirmed,
9171,ExtData[1].Val2,1,1,3,AbilityOperation: 3=BuffGroupCounterSum.,Confirmed,
9171,ExtData[1].Val3,1,1,7,AbilityCondition: 7=GreaterThan.,Confirmed,
9171,ExtData[1].Val6,1,1,501,"Operation-specific reference value (RequirementId child link, ability ID, monster type, or other reference depending on AbilityOperation). Position confirmed from decompiled client ExtData schema.",Inferred,
9172,ExtData[0].Val1,1,1,1,AbilitySourceType: 1=Cast.,Confirmed,
9172,ExtData[0].Val2,1,1,8,AbilityOperation: 8=GetGroupOnAbilityUsed.,Confirmed,
9172,ExtData[0].Val3,1,1,6,AbilityCondition: 6=LessThan.,Confirmed,
9172,ExtData[0].Val4,1,1,8,AbilityLogicOperator: 8=And.,Confirmed,
9172,ExtData[0].Val6,1,1,95,"Operation-specific reference value (RequirementId child link, ability ID, monster type, or other reference depending on AbilityOperation). Position confirmed from decompiled client ExtData schema.",Inferred,
9172,ExtData[1].Val1,1,1,1,AbilitySourceType: 1=Cast.,Confirmed,
9172,ExtData[1].Val2,1,1,11,AbilityOperation: 11=TargetActivatedComponent.,Confirmed,
9172,ExtData[1].Val3,1,1,1,AbilityCondition: 1=Equal.,Confirmed,
9172,ExtData[1].Val5,1,1,3,Operation-specific threshold or comparison value (semantics depend on AbilityOperation). Position confirmed from decompiled client ExtData schema.,Inferred,
9172,ExtData[1].Val7,1,1,1,Operation-specific auxiliary parameter. Position confirmed from decompiled client ExtData schema.,Inferred,
9173,ExtData[0].Val1,1,1,1,AbilitySourceType: 1=Cast.,Confirmed,
9173,ExtData[0].Val2,1,1,3,AbilityOperation: 3=BuffGroupCounterSum.,Confirmed,
9173,ExtData[0].Val3,1,1,5,AbilityCondition: 5=GreaterThanEqual.,Confirmed,
9173,ExtData[0].Val4,1,1,8,AbilityLogicOperator: 8=And.,Confirmed,
9173,ExtData[0].Val6,1,1,501,"Operation-specific reference value (RequirementId child link, ability ID, monster type, or other reference depending on AbilityOperation). Position confirmed from decompiled client ExtData schema.",Inferred,
9173,ExtData[0].Val7,1,1,1,Operation-specific auxiliary parameter. Position confirmed from decompiled client ExtData schema.,Inferred,
9173,ExtData[1].Val1,1,1,1,AbilitySourceType: 1=Cast.,Confirmed,
9173,ExtData[1].Val2,1,1,3,AbilityOperation: 3=BuffGroupCounterSum.,Confirmed,
9173,ExtData[1].Val3,1,1,4,AbilityCondition: 4=LessThanEqual.,Confirmed,
9173,ExtData[1].Val6,1,1,501,"Operation-specific reference value (RequirementId child link, ability ID, monster type, or other reference depending on AbilityOperation). Position confirmed from decompiled client ExtData schema.",Inferred,
9173,ExtData[1].Val7,1,1,10,Operation-specific auxiliary parameter. Position confirmed from decompiled client ExtData schema.,Inferred,
9174,ExtData[0].Val1,1,1,1,AbilitySourceType: 1=Cast.,Confirmed,
9174,ExtData[0].Val2,1,1,3,AbilityOperation: 3=BuffGroupCounterSum.,Confirmed,
9174,ExtData[0].Val3,1,1,5,AbilityCondition: 5=GreaterThanEqual.,Confirmed,
9174,ExtData[0].Val4,1,1,8,AbilityLogicOperator: 8=And.,Confirmed,
9174,ExtData[0].Val6,1,1,501,"Operation-specific reference value (RequirementId child link, ability ID, monster type, or other reference depending on AbilityOperation). Position confirmed from decompiled client ExtData schema.",Inferred,
9174,ExtData[0].Val7,1,1,11,Operation-specific auxiliary parameter. Position confirmed from decompiled client ExtData schema.,Inferred,
9174,ExtData[1].Val1,1,1,1,AbilitySourceType: 1=Cast.,Confirmed,
9174,ExtData[1].Val2,1,1,3,AbilityOperation: 3=BuffGroupCounterSum.,Confirmed,
9174,ExtData[1].Val3,1,1,4,AbilityCondition: 4=LessThanEqual.,Confirmed,
9174,ExtData[1].Val6,1,1,501,"Operation-specific reference value (RequirementId child link, ability ID, monster type, or other reference depending on AbilityOperation). Position confirmed from decompiled client ExtData schema.",Inferred,
9174,ExtData[1].Val7,1,1,30,Operation-specific auxiliary parameter. Position confirmed from decompiled client ExtData schema.,Inferred,
9175,ExtData[0].Val1,1,1,1,AbilitySourceType: 1=Cast.,Confirmed,
9175,ExtData[0].Val2,1,1,3,AbilityOperation: 3=BuffGroupCounterSum.,Confirmed,
9175,ExtData[0].Val3,1,1,5,AbilityCondition: 5=GreaterThanEqual.,Confirmed,
9175,ExtData[0].Val4,1,1,8,AbilityLogicOperator: 8=And.,Confirmed,
9175,ExtData[0].Val6,1,1,501,"Operation-specific reference value (RequirementId child link, ability ID, monster type, or other reference depending on AbilityOperation). Position confirmed from decompiled client ExtData schema.",Inferred,
9175,ExtData[0].Val7,1,1,31,Operation-specific auxiliary parameter. Position confirmed from decompiled client ExtData schema.,Inferred,
9175,ExtData[1].Val1,1,1,1,AbilitySourceType: 1=Cast.,Confirmed,
9175,ExtData[1].Val2,1,1,3,AbilityOperation: 3=BuffGroupCounterSum.,Confirmed,
9175,ExtData[1].Val3,1,1,4,AbilityCondition: 4=LessThanEqual.,Confirmed,
9175,ExtData[1].Val6,1,1,501,"Operation-specific reference value (RequirementId child link, ability ID, monster type, or other reference depending on AbilityOperation). Position confirmed from decompiled client ExtData schema.",Inferred,
9175,ExtData[1].Val7,1,1,70,Operation-specific auxiliary parameter. Position confirmed from decompiled client ExtData schema.,Inferred,
9176,ExtData[0].Val1,1,1,1,AbilitySourceType: 1=Cast.,Confirmed,
9176,ExtData[0].Val2,1,1,3,AbilityOperation: 3=BuffGroupCounterSum.,Confirmed,
9176,ExtData[0].Val3,1,1,5,AbilityCondition: 5=GreaterThanEqual.,Confirmed,
9176,ExtData[0].Val4,1,1,8,AbilityLogicOperator: 8=And.,Confirmed,
9176,ExtData[0].Val6,1,1,501,"Operation-specific reference value (RequirementId child link, ability ID, monster type, or other reference depending on AbilityOperation). Position confirmed from decompiled client ExtData schema.",Inferred,
9176,ExtData[0].Val7,1,1,71,Operation-specific auxiliary parameter. Position confirmed from decompiled client ExtData schema.,Inferred,
9176,ExtData[1].Val1,1,1,1,AbilitySourceType: 1=Cast.,Confirmed,
9176,ExtData[1].Val2,1,1,3,AbilityOperation: 3=BuffGroupCounterSum.,Confirmed,
9176,ExtData[1].Val3,1,1,4,AbilityCondition: 4=LessThanEqual.,Confirmed,
9176,ExtData[1].Val6,1,1,501,"Operation-specific reference value (RequirementId child link, ability ID, monster type, or other reference depending on AbilityOperation). Position confirmed from decompiled client ExtData schema.",Inferred,
9176,ExtData[1].Val7,1,1,90,Operation-specific auxiliary parameter. Position confirmed from decompiled client ExtData schema.,Inferred,
9177,ExtData[0].Val1,1,1,1,AbilitySourceType: 1=Cast.,Confirmed,
9177,ExtData[0].Val2,1,1,3,AbilityOperation: 3=BuffGroupCounterSum.,Confirmed,
9177,ExtData[0].Val3,1,1,5,AbilityCondition: 5=GreaterThanEqual.,Confirmed,
9177,ExtData[0].Val4,1,1,8,AbilityLogicOperator: 8=And.,Confirmed,
9177,ExtData[0].Val6,1,1,501,"Operation-specific reference value (RequirementId child link, ability ID, monster type, or other reference depending on AbilityOperation). Position confirmed from decompiled client ExtData schema.",Inferred,
9177,ExtData[0].Val7,1,1,91,Operation-specific auxiliary parameter. Position confirmed from decompiled client ExtData schema.,Inferred,
9177,ExtData[1].Val1,1,1,1,AbilitySourceType: 1=Cast.,Confirmed,
9177,ExtData[1].Val2,1,1,3,AbilityOperation: 3=BuffGroupCounterSum.,Confirmed,
9177,ExtData[1].Val3,1,1,4,AbilityCondition: 4=LessThanEqual.,Confirmed,
9177,ExtData[1].Val6,1,1,501,"Operation-specific reference value (RequirementId child link, ability ID, monster type, or other reference depending on AbilityOperation). Position confirmed from decompiled client ExtData schema.",Inferred,
9177,ExtData[1].Val7,1,1,100,Operation-specific auxiliary parameter. Position confirmed from decompiled client ExtData schema.,Inferred,
9178,ExtData[0].Val1,1,1,1,AbilitySourceType: 1=Cast.,Confirmed,
9178,ExtData[0].Val2,1,1,10,AbilityOperation: 10=RequirmentGroupCheck.,Confirmed,
9178,ExtData[0].Val3,1,1,1,AbilityCondition: 1=Equal.,Confirmed,
9178,ExtData[0].Val4,1,1,8,AbilityLogicOperator: 8=And.,Confirmed,
9178,ExtData[0].Val6,1,1,9173,Every distinct observed value in this field matches a known RequirementId row.,Inferred,Example requirement ids: 9173.
9178,ExtData[0].Val7,1,1,1,Operation-specific auxiliary parameter. Position confirmed from decompiled client ExtData schema.,Inferred,
9178,ExtData[1].Val1,1,1,1,AbilitySourceType: 1=Cast.,Confirmed,
9178,ExtData[1].Val2,1,1,9,AbilityOperation: 9=Random.,Confirmed,
9178,ExtData[1].Val3,1,1,4,AbilityCondition: 4=LessThanEqual.,Confirmed,
9178,ExtData[1].Val6,1,1,100,"Operation-specific reference value (RequirementId child link, ability ID, monster type, or other reference depending on AbilityOperation). Position confirmed from decompiled client ExtData schema.",Inferred,
9178,ExtData[1].Val7,1,1,4,Operation-specific auxiliary parameter. Position confirmed from decompiled client ExtData schema.,Inferred,
9179,ExtData[0].Val1,1,1,1,AbilitySourceType: 1=Cast.,Confirmed,
9179,ExtData[0].Val2,1,1,10,AbilityOperation: 10=RequirmentGroupCheck.,Confirmed,
9179,ExtData[0].Val3,1,1,1,AbilityCondition: 1=Equal.,Confirmed,
9179,ExtData[0].Val4,1,1,8,AbilityLogicOperator: 8=And.,Confirmed,
9179,ExtData[0].Val6,1,1,9174,Every distinct observed value in this field matches a known RequirementId row.,Inferred,Example requirement ids: 9174.
9179,ExtData[0].Val7,1,1,1,Operation-specific auxiliary parameter. Position confirmed from decompiled client ExtData schema.,Inferred,
9179,ExtData[1].Val1,1,1,1,AbilitySourceType: 1=Cast.,Confirmed,
9179,ExtData[1].Val2,1,1,9,AbilityOperation: 9=Random.,Confirmed,
9179,ExtData[1].Val3,1,1,4,AbilityCondition: 4=LessThanEqual.,Confirmed,
9179,ExtData[1].Val6,1,1,100,"Operation-specific reference value (RequirementId child link, ability ID, monster type, or other reference depending on AbilityOperation). Position confirmed from decompiled client ExtData schema.",Inferred,
9179,ExtData[1].Val7,1,1,8,Operation-specific auxiliary parameter. Position confirmed from decompiled client ExtData schema.,Inferred,
9180,ExtData[0].Val1,1,1,1,AbilitySourceType: 1=Cast.,Confirmed,
9180,ExtData[0].Val2,1,1,10,AbilityOperation: 10=RequirmentGroupCheck.,Confirmed,
9180,ExtData[0].Val3,1,1,1,AbilityCondition: 1=Equal.,Confirmed,
9180,ExtData[0].Val4,1,1,8,AbilityLogicOperator: 8=And.,Confirmed,
9180,ExtData[0].Val6,1,1,9175,Every distinct observed value in this field matches a known RequirementId row.,Inferred,Example requirement ids: 9175.
9180,ExtData[0].Val7,1,1,1,Operation-specific auxiliary parameter. Position confirmed from decompiled client ExtData schema.,Inferred,
9180,ExtData[1].Val1,1,1,1,AbilitySourceType: 1=Cast.,Confirmed,
9180,ExtData[1].Val2,1,1,9,AbilityOperation: 9=Random.,Confirmed,
9180,ExtData[1].Val3,1,1,4,AbilityCondition: 4=LessThanEqual.,Confirmed,
9180,ExtData[1].Val6,1,1,100,"Operation-specific reference value (RequirementId child link, ability ID, monster type, or other reference depending on AbilityOperation). Position confirmed from decompiled client ExtData schema.",Inferred,
9180,ExtData[1].Val7,1,1,15,Operation-specific auxiliary parameter. Position confirmed from decompiled client ExtData schema.,Inferred,
9181,ExtData[0].Val1,1,1,1,AbilitySourceType: 1=Cast.,Confirmed,
9181,ExtData[0].Val2,1,1,10,AbilityOperation: 10=RequirmentGroupCheck.,Confirmed,
9181,ExtData[0].Val3,1,1,1,AbilityCondition: 1=Equal.,Confirmed,
9181,ExtData[0].Val4,1,1,8,AbilityLogicOperator: 8=And.,Confirmed,
9181,ExtData[0].Val6,1,1,9176,Every distinct observed value in this field matches a known RequirementId row.,Inferred,Example requirement ids: 9176.
9181,ExtData[0].Val7,1,1,1,Operation-specific auxiliary parameter. Position confirmed from decompiled client ExtData schema.,Inferred,
9181,ExtData[1].Val1,1,1,1,AbilitySourceType: 1=Cast.,Confirmed,
9181,ExtData[1].Val2,1,1,9,AbilityOperation: 9=Random.,Confirmed,
9181,ExtData[1].Val3,1,1,4,AbilityCondition: 4=LessThanEqual.,Confirmed,
9181,ExtData[1].Val6,1,1,100,"Operation-specific reference value (RequirementId child link, ability ID, monster type, or other reference depending on AbilityOperation). Position confirmed from decompiled client ExtData schema.",Inferred,
9181,ExtData[1].Val7,1,1,25,Operation-specific auxiliary parameter. Position confirmed from decompiled client ExtData schema.,Inferred,
9182,ExtData[0].Val1,1,1,1,AbilitySourceType: 1=Cast.,Confirmed,
9182,ExtData[0].Val2,1,1,10,AbilityOperation: 10=RequirmentGroupCheck.,Confirmed,
9182,ExtData[0].Val3,1,1,1,AbilityCondition: 1=Equal.,Confirmed,
9182,ExtData[0].Val4,1,1,8,AbilityLogicOperator: 8=And.,Confirmed,
9182,ExtData[0].Val6,1,1,9177,Every distinct observed value in this field matches a known RequirementId row.,Inferred,Example requirement ids: 9177.
9182,ExtData[0].Val7,1,1,1,Operation-specific auxiliary parameter. Position confirmed from decompiled client ExtData schema.,Inferred,
9182,ExtData[1].Val1,1,1,1,AbilitySourceType: 1=Cast.,Confirmed,
9182,ExtData[1].Val2,1,1,9,AbilityOperation: 9=Random.,Confirmed,
9182,ExtData[1].Val3,1,1,4,AbilityCondition: 4=LessThanEqual.,Confirmed,
9182,ExtData[1].Val6,1,1,100,"Operation-specific reference value (RequirementId child link, ability ID, monster type, or other reference depending on AbilityOperation). Position confirmed from decompiled client ExtData schema.",Inferred,
9182,ExtData[1].Val7,1,1,35,Operation-specific auxiliary parameter. Position confirmed from decompiled client ExtData schema.,Inferred,
9183,ExtData[0].Val1,1,1,1,AbilitySourceType: 1=Cast.,Confirmed,
9183,ExtData[0].Val2,1,1,3,AbilityOperation: 3=BuffGroupCounterSum.,Confirmed,
9183,ExtData[0].Val3,1,1,5,AbilityCondition: 5=GreaterThanEqual.,Confirmed,
9183,ExtData[0].Val4,1,1,8,AbilityLogicOperator: 8=And.,Confirmed,
9183,ExtData[0].Val6,1,1,420,"Operation-specific reference value (RequirementId child link, ability ID, monster type, or other reference depending on AbilityOperation). Position confirmed from decompiled client ExtData schema.",Inferred,
9183,ExtData[0].Val7,1,1,1,Operation-specific auxiliary parameter. Position confirmed from decompiled client ExtData schema.,Inferred,
9183,ExtData[1].Val1,1,1,1,AbilitySourceType: 1=Cast.,Confirmed,
9183,ExtData[1].Val2,1,1,3,AbilityOperation: 3=BuffGroupCounterSum.,Confirmed,
9183,ExtData[1].Val3,1,1,4,AbilityCondition: 4=LessThanEqual.,Confirmed,
9183,ExtData[1].Val6,1,1,420,"Operation-specific reference value (RequirementId child link, ability ID, monster type, or other reference depending on AbilityOperation). Position confirmed from decompiled client ExtData schema.",Inferred,
9183,ExtData[1].Val7,1,1,10,Operation-specific auxiliary parameter. Position confirmed from decompiled client ExtData schema.,Inferred,
9184,ExtData[0].Val1,1,1,1,AbilitySourceType: 1=Cast.,Confirmed,
9184,ExtData[0].Val2,1,1,3,AbilityOperation: 3=BuffGroupCounterSum.,Confirmed,
9184,ExtData[0].Val3,1,1,5,AbilityCondition: 5=GreaterThanEqual.,Confirmed,
9184,ExtData[0].Val4,1,1,8,AbilityLogicOperator: 8=And.,Confirmed,
9184,ExtData[0].Val6,1,1,420,"Operation-specific reference value (RequirementId child link, ability ID, monster type, or other reference depending on AbilityOperation). Position confirmed from decompiled client ExtData schema.",Inferred,
9184,ExtData[0].Val7,1,1,11,Operation-specific auxiliary parameter. Position confirmed from decompiled client ExtData schema.,Inferred,
9184,ExtData[1].Val1,1,1,1,AbilitySourceType: 1=Cast.,Confirmed,
9184,ExtData[1].Val2,1,1,3,AbilityOperation: 3=BuffGroupCounterSum.,Confirmed,
9184,ExtData[1].Val3,1,1,4,AbilityCondition: 4=LessThanEqual.,Confirmed,
9184,ExtData[1].Val6,1,1,420,"Operation-specific reference value (RequirementId child link, ability ID, monster type, or other reference depending on AbilityOperation). Position confirmed from decompiled client ExtData schema.",Inferred,
9184,ExtData[1].Val7,1,1,30,Operation-specific auxiliary parameter. Position confirmed from decompiled client ExtData schema.,Inferred,
9185,ExtData[0].Val1,1,1,1,AbilitySourceType: 1=Cast.,Confirmed,
9185,ExtData[0].Val2,1,1,3,AbilityOperation: 3=BuffGroupCounterSum.,Confirmed,
9185,ExtData[0].Val3,1,1,5,AbilityCondition: 5=GreaterThanEqual.,Confirmed,
9185,ExtData[0].Val4,1,1,8,AbilityLogicOperator: 8=And.,Confirmed,
9185,ExtData[0].Val6,1,1,420,"Operation-specific reference value (RequirementId child link, ability ID, monster type, or other reference depending on AbilityOperation). Position confirmed from decompiled client ExtData schema.",Inferred,
9185,ExtData[0].Val7,1,1,31,Operation-specific auxiliary parameter. Position confirmed from decompiled client ExtData schema.,Inferred,
9185,ExtData[1].Val1,1,1,1,AbilitySourceType: 1=Cast.,Confirmed,
9185,ExtData[1].Val2,1,1,3,AbilityOperation: 3=BuffGroupCounterSum.,Confirmed,
9185,ExtData[1].Val3,1,1,4,AbilityCondition: 4=LessThanEqual.,Confirmed,
9185,ExtData[1].Val6,1,1,420,"Operation-specific reference value (RequirementId child link, ability ID, monster type, or other reference depending on AbilityOperation). Position confirmed from decompiled client ExtData schema.",Inferred,
9185,ExtData[1].Val7,1,1,70,Operation-specific auxiliary parameter. Position confirmed from decompiled client ExtData schema.,Inferred,
9186,ExtData[0].Val1,1,1,1,AbilitySourceType: 1=Cast.,Confirmed,
9186,ExtData[0].Val2,1,1,3,AbilityOperation: 3=BuffGroupCounterSum.,Confirmed,
9186,ExtData[0].Val3,1,1,5,AbilityCondition: 5=GreaterThanEqual.,Confirmed,
9186,ExtData[0].Val4,1,1,8,AbilityLogicOperator: 8=And.,Confirmed,
9186,ExtData[0].Val6,1,1,420,"Operation-specific reference value (RequirementId child link, ability ID, monster type, or other reference depending on AbilityOperation). Position confirmed from decompiled client ExtData schema.",Inferred,
9186,ExtData[0].Val7,1,1,71,Operation-specific auxiliary parameter. Position confirmed from decompiled client ExtData schema.,Inferred,
9186,ExtData[1].Val1,1,1,1,AbilitySourceType: 1=Cast.,Confirmed,
9186,ExtData[1].Val2,1,1,3,AbilityOperation: 3=BuffGroupCounterSum.,Confirmed,
9186,ExtData[1].Val3,1,1,4,AbilityCondition: 4=LessThanEqual.,Confirmed,
9186,ExtData[1].Val6,1,1,420,"Operation-specific reference value (RequirementId child link, ability ID, monster type, or other reference depending on AbilityOperation). Position confirmed from decompiled client ExtData schema.",Inferred,
9186,ExtData[1].Val7,1,1,90,Operation-specific auxiliary parameter. Position confirmed from decompiled client ExtData schema.,Inferred,
9187,ExtData[0].Val1,1,1,1,AbilitySourceType: 1=Cast.,Confirmed,
9187,ExtData[0].Val2,1,1,3,AbilityOperation: 3=BuffGroupCounterSum.,Confirmed,
9187,ExtData[0].Val3,1,1,5,AbilityCondition: 5=GreaterThanEqual.,Confirmed,
9187,ExtData[0].Val4,1,1,8,AbilityLogicOperator: 8=And.,Confirmed,
9187,ExtData[0].Val6,1,1,420,"Operation-specific reference value (RequirementId child link, ability ID, monster type, or other reference depending on AbilityOperation). Position confirmed from decompiled client ExtData schema.",Inferred,
9187,ExtData[0].Val7,1,1,91,Operation-specific auxiliary parameter. Position confirmed from decompiled client ExtData schema.,Inferred,
9187,ExtData[1].Val1,1,1,1,AbilitySourceType: 1=Cast.,Confirmed,
9187,ExtData[1].Val2,1,1,3,AbilityOperation: 3=BuffGroupCounterSum.,Confirmed,
9187,ExtData[1].Val3,1,1,4,AbilityCondition: 4=LessThanEqual.,Confirmed,
9187,ExtData[1].Val6,1,1,420,"Operation-specific reference value (RequirementId child link, ability ID, monster type, or other reference depending on AbilityOperation). Position confirmed from decompiled client ExtData schema.",Inferred,
9187,ExtData[1].Val7,1,1,100,Operation-specific auxiliary parameter. Position confirmed from decompiled client ExtData schema.,Inferred,
9188,ExtData[0].Val1,1,1,1,AbilitySourceType: 1=Cast.,Confirmed,
9188,ExtData[0].Val2,1,1,10,AbilityOperation: 10=RequirmentGroupCheck.,Confirmed,
9188,ExtData[0].Val3,1,1,1,AbilityCondition: 1=Equal.,Confirmed,
9188,ExtData[0].Val4,1,1,8,AbilityLogicOperator: 8=And.,Confirmed,
9188,ExtData[0].Val6,1,1,9183,Every distinct observed value in this field matches a known RequirementId row.,Inferred,Example requirement ids: 9183.
9188,ExtData[0].Val7,1,1,1,Operation-specific auxiliary parameter. Position confirmed from decompiled client ExtData schema.,Inferred,
9188,ExtData[1].Val1,1,1,1,AbilitySourceType: 1=Cast.,Confirmed,
9188,ExtData[1].Val2,1,1,9,AbilityOperation: 9=Random.,Confirmed,
9188,ExtData[1].Val3,1,1,4,AbilityCondition: 4=LessThanEqual.,Confirmed,
9188,ExtData[1].Val4,1,1,9,AbilityLogicOperator: 9=Or.,Confirmed,
9188,ExtData[1].Val6,1,1,100,"Operation-specific reference value (RequirementId child link, ability ID, monster type, or other reference depending on AbilityOperation). Position confirmed from decompiled client ExtData schema.",Inferred,
9188,ExtData[1].Val7,1,1,4,Operation-specific auxiliary parameter. Position confirmed from decompiled client ExtData schema.,Inferred,
9188,ExtData[2].Val1,1,1,1,AbilitySourceType: 1=Cast.,Confirmed,
9188,ExtData[2].Val2,1,1,10,AbilityOperation: 10=RequirmentGroupCheck.,Confirmed,
9188,ExtData[2].Val3,1,1,1,AbilityCondition: 1=Equal.,Confirmed,
9188,ExtData[2].Val6,1,1,9586,Every distinct observed value in this field matches a known RequirementId row.,Inferred,Example requirement ids: 9586.
9188,ExtData[2].Val7,1,1,1,Operation-specific auxiliary parameter. Position confirmed from decompiled client ExtData schema.,Inferred,
9189,ExtData[0].Val1,1,1,1,AbilitySourceType: 1=Cast.,Confirmed,
9189,ExtData[0].Val2,1,1,10,AbilityOperation: 10=RequirmentGroupCheck.,Confirmed,
9189,ExtData[0].Val3,1,1,1,AbilityCondition: 1=Equal.,Confirmed,
9189,ExtData[0].Val4,1,1,8,AbilityLogicOperator: 8=And.,Confirmed,
9189,ExtData[0].Val6,1,1,9183,Every distinct observed value in this field matches a known RequirementId row.,Inferred,Example requirement ids: 9183.
9189,ExtData[0].Val7,1,1,1,Operation-specific auxiliary parameter. Position confirmed from decompiled client ExtData schema.,Inferred,
9189,ExtData[1].Val1,1,1,1,AbilitySourceType: 1=Cast.,Confirmed,
9189,ExtData[1].Val2,1,1,9,AbilityOperation: 9=Random.,Confirmed,
9189,ExtData[1].Val3,1,1,4,AbilityCondition: 4=LessThanEqual.,Confirmed,
9189,ExtData[1].Val4,1,1,9,AbilityLogicOperator: 9=Or.,Confirmed,
9189,ExtData[1].Val6,1,1,100,"Operation-specific reference value (RequirementId child link, ability ID, monster type, or other reference depending on AbilityOperation). Position confirmed from decompiled client ExtData schema.",Inferred,
9189,ExtData[1].Val7,1,1,8,Operation-specific auxiliary parameter. Position confirmed from decompiled client ExtData schema.,Inferred,
9189,ExtData[2].Val1,1,1,1,AbilitySourceType: 1=Cast.,Confirmed,
9189,ExtData[2].Val2,1,1,10,AbilityOperation: 10=RequirmentGroupCheck.,Confirmed,
9189,ExtData[2].Val3,1,1,1,AbilityCondition: 1=Equal.,Confirmed,
9189,ExtData[2].Val6,1,1,9586,Every distinct observed value in this field matches a known RequirementId row.,Inferred,Example requirement ids: 9586.
9189,ExtData[2].Val7,1,1,1,Operation-specific auxiliary parameter. Position confirmed from decompiled client ExtData schema.,Inferred,
9190,ExtData[0].Val1,1,1,1,AbilitySourceType: 1=Cast.,Confirmed,
9190,ExtData[0].Val2,1,1,10,AbilityOperation: 10=RequirmentGroupCheck.,Confirmed,
9190,ExtData[0].Val3,1,1,1,AbilityCondition: 1=Equal.,Confirmed,
9190,ExtData[0].Val4,1,1,8,AbilityLogicOperator: 8=And.,Confirmed,
9190,ExtData[0].Val6,1,1,9185,Every distinct observed value in this field matches a known RequirementId row.,Inferred,Example requirement ids: 9185.
9190,ExtData[0].Val7,1,1,1,Operation-specific auxiliary parameter. Position confirmed from decompiled client ExtData schema.,Inferred,
9190,ExtData[1].Val1,1,1,1,AbilitySourceType: 1=Cast.,Confirmed,
9190,ExtData[1].Val2,1,1,9,AbilityOperation: 9=Random.,Confirmed,
9190,ExtData[1].Val3,1,1,4,AbilityCondition: 4=LessThanEqual.,Confirmed,
9190,ExtData[1].Val4,1,1,9,AbilityLogicOperator: 9=Or.,Confirmed,
9190,ExtData[1].Val6,1,1,100,"Operation-specific reference value (RequirementId child link, ability ID, monster type, or other reference depending on AbilityOperation). Position confirmed from decompiled client ExtData schema.",Inferred,
9190,ExtData[1].Val7,1,1,15,Operation-specific auxiliary parameter. Position confirmed from decompiled client ExtData schema.,Inferred,
9190,ExtData[2].Val1,1,1,1,AbilitySourceType: 1=Cast.,Confirmed,
9190,ExtData[2].Val2,1,1,10,AbilityOperation: 10=RequirmentGroupCheck.,Confirmed,
9190,ExtData[2].Val3,1,1,1,AbilityCondition: 1=Equal.,Confirmed,
9190,ExtData[2].Val6,1,1,9586,Every distinct observed value in this field matches a known RequirementId row.,Inferred,Example requirement ids: 9586.
9190,ExtData[2].Val7,1,1,1,Operation-specific auxiliary parameter. Position confirmed from decompiled client ExtData schema.,Inferred,
9191,ExtData[0].Val1,1,1,1,AbilitySourceType: 1=Cast.,Confirmed,
9191,ExtData[0].Val2,1,1,10,AbilityOperation: 10=RequirmentGroupCheck.,Confirmed,
9191,ExtData[0].Val3,1,1,1,AbilityCondition: 1=Equal.,Confirmed,
9191,ExtData[0].Val4,1,1,8,AbilityLogicOperator: 8=And.,Confirmed,
9191,ExtData[0].Val6,1,1,9186,Every distinct observed value in this field matches a known RequirementId row.,Inferred,Example requirement ids: 9186.
9191,ExtData[0].Val7,1,1,1,Operation-specific auxiliary parameter. Position confirmed from decompiled client ExtData schema.,Inferred,
9191,ExtData[1].Val1,1,1,1,AbilitySourceType: 1=Cast.,Confirmed,
9191,ExtData[1].Val2,1,1,9,AbilityOperation: 9=Random.,Confirmed,
9191,ExtData[1].Val3,1,1,4,AbilityCondition: 4=LessThanEqual.,Confirmed,
9191,ExtData[1].Val4,1,1,9,AbilityLogicOperator: 9=Or.,Confirmed,
9191,ExtData[1].Val6,1,1,100,"Operation-specific reference value (RequirementId child link, ability ID, monster type, or other reference depending on AbilityOperation). Position confirmed from decompiled client ExtData schema.",Inferred,
9191,ExtData[1].Val7,1,1,25,Operation-specific auxiliary parameter. Position confirmed from decompiled client ExtData schema.,Inferred,
9191,ExtData[2].Val1,1,1,1,AbilitySourceType: 1=Cast.,Confirmed,
9191,ExtData[2].Val2,1,1,10,AbilityOperation: 10=RequirmentGroupCheck.,Confirmed,
9191,ExtData[2].Val3,1,1,1,AbilityCondition: 1=Equal.,Confirmed,
9191,ExtData[2].Val6,1,1,9586,Every distinct observed value in this field matches a known RequirementId row.,Inferred,Example requirement ids: 9586.
9191,ExtData[2].Val7,1,1,1,Operation-specific auxiliary parameter. Position confirmed from decompiled client ExtData schema.,Inferred,
9192,ExtData[0].Val1,1,1,1,AbilitySourceType: 1=Cast.,Confirmed,
9192,ExtData[0].Val2,1,1,10,AbilityOperation: 10=RequirmentGroupCheck.,Confirmed,
9192,ExtData[0].Val3,1,1,1,AbilityCondition: 1=Equal.,Confirmed,
9192,ExtData[0].Val4,1,1,8,AbilityLogicOperator: 8=And.,Confirmed,
9192,ExtData[0].Val6,1,1,9187,Every distinct observed value in this field matches a known RequirementId row.,Inferred,Example requirement ids: 9187.
9192,ExtData[0].Val7,1,1,1,Operation-specific auxiliary parameter. Position confirmed from decompiled client ExtData schema.,Inferred,
9192,ExtData[1].Val1,1,1,1,AbilitySourceType: 1=Cast.,Confirmed,
9192,ExtData[1].Val2,1,1,9,AbilityOperation: 9=Random.,Confirmed,
9192,ExtData[1].Val3,1,1,4,AbilityCondition: 4=LessThanEqual.,Confirmed,
9192,ExtData[1].Val4,1,1,9,AbilityLogicOperator: 9=Or.,Confirmed,
9192,ExtData[1].Val6,1,1,100,"Operation-specific reference value (RequirementId child link, ability ID, monster type, or other reference depending on AbilityOperation). Position confirmed from decompiled client ExtData schema.",Inferred,
9192,ExtData[1].Val7,1,1,35,Operation-specific auxiliary parameter. Position confirmed from decompiled client ExtData schema.,Inferred,
9192,ExtData[2].Val1,1,1,1,AbilitySourceType: 1=Cast.,Confirmed,
9192,ExtData[2].Val2,1,1,10,AbilityOperation: 10=RequirmentGroupCheck.,Confirmed,
9192,ExtData[2].Val3,1,1,1,AbilityCondition: 1=Equal.,Confirmed,
9192,ExtData[2].Val6,1,1,9586,Every distinct observed value in this field matches a known RequirementId row.,Inferred,Example requirement ids: 9586.
9192,ExtData[2].Val7,1,1,1,Operation-specific auxiliary parameter. Position confirmed from decompiled client ExtData schema.,Inferred,
9193,ExtData[0].Val1,1,1,1,AbilitySourceType: 1=Cast.,Confirmed,
9193,ExtData[0].Val2,1,1,8,AbilityOperation: 8=GetGroupOnAbilityUsed.,Confirmed,
9193,ExtData[0].Val3,1,1,6,AbilityCondition: 6=LessThan.,Confirmed,
9193,ExtData[0].Val4,1,1,8,AbilityLogicOperator: 8=And.,Confirmed,
9193,ExtData[0].Val6,1,1,298,"Operation-specific reference value (RequirementId child link, ability ID, monster type, or other reference depending on AbilityOperation). Position confirmed from decompiled client ExtData schema.",Inferred,
9193,ExtData[1].Val1,1,1,1,AbilitySourceType: 1=Cast.,Confirmed,
9193,ExtData[1].Val2,1,1,11,AbilityOperation: 11=TargetActivatedComponent.,Confirmed,
9193,ExtData[1].Val3,1,1,1,AbilityCondition: 1=Equal.,Confirmed,
9193,ExtData[1].Val5,1,1,3,Operation-specific threshold or comparison value (semantics depend on AbilityOperation). Position confirmed from decompiled client ExtData schema.,Inferred,
9193,ExtData[1].Val7,1,1,1,Operation-specific auxiliary parameter. Position confirmed from decompiled client ExtData schema.,Inferred,
9194,ExtData[0].Val1,1,1,1,AbilitySourceType: 1=Cast.,Confirmed,
9194,ExtData[0].Val2,1,1,6,AbilityOperation: 6=BuffGroupCount.,Confirmed,
9194,ExtData[0].Val3,1,1,1,AbilityCondition: 1=Equal.,Confirmed,
9194,ExtData[0].Val4,1,1,8,AbilityLogicOperator: 8=And.,Confirmed,
9194,ExtData[0].Val5,1,1,3,Operation-specific threshold or comparison value (semantics depend on AbilityOperation). Position confirmed from decompiled client ExtData schema.,Inferred,
9194,ExtData[0].Val6,1,1,301,"Operation-specific reference value (RequirementId child link, ability ID, monster type, or other reference depending on AbilityOperation). Position confirmed from decompiled client ExtData schema.",Inferred,
9194,ExtData[1].Val1,1,1,1,AbilitySourceType: 1=Cast.,Confirmed,
9194,ExtData[1].Val2,1,1,9,AbilityOperation: 9=Random.,Confirmed,
9194,ExtData[1].Val3,1,1,4,AbilityCondition: 4=LessThanEqual.,Confirmed,
9194,ExtData[1].Val6,1,1,100,"Operation-specific reference value (RequirementId child link, ability ID, monster type, or other reference depending on AbilityOperation). Position confirmed from decompiled client ExtData schema.",Inferred,
9194,ExtData[1].Val7,1,1,20,Operation-specific auxiliary parameter. Position confirmed from decompiled client ExtData schema.,Inferred,
9195,ExtData[0].Val1,1,1,1,AbilitySourceType: 1=Cast.,Confirmed,
9195,ExtData[0].Val2,1,1,6,AbilityOperation: 6=BuffGroupCount.,Confirmed,
9195,ExtData[0].Val3,1,1,1,AbilityCondition: 1=Equal.,Confirmed,
9195,ExtData[0].Val4,1,1,8,AbilityLogicOperator: 8=And.,Confirmed,
9195,ExtData[0].Val5,1,1,3,Operation-specific threshold or comparison value (semantics depend on AbilityOperation). Position confirmed from decompiled client ExtData schema.,Inferred,
9195,ExtData[0].Val6,1,1,301,"Operation-specific reference value (RequirementId child link, ability ID, monster type, or other reference depending on AbilityOperation). Position confirmed from decompiled client ExtData schema.",Inferred,
9195,ExtData[0].Val7,1,1,1,Operation-specific auxiliary parameter. Position confirmed from decompiled client ExtData schema.,Inferred,
9195,ExtData[1].Val1,1,1,1,AbilitySourceType: 1=Cast.,Confirmed,
9195,ExtData[1].Val2,1,1,9,AbilityOperation: 9=Random.,Confirmed,
9195,ExtData[1].Val3,1,1,4,AbilityCondition: 4=LessThanEqual.,Confirmed,
9195,ExtData[1].Val6,1,1,100,"Operation-specific reference value (RequirementId child link, ability ID, monster type, or other reference depending on AbilityOperation). Position confirmed from decompiled client ExtData schema.",Inferred,
9195,ExtData[1].Val7,1,1,30,Operation-specific auxiliary parameter. Position confirmed from decompiled client ExtData schema.,Inferred,
9196,ExtData[0].Val1,1,1,1,AbilitySourceType: 1=Cast.,Confirmed,
9196,ExtData[0].Val2,1,1,10,AbilityOperation: 10=RequirmentGroupCheck.,Confirmed,
9196,ExtData[0].Val3,1,1,1,AbilityCondition: 1=Equal.,Confirmed,
9196,ExtData[0].Val4,1,1,9,AbilityLogicOperator: 9=Or.,Confirmed,
9196,ExtData[0].Val6,1,1,9194,Every distinct observed value in this field matches a known RequirementId row.,Inferred,Example requirement ids: 9194.
9196,ExtData[0].Val7,1,1,1,Operation-specific auxiliary parameter. Position confirmed from decompiled client ExtData schema.,Inferred,
9196,ExtData[1].Val1,1,1,1,AbilitySourceType: 1=Cast.,Confirmed,
9196,ExtData[1].Val2,1,1,10,AbilityOperation: 10=RequirmentGroupCheck.,Confirmed,
9196,ExtData[1].Val3,1,1,1,AbilityCondition: 1=Equal.,Confirmed,
9196,ExtData[1].Val6,1,1,9195,Every distinct observed value in this field matches a known RequirementId row.,Inferred,Example requirement ids: 9195.
9196,ExtData[1].Val7,1,1,1,Operation-specific auxiliary parameter. Position confirmed from decompiled client ExtData schema.,Inferred,
9197,ExtData[0].Val1,1,1,1,AbilitySourceType: 1=Cast.,Confirmed,
9197,ExtData[0].Val2,1,1,64,AbilityOperation: 64=Unk64.,Confirmed,
9197,ExtData[0].Val3,1,1,1,AbilityCondition: 1=Equal.,Confirmed,
9197,ExtData[0].Val4,1,1,9,AbilityLogicOperator: 9=Or.,Confirmed,
9197,ExtData[0].Val6,1,1,6178,"Operation-specific reference value (RequirementId child link, ability ID, monster type, or other reference depending on AbilityOperation). Position confirmed from decompiled client ExtData schema.",Inferred,
9197,ExtData[0].Val7,1,1,1,Operation-specific auxiliary parameter. Position confirmed from decompiled client ExtData schema.,Inferred,
9197,ExtData[1].Val1,1,1,1,AbilitySourceType: 1=Cast.,Confirmed,
9197,ExtData[1].Val2,1,1,64,AbilityOperation: 64=Unk64.,Confirmed,
9197,ExtData[1].Val3,1,1,1,AbilityCondition: 1=Equal.,Confirmed,
9197,ExtData[1].Val4,1,1,9,AbilityLogicOperator: 9=Or.,Confirmed,
9197,ExtData[1].Val6,1,1,13730,"Operation-specific reference value (RequirementId child link, ability ID, monster type, or other reference depending on AbilityOperation). Position confirmed from decompiled client ExtData schema.",Inferred,
9197,ExtData[1].Val7,1,1,1,Operation-specific auxiliary parameter. Position confirmed from decompiled client ExtData schema.,Inferred,
9197,ExtData[2].Val1,1,1,1,AbilitySourceType: 1=Cast.,Confirmed,
9197,ExtData[2].Val2,1,1,64,AbilityOperation: 64=Unk64.,Confirmed,
9197,ExtData[2].Val3,1,1,1,AbilityCondition: 1=Equal.,Confirmed,
9197,ExtData[2].Val6,1,1,11791,"Operation-specific reference value (RequirementId child link, ability ID, monster type, or other reference depending on AbilityOperation). Position confirmed from decompiled client ExtData schema.",Inferred,
9197,ExtData[2].Val7,1,1,1,Operation-specific auxiliary parameter. Position confirmed from decompiled client ExtData schema.,Inferred,
9198,ExtData[0].Val1,1,1,1,AbilitySourceType: 1=Cast.,Confirmed,
9198,ExtData[0].Val2,1,1,75,AbilityOperation: 75=Finisher.,Confirmed,
9198,ExtData[0].Val3,1,1,1,AbilityCondition: 1=Equal.,Confirmed,
9198,ExtData[0].Val4,1,1,9,AbilityLogicOperator: 9=Or.,Confirmed,
9198,ExtData[0].Val7,1,1,1,Operation-specific auxiliary parameter. Position confirmed from decompiled client ExtData schema.,Inferred,
9198,ExtData[1].Val1,1,1,1,AbilitySourceType: 1=Cast.,Confirmed,
9198,ExtData[1].Val2,1,1,75,AbilityOperation: 75=Finisher.,Confirmed,
9198,ExtData[1].Val3,1,1,1,AbilityCondition: 1=Equal.,Confirmed,
9198,ExtData[1].Val4,1,1,9,AbilityLogicOperator: 9=Or.,Confirmed,
9198,ExtData[1].Val7,1,1,2,Operation-specific auxiliary parameter. Position confirmed from decompiled client ExtData schema.,Inferred,
9198,ExtData[2].Val1,1,1,1,AbilitySourceType: 1=Cast.,Confirmed,
9198,ExtData[2].Val2,1,1,75,AbilityOperation: 75=Finisher.,Confirmed,
9198,ExtData[2].Val3,1,1,1,AbilityCondition: 1=Equal.,Confirmed,
9198,ExtData[2].Val4,1,1,9,AbilityLogicOperator: 9=Or.,Confirmed,
9198,ExtData[2].Val7,1,1,3,Operation-specific auxiliary parameter. Position confirmed from decompiled client ExtData schema.,Inferred,
9198,ExtData[3].Val1,1,1,1,AbilitySourceType: 1=Cast.,Confirmed,
9198,ExtData[3].Val2,1,1,75,AbilityOperation: 75=Finisher.,Confirmed,
9198,ExtData[3].Val3,1,1,1,AbilityCondition: 1=Equal.,Confirmed,
9198,ExtData[3].Val7,1,1,4,Operation-specific auxiliary parameter. Position confirmed from decompiled client ExtData schema.,Inferred,
9198,ExtData[5].Val1,1,1,1,AbilitySourceType: 1=Cast.,Confirmed,
9198,ExtData[5].Val2,1,1,75,AbilityOperation: 75=Finisher.,Confirmed,
9198,ExtData[5].Val3,1,1,1,AbilityCondition: 1=Equal.,Confirmed,
9198,ExtData[5].Val7,1,1,4,Operation-specific auxiliary parameter. Position confirmed from decompiled client ExtData schema.,Inferred,
9199,ExtData[0].Val1,1,1,1,AbilitySourceType: 1=Cast.,Confirmed,
9199,ExtData[0].Val2,1,1,19,AbilityOperation: 19=TargetRace.,Confirmed,
9199,ExtData[0].Val3,1,1,1,AbilityCondition: 1=Equal.,Confirmed,
9199,ExtData[0].Val4,1,1,9,AbilityLogicOperator: 9=Or.,Confirmed,
9199,ExtData[0].Val7,1,1,2,Operation-specific auxiliary parameter. Position confirmed from decompiled client ExtData schema.,Inferred,
9199,ExtData[1].Val1,1,1,1,AbilitySourceType: 1=Cast.,Confirmed,
9199,ExtData[1].Val2,1,1,19,AbilityOperation: 19=TargetRace.,Confirmed,
9199,ExtData[1].Val3,1,1,1,AbilityCondition: 1=Equal.,Confirmed,
9199,ExtData[1].Val7,1,1,3,Operation-specific auxiliary parameter. Position confirmed from decompiled client ExtData schema.,Inferred,
9199,ExtData[5].Val1,1,1,1,AbilitySourceType: 1=Cast.,Confirmed,
9199,ExtData[5].Val2,1,1,75,AbilityOperation: 75=Finisher.,Confirmed,
9199,ExtData[5].Val3,1,1,1,AbilityCondition: 1=Equal.,Confirmed,
9199,ExtData[5].Val7,1,1,8,Operation-specific auxiliary parameter. Position confirmed from decompiled client ExtData schema.,Inferred,
9200,ExtData[0].Val1,1,1,1,AbilitySourceType: 1=Cast.,Confirmed,
9200,ExtData[0].Val2,1,1,75,AbilityOperation: 75=Finisher.,Confirmed,
9200,ExtData[0].Val3,1,1,1,AbilityCondition: 1=Equal.,Confirmed,
9200,ExtData[0].Val4,1,1,9,AbilityLogicOperator: 9=Or.,Confirmed,
9200,ExtData[0].Val7,1,1,9,Operation-specific auxiliary parameter. Position confirmed from decompiled client ExtData schema.,Inferred,
9200,ExtData[1].Val1,1,1,1,AbilitySourceType: 1=Cast.,Confirmed,
9200,ExtData[1].Val2,1,1,75,AbilityOperation: 75=Finisher.,Confirmed,
9200,ExtData[1].Val3,1,1,1,AbilityCondition: 1=Equal.,Confirmed,
9200,ExtData[1].Val4,1,1,9,AbilityLogicOperator: 9=Or.,Confirmed,
9200,ExtData[1].Val7,1,1,10,Operation-specific auxiliary parameter. Position confirmed from decompiled client ExtData schema.,Inferred,
9200,ExtData[2].Val1,1,1,1,AbilitySourceType: 1=Cast.,Confirmed,
9200,ExtData[2].Val2,1,1,75,AbilityOperation: 75=Finisher.,Confirmed,
9200,ExtData[2].Val3,1,1,1,AbilityCondition: 1=Equal.,Confirmed,
9200,ExtData[2].Val4,1,1,9,AbilityLogicOperator: 9=Or.,Confirmed,
9200,ExtData[2].Val7,1,1,11,Operation-specific auxiliary parameter. Position confirmed from decompiled client ExtData schema.,Inferred,
9200,ExtData[3].Val1,1,1,1,AbilitySourceType: 1=Cast.,Confirmed,
9200,ExtData[3].Val2,1,1,75,AbilityOperation: 75=Finisher.,Confirmed,
9200,ExtData[3].Val3,1,1,1,AbilityCondition: 1=Equal.,Confirmed,
9200,ExtData[3].Val7,1,1,12,Operation-specific auxiliary parameter. Position confirmed from decompiled client ExtData schema.,Inferred,
9200,ExtData[5].Val1,1,1,1,AbilitySourceType: 1=Cast.,Confirmed,
9200,ExtData[5].Val2,1,1,75,AbilityOperation: 75=Finisher.,Confirmed,
9200,ExtData[5].Val3,1,1,1,AbilityCondition: 1=Equal.,Confirmed,
9200,ExtData[5].Val7,1,1,12,Operation-specific auxiliary parameter. Position confirmed from decompiled client ExtData schema.,Inferred,
9201,ExtData[0].Val1,1,1,1,AbilitySourceType: 1=Cast.,Confirmed,
9201,ExtData[0].Val2,1,1,75,AbilityOperation: 75=Finisher.,Confirmed,
9201,ExtData[0].Val3,1,1,1,AbilityCondition: 1=Equal.,Confirmed,
9201,ExtData[0].Val4,1,1,9,AbilityLogicOperator: 9=Or.,Confirmed,
9201,ExtData[0].Val7,1,1,13,Operation-specific auxiliary parameter. Position confirmed from decompiled client ExtData schema.,Inferred,
9201,ExtData[1].Val1,1,1,1,AbilitySourceType: 1=Cast.,Confirmed,
9201,ExtData[1].Val2,1,1,75,AbilityOperation: 75=Finisher.,Confirmed,
9201,ExtData[1].Val3,1,1,1,AbilityCondition: 1=Equal.,Confirmed,
9201,ExtData[1].Val4,1,1,9,AbilityLogicOperator: 9=Or.,Confirmed,
9201,ExtData[1].Val7,1,1,14,Operation-specific auxiliary parameter. Position confirmed from decompiled client ExtData schema.,Inferred,
9201,ExtData[2].Val1,1,1,1,AbilitySourceType: 1=Cast.,Confirmed,
9201,ExtData[2].Val2,1,1,75,AbilityOperation: 75=Finisher.,Confirmed,
9201,ExtData[2].Val3,1,1,1,AbilityCondition: 1=Equal.,Confirmed,
9201,ExtData[2].Val4,1,1,9,AbilityLogicOperator: 9=Or.,Confirmed,
9201,ExtData[2].Val7,1,1,15,Operation-specific auxiliary parameter. Position confirmed from decompiled client ExtData schema.,Inferred,
9201,ExtData[3].Val1,1,1,1,AbilitySourceType: 1=Cast.,Confirmed,
9201,ExtData[3].Val2,1,1,75,AbilityOperation: 75=Finisher.,Confirmed,
9201,ExtData[3].Val3,1,1,1,AbilityCondition: 1=Equal.,Confirmed,
9201,ExtData[3].Val7,1,1,16,Operation-specific auxiliary parameter. Position confirmed from decompiled client ExtData schema.,Inferred,
9201,ExtData[5].Val1,1,1,1,AbilitySourceType: 1=Cast.,Confirmed,
9201,ExtData[5].Val2,1,1,75,AbilityOperation: 75=Finisher.,Confirmed,
9201,ExtData[5].Val3,1,1,1,AbilityCondition: 1=Equal.,Confirmed,
9201,ExtData[5].Val7,1,1,16,Operation-specific auxiliary parameter. Position confirmed from decompiled client ExtData schema.,Inferred,
9202,ExtData[0].Val1,1,1,1,AbilitySourceType: 1=Cast.,Confirmed,
9202,ExtData[0].Val2,1,1,75,AbilityOperation: 75=Finisher.,Confirmed,
9202,ExtData[0].Val3,1,1,1,AbilityCondition: 1=Equal.,Confirmed,
9202,ExtData[0].Val4,1,1,9,AbilityLogicOperator: 9=Or.,Confirmed,
9202,ExtData[0].Val7,1,1,17,Operation-specific auxiliary parameter. Position confirmed from decompiled client ExtData schema.,Inferred,
9202,ExtData[1].Val1,1,1,1,AbilitySourceType: 1=Cast.,Confirmed,
9202,ExtData[1].Val2,1,1,75,AbilityOperation: 75=Finisher.,Confirmed,
9202,ExtData[1].Val3,1,1,1,AbilityCondition: 1=Equal.,Confirmed,
9202,ExtData[1].Val4,1,1,9,AbilityLogicOperator: 9=Or.,Confirmed,
9202,ExtData[1].Val7,1,1,18,Operation-specific auxiliary parameter. Position confirmed from decompiled client ExtData schema.,Inferred,
9202,ExtData[2].Val1,1,1,1,AbilitySourceType: 1=Cast.,Confirmed,
9202,ExtData[2].Val2,1,1,75,AbilityOperation: 75=Finisher.,Confirmed,
9202,ExtData[2].Val3,1,1,1,AbilityCondition: 1=Equal.,Confirmed,
9202,ExtData[2].Val4,1,1,9,AbilityLogicOperator: 9=Or.,Confirmed,
9202,ExtData[2].Val7,1,1,19,Operation-specific auxiliary parameter. Position confirmed from decompiled client ExtData schema.,Inferred,
9202,ExtData[3].Val1,1,1,1,AbilitySourceType: 1=Cast.,Confirmed,
9202,ExtData[3].Val2,1,1,75,AbilityOperation: 75=Finisher.,Confirmed,
9202,ExtData[3].Val3,1,1,1,AbilityCondition: 1=Equal.,Confirmed,
9202,ExtData[3].Val7,1,1,20,Operation-specific auxiliary parameter. Position confirmed from decompiled client ExtData schema.,Inferred,
9202,ExtData[5].Val1,1,1,1,AbilitySourceType: 1=Cast.,Confirmed,
9202,ExtData[5].Val2,1,1,75,AbilityOperation: 75=Finisher.,Confirmed,
9202,ExtData[5].Val3,1,1,1,AbilityCondition: 1=Equal.,Confirmed,
9202,ExtData[5].Val7,1,1,20,Operation-specific auxiliary parameter. Position confirmed from decompiled client ExtData schema.,Inferred,
9203,ExtData[0].Val1,1,1,1,AbilitySourceType: 1=Cast.,Confirmed,
9203,ExtData[0].Val2,1,1,75,AbilityOperation: 75=Finisher.,Confirmed,
9203,ExtData[0].Val3,1,1,1,AbilityCondition: 1=Equal.,Confirmed,
9203,ExtData[0].Val4,1,1,9,AbilityLogicOperator: 9=Or.,Confirmed,
9203,ExtData[0].Val7,1,1,21,Operation-specific auxiliary parameter. Position confirmed from decompiled client ExtData schema.,Inferred,
9203,ExtData[1].Val1,1,1,1,AbilitySourceType: 1=Cast.,Confirmed,
9203,ExtData[1].Val2,1,1,75,AbilityOperation: 75=Finisher.,Confirmed,
9203,ExtData[1].Val3,1,1,1,AbilityCondition: 1=Equal.,Confirmed,
9203,ExtData[1].Val4,1,1,9,AbilityLogicOperator: 9=Or.,Confirmed,
9203,ExtData[1].Val7,1,1,22,Operation-specific auxiliary parameter. Position confirmed from decompiled client ExtData schema.,Inferred,
9203,ExtData[2].Val1,1,1,1,AbilitySourceType: 1=Cast.,Confirmed,
9203,ExtData[2].Val2,1,1,75,AbilityOperation: 75=Finisher.,Confirmed,
9203,ExtData[2].Val3,1,1,1,AbilityCondition: 1=Equal.,Confirmed,
9203,ExtData[2].Val4,1,1,9,AbilityLogicOperator: 9=Or.,Confirmed,
9203,ExtData[2].Val7,1,1,23,Operation-specific auxiliary parameter. Position confirmed from decompiled client ExtData schema.,Inferred,
9203,ExtData[3].Val1,1,1,1,AbilitySourceType: 1=Cast.,Confirmed,
9203,ExtData[3].Val2,1,1,75,AbilityOperation: 75=Finisher.,Confirmed,
9203,ExtData[3].Val3,1,1,1,AbilityCondition: 1=Equal.,Confirmed,
9203,ExtData[3].Val7,1,1,24,Operation-specific auxiliary parameter. Position confirmed from decompiled client ExtData schema.,Inferred,
9203,ExtData[5].Val1,1,1,1,AbilitySourceType: 1=Cast.,Confirmed,
9203,ExtData[5].Val2,1,1,75,AbilityOperation: 75=Finisher.,Confirmed,
9203,ExtData[5].Val3,1,1,1,AbilityCondition: 1=Equal.,Confirmed,
9203,ExtData[5].Val7,1,1,24,Operation-specific auxiliary parameter. Position confirmed from decompiled client ExtData schema.,Inferred,
9204,ExtData[0].Val1,1,1,1,AbilitySourceType: 1=Cast.,Confirmed,
9204,ExtData[0].Val2,1,1,51,AbilityOperation: 51=TargetBack.,Confirmed,
9204,ExtData[0].Val3,1,1,1,AbilityCondition: 1=Equal.,Confirmed,
9204,ExtData[0].Val4,1,1,9,AbilityLogicOperator: 9=Or.,Confirmed,
9204,ExtData[0].Val7,1,1,2,Operation-specific auxiliary parameter. Position confirmed from decompiled client ExtData schema.,Inferred,
9204,ExtData[0].Val9,1,1,1,Binary flag byte. Position confirmed from decompiled client ExtData schema.,Inferred,
9204,ExtData[1].Val1,1,1,1,AbilitySourceType: 1=Cast.,Confirmed,
9204,ExtData[1].Val2,1,1,6,AbilityOperation: 6=BuffGroupCount.,Confirmed,
9204,ExtData[1].Val3,1,1,1,AbilityCondition: 1=Equal.,Confirmed,
9204,ExtData[1].Val6,1,1,598,"Operation-specific reference value (RequirementId child link, ability ID, monster type, or other reference depending on AbilityOperation). Position confirmed from decompiled client ExtData schema.",Inferred,
9204,ExtData[1].Val7,1,1,1,Operation-specific auxiliary parameter. Position confirmed from decompiled client ExtData schema.,Inferred,
9205,ExtData[0].Val1,1,1,1,AbilitySourceType: 1=Cast.,Confirmed,
9205,ExtData[0].Val2,1,1,20,AbilityOperation: 20=TargetInSameGroup.,Confirmed,
9205,ExtData[0].Val3,1,1,1,AbilityCondition: 1=Equal.,Confirmed,
9205,ExtData[0].Val4,1,1,8,AbilityLogicOperator: 8=And.,Confirmed,
9205,ExtData[0].Val5,1,1,3,Operation-specific threshold or comparison value (semantics depend on AbilityOperation). Position confirmed from decompiled client ExtData schema.,Inferred,
9205,ExtData[0].Val7,1,1,1,Operation-specific auxiliary parameter. Position confirmed from decompiled client ExtData schema.,Inferred,
9205,ExtData[1].Val1,1,1,1,AbilitySourceType: 1=Cast.,Confirmed,
9205,ExtData[1].Val2,1,1,19,AbilityOperation: 19=TargetRace.,Confirmed,
9205,ExtData[1].Val3,1,1,1,AbilityCondition: 1=Equal.,Confirmed,
9205,ExtData[1].Val4,1,1,8,AbilityLogicOperator: 8=And.,Confirmed,
9205,ExtData[1].Val7,1,1,1,Operation-specific auxiliary parameter. Position confirmed from decompiled client ExtData schema.,Inferred,
9205,ExtData[2].Val1,1,1,1,AbilitySourceType: 1=Cast.,Confirmed,
9205,ExtData[2].Val2,1,1,4,AbilityOperation: 4=Range.,Confirmed,
9205,ExtData[2].Val3,1,1,4,AbilityCondition: 4=LessThanEqual.,Confirmed,
9205,ExtData[2].Val4,1,1,8,AbilityLogicOperator: 8=And.,Confirmed,
9205,ExtData[2].Val7,1,1,2000,Operation-specific auxiliary parameter. Position confirmed from decompiled client ExtData schema.,Inferred,
9205,ExtData[3].Val1,1,1,1,AbilitySourceType: 1=Cast.,Confirmed,
9205,ExtData[3].Val2,1,1,11,AbilityOperation: 11=TargetActivatedComponent.,Confirmed,
9205,ExtData[3].Val3,1,1,1,AbilityCondition: 1=Equal.,Confirmed,
9205,ExtData[3].Val5,1,1,3,Operation-specific threshold or comparison value (semantics depend on AbilityOperation). Position confirmed from decompiled client ExtData schema.,Inferred,
9206,ExtData[0].Val1,1,1,1,AbilitySourceType: 1=Cast.,Confirmed,
9206,ExtData[0].Val2,1,1,20,AbilityOperation: 20=TargetInSameGroup.,Confirmed,
9206,ExtData[0].Val3,1,1,1,AbilityCondition: 1=Equal.,Confirmed,
9206,ExtData[0].Val4,1,1,8,AbilityLogicOperator: 8=And.,Confirmed,
9206,ExtData[0].Val5,1,1,3,Operation-specific threshold or comparison value (semantics depend on AbilityOperation). Position confirmed from decompiled client ExtData schema.,Inferred,
9206,ExtData[0].Val7,1,1,1,Operation-specific auxiliary parameter. Position confirmed from decompiled client ExtData schema.,Inferred,
9206,ExtData[1].Val1,1,1,1,AbilitySourceType: 1=Cast.,Confirmed,
9206,ExtData[1].Val2,1,1,19,AbilityOperation: 19=TargetRace.,Confirmed,
9206,ExtData[1].Val3,1,1,1,AbilityCondition: 1=Equal.,Confirmed,
9206,ExtData[1].Val4,1,1,8,AbilityLogicOperator: 8=And.,Confirmed,
9206,ExtData[1].Val7,1,1,2,Operation-specific auxiliary parameter. Position confirmed from decompiled client ExtData schema.,Inferred,
9206,ExtData[2].Val1,1,1,1,AbilitySourceType: 1=Cast.,Confirmed,
9206,ExtData[2].Val2,1,1,4,AbilityOperation: 4=Range.,Confirmed,
9206,ExtData[2].Val3,1,1,4,AbilityCondition: 4=LessThanEqual.,Confirmed,
9206,ExtData[2].Val4,1,1,8,AbilityLogicOperator: 8=And.,Confirmed,
9206,ExtData[2].Val7,1,1,2000,Operation-specific auxiliary parameter. Position confirmed from decompiled client ExtData schema.,Inferred,
9206,ExtData[3].Val1,1,1,1,AbilitySourceType: 1=Cast.,Confirmed,
9206,ExtData[3].Val2,1,1,11,AbilityOperation: 11=TargetActivatedComponent.,Confirmed,
9206,ExtData[3].Val3,1,1,1,AbilityCondition: 1=Equal.,Confirmed,
9206,ExtData[3].Val5,1,1,3,Operation-specific threshold or comparison value (semantics depend on AbilityOperation). Position confirmed from decompiled client ExtData schema.,Inferred,
9207,ExtData[0].Val1,1,1,1,AbilitySourceType: 1=Cast.,Confirmed,
9207,ExtData[0].Val2,1,1,20,AbilityOperation: 20=TargetInSameGroup.,Confirmed,
9207,ExtData[0].Val3,1,1,1,AbilityCondition: 1=Equal.,Confirmed,
9207,ExtData[0].Val4,1,1,8,AbilityLogicOperator: 8=And.,Confirmed,
9207,ExtData[0].Val5,1,1,3,Operation-specific threshold or comparison value (semantics depend on AbilityOperation). Position confirmed from decompiled client ExtData schema.,Inferred,
9207,ExtData[0].Val7,1,1,1,Operation-specific auxiliary parameter. Position confirmed from decompiled client ExtData schema.,Inferred,
9207,ExtData[1].Val1,1,1,1,AbilitySourceType: 1=Cast.,Confirmed,
9207,ExtData[1].Val2,1,1,19,AbilityOperation: 19=TargetRace.,Confirmed,
9207,ExtData[1].Val3,1,1,1,AbilityCondition: 1=Equal.,Confirmed,
9207,ExtData[1].Val4,1,1,8,AbilityLogicOperator: 8=And.,Confirmed,
9207,ExtData[1].Val7,1,1,6,Operation-specific auxiliary parameter. Position confirmed from decompiled client ExtData schema.,Inferred,
9207,ExtData[2].Val1,1,1,1,AbilitySourceType: 1=Cast.,Confirmed,
9207,ExtData[2].Val2,1,1,4,AbilityOperation: 4=Range.,Confirmed,
9207,ExtData[2].Val3,1,1,4,AbilityCondition: 4=LessThanEqual.,Confirmed,
9207,ExtData[2].Val4,1,1,8,AbilityLogicOperator: 8=And.,Confirmed,
9207,ExtData[2].Val7,1,1,2000,Operation-specific auxiliary parameter. Position confirmed from decompiled client ExtData schema.,Inferred,
9207,ExtData[3].Val1,1,1,1,AbilitySourceType: 1=Cast.,Confirmed,
9207,ExtData[3].Val2,1,1,11,AbilityOperation: 11=TargetActivatedComponent.,Confirmed,
9207,ExtData[3].Val3,1,1,1,AbilityCondition: 1=Equal.,Confirmed,
9207,ExtData[3].Val5,1,1,3,Operation-specific threshold or comparison value (semantics depend on AbilityOperation). Position confirmed from decompiled client ExtData schema.,Inferred,
9208,ExtData[0].Val1,1,1,1,AbilitySourceType: 1=Cast.,Confirmed,
9208,ExtData[0].Val2,1,1,20,AbilityOperation: 20=TargetInSameGroup.,Confirmed,
9208,ExtData[0].Val3,1,1,1,AbilityCondition: 1=Equal.,Confirmed,
9208,ExtData[0].Val4,1,1,8,AbilityLogicOperator: 8=And.,Confirmed,
9208,ExtData[0].Val5,1,1,3,Operation-specific threshold or comparison value (semantics depend on AbilityOperation). Position confirmed from decompiled client ExtData schema.,Inferred,
9208,ExtData[0].Val7,1,1,1,Operation-specific auxiliary parameter. Position confirmed from decompiled client ExtData schema.,Inferred,
9208,ExtData[1].Val1,1,1,1,AbilitySourceType: 1=Cast.,Confirmed,
9208,ExtData[1].Val2,1,1,19,AbilityOperation: 19=TargetRace.,Confirmed,
9208,ExtData[1].Val3,1,1,1,AbilityCondition: 1=Equal.,Confirmed,
9208,ExtData[1].Val4,1,1,8,AbilityLogicOperator: 8=And.,Confirmed,
9208,ExtData[1].Val7,1,1,7,Operation-specific auxiliary parameter. Position confirmed from decompiled client ExtData schema.,Inferred,
9208,ExtData[2].Val1,1,1,1,AbilitySourceType: 1=Cast.,Confirmed,
9208,ExtData[2].Val2,1,1,4,AbilityOperation: 4=Range.,Confirmed,
9208,ExtData[2].Val3,1,1,4,AbilityCondition: 4=LessThanEqual.,Confirmed,
9208,ExtData[2].Val4,1,1,8,AbilityLogicOperator: 8=And.,Confirmed,
9208,ExtData[2].Val7,1,1,2000,Operation-specific auxiliary parameter. Position confirmed from decompiled client ExtData schema.,Inferred,
9208,ExtData[3].Val1,1,1,1,AbilitySourceType: 1=Cast.,Confirmed,
9208,ExtData[3].Val2,1,1,11,AbilityOperation: 11=TargetActivatedComponent.,Confirmed,
9208,ExtData[3].Val3,1,1,1,AbilityCondition: 1=Equal.,Confirmed,
9208,ExtData[3].Val5,1,1,3,Operation-specific threshold or comparison value (semantics depend on AbilityOperation). Position confirmed from decompiled client ExtData schema.,Inferred,
9209,ExtData[0].Val1,1,1,1,AbilitySourceType: 1=Cast.,Confirmed,
9209,ExtData[0].Val2,1,1,20,AbilityOperation: 20=TargetInSameGroup.,Confirmed,
9209,ExtData[0].Val3,1,1,1,AbilityCondition: 1=Equal.,Confirmed,
9209,ExtData[0].Val4,1,1,8,AbilityLogicOperator: 8=And.,Confirmed,
9209,ExtData[0].Val5,1,1,3,Operation-specific threshold or comparison value (semantics depend on AbilityOperation). Position confirmed from decompiled client ExtData schema.,Inferred,
9209,ExtData[0].Val7,1,1,1,Operation-specific auxiliary parameter. Position confirmed from decompiled client ExtData schema.,Inferred,
9209,ExtData[1].Val1,1,1,1,AbilitySourceType: 1=Cast.,Confirmed,
9209,ExtData[1].Val2,1,1,19,AbilityOperation: 19=TargetRace.,Confirmed,
9209,ExtData[1].Val3,1,1,1,AbilityCondition: 1=Equal.,Confirmed,
9209,ExtData[1].Val4,1,1,8,AbilityLogicOperator: 8=And.,Confirmed,
9209,ExtData[1].Val7,1,1,4,Operation-specific auxiliary parameter. Position confirmed from decompiled client ExtData schema.,Inferred,
9209,ExtData[2].Val1,1,1,1,AbilitySourceType: 1=Cast.,Confirmed,
9209,ExtData[2].Val2,1,1,4,AbilityOperation: 4=Range.,Confirmed,
9209,ExtData[2].Val3,1,1,4,AbilityCondition: 4=LessThanEqual.,Confirmed,
9209,ExtData[2].Val4,1,1,8,AbilityLogicOperator: 8=And.,Confirmed,
9209,ExtData[2].Val7,1,1,2000,Operation-specific auxiliary parameter. Position confirmed from decompiled client ExtData schema.,Inferred,
9209,ExtData[3].Val1,1,1,1,AbilitySourceType: 1=Cast.,Confirmed,
9209,ExtData[3].Val2,1,1,11,AbilityOperation: 11=TargetActivatedComponent.,Confirmed,
9209,ExtData[3].Val3,1,1,1,AbilityCondition: 1=Equal.,Confirmed,
9209,ExtData[3].Val5,1,1,3,Operation-specific threshold or comparison value (semantics depend on AbilityOperation). Position confirmed from decompiled client ExtData schema.,Inferred,
9210,ExtData[0].Val1,1,1,1,AbilitySourceType: 1=Cast.,Confirmed,
9210,ExtData[0].Val2,1,1,20,AbilityOperation: 20=TargetInSameGroup.,Confirmed,
9210,ExtData[0].Val3,1,1,1,AbilityCondition: 1=Equal.,Confirmed,
9210,ExtData[0].Val4,1,1,8,AbilityLogicOperator: 8=And.,Confirmed,
9210,ExtData[0].Val5,1,1,3,Operation-specific threshold or comparison value (semantics depend on AbilityOperation). Position confirmed from decompiled client ExtData schema.,Inferred,
9210,ExtData[0].Val7,1,1,1,Operation-specific auxiliary parameter. Position confirmed from decompiled client ExtData schema.,Inferred,
9210,ExtData[1].Val1,1,1,1,AbilitySourceType: 1=Cast.,Confirmed,
9210,ExtData[1].Val2,1,1,19,AbilityOperation: 19=TargetRace.,Confirmed,
9210,ExtData[1].Val3,1,1,1,AbilityCondition: 1=Equal.,Confirmed,
9210,ExtData[1].Val4,1,1,8,AbilityLogicOperator: 8=And.,Confirmed,
9210,ExtData[1].Val7,1,1,5,Operation-specific auxiliary parameter. Position confirmed from decompiled client ExtData schema.,Inferred,
9210,ExtData[2].Val1,1,1,1,AbilitySourceType: 1=Cast.,Confirmed,
9210,ExtData[2].Val2,1,1,4,AbilityOperation: 4=Range.,Confirmed,
9210,ExtData[2].Val3,1,1,4,AbilityCondition: 4=LessThanEqual.,Confirmed,
9210,ExtData[2].Val4,1,1,8,AbilityLogicOperator: 8=And.,Confirmed,
9210,ExtData[2].Val7,1,1,2000,Operation-specific auxiliary parameter. Position confirmed from decompiled client ExtData schema.,Inferred,
9210,ExtData[3].Val1,1,1,1,AbilitySourceType: 1=Cast.,Confirmed,
9210,ExtData[3].Val2,1,1,11,AbilityOperation: 11=TargetActivatedComponent.,Confirmed,
9210,ExtData[3].Val3,1,1,1,AbilityCondition: 1=Equal.,Confirmed,
9210,ExtData[3].Val5,1,1,3,Operation-specific threshold or comparison value (semantics depend on AbilityOperation). Position confirmed from decompiled client ExtData schema.,Inferred,
9211,ExtData[0].Val1,1,1,1,AbilitySourceType: 1=Cast.,Confirmed,
9211,ExtData[0].Val2,1,1,20,AbilityOperation: 20=TargetInSameGroup.,Confirmed,
9211,ExtData[0].Val3,1,1,1,AbilityCondition: 1=Equal.,Confirmed,
9211,ExtData[0].Val4,1,1,8,AbilityLogicOperator: 8=And.,Confirmed,
9211,ExtData[0].Val7,1,1,1,Operation-specific auxiliary parameter. Position confirmed from decompiled client ExtData schema.,Inferred,
9211,ExtData[1].Val1,1,1,1,AbilitySourceType: 1=Cast.,Confirmed,
9211,ExtData[1].Val2,1,1,19,AbilityOperation: 19=TargetRace.,Confirmed,
9211,ExtData[1].Val3,1,1,1,AbilityCondition: 1=Equal.,Confirmed,
9211,ExtData[1].Val4,1,1,8,AbilityLogicOperator: 8=And.,Confirmed,
9211,ExtData[1].Val7,1,1,3,Operation-specific auxiliary parameter. Position confirmed from decompiled client ExtData schema.,Inferred,
9211,ExtData[2].Val1,1,1,1,AbilitySourceType: 1=Cast.,Confirmed,
9211,ExtData[2].Val2,1,1,4,AbilityOperation: 4=Range.,Confirmed,
9211,ExtData[2].Val3,1,1,4,AbilityCondition: 4=LessThanEqual.,Confirmed,
9211,ExtData[2].Val4,1,1,8,AbilityLogicOperator: 8=And.,Confirmed,
9211,ExtData[2].Val7,1,1,2000,Operation-specific auxiliary parameter. Position confirmed from decompiled client ExtData schema.,Inferred,
9211,ExtData[3].Val1,1,1,1,AbilitySourceType: 1=Cast.,Confirmed,
9211,ExtData[3].Val2,1,1,11,AbilityOperation: 11=TargetActivatedComponent.,Confirmed,
9211,ExtData[3].Val3,1,1,1,AbilityCondition: 1=Equal.,Confirmed,
9211,ExtData[3].Val5,1,1,3,Operation-specific threshold or comparison value (semantics depend on AbilityOperation). Position confirmed from decompiled client ExtData schema.,Inferred,
9212,ExtData[0].Val1,1,1,1,AbilitySourceType: 1=Cast.,Confirmed,
9212,ExtData[0].Val2,1,1,10,AbilityOperation: 10=RequirmentGroupCheck.,Confirmed,
9212,ExtData[0].Val3,1,1,1,AbilityCondition: 1=Equal.,Confirmed,
9212,ExtData[0].Val4,1,1,9,AbilityLogicOperator: 9=Or.,Confirmed,
9212,ExtData[0].Val6,1,1,9076,Every distinct observed value in this field matches a known RequirementId row.,Inferred,Example requirement ids: 9076.
9212,ExtData[0].Val7,1,1,1,Operation-specific auxiliary parameter. Position confirmed from decompiled client ExtData schema.,Inferred,
9212,ExtData[1].Val1,1,1,1,AbilitySourceType: 1=Cast.,Confirmed,
9212,ExtData[1].Val2,1,1,10,AbilityOperation: 10=RequirmentGroupCheck.,Confirmed,
9212,ExtData[1].Val3,1,1,1,AbilityCondition: 1=Equal.,Confirmed,
9212,ExtData[1].Val6,1,1,9066,Every distinct observed value in this field matches a known RequirementId row.,Inferred,Example requirement ids: 9066.
9212,ExtData[1].Val7,1,1,1,Operation-specific auxiliary parameter. Position confirmed from decompiled client ExtData schema.,Inferred,
9213,ExtData[0].Val1,1,1,1,AbilitySourceType: 1=Cast.,Confirmed,
9213,ExtData[0].Val2,1,1,82,AbilityOperation: 82=LastAbilityResult.,Confirmed,
9213,ExtData[0].Val3,1,1,6,AbilityCondition: 6=LessThan.,Confirmed,
9213,ExtData[0].Val4,1,1,9,AbilityLogicOperator: 9=Or.,Confirmed,
9213,ExtData[0].Val6,1,1,3,"Operation-specific reference value (RequirementId child link, ability ID, monster type, or other reference depending on AbilityOperation). Position confirmed from decompiled client ExtData schema.",Inferred,
9213,ExtData[1].Val1,1,1,1,AbilitySourceType: 1=Cast.,Confirmed,
9213,ExtData[1].Val2,1,1,82,AbilityOperation: 82=LastAbilityResult.,Confirmed,
9213,ExtData[1].Val3,1,1,6,AbilityCondition: 6=LessThan.,Confirmed,
9213,ExtData[1].Val6,1,1,5,"Operation-specific reference value (RequirementId child link, ability ID, monster type, or other reference depending on AbilityOperation). Position confirmed from decompiled client ExtData schema.",Inferred,
9214,ExtData[0].Val1,1,1,1,AbilitySourceType: 1=Cast.,Confirmed,
9214,ExtData[0].Val2,1,1,8,AbilityOperation: 8=GetGroupOnAbilityUsed.,Confirmed,
9214,ExtData[0].Val3,1,1,6,AbilityCondition: 6=LessThan.,Confirmed,
9214,ExtData[0].Val4,1,1,9,AbilityLogicOperator: 9=Or.,Confirmed,
9214,ExtData[0].Val6,1,1,23,"Operation-specific reference value (RequirementId child link, ability ID, monster type, or other reference depending on AbilityOperation). Position confirmed from decompiled client ExtData schema.",Inferred,
9214,ExtData[1].Val1,1,1,1,AbilitySourceType: 1=Cast.,Confirmed,
9214,ExtData[1].Val2,1,1,8,AbilityOperation: 8=GetGroupOnAbilityUsed.,Confirmed,
9214,ExtData[1].Val3,1,1,6,AbilityCondition: 6=LessThan.,Confirmed,
9214,ExtData[1].Val6,1,1,1016,"Operation-specific reference value (RequirementId child link, ability ID, monster type, or other reference depending on AbilityOperation). Position confirmed from decompiled client ExtData schema.",Inferred,
9215,ExtData[1].Val1,1,1,1,AbilitySourceType: 1=Cast.,Confirmed,
9215,ExtData[1].Val2,1,1,8,AbilityOperation: 8=GetGroupOnAbilityUsed.,Confirmed,
9215,ExtData[1].Val3,1,1,6,AbilityCondition: 6=LessThan.,Confirmed,
9215,ExtData[1].Val6,1,1,1011,"Operation-specific reference value (RequirementId child link, ability ID, monster type, or other reference depending on AbilityOperation). Position confirmed from decompiled client ExtData schema.",Inferred,
9216,ExtData[1].Val1,1,1,1,AbilitySourceType: 1=Cast.,Confirmed,
9216,ExtData[1].Val2,1,1,8,AbilityOperation: 8=GetGroupOnAbilityUsed.,Confirmed,
9216,ExtData[1].Val3,1,1,6,AbilityCondition: 6=LessThan.,Confirmed,
9216,ExtData[1].Val6,1,1,1018,"Operation-specific reference value (RequirementId child link, ability ID, monster type, or other reference depending on AbilityOperation). Position confirmed from decompiled client ExtData schema.",Inferred,
9217,ExtData[1].Val1,1,1,1,AbilitySourceType: 1=Cast.,Confirmed,
9217,ExtData[1].Val2,1,1,8,AbilityOperation: 8=GetGroupOnAbilityUsed.,Confirmed,
9217,ExtData[1].Val3,1,1,6,AbilityCondition: 6=LessThan.,Confirmed,
9217,ExtData[1].Val6,1,1,1030,"Operation-specific reference value (RequirementId child link, ability ID, monster type, or other reference depending on AbilityOperation). Position confirmed from decompiled client ExtData schema.",Inferred,
9218,ExtData[0].Val1,1,1,1,AbilitySourceType: 1=Cast.,Confirmed,
9218,ExtData[0].Val2,1,1,8,AbilityOperation: 8=GetGroupOnAbilityUsed.,Confirmed,
9218,ExtData[0].Val3,1,1,1,AbilityCondition: 1=Equal.,Confirmed,
9218,ExtData[0].Val4,1,1,9,AbilityLogicOperator: 9=Or.,Confirmed,
9218,ExtData[0].Val6,1,1,666,"Operation-specific reference value (RequirementId child link, ability ID, monster type, or other reference depending on AbilityOperation). Position confirmed from decompiled client ExtData schema.",Inferred,
9218,ExtData[0].Val7,1,1,1,Operation-specific auxiliary parameter. Position confirmed from decompiled client ExtData schema.,Inferred,
9218,ExtData[1].Val1,1,1,1,AbilitySourceType: 1=Cast.,Confirmed,
9218,ExtData[1].Val2,1,1,8,AbilityOperation: 8=GetGroupOnAbilityUsed.,Confirmed,
9218,ExtData[1].Val3,1,1,1,AbilityCondition: 1=Equal.,Confirmed,
9218,ExtData[1].Val4,1,1,9,AbilityLogicOperator: 9=Or.,Confirmed,
9218,ExtData[1].Val6,1,1,668,"Operation-specific reference value (RequirementId child link, ability ID, monster type, or other reference depending on AbilityOperation). Position confirmed from decompiled client ExtData schema.",Inferred,
9218,ExtData[1].Val7,1,1,1,Operation-specific auxiliary parameter. Position confirmed from decompiled client ExtData schema.,Inferred,
9218,ExtData[2].Val1,1,1,1,AbilitySourceType: 1=Cast.,Confirmed,
9218,ExtData[2].Val2,1,1,8,AbilityOperation: 8=GetGroupOnAbilityUsed.,Confirmed,
9218,ExtData[2].Val3,1,1,1,AbilityCondition: 1=Equal.,Confirmed,
9218,ExtData[2].Val6,1,1,669,"Operation-specific reference value (RequirementId child link, ability ID, monster type, or other reference depending on AbilityOperation). Position confirmed from decompiled client ExtData schema.",Inferred,
9218,ExtData[2].Val7,1,1,1,Operation-specific auxiliary parameter. Position confirmed from decompiled client ExtData schema.,Inferred,
9219,ExtData[0].Val1,1,1,1,AbilitySourceType: 1=Cast.,Confirmed,
9219,ExtData[0].Val2,1,1,12,AbilityOperation: 12=AbilityType.,Confirmed,
9219,ExtData[0].Val3,1,1,1,AbilityCondition: 1=Equal.,Confirmed,
9219,ExtData[0].Val4,1,1,9,AbilityLogicOperator: 9=Or.,Confirmed,
9219,ExtData[0].Val7,1,1,1,Operation-specific auxiliary parameter. Position confirmed from decompiled client ExtData schema.,Inferred,
9219,ExtData[1].Val1,1,1,1,AbilitySourceType: 1=Cast.,Confirmed,
9219,ExtData[1].Val2,1,1,10,AbilityOperation: 10=RequirmentGroupCheck.,Confirmed,
9219,ExtData[1].Val3,1,1,1,AbilityCondition: 1=Equal.,Confirmed,
9219,ExtData[1].Val6,1,1,9147,Every distinct observed value in this field matches a known RequirementId row.,Inferred,Example requirement ids: 9147.
9219,ExtData[1].Val7,1,1,1,Operation-specific auxiliary parameter. Position confirmed from decompiled client ExtData schema.,Inferred,
9220,ExtData[0].Val1,1,1,1,AbilitySourceType: 1=Cast.,Confirmed,
9220,ExtData[0].Val2,1,1,9,AbilityOperation: 9=Random.,Confirmed,
9220,ExtData[0].Val3,1,1,4,AbilityCondition: 4=LessThanEqual.,Confirmed,
9220,ExtData[0].Val4,1,1,8,AbilityLogicOperator: 8=And.,Confirmed,
9220,ExtData[0].Val6,1,1,100,"Operation-specific reference value (RequirementId child link, ability ID, monster type, or other reference depending on AbilityOperation). Position confirmed from decompiled client ExtData schema.",Inferred,
9220,ExtData[0].Val7,1,1,50,Operation-specific auxiliary parameter. Position confirmed from decompiled client ExtData schema.,Inferred,
9220,ExtData[1].Val1,1,1,1,AbilitySourceType: 1=Cast.,Confirmed,
9220,ExtData[1].Val2,1,1,6,AbilityOperation: 6=BuffGroupCount.,Confirmed,
9220,ExtData[1].Val3,1,1,1,AbilityCondition: 1=Equal.,Confirmed,
9220,ExtData[1].Val6,1,1,1019,"Operation-specific reference value (RequirementId child link, ability ID, monster type, or other reference depending on AbilityOperation). Position confirmed from decompiled client ExtData schema.",Inferred,
9221,ExtData[0].Val1,1,1,1,AbilitySourceType: 1=Cast.,Confirmed,
9221,ExtData[0].Val2,1,1,6,AbilityOperation: 6=BuffGroupCount.,Confirmed,
9221,ExtData[0].Val3,1,1,5,AbilityCondition: 5=GreaterThanEqual.,Confirmed,
9221,ExtData[0].Val4,1,1,9,AbilityLogicOperator: 9=Or.,Confirmed,
9221,ExtData[0].Val6,1,1,1019,"Operation-specific reference value (RequirementId child link, ability ID, monster type, or other reference depending on AbilityOperation). Position confirmed from decompiled client ExtData schema.",Inferred,
9221,ExtData[0].Val7,1,1,1,Operation-specific auxiliary parameter. Position confirmed from decompiled client ExtData schema.,Inferred,
9221,ExtData[1].Val1,1,1,1,AbilitySourceType: 1=Cast.,Confirmed,
9221,ExtData[1].Val2,1,1,10,AbilityOperation: 10=RequirmentGroupCheck.,Confirmed,
9221,ExtData[1].Val3,1,1,1,AbilityCondition: 1=Equal.,Confirmed,
9221,ExtData[1].Val6,1,1,9220,Every distinct observed value in this field matches a known RequirementId row.,Inferred,Example requirement ids: 9220.
9221,ExtData[1].Val7,1,1,1,Operation-specific auxiliary parameter. Position confirmed from decompiled client ExtData schema.,Inferred,
9222,ExtData[0].Val1,1,1,1,AbilitySourceType: 1=Cast.,Confirmed,
9222,ExtData[0].Val2,1,1,14,AbilityOperation: 14=TargetCheck.,Confirmed,
9222,ExtData[0].Val3,1,1,1,AbilityCondition: 1=Equal.,Confirmed,
9222,ExtData[0].Val4,1,1,8,AbilityLogicOperator: 8=And.,Confirmed,
9222,ExtData[0].Val7,1,1,1,Operation-specific auxiliary parameter. Position confirmed from decompiled client ExtData schema.,Inferred,
9222,ExtData[0].Val9,1,1,1,Binary flag byte. Position confirmed from decompiled client ExtData schema.,Inferred,
9222,ExtData[1].Val1,1,1,1,AbilitySourceType: 1=Cast.,Confirmed,
9222,ExtData[1].Val2,1,1,11,AbilityOperation: 11=TargetActivatedComponent.,Confirmed,
9222,ExtData[1].Val3,1,1,1,AbilityCondition: 1=Equal.,Confirmed,
9222,ExtData[1].Val5,1,1,3,Operation-specific threshold or comparison value (semantics depend on AbilityOperation). Position confirmed from decompiled client ExtData schema.,Inferred,
9223,ExtData[0].Val1,1,1,1,AbilitySourceType: 1=Cast.,Confirmed,
9223,ExtData[0].Val2,1,1,9,AbilityOperation: 9=Random.,Confirmed,
9223,ExtData[0].Val3,1,1,4,AbilityCondition: 4=LessThanEqual.,Confirmed,
9223,ExtData[0].Val4,1,1,8,AbilityLogicOperator: 8=And.,Confirmed,
9223,ExtData[0].Val6,1,1,100,"Operation-specific reference value (RequirementId child link, ability ID, monster type, or other reference depending on AbilityOperation). Position confirmed from decompiled client ExtData schema.",Inferred,
9223,ExtData[0].Val7,1,1,25,Operation-specific auxiliary parameter. Position confirmed from decompiled client ExtData schema.,Inferred,
9223,ExtData[1].Val1,1,1,1,AbilitySourceType: 1=Cast.,Confirmed,
9223,ExtData[1].Val2,1,1,6,AbilityOperation: 6=BuffGroupCount.,Confirmed,
9223,ExtData[1].Val3,1,1,1,AbilityCondition: 1=Equal.,Confirmed,
9223,ExtData[1].Val6,1,1,583,"Operation-specific reference value (RequirementId child link, ability ID, monster type, or other reference depending on AbilityOperation). Position confirmed from decompiled client ExtData schema.",Inferred,
9224,ExtData[0].Val1,1,1,1,AbilitySourceType: 1=Cast.,Confirmed,
9224,ExtData[0].Val2,1,1,9,AbilityOperation: 9=Random.,Confirmed,
9224,ExtData[0].Val3,1,1,4,AbilityCondition: 4=LessThanEqual.,Confirmed,
9224,ExtData[0].Val4,1,1,8,AbilityLogicOperator: 8=And.,Confirmed,
9224,ExtData[0].Val6,1,1,100,"Operation-specific reference value (RequirementId child link, ability ID, monster type, or other reference depending on AbilityOperation). Position confirmed from decompiled client ExtData schema.",Inferred,
9224,ExtData[0].Val7,1,1,30,Operation-specific auxiliary parameter. Position confirmed from decompiled client ExtData schema.,Inferred,
9224,ExtData[1].Val1,1,1,1,AbilitySourceType: 1=Cast.,Confirmed,
9224,ExtData[1].Val2,1,1,6,AbilityOperation: 6=BuffGroupCount.,Confirmed,
9224,ExtData[1].Val3,1,1,5,AbilityCondition: 5=GreaterThanEqual.,Confirmed,
9224,ExtData[1].Val4,1,1,9,AbilityLogicOperator: 9=Or.,Confirmed,
9224,ExtData[1].Val6,1,1,583,"Operation-specific reference value (RequirementId child link, ability ID, monster type, or other reference depending on AbilityOperation). Position confirmed from decompiled client ExtData schema.",Inferred,
9224,ExtData[1].Val7,1,1,1,Operation-specific auxiliary parameter. Position confirmed from decompiled client ExtData schema.,Inferred,
9224,ExtData[2].Val1,1,1,1,AbilitySourceType: 1=Cast.,Confirmed,
9224,ExtData[2].Val2,1,1,10,AbilityOperation: 10=RequirmentGroupCheck.,Confirmed,
9224,ExtData[2].Val3,1,1,1,AbilityCondition: 1=Equal.,Confirmed,
9224,ExtData[2].Val6,1,1,9223,Every distinct observed value in this field matches a known RequirementId row.,Inferred,Example requirement ids: 9223.
9224,ExtData[2].Val7,1,1,1,Operation-specific auxiliary parameter. Position confirmed from decompiled client ExtData schema.,Inferred,
9225,ExtData[0].Val1,1,1,1,AbilitySourceType: 1=Cast.,Confirmed,
9225,ExtData[0].Val2,1,1,6,AbilityOperation: 6=BuffGroupCount.,Confirmed,
9225,ExtData[0].Val3,1,1,1,AbilityCondition: 1=Equal.,Confirmed,
9225,ExtData[0].Val4,1,1,8,AbilityLogicOperator: 8=And.,Confirmed,
9225,ExtData[0].Val6,1,1,589,"Operation-specific reference value (RequirementId child link, ability ID, monster type, or other reference depending on AbilityOperation). Position confirmed from decompiled client ExtData schema.",Inferred,
9225,ExtData[0].Val7,1,1,1,Operation-specific auxiliary parameter. Position confirmed from decompiled client ExtData schema.,Inferred,
9225,ExtData[1].Val1,1,1,1,AbilitySourceType: 1=Cast.,Confirmed,
9225,ExtData[1].Val2,1,1,11,AbilityOperation: 11=TargetActivatedComponent.,Confirmed,
9225,ExtData[1].Val3,1,1,6,AbilityCondition: 6=LessThan.,Confirmed,
9225,ExtData[1].Val5,1,1,3,Operation-specific threshold or comparison value (semantics depend on AbilityOperation). Position confirmed from decompiled client ExtData schema.,Inferred,
9226,ExtData[0].Val1,1,1,1,AbilitySourceType: 1=Cast.,Confirmed,
9226,ExtData[0].Val2,1,1,8,AbilityOperation: 8=GetGroupOnAbilityUsed.,Confirmed,
9226,ExtData[0].Val3,1,1,6,AbilityCondition: 6=LessThan.,Confirmed,
9226,ExtData[0].Val4,1,1,8,AbilityLogicOperator: 8=And.,Confirmed,
9226,ExtData[0].Val6,1,1,598,"Operation-specific reference value (RequirementId child link, ability ID, monster type, or other reference depending on AbilityOperation). Position confirmed from decompiled client ExtData schema.",Inferred,
9226,ExtData[1].Val1,1,1,1,AbilitySourceType: 1=Cast.,Confirmed,
9226,ExtData[1].Val2,1,1,11,AbilityOperation: 11=TargetActivatedComponent.,Confirmed,
9226,ExtData[1].Val3,1,1,1,AbilityCondition: 1=Equal.,Confirmed,
9226,ExtData[1].Val5,1,1,3,Operation-specific threshold or comparison value (semantics depend on AbilityOperation). Position confirmed from decompiled client ExtData schema.,Inferred,
9226,ExtData[1].Val7,1,1,1,Operation-specific auxiliary parameter. Position confirmed from decompiled client ExtData schema.,Inferred,
9227,ExtData[0].Val1,1,1,1,AbilitySourceType: 1=Cast.,Confirmed,
9227,ExtData[0].Val2,1,1,8,AbilityOperation: 8=GetGroupOnAbilityUsed.,Confirmed,
9227,ExtData[0].Val3,1,1,1,AbilityCondition: 1=Equal.,Confirmed,
9227,ExtData[0].Val4,1,1,9,AbilityLogicOperator: 9=Or.,Confirmed,
9227,ExtData[0].Val6,1,1,499,"Operation-specific reference value (RequirementId child link, ability ID, monster type, or other reference depending on AbilityOperation). Position confirmed from decompiled client ExtData schema.",Inferred,
9227,ExtData[0].Val7,1,1,1,Operation-specific auxiliary parameter. Position confirmed from decompiled client ExtData schema.,Inferred,
9227,ExtData[1].Val1,1,1,1,AbilitySourceType: 1=Cast.,Confirmed,
9227,ExtData[1].Val2,1,1,8,AbilityOperation: 8=GetGroupOnAbilityUsed.,Confirmed,
9227,ExtData[1].Val3,1,1,1,AbilityCondition: 1=Equal.,Confirmed,
9227,ExtData[1].Val4,1,1,9,AbilityLogicOperator: 9=Or.,Confirmed,
9227,ExtData[1].Val6,1,1,648,"Operation-specific reference value (RequirementId child link, ability ID, monster type, or other reference depending on AbilityOperation). Position confirmed from decompiled client ExtData schema.",Inferred,
9227,ExtData[1].Val7,1,1,1,Operation-specific auxiliary parameter. Position confirmed from decompiled client ExtData schema.,Inferred,
9227,ExtData[2].Val1,1,1,1,AbilitySourceType: 1=Cast.,Confirmed,
9227,ExtData[2].Val2,1,1,8,AbilityOperation: 8=GetGroupOnAbilityUsed.,Confirmed,
9227,ExtData[2].Val3,1,1,1,AbilityCondition: 1=Equal.,Confirmed,
9227,ExtData[2].Val6,1,1,649,"Operation-specific reference value (RequirementId child link, ability ID, monster type, or other reference depending on AbilityOperation). Position confirmed from decompiled client ExtData schema.",Inferred,
9227,ExtData[2].Val7,1,1,1,Operation-specific auxiliary parameter. Position confirmed from decompiled client ExtData schema.,Inferred,
9228,ExtData[0].Val1,1,1,1,AbilitySourceType: 1=Cast.,Confirmed,
9228,ExtData[0].Val2,1,1,11,AbilityOperation: 11=TargetActivatedComponent.,Confirmed,
9228,ExtData[0].Val3,1,1,1,AbilityCondition: 1=Equal.,Confirmed,
9228,ExtData[0].Val4,1,1,9,AbilityLogicOperator: 9=Or.,Confirmed,
9228,ExtData[0].Val5,1,1,3,Operation-specific threshold or comparison value (semantics depend on AbilityOperation). Position confirmed from decompiled client ExtData schema.,Inferred,
9228,ExtData[0].Val7,1,1,1,Operation-specific auxiliary parameter. Position confirmed from decompiled client ExtData schema.,Inferred,
9228,ExtData[1].Val1,1,1,1,AbilitySourceType: 1=Cast.,Confirmed,
9228,ExtData[1].Val2,1,1,51,AbilityOperation: 51=TargetBack.,Confirmed,
9228,ExtData[1].Val3,1,1,1,AbilityCondition: 1=Equal.,Confirmed,
9228,ExtData[1].Val5,1,1,3,Operation-specific threshold or comparison value (semantics depend on AbilityOperation). Position confirmed from decompiled client ExtData schema.,Inferred,
9228,ExtData[1].Val7,1,1,2,Operation-specific auxiliary parameter. Position confirmed from decompiled client ExtData schema.,Inferred,
9228,ExtData[1].Val9,1,1,1,Binary flag byte. Position confirmed from decompiled client ExtData schema.,Inferred,
9229,ExtData[0].Val1,1,1,1,AbilitySourceType: 1=Cast.,Confirmed,
9229,ExtData[0].Val2,1,1,51,AbilityOperation: 51=TargetBack.,Confirmed,
9229,ExtData[0].Val3,1,1,1,AbilityCondition: 1=Equal.,Confirmed,
9229,ExtData[0].Val4,1,1,9,AbilityLogicOperator: 9=Or.,Confirmed,
9229,ExtData[0].Val7,1,1,2,Operation-specific auxiliary parameter. Position confirmed from decompiled client ExtData schema.,Inferred,
9229,ExtData[0].Val9,1,1,1,Binary flag byte. Position confirmed from decompiled client ExtData schema.,Inferred,
9229,ExtData[1].Val1,1,1,1,AbilitySourceType: 1=Cast.,Confirmed,
9229,ExtData[1].Val2,1,1,6,AbilityOperation: 6=BuffGroupCount.,Confirmed,
9229,ExtData[1].Val3,1,1,5,AbilityCondition: 5=GreaterThanEqual.,Confirmed,
9229,ExtData[1].Val6,1,1,598,"Operation-specific reference value (RequirementId child link, ability ID, monster type, or other reference depending on AbilityOperation). Position confirmed from decompiled client ExtData schema.",Inferred,
9229,ExtData[1].Val7,1,1,1,Operation-specific auxiliary parameter. Position confirmed from decompiled client ExtData schema.,Inferred,
9230,ExtData[0].Val1,1,1,1,AbilitySourceType: 1=Cast.,Confirmed,
9230,ExtData[0].Val2,1,1,8,AbilityOperation: 8=GetGroupOnAbilityUsed.,Confirmed,
9230,ExtData[0].Val3,1,1,6,AbilityCondition: 6=LessThan.,Confirmed,
9230,ExtData[0].Val4,1,1,8,AbilityLogicOperator: 8=And.,Confirmed,
9230,ExtData[0].Val6,1,1,656,"Operation-specific reference value (RequirementId child link, ability ID, monster type, or other reference depending on AbilityOperation). Position confirmed from decompiled client ExtData schema.",Inferred,
9230,ExtData[1].Val1,1,1,1,AbilitySourceType: 1=Cast.,Confirmed,
9230,ExtData[1].Val2,1,1,11,AbilityOperation: 11=TargetActivatedComponent.,Confirmed,
9230,ExtData[1].Val3,1,1,1,AbilityCondition: 1=Equal.,Confirmed,
9230,ExtData[1].Val5,1,1,3,Operation-specific threshold or comparison value (semantics depend on AbilityOperation). Position confirmed from decompiled client ExtData schema.,Inferred,
9230,ExtData[1].Val7,1,1,1,Operation-specific auxiliary parameter. Position confirmed from decompiled client ExtData schema.,Inferred,
9231,ExtData[0].Val1,1,1,1,AbilitySourceType: 1=Cast.,Confirmed,
9231,ExtData[0].Val2,1,1,8,AbilityOperation: 8=GetGroupOnAbilityUsed.,Confirmed,
9231,ExtData[0].Val3,1,1,6,AbilityCondition: 6=LessThan.,Confirmed,
9231,ExtData[0].Val4,1,1,8,AbilityLogicOperator: 8=And.,Confirmed,
9231,ExtData[0].Val6,1,1,675,"Operation-specific reference value (RequirementId child link, ability ID, monster type, or other reference depending on AbilityOperation). Position confirmed from decompiled client ExtData schema.",Inferred,
9231,ExtData[1].Val1,1,1,1,AbilitySourceType: 1=Cast.,Confirmed,
9231,ExtData[1].Val2,1,1,11,AbilityOperation: 11=TargetActivatedComponent.,Confirmed,
9231,ExtData[1].Val3,1,1,1,AbilityCondition: 1=Equal.,Confirmed,
9231,ExtData[1].Val4,1,1,8,AbilityLogicOperator: 8=And.,Confirmed,
9231,ExtData[1].Val5,1,1,3,Operation-specific threshold or comparison value (semantics depend on AbilityOperation). Position confirmed from decompiled client ExtData schema.,Inferred,
9231,ExtData[1].Val7,1,1,1,Operation-specific auxiliary parameter. Position confirmed from decompiled client ExtData schema.,Inferred,
9231,ExtData[2].Val1,1,1,1,AbilitySourceType: 1=Cast.,Confirmed,
9231,ExtData[2].Val2,1,1,6,AbilityOperation: 6=BuffGroupCount.,Confirmed,
9231,ExtData[2].Val3,1,1,1,AbilityCondition: 1=Equal.,Confirmed,
9231,ExtData[2].Val5,1,1,3,Operation-specific threshold or comparison value (semantics depend on AbilityOperation). Position confirmed from decompiled client ExtData schema.,Inferred,
9231,ExtData[2].Val6,1,1,674,"Operation-specific reference value (RequirementId child link, ability ID, monster type, or other reference depending on AbilityOperation). Position confirmed from decompiled client ExtData schema.",Inferred,
9231,ExtData[2].Val7,1,1,1,Operation-specific auxiliary parameter. Position confirmed from decompiled client ExtData schema.,Inferred,
9232,ExtData[0].Val1,1,1,1,AbilitySourceType: 1=Cast.,Confirmed,
9232,ExtData[0].Val2,1,1,8,AbilityOperation: 8=GetGroupOnAbilityUsed.,Confirmed,
9232,ExtData[0].Val3,1,1,6,AbilityCondition: 6=LessThan.,Confirmed,
9232,ExtData[0].Val4,1,1,8,AbilityLogicOperator: 8=And.,Confirmed,
9232,ExtData[0].Val6,1,1,680,"Operation-specific reference value (RequirementId child link, ability ID, monster type, or other reference depending on AbilityOperation). Position confirmed from decompiled client ExtData schema.",Inferred,
9232,ExtData[1].Val1,1,1,1,AbilitySourceType: 1=Cast.,Confirmed,
9232,ExtData[1].Val2,1,1,11,AbilityOperation: 11=TargetActivatedComponent.,Confirmed,
9232,ExtData[1].Val3,1,1,1,AbilityCondition: 1=Equal.,Confirmed,
9232,ExtData[1].Val5,1,1,3,Operation-specific threshold or comparison value (semantics depend on AbilityOperation). Position confirmed from decompiled client ExtData schema.,Inferred,
9232,ExtData[1].Val7,1,1,1,Operation-specific auxiliary parameter. Position confirmed from decompiled client ExtData schema.,Inferred,
9233,ExtData[0].Val1,1,1,1,AbilitySourceType: 1=Cast.,Confirmed,
9233,ExtData[0].Val2,1,1,8,AbilityOperation: 8=GetGroupOnAbilityUsed.,Confirmed,
9233,ExtData[0].Val3,1,1,6,AbilityCondition: 6=LessThan.,Confirmed,
9233,ExtData[0].Val4,1,1,8,AbilityLogicOperator: 8=And.,Confirmed,
9233,ExtData[0].Val6,1,1,681,"Operation-specific reference value (RequirementId child link, ability ID, monster type, or other reference depending on AbilityOperation). Position confirmed from decompiled client ExtData schema.",Inferred,
9233,ExtData[1].Val1,1,1,1,AbilitySourceType: 1=Cast.,Confirmed,
9233,ExtData[1].Val2,1,1,11,AbilityOperation: 11=TargetActivatedComponent.,Confirmed,
9233,ExtData[1].Val3,1,1,1,AbilityCondition: 1=Equal.,Confirmed,
9233,ExtData[1].Val5,1,1,3,Operation-specific threshold or comparison value (semantics depend on AbilityOperation). Position confirmed from decompiled client ExtData schema.,Inferred,
9233,ExtData[1].Val7,1,1,1,Operation-specific auxiliary parameter. Position confirmed from decompiled client ExtData schema.,Inferred,
9234,ExtData[0].Val1,1,1,1,AbilitySourceType: 1=Cast.,Confirmed,
9234,ExtData[0].Val2,1,1,8,AbilityOperation: 8=GetGroupOnAbilityUsed.,Confirmed,
9234,ExtData[0].Val3,1,1,6,AbilityCondition: 6=LessThan.,Confirmed,
9234,ExtData[0].Val4,1,1,8,AbilityLogicOperator: 8=And.,Confirmed,
9234,ExtData[0].Val6,1,1,682,"Operation-specific reference value (RequirementId child link, ability ID, monster type, or other reference depending on AbilityOperation). Position confirmed from decompiled client ExtData schema.",Inferred,
9234,ExtData[1].Val1,1,1,1,AbilitySourceType: 1=Cast.,Confirmed,
9234,ExtData[1].Val2,1,1,11,AbilityOperation: 11=TargetActivatedComponent.,Confirmed,
9234,ExtData[1].Val3,1,1,1,AbilityCondition: 1=Equal.,Confirmed,
9234,ExtData[1].Val5,1,1,3,Operation-specific threshold or comparison value (semantics depend on AbilityOperation). Position confirmed from decompiled client ExtData schema.,Inferred,
9234,ExtData[1].Val7,1,1,1,Operation-specific auxiliary parameter. Position confirmed from decompiled client ExtData schema.,Inferred,
9235,ExtData[0].Val1,1,1,1,AbilitySourceType: 1=Cast.,Confirmed,
9235,ExtData[0].Val2,1,1,10,AbilityOperation: 10=RequirmentGroupCheck.,Confirmed,
9235,ExtData[0].Val3,1,1,1,AbilityCondition: 1=Equal.,Confirmed,
9235,ExtData[0].Val4,1,1,9,AbilityLogicOperator: 9=Or.,Confirmed,
9235,ExtData[0].Val6,1,1,9236,Every distinct observed value in this field matches a known RequirementId row.,Inferred,Example requirement ids: 9236.
9235,ExtData[0].Val7,1,1,1,Operation-specific auxiliary parameter. Position confirmed from decompiled client ExtData schema.,Inferred,
9235,ExtData[1].Val1,1,1,1,AbilitySourceType: 1=Cast.,Confirmed,
9235,ExtData[1].Val2,1,1,10,AbilityOperation: 10=RequirmentGroupCheck.,Confirmed,
9235,ExtData[1].Val3,1,1,1,AbilityCondition: 1=Equal.,Confirmed,
9235,ExtData[1].Val4,1,1,9,AbilityLogicOperator: 9=Or.,Confirmed,
9235,ExtData[1].Val6,1,1,9237,Every distinct observed value in this field matches a known RequirementId row.,Inferred,Example requirement ids: 9237.
9235,ExtData[1].Val7,1,1,1,Operation-specific auxiliary parameter. Position confirmed from decompiled client ExtData schema.,Inferred,
9235,ExtData[2].Val1,1,1,1,AbilitySourceType: 1=Cast.,Confirmed,
9235,ExtData[2].Val2,1,1,10,AbilityOperation: 10=RequirmentGroupCheck.,Confirmed,
9235,ExtData[2].Val3,1,1,1,AbilityCondition: 1=Equal.,Confirmed,
9235,ExtData[2].Val6,1,1,9238,Every distinct observed value in this field matches a known RequirementId row.,Inferred,Example requirement ids: 9238.
9235,ExtData[2].Val7,1,1,1,Operation-specific auxiliary parameter. Position confirmed from decompiled client ExtData schema.,Inferred,
9236,ExtData[0].Val1,1,1,1,AbilitySourceType: 1=Cast.,Confirmed,
9236,ExtData[0].Val2,1,1,9,AbilityOperation: 9=Random.,Confirmed,
9236,ExtData[0].Val3,1,1,4,AbilityCondition: 4=LessThanEqual.,Confirmed,
9236,ExtData[0].Val4,1,1,8,AbilityLogicOperator: 8=And.,Confirmed,
9236,ExtData[0].Val5,1,1,5,Operation-specific threshold or comparison value (semantics depend on AbilityOperation). Position confirmed from decompiled client ExtData schema.,Inferred,
9236,ExtData[0].Val6,1,1,100,"Operation-specific reference value (RequirementId child link, ability ID, monster type, or other reference depending on AbilityOperation). Position confirmed from decompiled client ExtData schema.",Inferred,
9236,ExtData[0].Val7,1,1,100,Operation-specific auxiliary parameter. Position confirmed from decompiled client ExtData schema.,Inferred,
9236,ExtData[1].Val1,1,1,1,AbilitySourceType: 1=Cast.,Confirmed,
9236,ExtData[1].Val2,1,1,4,AbilityOperation: 4=Range.,Confirmed,
9236,ExtData[1].Val3,1,1,4,AbilityCondition: 4=LessThanEqual.,Confirmed,
9236,ExtData[1].Val4,1,1,8,AbilityLogicOperator: 8=And.,Confirmed,
9236,ExtData[1].Val5,1,1,5,Operation-specific threshold or comparison value (semantics depend on AbilityOperation). Position confirmed from decompiled client ExtData schema.,Inferred,
9236,ExtData[1].Val7,1,1,100,Operation-specific auxiliary parameter. Position confirmed from decompiled client ExtData schema.,Inferred,
9236,ExtData[2].Val1,1,1,1,AbilitySourceType: 1=Cast.,Confirmed,
9236,ExtData[2].Val2,1,1,4,AbilityOperation: 4=Range.,Confirmed,
9236,ExtData[2].Val3,1,1,5,AbilityCondition: 5=GreaterThanEqual.,Confirmed,
9236,ExtData[2].Val5,1,1,5,Operation-specific threshold or comparison value (semantics depend on AbilityOperation). Position confirmed from decompiled client ExtData schema.,Inferred,
9237,ExtData[0].Val1,1,1,1,AbilitySourceType: 1=Cast.,Confirmed,
9237,ExtData[0].Val2,1,1,9,AbilityOperation: 9=Random.,Confirmed,
9237,ExtData[0].Val3,1,1,4,AbilityCondition: 4=LessThanEqual.,Confirmed,
9237,ExtData[0].Val4,1,1,8,AbilityLogicOperator: 8=And.,Confirmed,
9237,ExtData[0].Val5,1,1,5,Operation-specific threshold or comparison value (semantics depend on AbilityOperation). Position confirmed from decompiled client ExtData schema.,Inferred,
9237,ExtData[0].Val6,1,1,100,"Operation-specific reference value (RequirementId child link, ability ID, monster type, or other reference depending on AbilityOperation). Position confirmed from decompiled client ExtData schema.",Inferred,
9237,ExtData[0].Val7,1,1,100,Operation-specific auxiliary parameter. Position confirmed from decompiled client ExtData schema.,Inferred,
9237,ExtData[1].Val1,1,1,1,AbilitySourceType: 1=Cast.,Confirmed,
9237,ExtData[1].Val2,1,1,4,AbilityOperation: 4=Range.,Confirmed,
9237,ExtData[1].Val3,1,1,4,AbilityCondition: 4=LessThanEqual.,Confirmed,
9237,ExtData[1].Val4,1,1,8,AbilityLogicOperator: 8=And.,Confirmed,
9237,ExtData[1].Val5,1,1,5,Operation-specific threshold or comparison value (semantics depend on AbilityOperation). Position confirmed from decompiled client ExtData schema.,Inferred,
9237,ExtData[1].Val7,1,1,200,Operation-specific auxiliary parameter. Position confirmed from decompiled client ExtData schema.,Inferred,
9237,ExtData[2].Val1,1,1,1,AbilitySourceType: 1=Cast.,Confirmed,
9237,ExtData[2].Val2,1,1,4,AbilityOperation: 4=Range.,Confirmed,
9237,ExtData[2].Val3,1,1,5,AbilityCondition: 5=GreaterThanEqual.,Confirmed,
9237,ExtData[2].Val5,1,1,5,Operation-specific threshold or comparison value (semantics depend on AbilityOperation). Position confirmed from decompiled client ExtData schema.,Inferred,
9237,ExtData[2].Val7,1,1,101,Operation-specific auxiliary parameter. Position confirmed from decompiled client ExtData schema.,Inferred,
9238,ExtData[0].Val1,1,1,1,AbilitySourceType: 1=Cast.,Confirmed,
9238,ExtData[0].Val2,1,1,9,AbilityOperation: 9=Random.,Confirmed,
9238,ExtData[0].Val3,1,1,4,AbilityCondition: 4=LessThanEqual.,Confirmed,
9238,ExtData[0].Val4,1,1,8,AbilityLogicOperator: 8=And.,Confirmed,
9238,ExtData[0].Val5,1,1,5,Operation-specific threshold or comparison value (semantics depend on AbilityOperation). Position confirmed from decompiled client ExtData schema.,Inferred,
9238,ExtData[0].Val6,1,1,100,"Operation-specific reference value (RequirementId child link, ability ID, monster type, or other reference depending on AbilityOperation). Position confirmed from decompiled client ExtData schema.",Inferred,
9238,ExtData[0].Val7,1,1,100,Operation-specific auxiliary parameter. Position confirmed from decompiled client ExtData schema.,Inferred,
9238,ExtData[1].Val1,1,1,1,AbilitySourceType: 1=Cast.,Confirmed,
9238,ExtData[1].Val2,1,1,4,AbilityOperation: 4=Range.,Confirmed,
9238,ExtData[1].Val3,1,1,4,AbilityCondition: 4=LessThanEqual.,Confirmed,
9238,ExtData[1].Val4,1,1,8,AbilityLogicOperator: 8=And.,Confirmed,
9238,ExtData[1].Val5,1,1,5,Operation-specific threshold or comparison value (semantics depend on AbilityOperation). Position confirmed from decompiled client ExtData schema.,Inferred,
9238,ExtData[1].Val7,1,1,360,Operation-specific auxiliary parameter. Position confirmed from decompiled client ExtData schema.,Inferred,
9238,ExtData[2].Val1,1,1,1,AbilitySourceType: 1=Cast.,Confirmed,
9238,ExtData[2].Val2,1,1,4,AbilityOperation: 4=Range.,Confirmed,
9238,ExtData[2].Val3,1,1,5,AbilityCondition: 5=GreaterThanEqual.,Confirmed,
9238,ExtData[2].Val5,1,1,5,Operation-specific threshold or comparison value (semantics depend on AbilityOperation). Position confirmed from decompiled client ExtData schema.,Inferred,
9238,ExtData[2].Val7,1,1,201,Operation-specific auxiliary parameter. Position confirmed from decompiled client ExtData schema.,Inferred,
9239,ExtData[0].Val1,1,1,1,AbilitySourceType: 1=Cast.,Confirmed,
9239,ExtData[0].Val2,1,1,28,AbilityOperation: 28=TargetIsMonster.,Confirmed,
9239,ExtData[0].Val3,1,1,1,AbilityCondition: 1=Equal.,Confirmed,
9239,ExtData[0].Val4,1,1,8,AbilityLogicOperator: 8=And.,Confirmed,
9239,ExtData[0].Val7,1,1,1,Operation-specific auxiliary parameter. Position confirmed from decompiled client ExtData schema.,Inferred,
9239,ExtData[1].Val1,1,1,1,AbilitySourceType: 1=Cast.,Confirmed,
9239,ExtData[1].Val2,1,1,16,AbilityOperation: 16=MonsterType.,Confirmed,
9239,ExtData[1].Val3,1,1,1,AbilityCondition: 1=Equal.,Confirmed,
9239,ExtData[1].Val6,1,1,8340,"Operation-specific reference value (RequirementId child link, ability ID, monster type, or other reference depending on AbilityOperation). Position confirmed from decompiled client ExtData schema.",Inferred,
9240,ExtData[0].Val1,1,1,1,AbilitySourceType: 1=Cast.,Confirmed,
9240,ExtData[0].Val2,1,1,14,AbilityOperation: 14=TargetCheck.,Confirmed,
9240,ExtData[0].Val3,1,1,1,AbilityCondition: 1=Equal.,Confirmed,
9240,ExtData[0].Val4,1,1,8,AbilityLogicOperator: 8=And.,Confirmed,
9240,ExtData[0].Val7,1,1,1,Operation-specific auxiliary parameter. Position confirmed from decompiled client ExtData schema.,Inferred,
9240,ExtData[1].Val1,1,1,1,AbilitySourceType: 1=Cast.,Confirmed,
9240,ExtData[1].Val2,1,1,2,AbilityOperation: 2=EnemyTargeted.,Confirmed,
9240,ExtData[1].Val3,1,1,1,AbilityCondition: 1=Equal.,Confirmed,
9240,ExtData[1].Val7,1,1,1,Operation-specific auxiliary parameter. Position confirmed from decompiled client ExtData schema.,Inferred,
9241,ExtData[0].Val1,1,1,1,AbilitySourceType: 1=Cast.,Confirmed,
9241,ExtData[0].Val2,1,1,44,AbilityOperation: 44=EquippedInventorySlot.,Confirmed,
9241,ExtData[0].Val3,1,1,1,AbilityCondition: 1=Equal.,Confirmed,
9241,ExtData[0].Val4,1,1,9,AbilityLogicOperator: 9=Or.,Confirmed,
9241,ExtData[0].Val6,1,1,11,"Operation-specific reference value (RequirementId child link, ability ID, monster type, or other reference depending on AbilityOperation). Position confirmed from decompiled client ExtData schema.",Inferred,
9241,ExtData[1].Val1,1,1,1,AbilitySourceType: 1=Cast.,Confirmed,
9241,ExtData[1].Val2,1,1,10,AbilityOperation: 10=RequirmentGroupCheck.,Confirmed,
9241,ExtData[1].Val3,1,1,1,AbilityCondition: 1=Equal.,Confirmed,
9241,ExtData[1].Val6,1,1,9242,Every distinct observed value in this field matches a known RequirementId row.,Inferred,Example requirement ids: 9242.
9241,ExtData[1].Val7,1,1,1,Operation-specific auxiliary parameter. Position confirmed from decompiled client ExtData schema.,Inferred,
9242,ExtData[0].Val1,1,1,1,AbilitySourceType: 1=Cast.,Confirmed,
9242,ExtData[0].Val2,1,1,6,AbilityOperation: 6=BuffGroupCount.,Confirmed,
9242,ExtData[0].Val3,1,1,1,AbilityCondition: 1=Equal.,Confirmed,
9242,ExtData[0].Val4,1,1,9,AbilityLogicOperator: 9=Or.,Confirmed,
9242,ExtData[0].Val6,1,1,329,"Operation-specific reference value (RequirementId child link, ability ID, monster type, or other reference depending on AbilityOperation). Position confirmed from decompiled client ExtData schema.",Inferred,
9242,ExtData[0].Val7,1,1,1,Operation-specific auxiliary parameter. Position confirmed from decompiled client ExtData schema.,Inferred,
9242,ExtData[1].Val1,1,1,1,AbilitySourceType: 1=Cast.,Confirmed,
9242,ExtData[1].Val2,1,1,6,AbilityOperation: 6=BuffGroupCount.,Confirmed,
9242,ExtData[1].Val3,1,1,1,AbilityCondition: 1=Equal.,Confirmed,
9242,ExtData[1].Val4,1,1,9,AbilityLogicOperator: 9=Or.,Confirmed,
9242,ExtData[1].Val6,1,1,330,"Operation-specific reference value (RequirementId child link, ability ID, monster type, or other reference depending on AbilityOperation). Position confirmed from decompiled client ExtData schema.",Inferred,
9242,ExtData[1].Val7,1,1,1,Operation-specific auxiliary parameter. Position confirmed from decompiled client ExtData schema.,Inferred,
9242,ExtData[2].Val1,1,1,1,AbilitySourceType: 1=Cast.,Confirmed,
9242,ExtData[2].Val2,1,1,6,AbilityOperation: 6=BuffGroupCount.,Confirmed,
9242,ExtData[2].Val3,1,1,1,AbilityCondition: 1=Equal.,Confirmed,
9242,ExtData[2].Val6,1,1,331,"Operation-specific reference value (RequirementId child link, ability ID, monster type, or other reference depending on AbilityOperation). Position confirmed from decompiled client ExtData schema.",Inferred,
9242,ExtData[2].Val7,1,1,1,Operation-specific auxiliary parameter. Position confirmed from decompiled client ExtData schema.,Inferred,
9243,ExtData[0].Val1,1,1,1,AbilitySourceType: 1=Cast.,Confirmed,
9243,ExtData[0].Val2,1,1,81,AbilityOperation: 81=Unk81.,Confirmed,
9243,ExtData[0].Val3,1,1,1,AbilityCondition: 1=Equal.,Confirmed,
9243,ExtData[0].Val4,1,1,8,AbilityLogicOperator: 8=And.,Confirmed,
9243,ExtData[0].Val7,1,1,1,Operation-specific auxiliary parameter. Position confirmed from decompiled client ExtData schema.,Inferred,
9243,ExtData[1].Val1,1,1,1,AbilitySourceType: 1=Cast.,Confirmed,
9243,ExtData[1].Val2,1,1,2,AbilityOperation: 2=EnemyTargeted.,Confirmed,
9243,ExtData[1].Val3,1,1,1,AbilityCondition: 1=Equal.,Confirmed,
9243,ExtData[1].Val7,1,1,1,Operation-specific auxiliary parameter. Position confirmed from decompiled client ExtData schema.,Inferred,
9244,ExtData[0].Val1,1,1,1,AbilitySourceType: 1=Cast.,Confirmed,
9244,ExtData[0].Val2,1,1,15,AbilityOperation: 15=TargetIsPlayer.,Confirmed,
9244,ExtData[0].Val3,1,1,1,AbilityCondition: 1=Equal.,Confirmed,
9244,ExtData[0].Val4,1,1,8,AbilityLogicOperator: 8=And.,Confirmed,
9244,ExtData[0].Val7,1,1,1,Operation-specific auxiliary parameter. Position confirmed from decompiled client ExtData schema.,Inferred,
9244,ExtData[1].Val1,1,1,1,AbilitySourceType: 1=Cast.,Confirmed,
9244,ExtData[1].Val2,1,1,2,AbilityOperation: 2=EnemyTargeted.,Confirmed,
9244,ExtData[1].Val3,1,1,1,AbilityCondition: 1=Equal.,Confirmed,
9244,ExtData[1].Val7,1,1,1,Operation-specific auxiliary parameter. Position confirmed from decompiled client ExtData schema.,Inferred,
9245,ExtData[0].Val1,1,1,1,AbilitySourceType: 1=Cast.,Confirmed,
9245,ExtData[0].Val2,1,1,23,AbilityOperation: 23=RequirmentGroupCheck2.,Confirmed,
9245,ExtData[0].Val3,1,1,1,AbilityCondition: 1=Equal.,Confirmed,
9245,ExtData[0].Val4,1,1,9,AbilityLogicOperator: 9=Or.,Confirmed,
9245,ExtData[0].Val6,1,1,9057,Every distinct observed value in this field matches a known RequirementId row.,Inferred,Example requirement ids: 9057.
9245,ExtData[1].Val1,1,1,1,AbilitySourceType: 1=Cast.,Confirmed,
9245,ExtData[1].Val2,1,1,6,AbilityOperation: 6=BuffGroupCount.,Confirmed,
9245,ExtData[1].Val3,1,1,1,AbilityCondition: 1=Equal.,Confirmed,
9245,ExtData[1].Val5,1,1,3,Operation-specific threshold or comparison value (semantics depend on AbilityOperation). Position confirmed from decompiled client ExtData schema.,Inferred,
9245,ExtData[1].Val6,1,1,651,"Operation-specific reference value (RequirementId child link, ability ID, monster type, or other reference depending on AbilityOperation). Position confirmed from decompiled client ExtData schema.",Inferred,
9246,ExtData[0].Val1,1,1,1,AbilitySourceType: 1=Cast.,Confirmed,
9246,ExtData[0].Val2,1,1,6,AbilityOperation: 6=BuffGroupCount.,Confirmed,
9246,ExtData[0].Val3,1,1,6,AbilityCondition: 6=LessThan.,Confirmed,
9246,ExtData[0].Val4,1,1,9,AbilityLogicOperator: 9=Or.,Confirmed,
9246,ExtData[0].Val5,1,1,1,Operation-specific threshold or comparison value (semantics depend on AbilityOperation). Position confirmed from decompiled client ExtData schema.,Inferred,
9246,ExtData[0].Val6,1,1,1002,"Operation-specific reference value (RequirementId child link, ability ID, monster type, or other reference depending on AbilityOperation). Position confirmed from decompiled client ExtData schema.",Inferred,
9246,ExtData[1].Val1,1,1,1,AbilitySourceType: 1=Cast.,Confirmed,
9246,ExtData[1].Val2,1,1,6,AbilityOperation: 6=BuffGroupCount.,Confirmed,
9246,ExtData[1].Val3,1,1,1,AbilityCondition: 1=Equal.,Confirmed,
9246,ExtData[1].Val5,1,1,3,Operation-specific threshold or comparison value (semantics depend on AbilityOperation). Position confirmed from decompiled client ExtData schema.,Inferred,
9246,ExtData[1].Val6,1,1,740,"Operation-specific reference value (RequirementId child link, ability ID, monster type, or other reference depending on AbilityOperation). Position confirmed from decompiled client ExtData schema.",Inferred,
9246,ExtData[1].Val7,1,1,1,Operation-specific auxiliary parameter. Position confirmed from decompiled client ExtData schema.,Inferred,
9247,ExtData[0].Val1,1,1,1,AbilitySourceType: 1=Cast.,Confirmed,
9247,ExtData[0].Val2,1,1,70,AbilityOperation: 70=ItemSlotted.,Confirmed,
9247,ExtData[0].Val3,1,1,1,AbilityCondition: 1=Equal.,Confirmed,
9247,ExtData[0].Val4,1,1,9,AbilityLogicOperator: 9=Or.,Confirmed,
9247,ExtData[0].Val6,1,1,187701,"Operation-specific reference value (RequirementId child link, ability ID, monster type, or other reference depending on AbilityOperation). Position confirmed from decompiled client ExtData schema.",Inferred,
9247,ExtData[0].Val7,1,1,1,Operation-specific auxiliary parameter. Position confirmed from decompiled client ExtData schema.,Inferred,
9247,ExtData[1].Val1,1,1,1,AbilitySourceType: 1=Cast.,Confirmed,
9247,ExtData[1].Val2,1,1,70,AbilityOperation: 70=ItemSlotted.,Confirmed,
9247,ExtData[1].Val3,1,1,1,AbilityCondition: 1=Equal.,Confirmed,
9247,ExtData[1].Val6,1,1,187704,"Operation-specific reference value (RequirementId child link, ability ID, monster type, or other reference depending on AbilityOperation). Position confirmed from decompiled client ExtData schema.",Inferred,
9247,ExtData[1].Val7,1,1,1,Operation-specific auxiliary parameter. Position confirmed from decompiled client ExtData schema.,Inferred,
9248,ExtData[0].Val1,1,1,1,AbilitySourceType: 1=Cast.,Confirmed,
9248,ExtData[0].Val2,1,1,70,AbilityOperation: 70=ItemSlotted.,Confirmed,
9248,ExtData[0].Val3,1,1,1,AbilityCondition: 1=Equal.,Confirmed,
9248,ExtData[0].Val4,1,1,9,AbilityLogicOperator: 9=Or.,Confirmed,
9248,ExtData[0].Val6,1,1,187702,"Operation-specific reference value (RequirementId child link, ability ID, monster type, or other reference depending on AbilityOperation). Position confirmed from decompiled client ExtData schema.",Inferred,
9248,ExtData[0].Val7,1,1,1,Operation-specific auxiliary parameter. Position confirmed from decompiled client ExtData schema.,Inferred,
9248,ExtData[1].Val1,1,1,1,AbilitySourceType: 1=Cast.,Confirmed,
9248,ExtData[1].Val2,1,1,70,AbilityOperation: 70=ItemSlotted.,Confirmed,
9248,ExtData[1].Val3,1,1,1,AbilityCondition: 1=Equal.,Confirmed,
9248,ExtData[1].Val6,1,1,187705,"Operation-specific reference value (RequirementId child link, ability ID, monster type, or other reference depending on AbilityOperation). Position confirmed from decompiled client ExtData schema.",Inferred,
9248,ExtData[1].Val7,1,1,1,Operation-specific auxiliary parameter. Position confirmed from decompiled client ExtData schema.,Inferred,
9249,ExtData[0].Val1,1,1,1,AbilitySourceType: 1=Cast.,Confirmed,
9249,ExtData[0].Val2,1,1,70,AbilityOperation: 70=ItemSlotted.,Confirmed,
9249,ExtData[0].Val3,1,1,1,AbilityCondition: 1=Equal.,Confirmed,
9249,ExtData[0].Val4,1,1,9,AbilityLogicOperator: 9=Or.,Confirmed,
9249,ExtData[0].Val6,1,1,187703,"Operation-specific reference value (RequirementId child link, ability ID, monster type, or other reference depending on AbilityOperation). Position confirmed from decompiled client ExtData schema.",Inferred,
9249,ExtData[0].Val7,1,1,1,Operation-specific auxiliary parameter. Position confirmed from decompiled client ExtData schema.,Inferred,
9249,ExtData[1].Val1,1,1,1,AbilitySourceType: 1=Cast.,Confirmed,
9249,ExtData[1].Val2,1,1,70,AbilityOperation: 70=ItemSlotted.,Confirmed,
9249,ExtData[1].Val3,1,1,1,AbilityCondition: 1=Equal.,Confirmed,
9249,ExtData[1].Val6,1,1,187706,"Operation-specific reference value (RequirementId child link, ability ID, monster type, or other reference depending on AbilityOperation). Position confirmed from decompiled client ExtData schema.",Inferred,
9249,ExtData[1].Val7,1,1,1,Operation-specific auxiliary parameter. Position confirmed from decompiled client ExtData schema.,Inferred,
9250,ExtData[0].Val1,1,1,1,AbilitySourceType: 1=Cast.,Confirmed,
9250,ExtData[0].Val2,1,1,43,AbilityOperation: 43=Unk43.,Confirmed,
9250,ExtData[0].Val3,1,1,1,AbilityCondition: 1=Equal.,Confirmed,
9250,ExtData[0].Val4,1,1,8,AbilityLogicOperator: 8=And.,Confirmed,
9250,ExtData[0].Val7,1,1,1,Operation-specific auxiliary parameter. Position confirmed from decompiled client ExtData schema.,Inferred,
9250,ExtData[1].Val1,1,1,1,AbilitySourceType: 1=Cast.,Confirmed,
9250,ExtData[1].Val2,1,1,10,AbilityOperation: 10=RequirmentGroupCheck.,Confirmed,
9250,ExtData[1].Val3,1,1,1,AbilityCondition: 1=Equal.,Confirmed,
9250,ExtData[1].Val6,1,1,9247,Every distinct observed value in this field matches a known RequirementId row.,Inferred,Example requirement ids: 9247.
9250,ExtData[1].Val7,1,1,1,Operation-specific auxiliary parameter. Position confirmed from decompiled client ExtData schema.,Inferred,
9251,ExtData[0].Val1,1,1,1,AbilitySourceType: 1=Cast.,Confirmed,
9251,ExtData[0].Val2,1,1,43,AbilityOperation: 43=Unk43.,Confirmed,
9251,ExtData[0].Val3,1,1,1,AbilityCondition: 1=Equal.,Confirmed,
9251,ExtData[0].Val4,1,1,8,AbilityLogicOperator: 8=And.,Confirmed,
9251,ExtData[0].Val7,1,1,1,Operation-specific auxiliary parameter. Position confirmed from decompiled client ExtData schema.,Inferred,
9251,ExtData[1].Val1,1,1,1,AbilitySourceType: 1=Cast.,Confirmed,
9251,ExtData[1].Val2,1,1,10,AbilityOperation: 10=RequirmentGroupCheck.,Confirmed,
9251,ExtData[1].Val3,1,1,1,AbilityCondition: 1=Equal.,Confirmed,
9251,ExtData[1].Val6,1,1,9248,Every distinct observed value in this field matches a known RequirementId row.,Inferred,Example requirement ids: 9248.
9251,ExtData[1].Val7,1,1,1,Operation-specific auxiliary parameter. Position confirmed from decompiled client ExtData schema.,Inferred,
9252,ExtData[0].Val1,1,1,1,AbilitySourceType: 1=Cast.,Confirmed,
9252,ExtData[0].Val2,1,1,43,AbilityOperation: 43=Unk43.,Confirmed,
9252,ExtData[0].Val3,1,1,1,AbilityCondition: 1=Equal.,Confirmed,
9252,ExtData[0].Val4,1,1,8,AbilityLogicOperator: 8=And.,Confirmed,
9252,ExtData[0].Val7,1,1,1,Operation-specific auxiliary parameter. Position confirmed from decompiled client ExtData schema.,Inferred,
9252,ExtData[1].Val1,1,1,1,AbilitySourceType: 1=Cast.,Confirmed,
9252,ExtData[1].Val2,1,1,10,AbilityOperation: 10=RequirmentGroupCheck.,Confirmed,
9252,ExtData[1].Val3,1,1,1,AbilityCondition: 1=Equal.,Confirmed,
9252,ExtData[1].Val6,1,1,9249,Every distinct observed value in this field matches a known RequirementId row.,Inferred,Example requirement ids: 9249.
9252,ExtData[1].Val7,1,1,1,Operation-specific auxiliary parameter. Position confirmed from decompiled client ExtData schema.,Inferred,
9253,ExtData[0].Val1,1,1,1,AbilitySourceType: 1=Cast.,Confirmed,
9253,ExtData[0].Val2,1,1,45,AbilityOperation: 45=Unk45.,Confirmed,
9253,ExtData[0].Val3,1,1,1,AbilityCondition: 1=Equal.,Confirmed,
9253,ExtData[0].Val4,1,1,8,AbilityLogicOperator: 8=And.,Confirmed,
9253,ExtData[0].Val6,1,1,1,"Operation-specific reference value (RequirementId child link, ability ID, monster type, or other reference depending on AbilityOperation). Position confirmed from decompiled client ExtData schema.",Inferred,
9253,ExtData[0].Val7,1,1,1,Operation-specific auxiliary parameter. Position confirmed from decompiled client ExtData schema.,Inferred,
9253,ExtData[0].Val8,1,1,1,Operation-specific auxiliary parameter. Position confirmed from decompiled client ExtData schema.,Inferred,
9253,ExtData[1].Val1,1,1,1,AbilitySourceType: 1=Cast.,Confirmed,
9253,ExtData[1].Val2,1,1,10,AbilityOperation: 10=RequirmentGroupCheck.,Confirmed,
9253,ExtData[1].Val3,1,1,1,AbilityCondition: 1=Equal.,Confirmed,
9253,ExtData[1].Val4,1,1,8,AbilityLogicOperator: 8=And.,Confirmed,
9253,ExtData[1].Val6,1,1,9247,Every distinct observed value in this field matches a known RequirementId row.,Inferred,Example requirement ids: 9247.
9253,ExtData[1].Val7,1,1,1,Operation-specific auxiliary parameter. Position confirmed from decompiled client ExtData schema.,Inferred,
9253,ExtData[2].Val1,1,1,1,AbilitySourceType: 1=Cast.,Confirmed,
9253,ExtData[2].Val2,1,1,6,AbilityOperation: 6=BuffGroupCount.,Confirmed,
9253,ExtData[2].Val3,1,1,1,AbilityCondition: 1=Equal.,Confirmed,
9253,ExtData[2].Val4,1,1,8,AbilityLogicOperator: 8=And.,Confirmed,
9253,ExtData[2].Val6,1,1,600,"Operation-specific reference value (RequirementId child link, ability ID, monster type, or other reference depending on AbilityOperation). Position confirmed from decompiled client ExtData schema.",Inferred,
9253,ExtData[3].Val1,1,1,1,AbilitySourceType: 1=Cast.,Confirmed,
9253,ExtData[3].Val2,1,1,43,AbilityOperation: 43=Unk43.,Confirmed,
9253,ExtData[3].Val3,1,1,1,AbilityCondition: 1=Equal.,Confirmed,
9253,ExtData[3].Val4,1,1,8,AbilityLogicOperator: 8=And.,Confirmed,
9254,ExtData[0].Val1,1,1,1,AbilitySourceType: 1=Cast.,Confirmed,
9254,ExtData[0].Val2,1,1,45,AbilityOperation: 45=Unk45.,Confirmed,
9254,ExtData[0].Val3,1,1,1,AbilityCondition: 1=Equal.,Confirmed,
9254,ExtData[0].Val4,1,1,8,AbilityLogicOperator: 8=And.,Confirmed,
9254,ExtData[0].Val6,1,1,1,"Operation-specific reference value (RequirementId child link, ability ID, monster type, or other reference depending on AbilityOperation). Position confirmed from decompiled client ExtData schema.",Inferred,
9254,ExtData[0].Val7,1,1,1,Operation-specific auxiliary parameter. Position confirmed from decompiled client ExtData schema.,Inferred,
9254,ExtData[0].Val8,1,1,2,Operation-specific auxiliary parameter. Position confirmed from decompiled client ExtData schema.,Inferred,
9254,ExtData[1].Val1,1,1,1,AbilitySourceType: 1=Cast.,Confirmed,
9254,ExtData[1].Val2,1,1,10,AbilityOperation: 10=RequirmentGroupCheck.,Confirmed,
9254,ExtData[1].Val3,1,1,1,AbilityCondition: 1=Equal.,Confirmed,
9254,ExtData[1].Val4,1,1,8,AbilityLogicOperator: 8=And.,Confirmed,
9254,ExtData[1].Val6,1,1,9248,Every distinct observed value in this field matches a known RequirementId row.,Inferred,Example requirement ids: 9248.
9254,ExtData[1].Val7,1,1,1,Operation-specific auxiliary parameter. Position confirmed from decompiled client ExtData schema.,Inferred,
9254,ExtData[2].Val1,1,1,1,AbilitySourceType: 1=Cast.,Confirmed,
9254,ExtData[2].Val2,1,1,6,AbilityOperation: 6=BuffGroupCount.,Confirmed,
9254,ExtData[2].Val3,1,1,1,AbilityCondition: 1=Equal.,Confirmed,
9254,ExtData[2].Val4,1,1,8,AbilityLogicOperator: 8=And.,Confirmed,
9254,ExtData[2].Val6,1,1,600,"Operation-specific reference value (RequirementId child link, ability ID, monster type, or other reference depending on AbilityOperation). Position confirmed from decompiled client ExtData schema.",Inferred,
9254,ExtData[3].Val1,1,1,1,AbilitySourceType: 1=Cast.,Confirmed,
9254,ExtData[3].Val2,1,1,43,AbilityOperation: 43=Unk43.,Confirmed,
9254,ExtData[3].Val3,1,1,1,AbilityCondition: 1=Equal.,Confirmed,
9254,ExtData[3].Val4,1,1,8,AbilityLogicOperator: 8=And.,Confirmed,
9255,ExtData[0].Val1,1,1,1,AbilitySourceType: 1=Cast.,Confirmed,
9255,ExtData[0].Val2,1,1,45,AbilityOperation: 45=Unk45.,Confirmed,
9255,ExtData[0].Val3,1,1,1,AbilityCondition: 1=Equal.,Confirmed,
9255,ExtData[0].Val4,1,1,8,AbilityLogicOperator: 8=And.,Confirmed,
9255,ExtData[0].Val6,1,1,1,"Operation-specific reference value (RequirementId child link, ability ID, monster type, or other reference depending on AbilityOperation). Position confirmed from decompiled client ExtData schema.",Inferred,
9255,ExtData[0].Val7,1,1,1,Operation-specific auxiliary parameter. Position confirmed from decompiled client ExtData schema.,Inferred,
9255,ExtData[0].Val8,1,1,3,Operation-specific auxiliary parameter. Position confirmed from decompiled client ExtData schema.,Inferred,
9255,ExtData[1].Val1,1,1,1,AbilitySourceType: 1=Cast.,Confirmed,
9255,ExtData[1].Val2,1,1,10,AbilityOperation: 10=RequirmentGroupCheck.,Confirmed,
9255,ExtData[1].Val3,1,1,1,AbilityCondition: 1=Equal.,Confirmed,
9255,ExtData[1].Val4,1,1,8,AbilityLogicOperator: 8=And.,Confirmed,
9255,ExtData[1].Val6,1,1,9249,Every distinct observed value in this field matches a known RequirementId row.,Inferred,Example requirement ids: 9249.
9255,ExtData[1].Val7,1,1,1,Operation-specific auxiliary parameter. Position confirmed from decompiled client ExtData schema.,Inferred,
9255,ExtData[2].Val1,1,1,1,AbilitySourceType: 1=Cast.,Confirmed,
9255,ExtData[2].Val2,1,1,6,AbilityOperation: 6=BuffGroupCount.,Confirmed,
9255,ExtData[2].Val3,1,1,1,AbilityCondition: 1=Equal.,Confirmed,
9255,ExtData[2].Val4,1,1,8,AbilityLogicOperator: 8=And.,Confirmed,
9255,ExtData[2].Val6,1,1,600,"Operation-specific reference value (RequirementId child link, ability ID, monster type, or other reference depending on AbilityOperation). Position confirmed from decompiled client ExtData schema.",Inferred,
9255,ExtData[3].Val1,1,1,1,AbilitySourceType: 1=Cast.,Confirmed,
9255,ExtData[3].Val2,1,1,43,AbilityOperation: 43=Unk43.,Confirmed,
9255,ExtData[3].Val3,1,1,1,AbilityCondition: 1=Equal.,Confirmed,
9255,ExtData[3].Val4,1,1,8,AbilityLogicOperator: 8=And.,Confirmed,
9256,ExtData[0].Val1,1,1,1,AbilitySourceType: 1=Cast.,Confirmed,
9256,ExtData[0].Val2,1,1,10,AbilityOperation: 10=RequirmentGroupCheck.,Confirmed,
9256,ExtData[0].Val3,1,1,6,AbilityCondition: 6=LessThan.,Confirmed,
9256,ExtData[0].Val4,1,1,9,AbilityLogicOperator: 9=Or.,Confirmed,
9256,ExtData[0].Val6,1,1,9254,Every distinct observed value in this field matches a known RequirementId row.,Inferred,Example requirement ids: 9254.
9256,ExtData[1].Val1,1,1,1,AbilitySourceType: 1=Cast.,Confirmed,
9256,ExtData[1].Val2,1,1,10,AbilityOperation: 10=RequirmentGroupCheck.,Confirmed,
9256,ExtData[1].Val3,1,1,6,AbilityCondition: 6=LessThan.,Confirmed,
9256,ExtData[1].Val6,1,1,9255,Every distinct observed value in this field matches a known RequirementId row.,Inferred,Example requirement ids: 9255.
9257,ExtData[0].Val1,1,1,1,AbilitySourceType: 1=Cast.,Confirmed,
9257,ExtData[0].Val2,1,1,70,AbilityOperation: 70=ItemSlotted.,Confirmed,
9257,ExtData[0].Val3,1,1,6,AbilityCondition: 6=LessThan.,Confirmed,
9257,ExtData[0].Val4,1,1,9,AbilityLogicOperator: 9=Or.,Confirmed,
9257,ExtData[0].Val6,1,1,187701,"Operation-specific reference value (RequirementId child link, ability ID, monster type, or other reference depending on AbilityOperation). Position confirmed from decompiled client ExtData schema.",Inferred,
9257,ExtData[1].Val1,1,1,1,AbilitySourceType: 1=Cast.,Confirmed,
9257,ExtData[1].Val2,1,1,70,AbilityOperation: 70=ItemSlotted.,Confirmed,
9257,ExtData[1].Val3,1,1,6,AbilityCondition: 6=LessThan.,Confirmed,
9257,ExtData[1].Val4,1,1,9,AbilityLogicOperator: 9=Or.,Confirmed,
9257,ExtData[1].Val6,1,1,187702,"Operation-specific reference value (RequirementId child link, ability ID, monster type, or other reference depending on AbilityOperation). Position confirmed from decompiled client ExtData schema.",Inferred,
9257,ExtData[2].Val1,1,1,1,AbilitySourceType: 1=Cast.,Confirmed,
9257,ExtData[2].Val2,1,1,70,AbilityOperation: 70=ItemSlotted.,Confirmed,
9257,ExtData[2].Val3,1,1,6,AbilityCondition: 6=LessThan.,Confirmed,
9257,ExtData[2].Val4,1,1,9,AbilityLogicOperator: 9=Or.,Confirmed,
9257,ExtData[2].Val6,1,1,187703,"Operation-specific reference value (RequirementId child link, ability ID, monster type, or other reference depending on AbilityOperation). Position confirmed from decompiled client ExtData schema.",Inferred,
9257,ExtData[3].Val1,1,1,1,AbilitySourceType: 1=Cast.,Confirmed,
9257,ExtData[3].Val2,1,1,70,AbilityOperation: 70=ItemSlotted.,Confirmed,
9257,ExtData[3].Val3,1,1,6,AbilityCondition: 6=LessThan.,Confirmed,
9257,ExtData[3].Val4,1,1,9,AbilityLogicOperator: 9=Or.,Confirmed,
9257,ExtData[3].Val6,1,1,187704,"Operation-specific reference value (RequirementId child link, ability ID, monster type, or other reference depending on AbilityOperation). Position confirmed from decompiled client ExtData schema.",Inferred,
9257,ExtData[4].Val1,1,1,1,AbilitySourceType: 1=Cast.,Confirmed,
9257,ExtData[4].Val2,1,1,70,AbilityOperation: 70=ItemSlotted.,Confirmed,
9257,ExtData[4].Val3,1,1,6,AbilityCondition: 6=LessThan.,Confirmed,
9257,ExtData[4].Val4,1,1,9,AbilityLogicOperator: 9=Or.,Confirmed,
9257,ExtData[4].Val6,1,1,187705,"Operation-specific reference value (RequirementId child link, ability ID, monster type, or other reference depending on AbilityOperation). Position confirmed from decompiled client ExtData schema.",Inferred,
9257,ExtData[5].Val1,1,1,1,AbilitySourceType: 1=Cast.,Confirmed,
9257,ExtData[5].Val2,1,1,70,AbilityOperation: 70=ItemSlotted.,Confirmed,
9257,ExtData[5].Val3,1,1,6,AbilityCondition: 6=LessThan.,Confirmed,
9257,ExtData[5].Val6,1,1,187706,"Operation-specific reference value (RequirementId child link, ability ID, monster type, or other reference depending on AbilityOperation). Position confirmed from decompiled client ExtData schema.",Inferred,
9258,ExtData[0].Val1,1,1,1,AbilitySourceType: 1=Cast.,Confirmed,
9258,ExtData[0].Val2,1,1,28,AbilityOperation: 28=TargetIsMonster.,Confirmed,
9258,ExtData[0].Val3,1,1,1,AbilityCondition: 1=Equal.,Confirmed,
9258,ExtData[0].Val4,1,1,9,AbilityLogicOperator: 9=Or.,Confirmed,
9258,ExtData[0].Val7,1,1,1,Operation-specific auxiliary parameter. Position confirmed from decompiled client ExtData schema.,Inferred,
9258,ExtData[1].Val1,1,1,1,AbilitySourceType: 1=Cast.,Confirmed,
9258,ExtData[1].Val2,1,1,35,AbilityOperation: 35=KeepDoor.,Confirmed,
9258,ExtData[1].Val3,1,1,1,AbilityCondition: 1=Equal.,Confirmed,
9258,ExtData[1].Val4,1,1,9,AbilityLogicOperator: 9=Or.,Confirmed,
9258,ExtData[1].Val7,1,1,1,Operation-specific auxiliary parameter. Position confirmed from decompiled client ExtData schema.,Inferred,
9258,ExtData[2].Val1,1,1,1,AbilitySourceType: 1=Cast.,Confirmed,
9258,ExtData[2].Val2,1,1,10,AbilityOperation: 10=RequirmentGroupCheck.,Confirmed,
9258,ExtData[2].Val3,1,1,1,AbilityCondition: 1=Equal.,Confirmed,
9258,ExtData[2].Val6,1,1,9259,Every distinct observed value in this field matches a known RequirementId row.,Inferred,Example requirement ids: 9259.
9258,ExtData[2].Val7,1,1,1,Operation-specific auxiliary parameter. Position confirmed from decompiled client ExtData schema.,Inferred,
9259,ExtData[0].Val1,1,1,1,AbilitySourceType: 1=Cast.,Confirmed,
9259,ExtData[0].Val2,1,1,14,AbilityOperation: 14=TargetCheck.,Confirmed,
9259,ExtData[0].Val3,1,1,1,AbilityCondition: 1=Equal.,Confirmed,
9259,ExtData[0].Val4,1,1,8,AbilityLogicOperator: 8=And.,Confirmed,
9259,ExtData[0].Val7,1,1,1,Operation-specific auxiliary parameter. Position confirmed from decompiled client ExtData schema.,Inferred,
9259,ExtData[1].Val1,1,1,1,AbilitySourceType: 1=Cast.,Confirmed,
9259,ExtData[1].Val2,1,1,89,AbilityOperation: 89=Unk89.,Confirmed,
9259,ExtData[1].Val3,1,1,1,AbilityCondition: 1=Equal.,Confirmed,
9259,ExtData[1].Val4,1,1,8,AbilityLogicOperator: 8=And.,Confirmed,
9259,ExtData[1].Val7,1,1,1,Operation-specific auxiliary parameter. Position confirmed from decompiled client ExtData schema.,Inferred,
9259,ExtData[2].Val1,1,1,1,AbilitySourceType: 1=Cast.,Confirmed,
9259,ExtData[2].Val2,1,1,89,AbilityOperation: 89=Unk89.,Confirmed,
9259,ExtData[2].Val3,1,1,1,AbilityCondition: 1=Equal.,Confirmed,
9259,ExtData[2].Val4,1,1,8,AbilityLogicOperator: 8=And.,Confirmed,
9259,ExtData[2].Val5,1,1,8,Operation-specific threshold or comparison value (semantics depend on AbilityOperation). Position confirmed from decompiled client ExtData schema.,Inferred,
9259,ExtData[2].Val7,1,1,1,Operation-specific auxiliary parameter. Position confirmed from decompiled client ExtData schema.,Inferred,
9260,ExtData[0].Val1,1,1,1,AbilitySourceType: 1=Cast.,Confirmed,
9260,ExtData[0].Val2,1,1,27,AbilityOperation: 27=TargetRandom.,Confirmed,
9260,ExtData[0].Val3,1,1,7,AbilityCondition: 7=GreaterThan.,Confirmed,
9260,ExtData[0].Val4,1,1,11,AbilityLogicOperator: 11=Unk11.,Confirmed,
9260,ExtData[0].Val9,1,1,1,Binary flag byte. Position confirmed from decompiled client ExtData schema.,Inferred,
9260,ExtData[1].Val1,1,1,1,AbilitySourceType: 1=Cast.,Confirmed,
9260,ExtData[1].Val2,1,1,27,AbilityOperation: 27=TargetRandom.,Confirmed,
9260,ExtData[1].Val3,1,1,7,AbilityCondition: 7=GreaterThan.,Confirmed,
9260,ExtData[1].Val5,1,1,3,Operation-specific threshold or comparison value (semantics depend on AbilityOperation). Position confirmed from decompiled client ExtData schema.,Inferred,
9261,ExtData[0].Val1,1,1,1,AbilitySourceType: 1=Cast.,Confirmed,
9261,ExtData[0].Val2,1,1,6,AbilityOperation: 6=BuffGroupCount.,Confirmed,
9261,ExtData[0].Val3,1,1,1,AbilityCondition: 1=Equal.,Confirmed,
9261,ExtData[0].Val4,1,1,9,AbilityLogicOperator: 9=Or.,Confirmed,
9261,ExtData[0].Val6,1,1,56,"Operation-specific reference value (RequirementId child link, ability ID, monster type, or other reference depending on AbilityOperation). Position confirmed from decompiled client ExtData schema.",Inferred,
9261,ExtData[1].Val1,1,1,1,AbilitySourceType: 1=Cast.,Confirmed,
9261,ExtData[1].Val2,1,1,3,AbilityOperation: 3=BuffGroupCounterSum.,Confirmed,
9261,ExtData[1].Val3,1,1,1,AbilityCondition: 1=Equal.,Confirmed,
9261,ExtData[1].Val6,1,1,56,"Operation-specific reference value (RequirementId child link, ability ID, monster type, or other reference depending on AbilityOperation). Position confirmed from decompiled client ExtData schema.",Inferred,
9261,ExtData[1].Val7,1,1,1,Operation-specific auxiliary parameter. Position confirmed from decompiled client ExtData schema.,Inferred,
9262,ExtData[0].Val1,1,1,1,AbilitySourceType: 1=Cast.,Confirmed,
9262,ExtData[0].Val2,1,1,4,AbilityOperation: 4=Range.,Confirmed,
9262,ExtData[0].Val3,1,1,5,AbilityCondition: 5=GreaterThanEqual.,Confirmed,
9262,ExtData[0].Val4,1,1,8,AbilityLogicOperator: 8=And.,Confirmed,
9262,ExtData[0].Val5,1,1,10,Operation-specific threshold or comparison value (semantics depend on AbilityOperation). Position confirmed from decompiled client ExtData schema.,Inferred,
9262,ExtData[0].Val7,1,1,241,Operation-specific auxiliary parameter. Position confirmed from decompiled client ExtData schema.,Inferred,
9262,ExtData[1].Val1,1,1,1,AbilitySourceType: 1=Cast.,Confirmed,
9262,ExtData[1].Val2,1,1,14,AbilityOperation: 14=TargetCheck.,Confirmed,
9262,ExtData[1].Val3,1,1,1,AbilityCondition: 1=Equal.,Confirmed,
9262,ExtData[1].Val7,1,1,1,Operation-specific auxiliary parameter. Position confirmed from decompiled client ExtData schema.,Inferred,
9263,ExtData[0].Val1,1,1,1,AbilitySourceType: 1=Cast.,Confirmed,
9263,ExtData[0].Val2,1,1,28,AbilityOperation: 28=TargetIsMonster.,Confirmed,
9263,ExtData[0].Val3,1,1,1,AbilityCondition: 1=Equal.,Confirmed,
9263,ExtData[0].Val4,1,1,9,AbilityLogicOperator: 9=Or.,Confirmed,
9263,ExtData[0].Val7,1,1,1,Operation-specific auxiliary parameter. Position confirmed from decompiled client ExtData schema.,Inferred,
9263,ExtData[1].Val1,1,1,1,AbilitySourceType: 1=Cast.,Confirmed,
9263,ExtData[1].Val2,1,1,10,AbilityOperation: 10=RequirmentGroupCheck.,Confirmed,
9263,ExtData[1].Val3,1,1,1,AbilityCondition: 1=Equal.,Confirmed,
9263,ExtData[1].Val6,1,1,9262,Every distinct observed value in this field matches a known RequirementId row.,Inferred,Example requirement ids: 9262.
9263,ExtData[1].Val7,1,1,1,Operation-specific auxiliary parameter. Position confirmed from decompiled client ExtData schema.,Inferred,
9264,ExtData[0].Val1,1,1,1,AbilitySourceType: 1=Cast.,Confirmed,
9264,ExtData[0].Val2,1,1,9,AbilityOperation: 9=Random.,Confirmed,
9264,ExtData[0].Val3,1,1,4,AbilityCondition: 4=LessThanEqual.,Confirmed,
9264,ExtData[0].Val4,1,1,9,AbilityLogicOperator: 9=Or.,Confirmed,
9264,ExtData[0].Val6,1,1,100,"Operation-specific reference value (RequirementId child link, ability ID, monster type, or other reference depending on AbilityOperation). Position confirmed from decompiled client ExtData schema.",Inferred,
9264,ExtData[0].Val7,1,1,50,Operation-specific auxiliary parameter. Position confirmed from decompiled client ExtData schema.,Inferred,
9264,ExtData[1].Val1,1,1,1,AbilitySourceType: 1=Cast.,Confirmed,
9264,ExtData[1].Val2,1,1,6,AbilityOperation: 6=BuffGroupCount.,Confirmed,
9264,ExtData[1].Val3,1,1,5,AbilityCondition: 5=GreaterThanEqual.,Confirmed,
9264,ExtData[1].Val6,1,1,1020,"Operation-specific reference value (RequirementId child link, ability ID, monster type, or other reference depending on AbilityOperation). Position confirmed from decompiled client ExtData schema.",Inferred,
9264,ExtData[1].Val7,1,1,1,Operation-specific auxiliary parameter. Position confirmed from decompiled client ExtData schema.,Inferred,
9264,ExtData[1].Val9,1,1,1,Binary flag byte. Position confirmed from decompiled client ExtData schema.,Inferred,
9265,ExtData[0].Val1,1,1,1,AbilitySourceType: 1=Cast.,Confirmed,
9265,ExtData[0].Val2,1,1,10,AbilityOperation: 10=RequirmentGroupCheck.,Confirmed,
9265,ExtData[0].Val3,1,1,1,AbilityCondition: 1=Equal.,Confirmed,
9265,ExtData[0].Val4,1,1,9,AbilityLogicOperator: 9=Or.,Confirmed,
9265,ExtData[0].Val6,1,1,9169,Every distinct observed value in this field matches a known RequirementId row.,Inferred,Example requirement ids: 9169.
9265,ExtData[0].Val7,1,1,1,Operation-specific auxiliary parameter. Position confirmed from decompiled client ExtData schema.,Inferred,
9265,ExtData[1].Val1,1,1,1,AbilitySourceType: 1=Cast.,Confirmed,
9265,ExtData[1].Val2,1,1,6,AbilityOperation: 6=BuffGroupCount.,Confirmed,
9265,ExtData[1].Val3,1,1,1,AbilityCondition: 1=Equal.,Confirmed,
9265,ExtData[1].Val5,1,1,3,Operation-specific threshold or comparison value (semantics depend on AbilityOperation). Position confirmed from decompiled client ExtData schema.,Inferred,
9265,ExtData[1].Val6,1,1,229,"Operation-specific reference value (RequirementId child link, ability ID, monster type, or other reference depending on AbilityOperation). Position confirmed from decompiled client ExtData schema.",Inferred,
9266,ExtData[0].Val1,1,1,1,AbilitySourceType: 1=Cast.,Confirmed,
9266,ExtData[0].Val2,1,1,8,AbilityOperation: 8=GetGroupOnAbilityUsed.,Confirmed,
9266,ExtData[0].Val3,1,1,6,AbilityCondition: 6=LessThan.,Confirmed,
9266,ExtData[0].Val4,1,1,8,AbilityLogicOperator: 8=And.,Confirmed,
9266,ExtData[0].Val6,1,1,785,"Operation-specific reference value (RequirementId child link, ability ID, monster type, or other reference depending on AbilityOperation). Position confirmed from decompiled client ExtData schema.",Inferred,
9266,ExtData[1].Val1,1,1,1,AbilitySourceType: 1=Cast.,Confirmed,
9266,ExtData[1].Val2,1,1,11,AbilityOperation: 11=TargetActivatedComponent.,Confirmed,
9266,ExtData[1].Val3,1,1,1,AbilityCondition: 1=Equal.,Confirmed,
9266,ExtData[1].Val5,1,1,3,Operation-specific threshold or comparison value (semantics depend on AbilityOperation). Position confirmed from decompiled client ExtData schema.,Inferred,
9266,ExtData[1].Val7,1,1,1,Operation-specific auxiliary parameter. Position confirmed from decompiled client ExtData schema.,Inferred,
9267,ExtData[0].Val1,1,1,1,AbilitySourceType: 1=Cast.,Confirmed,
9267,ExtData[0].Val2,1,1,8,AbilityOperation: 8=GetGroupOnAbilityUsed.,Confirmed,
9267,ExtData[0].Val3,1,1,6,AbilityCondition: 6=LessThan.,Confirmed,
9267,ExtData[0].Val4,1,1,8,AbilityLogicOperator: 8=And.,Confirmed,
9267,ExtData[0].Val6,1,1,786,"Operation-specific reference value (RequirementId child link, ability ID, monster type, or other reference depending on AbilityOperation). Position confirmed from decompiled client ExtData schema.",Inferred,
9267,ExtData[1].Val1,1,1,1,AbilitySourceType: 1=Cast.,Confirmed,
9267,ExtData[1].Val2,1,1,11,AbilityOperation: 11=TargetActivatedComponent.,Confirmed,
9267,ExtData[1].Val3,1,1,1,AbilityCondition: 1=Equal.,Confirmed,
9267,ExtData[1].Val5,1,1,3,Operation-specific threshold or comparison value (semantics depend on AbilityOperation). Position confirmed from decompiled client ExtData schema.,Inferred,
9267,ExtData[1].Val7,1,1,1,Operation-specific auxiliary parameter. Position confirmed from decompiled client ExtData schema.,Inferred,
9268,ExtData[0].Val1,1,1,1,AbilitySourceType: 1=Cast.,Confirmed,
9268,ExtData[0].Val2,1,1,8,AbilityOperation: 8=GetGroupOnAbilityUsed.,Confirmed,
9268,ExtData[0].Val3,1,1,6,AbilityCondition: 6=LessThan.,Confirmed,
9268,ExtData[0].Val4,1,1,8,AbilityLogicOperator: 8=And.,Confirmed,
9268,ExtData[0].Val6,1,1,787,"Operation-specific reference value (RequirementId child link, ability ID, monster type, or other reference depending on AbilityOperation). Position confirmed from decompiled client ExtData schema.",Inferred,
9268,ExtData[1].Val1,1,1,1,AbilitySourceType: 1=Cast.,Confirmed,
9268,ExtData[1].Val2,1,1,11,AbilityOperation: 11=TargetActivatedComponent.,Confirmed,
9268,ExtData[1].Val3,1,1,1,AbilityCondition: 1=Equal.,Confirmed,
9268,ExtData[1].Val5,1,1,3,Operation-specific threshold or comparison value (semantics depend on AbilityOperation). Position confirmed from decompiled client ExtData schema.,Inferred,
9268,ExtData[1].Val7,1,1,1,Operation-specific auxiliary parameter. Position confirmed from decompiled client ExtData schema.,Inferred,
9269,ExtData[0].Val1,1,1,1,AbilitySourceType: 1=Cast.,Confirmed,
9269,ExtData[0].Val2,1,1,10,AbilityOperation: 10=RequirmentGroupCheck.,Confirmed,
9269,ExtData[0].Val3,1,1,1,AbilityCondition: 1=Equal.,Confirmed,
9269,ExtData[0].Val4,1,1,8,AbilityLogicOperator: 8=And.,Confirmed,
9269,ExtData[0].Val6,1,1,9274,Every distinct observed value in this field matches a known RequirementId row.,Inferred,Example requirement ids: 9274.
9269,ExtData[0].Val7,1,1,1,Operation-specific auxiliary parameter. Position confirmed from decompiled client ExtData schema.,Inferred,
9269,ExtData[1].Val1,1,1,1,AbilitySourceType: 1=Cast.,Confirmed,
9269,ExtData[1].Val2,1,1,10,AbilityOperation: 10=RequirmentGroupCheck.,Confirmed,
9269,ExtData[1].Val3,1,1,1,AbilityCondition: 1=Equal.,Confirmed,
9269,ExtData[1].Val6,1,1,9273,Every distinct observed value in this field matches a known RequirementId row.,Inferred,Example requirement ids: 9273.
9269,ExtData[1].Val7,1,1,1,Operation-specific auxiliary parameter. Position confirmed from decompiled client ExtData schema.,Inferred,
9270,ExtData[0].Val1,1,1,1,AbilitySourceType: 1=Cast.,Confirmed,
9270,ExtData[0].Val2,1,1,10,AbilityOperation: 10=RequirmentGroupCheck.,Confirmed,
9270,ExtData[0].Val3,1,1,1,AbilityCondition: 1=Equal.,Confirmed,
9270,ExtData[0].Val4,1,1,8,AbilityLogicOperator: 8=And.,Confirmed,
9270,ExtData[0].Val6,1,1,9275,Every distinct observed value in this field matches a known RequirementId row.,Inferred,Example requirement ids: 9275.
9270,ExtData[0].Val7,1,1,1,Operation-specific auxiliary parameter. Position confirmed from decompiled client ExtData schema.,Inferred,
9270,ExtData[1].Val1,1,1,1,AbilitySourceType: 1=Cast.,Confirmed,
9270,ExtData[1].Val2,1,1,10,AbilityOperation: 10=RequirmentGroupCheck.,Confirmed,
9270,ExtData[1].Val3,1,1,1,AbilityCondition: 1=Equal.,Confirmed,
9270,ExtData[1].Val6,1,1,9273,Every distinct observed value in this field matches a known RequirementId row.,Inferred,Example requirement ids: 9273.
9270,ExtData[1].Val7,1,1,1,Operation-specific auxiliary parameter. Position confirmed from decompiled client ExtData schema.,Inferred,
9271,ExtData[0].Val1,1,1,1,AbilitySourceType: 1=Cast.,Confirmed,
9271,ExtData[0].Val2,1,1,10,AbilityOperation: 10=RequirmentGroupCheck.,Confirmed,
9271,ExtData[0].Val3,1,1,1,AbilityCondition: 1=Equal.,Confirmed,
9271,ExtData[0].Val4,1,1,8,AbilityLogicOperator: 8=And.,Confirmed,
9271,ExtData[0].Val6,1,1,9276,Every distinct observed value in this field matches a known RequirementId row.,Inferred,Example requirement ids: 9276.
9271,ExtData[0].Val7,1,1,1,Operation-specific auxiliary parameter. Position confirmed from decompiled client ExtData schema.,Inferred,
9271,ExtData[1].Val1,1,1,1,AbilitySourceType: 1=Cast.,Confirmed,
9271,ExtData[1].Val2,1,1,10,AbilityOperation: 10=RequirmentGroupCheck.,Confirmed,
9271,ExtData[1].Val3,1,1,1,AbilityCondition: 1=Equal.,Confirmed,
9271,ExtData[1].Val6,1,1,9273,Every distinct observed value in this field matches a known RequirementId row.,Inferred,Example requirement ids: 9273.
9271,ExtData[1].Val7,1,1,1,Operation-specific auxiliary parameter. Position confirmed from decompiled client ExtData schema.,Inferred,
9272,ExtData[0].Val1,1,1,1,AbilitySourceType: 1=Cast.,Confirmed,
9272,ExtData[0].Val2,1,1,89,AbilityOperation: 89=Unk89.,Confirmed,
9272,ExtData[0].Val3,1,1,5,AbilityCondition: 5=GreaterThanEqual.,Confirmed,
9272,ExtData[0].Val4,1,1,8,AbilityLogicOperator: 8=And.,Confirmed,
9272,ExtData[0].Val7,1,1,2,Operation-specific auxiliary parameter. Position confirmed from decompiled client ExtData schema.,Inferred,
9272,ExtData[1].Val1,1,1,1,AbilitySourceType: 1=Cast.,Confirmed,
9272,ExtData[1].Val2,1,1,89,AbilityOperation: 89=Unk89.,Confirmed,
9272,ExtData[1].Val3,1,1,5,AbilityCondition: 5=GreaterThanEqual.,Confirmed,
9272,ExtData[1].Val5,1,1,3,Operation-specific threshold or comparison value (semantics depend on AbilityOperation). Position confirmed from decompiled client ExtData schema.,Inferred,
9272,ExtData[1].Val7,1,1,2,Operation-specific auxiliary parameter. Position confirmed from decompiled client ExtData schema.,Inferred,
9273,ExtData[0].Val1,1,1,1,AbilitySourceType: 1=Cast.,Confirmed,
9273,ExtData[0].Val2,1,1,89,AbilityOperation: 89=Unk89.,Confirmed,
9273,ExtData[0].Val3,1,1,1,AbilityCondition: 1=Equal.,Confirmed,
9273,ExtData[0].Val4,1,1,9,AbilityLogicOperator: 9=Or.,Confirmed,
9273,ExtData[1].Val1,1,1,1,AbilitySourceType: 1=Cast.,Confirmed,
9273,ExtData[1].Val2,1,1,89,AbilityOperation: 89=Unk89.,Confirmed,
9273,ExtData[1].Val3,1,1,5,AbilityCondition: 5=GreaterThanEqual.,Confirmed,
9273,ExtData[1].Val4,1,1,9,AbilityLogicOperator: 9=Or.,Confirmed,
9273,ExtData[1].Val5,1,1,3,Operation-specific threshold or comparison value (semantics depend on AbilityOperation). Position confirmed from decompiled client ExtData schema.,Inferred,
9273,ExtData[1].Val7,1,1,2,Operation-specific auxiliary parameter. Position confirmed from decompiled client ExtData schema.,Inferred,
9273,ExtData[2].Val1,1,1,1,AbilitySourceType: 1=Cast.,Confirmed,
9273,ExtData[2].Val2,1,1,28,AbilityOperation: 28=TargetIsMonster.,Confirmed,
9273,ExtData[2].Val3,1,1,1,AbilityCondition: 1=Equal.,Confirmed,
9273,ExtData[2].Val5,1,1,3,Operation-specific threshold or comparison value (semantics depend on AbilityOperation). Position confirmed from decompiled client ExtData schema.,Inferred,
9273,ExtData[2].Val7,1,1,1,Operation-specific auxiliary parameter. Position confirmed from decompiled client ExtData schema.,Inferred,
9274,ExtData[0].Val1,1,1,1,AbilitySourceType: 1=Cast.,Confirmed,
9274,ExtData[0].Val2,1,1,6,AbilityOperation: 6=BuffGroupCount.,Confirmed,
9274,ExtData[0].Val3,1,1,1,AbilityCondition: 1=Equal.,Confirmed,
9274,ExtData[0].Val4,1,1,9,AbilityLogicOperator: 9=Or.,Confirmed,
9274,ExtData[0].Val6,1,1,785,"Operation-specific reference value (RequirementId child link, ability ID, monster type, or other reference depending on AbilityOperation). Position confirmed from decompiled client ExtData schema.",Inferred,
9274,ExtData[1].Val1,1,1,1,AbilitySourceType: 1=Cast.,Confirmed,
9274,ExtData[1].Val2,1,1,23,AbilityOperation: 23=RequirmentGroupCheck2.,Confirmed,
9274,ExtData[1].Val3,1,1,1,AbilityCondition: 1=Equal.,Confirmed,
9274,ExtData[1].Val6,1,1,9266,Every distinct observed value in this field matches a known RequirementId row.,Inferred,Example requirement ids: 9266.
9274,ExtData[1].Val7,1,1,1,Operation-specific auxiliary parameter. Position confirmed from decompiled client ExtData schema.,Inferred,
9275,ExtData[0].Val1,1,1,1,AbilitySourceType: 1=Cast.,Confirmed,
9275,ExtData[0].Val2,1,1,6,AbilityOperation: 6=BuffGroupCount.,Confirmed,
9275,ExtData[0].Val3,1,1,1,AbilityCondition: 1=Equal.,Confirmed,
9275,ExtData[0].Val4,1,1,9,AbilityLogicOperator: 9=Or.,Confirmed,
9275,ExtData[0].Val6,1,1,786,"Operation-specific reference value (RequirementId child link, ability ID, monster type, or other reference depending on AbilityOperation). Position confirmed from decompiled client ExtData schema.",Inferred,
9275,ExtData[1].Val1,1,1,1,AbilitySourceType: 1=Cast.,Confirmed,
9275,ExtData[1].Val2,1,1,23,AbilityOperation: 23=RequirmentGroupCheck2.,Confirmed,
9275,ExtData[1].Val3,1,1,1,AbilityCondition: 1=Equal.,Confirmed,
9275,ExtData[1].Val6,1,1,9267,Every distinct observed value in this field matches a known RequirementId row.,Inferred,Example requirement ids: 9267.
9275,ExtData[1].Val7,1,1,1,Operation-specific auxiliary parameter. Position confirmed from decompiled client ExtData schema.,Inferred,
9276,ExtData[0].Val1,1,1,1,AbilitySourceType: 1=Cast.,Confirmed,
9276,ExtData[0].Val2,1,1,6,AbilityOperation: 6=BuffGroupCount.,Confirmed,
9276,ExtData[0].Val3,1,1,1,AbilityCondition: 1=Equal.,Confirmed,
9276,ExtData[0].Val4,1,1,9,AbilityLogicOperator: 9=Or.,Confirmed,
9276,ExtData[0].Val6,1,1,787,"Operation-specific reference value (RequirementId child link, ability ID, monster type, or other reference depending on AbilityOperation). Position confirmed from decompiled client ExtData schema.",Inferred,
9276,ExtData[1].Val1,1,1,1,AbilitySourceType: 1=Cast.,Confirmed,
9276,ExtData[1].Val2,1,1,23,AbilityOperation: 23=RequirmentGroupCheck2.,Confirmed,
9276,ExtData[1].Val3,1,1,1,AbilityCondition: 1=Equal.,Confirmed,
9276,ExtData[1].Val6,1,1,9268,Every distinct observed value in this field matches a known RequirementId row.,Inferred,Example requirement ids: 9268.
9276,ExtData[1].Val7,1,1,1,Operation-specific auxiliary parameter. Position confirmed from decompiled client ExtData schema.,Inferred,
9277,ExtData[0].Val1,1,1,1,AbilitySourceType: 1=Cast.,Confirmed,
9277,ExtData[0].Val2,1,1,11,AbilityOperation: 11=TargetActivatedComponent.,Confirmed,
9277,ExtData[0].Val3,1,1,1,AbilityCondition: 1=Equal.,Confirmed,
9277,ExtData[0].Val4,1,1,9,AbilityLogicOperator: 9=Or.,Confirmed,
9277,ExtData[0].Val5,1,1,3,Operation-specific threshold or comparison value (semantics depend on AbilityOperation). Position confirmed from decompiled client ExtData schema.,Inferred,
9277,ExtData[0].Val7,1,1,1,Operation-specific auxiliary parameter. Position confirmed from decompiled client ExtData schema.,Inferred,
9277,ExtData[1].Val1,1,1,1,AbilitySourceType: 1=Cast.,Confirmed,
9277,ExtData[1].Val2,1,1,23,AbilityOperation: 23=RequirmentGroupCheck2.,Confirmed,
9277,ExtData[1].Val3,1,1,6,AbilityCondition: 6=LessThan.,Confirmed,
9277,ExtData[1].Val6,1,1,9079,Every distinct observed value in this field matches a known RequirementId row.,Inferred,Example requirement ids: 9079.
9277,ExtData[1].Val9,1,1,1,Binary flag byte. Position confirmed from decompiled client ExtData schema.,Inferred,
9278,ExtData[0].Val1,1,1,1,AbilitySourceType: 1=Cast.,Confirmed,
9278,ExtData[0].Val2,1,1,81,AbilityOperation: 81=Unk81.,Confirmed,
9278,ExtData[0].Val3,1,1,1,AbilityCondition: 1=Equal.,Confirmed,
9278,ExtData[0].Val4,1,1,9,AbilityLogicOperator: 9=Or.,Confirmed,
9278,ExtData[1].Val1,1,1,1,AbilitySourceType: 1=Cast.,Confirmed,
9278,ExtData[1].Val2,1,1,10,AbilityOperation: 10=RequirmentGroupCheck.,Confirmed,
9278,ExtData[1].Val3,1,1,6,AbilityCondition: 6=LessThan.,Confirmed,
9278,ExtData[1].Val6,1,1,9279,Every distinct observed value in this field matches a known RequirementId row.,Inferred,Example requirement ids: 9279.
9279,ExtData[0].Val1,1,1,1,AbilitySourceType: 1=Cast.,Confirmed,
9279,ExtData[0].Val2,1,1,81,AbilityOperation: 81=Unk81.,Confirmed,
9279,ExtData[0].Val3,1,1,1,AbilityCondition: 1=Equal.,Confirmed,
9279,ExtData[0].Val4,1,1,8,AbilityLogicOperator: 8=And.,Confirmed,
9279,ExtData[0].Val7,1,1,1,Operation-specific auxiliary parameter. Position confirmed from decompiled client ExtData schema.,Inferred,
9279,ExtData[1].Val1,1,1,1,AbilitySourceType: 1=Cast.,Confirmed,
9279,ExtData[1].Val2,1,1,6,AbilityOperation: 6=BuffGroupCount.,Confirmed,
9279,ExtData[1].Val3,1,1,6,AbilityCondition: 6=LessThan.,Confirmed,
9279,ExtData[1].Val5,1,1,8,Operation-specific threshold or comparison value (semantics depend on AbilityOperation). Position confirmed from decompiled client ExtData schema.,Inferred,
9279,ExtData[1].Val6,1,1,90,"Operation-specific reference value (RequirementId child link, ability ID, monster type, or other reference depending on AbilityOperation). Position confirmed from decompiled client ExtData schema.",Inferred,
9280,ExtData[0].Val1,1,1,1,AbilitySourceType: 1=Cast.,Confirmed,
9280,ExtData[0].Val2,1,1,8,AbilityOperation: 8=GetGroupOnAbilityUsed.,Confirmed,
9280,ExtData[0].Val3,1,1,6,AbilityCondition: 6=LessThan.,Confirmed,
9280,ExtData[0].Val4,1,1,8,AbilityLogicOperator: 8=And.,Confirmed,
9280,ExtData[0].Val6,1,1,603,"Operation-specific reference value (RequirementId child link, ability ID, monster type, or other reference depending on AbilityOperation). Position confirmed from decompiled client ExtData schema.",Inferred,
9280,ExtData[1].Val1,1,1,1,AbilitySourceType: 1=Cast.,Confirmed,
9280,ExtData[1].Val2,1,1,11,AbilityOperation: 11=TargetActivatedComponent.,Confirmed,
9280,ExtData[1].Val3,1,1,1,AbilityCondition: 1=Equal.,Confirmed,
9280,ExtData[1].Val5,1,1,3,Operation-specific threshold or comparison value (semantics depend on AbilityOperation). Position confirmed from decompiled client ExtData schema.,Inferred,
9280,ExtData[1].Val7,1,1,1,Operation-specific auxiliary parameter. Position confirmed from decompiled client ExtData schema.,Inferred,
9281,ExtData[0].Val1,1,1,1,AbilitySourceType: 1=Cast.,Confirmed,
9281,ExtData[0].Val2,1,1,6,AbilityOperation: 6=BuffGroupCount.,Confirmed,
9281,ExtData[0].Val3,1,1,1,AbilityCondition: 1=Equal.,Confirmed,
9281,ExtData[0].Val4,1,1,9,AbilityLogicOperator: 9=Or.,Confirmed,
9281,ExtData[0].Val6,1,1,603,"Operation-specific reference value (RequirementId child link, ability ID, monster type, or other reference depending on AbilityOperation). Position confirmed from decompiled client ExtData schema.",Inferred,
9281,ExtData[1].Val1,1,1,1,AbilitySourceType: 1=Cast.,Confirmed,
9281,ExtData[1].Val2,1,1,23,AbilityOperation: 23=RequirmentGroupCheck2.,Confirmed,
9281,ExtData[1].Val3,1,1,1,AbilityCondition: 1=Equal.,Confirmed,
9281,ExtData[1].Val6,1,1,9280,Every distinct observed value in this field matches a known RequirementId row.,Inferred,Example requirement ids: 9280.
9281,ExtData[1].Val7,1,1,1,Operation-specific auxiliary parameter. Position confirmed from decompiled client ExtData schema.,Inferred,
9282,ExtData[0].Val1,1,1,1,AbilitySourceType: 1=Cast.,Confirmed,
9282,ExtData[0].Val2,1,1,10,AbilityOperation: 10=RequirmentGroupCheck.,Confirmed,
9282,ExtData[0].Val3,1,1,1,AbilityCondition: 1=Equal.,Confirmed,
9282,ExtData[0].Val4,1,1,8,AbilityLogicOperator: 8=And.,Confirmed,
9282,ExtData[0].Val6,1,1,9281,Every distinct observed value in this field matches a known RequirementId row.,Inferred,Example requirement ids: 9281.
9282,ExtData[0].Val7,1,1,1,Operation-specific auxiliary parameter. Position confirmed from decompiled client ExtData schema.,Inferred,
9282,ExtData[1].Val1,1,1,1,AbilitySourceType: 1=Cast.,Confirmed,
9282,ExtData[1].Val2,1,1,10,AbilityOperation: 10=RequirmentGroupCheck.,Confirmed,
9282,ExtData[1].Val3,1,1,1,AbilityCondition: 1=Equal.,Confirmed,
9282,ExtData[1].Val6,1,1,9273,Every distinct observed value in this field matches a known RequirementId row.,Inferred,Example requirement ids: 9273.
9282,ExtData[1].Val7,1,1,1,Operation-specific auxiliary parameter. Position confirmed from decompiled client ExtData schema.,Inferred,
9283,ExtData[0].Val1,1,1,1,AbilitySourceType: 1=Cast.,Confirmed,
9283,ExtData[0].Val2,1,1,8,AbilityOperation: 8=GetGroupOnAbilityUsed.,Confirmed,
9283,ExtData[0].Val3,1,1,6,AbilityCondition: 6=LessThan.,Confirmed,
9283,ExtData[0].Val4,1,1,8,AbilityLogicOperator: 8=And.,Confirmed,
9283,ExtData[0].Val6,1,1,604,"Operation-specific reference value (RequirementId child link, ability ID, monster type, or other reference depending on AbilityOperation). Position confirmed from decompiled client ExtData schema.",Inferred,
9283,ExtData[1].Val1,1,1,1,AbilitySourceType: 1=Cast.,Confirmed,
9283,ExtData[1].Val2,1,1,11,AbilityOperation: 11=TargetActivatedComponent.,Confirmed,
9283,ExtData[1].Val3,1,1,1,AbilityCondition: 1=Equal.,Confirmed,
9283,ExtData[1].Val5,1,1,3,Operation-specific threshold or comparison value (semantics depend on AbilityOperation). Position confirmed from decompiled client ExtData schema.,Inferred,
9283,ExtData[1].Val7,1,1,1,Operation-specific auxiliary parameter. Position confirmed from decompiled client ExtData schema.,Inferred,
9284,ExtData[0].Val1,1,1,1,AbilitySourceType: 1=Cast.,Confirmed,
9284,ExtData[0].Val2,1,1,6,AbilityOperation: 6=BuffGroupCount.,Confirmed,
9284,ExtData[0].Val3,1,1,1,AbilityCondition: 1=Equal.,Confirmed,
9284,ExtData[0].Val4,1,1,9,AbilityLogicOperator: 9=Or.,Confirmed,
9284,ExtData[0].Val6,1,1,604,"Operation-specific reference value (RequirementId child link, ability ID, monster type, or other reference depending on AbilityOperation). Position confirmed from decompiled client ExtData schema.",Inferred,
9284,ExtData[1].Val1,1,1,1,AbilitySourceType: 1=Cast.,Confirmed,
9284,ExtData[1].Val2,1,1,23,AbilityOperation: 23=RequirmentGroupCheck2.,Confirmed,
9284,ExtData[1].Val3,1,1,1,AbilityCondition: 1=Equal.,Confirmed,
9284,ExtData[1].Val6,1,1,9283,Every distinct observed value in this field matches a known RequirementId row.,Inferred,Example requirement ids: 9283.
9284,ExtData[1].Val7,1,1,1,Operation-specific auxiliary parameter. Position confirmed from decompiled client ExtData schema.,Inferred,
9285,ExtData[0].Val1,1,1,1,AbilitySourceType: 1=Cast.,Confirmed,
9285,ExtData[0].Val2,1,1,10,AbilityOperation: 10=RequirmentGroupCheck.,Confirmed,
9285,ExtData[0].Val3,1,1,1,AbilityCondition: 1=Equal.,Confirmed,
9285,ExtData[0].Val4,1,1,8,AbilityLogicOperator: 8=And.,Confirmed,
9285,ExtData[0].Val6,1,1,9284,Every distinct observed value in this field matches a known RequirementId row.,Inferred,Example requirement ids: 9284.
9285,ExtData[0].Val7,1,1,1,Operation-specific auxiliary parameter. Position confirmed from decompiled client ExtData schema.,Inferred,
9285,ExtData[1].Val1,1,1,1,AbilitySourceType: 1=Cast.,Confirmed,
9285,ExtData[1].Val2,1,1,10,AbilityOperation: 10=RequirmentGroupCheck.,Confirmed,
9285,ExtData[1].Val3,1,1,1,AbilityCondition: 1=Equal.,Confirmed,
9285,ExtData[1].Val6,1,1,9273,Every distinct observed value in this field matches a known RequirementId row.,Inferred,Example requirement ids: 9273.
9285,ExtData[1].Val7,1,1,1,Operation-specific auxiliary parameter. Position confirmed from decompiled client ExtData schema.,Inferred,
9286,ExtData[0].Val1,1,1,1,AbilitySourceType: 1=Cast.,Confirmed,
9286,ExtData[0].Val2,1,1,9,AbilityOperation: 9=Random.,Confirmed,
9286,ExtData[0].Val3,1,1,4,AbilityCondition: 4=LessThanEqual.,Confirmed,
9286,ExtData[0].Val4,1,1,8,AbilityLogicOperator: 8=And.,Confirmed,
9286,ExtData[0].Val6,1,1,100,"Operation-specific reference value (RequirementId child link, ability ID, monster type, or other reference depending on AbilityOperation). Position confirmed from decompiled client ExtData schema.",Inferred,
9286,ExtData[0].Val7,1,1,20,Operation-specific auxiliary parameter. Position confirmed from decompiled client ExtData schema.,Inferred,
9286,ExtData[1].Val1,1,1,1,AbilitySourceType: 1=Cast.,Confirmed,
9286,ExtData[1].Val2,1,1,6,AbilityOperation: 6=BuffGroupCount.,Confirmed,
9286,ExtData[1].Val3,1,1,1,AbilityCondition: 1=Equal.,Confirmed,
9286,ExtData[1].Val5,1,1,3,Operation-specific threshold or comparison value (semantics depend on AbilityOperation). Position confirmed from decompiled client ExtData schema.,Inferred,
9286,ExtData[1].Val6,1,1,945,"Operation-specific reference value (RequirementId child link, ability ID, monster type, or other reference depending on AbilityOperation). Position confirmed from decompiled client ExtData schema.",Inferred,
9287,ExtData[0].Val1,1,1,1,AbilitySourceType: 1=Cast.,Confirmed,
9287,ExtData[0].Val2,1,1,9,AbilityOperation: 9=Random.,Confirmed,
9287,ExtData[0].Val3,1,1,4,AbilityCondition: 4=LessThanEqual.,Confirmed,
9287,ExtData[0].Val4,1,1,8,AbilityLogicOperator: 8=And.,Confirmed,
9287,ExtData[0].Val6,1,1,100,"Operation-specific reference value (RequirementId child link, ability ID, monster type, or other reference depending on AbilityOperation). Position confirmed from decompiled client ExtData schema.",Inferred,
9287,ExtData[0].Val7,1,1,35,Operation-specific auxiliary parameter. Position confirmed from decompiled client ExtData schema.,Inferred,
9287,ExtData[1].Val1,1,1,1,AbilitySourceType: 1=Cast.,Confirmed,
9287,ExtData[1].Val2,1,1,6,AbilityOperation: 6=BuffGroupCount.,Confirmed,
9287,ExtData[1].Val3,1,1,6,AbilityCondition: 6=LessThan.,Confirmed,
9287,ExtData[1].Val5,1,1,3,Operation-specific threshold or comparison value (semantics depend on AbilityOperation). Position confirmed from decompiled client ExtData schema.,Inferred,
9287,ExtData[1].Val6,1,1,945,"Operation-specific reference value (RequirementId child link, ability ID, monster type, or other reference depending on AbilityOperation). Position confirmed from decompiled client ExtData schema.",Inferred,
9288,ExtData[0].Val1,1,1,1,AbilitySourceType: 1=Cast.,Confirmed,
9288,ExtData[0].Val2,1,1,10,AbilityOperation: 10=RequirmentGroupCheck.,Confirmed,
9288,ExtData[0].Val3,1,1,1,AbilityCondition: 1=Equal.,Confirmed,
9288,ExtData[0].Val4,1,1,9,AbilityLogicOperator: 9=Or.,Confirmed,
9288,ExtData[0].Val6,1,1,9286,Every distinct observed value in this field matches a known RequirementId row.,Inferred,Example requirement ids: 9286.
9288,ExtData[0].Val7,1,1,1,Operation-specific auxiliary parameter. Position confirmed from decompiled client ExtData schema.,Inferred,
9288,ExtData[1].Val1,1,1,1,AbilitySourceType: 1=Cast.,Confirmed,
9288,ExtData[1].Val2,1,1,10,AbilityOperation: 10=RequirmentGroupCheck.,Confirmed,
9288,ExtData[1].Val3,1,1,1,AbilityCondition: 1=Equal.,Confirmed,
9288,ExtData[1].Val6,1,1,9287,Every distinct observed value in this field matches a known RequirementId row.,Inferred,Example requirement ids: 9287.
9288,ExtData[1].Val7,1,1,1,Operation-specific auxiliary parameter. Position confirmed from decompiled client ExtData schema.,Inferred,
9289,ExtData[0].Val1,1,1,1,AbilitySourceType: 1=Cast.,Confirmed,
9289,ExtData[0].Val2,1,1,9,AbilityOperation: 9=Random.,Confirmed,
9289,ExtData[0].Val3,1,1,4,AbilityCondition: 4=LessThanEqual.,Confirmed,
9289,ExtData[0].Val4,1,1,8,AbilityLogicOperator: 8=And.,Confirmed,
9289,ExtData[0].Val6,1,1,100,"Operation-specific reference value (RequirementId child link, ability ID, monster type, or other reference depending on AbilityOperation). Position confirmed from decompiled client ExtData schema.",Inferred,
9289,ExtData[0].Val7,1,1,80,Operation-specific auxiliary parameter. Position confirmed from decompiled client ExtData schema.,Inferred,
9289,ExtData[1].Val1,1,1,1,AbilitySourceType: 1=Cast.,Confirmed,
9289,ExtData[1].Val2,1,1,6,AbilityOperation: 6=BuffGroupCount.,Confirmed,
9289,ExtData[1].Val3,1,1,1,AbilityCondition: 1=Equal.,Confirmed,
9289,ExtData[1].Val5,1,1,3,Operation-specific threshold or comparison value (semantics depend on AbilityOperation). Position confirmed from decompiled client ExtData schema.,Inferred,
9289,ExtData[1].Val6,1,1,398,"Operation-specific reference value (RequirementId child link, ability ID, monster type, or other reference depending on AbilityOperation). Position confirmed from decompiled client ExtData schema.",Inferred,
9289,ExtData[1].Val7,1,1,1,Operation-specific auxiliary parameter. Position confirmed from decompiled client ExtData schema.,Inferred,
9290,ExtData[0].Val1,1,1,1,AbilitySourceType: 1=Cast.,Confirmed,
9290,ExtData[0].Val2,1,1,10,AbilityOperation: 10=RequirmentGroupCheck.,Confirmed,
9290,ExtData[0].Val3,1,1,1,AbilityCondition: 1=Equal.,Confirmed,
9290,ExtData[0].Val4,1,1,9,AbilityLogicOperator: 9=Or.,Confirmed,
9290,ExtData[0].Val6,1,1,9289,Every distinct observed value in this field matches a known RequirementId row.,Inferred,Example requirement ids: 9289.
9290,ExtData[0].Val7,1,1,1,Operation-specific auxiliary parameter. Position confirmed from decompiled client ExtData schema.,Inferred,
9290,ExtData[1].Val1,1,1,1,AbilitySourceType: 1=Cast.,Confirmed,
9290,ExtData[1].Val2,1,1,6,AbilityOperation: 6=BuffGroupCount.,Confirmed,
9290,ExtData[1].Val3,1,1,1,AbilityCondition: 1=Equal.,Confirmed,
9290,ExtData[1].Val5,1,1,3,Operation-specific threshold or comparison value (semantics depend on AbilityOperation). Position confirmed from decompiled client ExtData schema.,Inferred,
9290,ExtData[1].Val6,1,1,398,"Operation-specific reference value (RequirementId child link, ability ID, monster type, or other reference depending on AbilityOperation). Position confirmed from decompiled client ExtData schema.",Inferred,
9291,ExtData[0].Val1,1,1,1,AbilitySourceType: 1=Cast.,Confirmed,
9291,ExtData[0].Val2,1,1,9,AbilityOperation: 9=Random.,Confirmed,
9291,ExtData[0].Val3,1,1,4,AbilityCondition: 4=LessThanEqual.,Confirmed,
9291,ExtData[0].Val4,1,1,8,AbilityLogicOperator: 8=And.,Confirmed,
9291,ExtData[0].Val6,1,1,100,"Operation-specific reference value (RequirementId child link, ability ID, monster type, or other reference depending on AbilityOperation). Position confirmed from decompiled client ExtData schema.",Inferred,
9291,ExtData[0].Val7,1,1,25,Operation-specific auxiliary parameter. Position confirmed from decompiled client ExtData schema.,Inferred,
9291,ExtData[1].Val1,1,1,1,AbilitySourceType: 1=Cast.,Confirmed,
9291,ExtData[1].Val2,1,1,6,AbilityOperation: 6=BuffGroupCount.,Confirmed,
9291,ExtData[1].Val3,1,1,1,AbilityCondition: 1=Equal.,Confirmed,
9291,ExtData[1].Val5,1,1,3,Operation-specific threshold or comparison value (semantics depend on AbilityOperation). Position confirmed from decompiled client ExtData schema.,Inferred,
9291,ExtData[1].Val6,1,1,940,"Operation-specific reference value (RequirementId child link, ability ID, monster type, or other reference depending on AbilityOperation). Position confirmed from decompiled client ExtData schema.",Inferred,
9292,ExtData[0].Val1,1,1,1,AbilitySourceType: 1=Cast.,Confirmed,
9292,ExtData[0].Val2,1,1,9,AbilityOperation: 9=Random.,Confirmed,
9292,ExtData[0].Val3,1,1,4,AbilityCondition: 4=LessThanEqual.,Confirmed,
9292,ExtData[0].Val4,1,1,8,AbilityLogicOperator: 8=And.,Confirmed,
9292,ExtData[0].Val6,1,1,100,"Operation-specific reference value (RequirementId child link, ability ID, monster type, or other reference depending on AbilityOperation). Position confirmed from decompiled client ExtData schema.",Inferred,
9292,ExtData[0].Val7,1,1,75,Operation-specific auxiliary parameter. Position confirmed from decompiled client ExtData schema.,Inferred,
9292,ExtData[1].Val1,1,1,1,AbilitySourceType: 1=Cast.,Confirmed,
9292,ExtData[1].Val2,1,1,6,AbilityOperation: 6=BuffGroupCount.,Confirmed,
9292,ExtData[1].Val3,1,1,6,AbilityCondition: 6=LessThan.,Confirmed,
9292,ExtData[1].Val5,1,1,3,Operation-specific threshold or comparison value (semantics depend on AbilityOperation). Position confirmed from decompiled client ExtData schema.,Inferred,
9292,ExtData[1].Val6,1,1,940,"Operation-specific reference value (RequirementId child link, ability ID, monster type, or other reference depending on AbilityOperation). Position confirmed from decompiled client ExtData schema.",Inferred,
9293,ExtData[0].Val1,1,1,1,AbilitySourceType: 1=Cast.,Confirmed,
9293,ExtData[0].Val2,1,1,10,AbilityOperation: 10=RequirmentGroupCheck.,Confirmed,
9293,ExtData[0].Val3,1,1,1,AbilityCondition: 1=Equal.,Confirmed,
9293,ExtData[0].Val4,1,1,9,AbilityLogicOperator: 9=Or.,Confirmed,
9293,ExtData[0].Val6,1,1,9291,Every distinct observed value in this field matches a known RequirementId row.,Inferred,Example requirement ids: 9291.
9293,ExtData[0].Val7,1,1,1,Operation-specific auxiliary parameter. Position confirmed from decompiled client ExtData schema.,Inferred,
9293,ExtData[1].Val1,1,1,1,AbilitySourceType: 1=Cast.,Confirmed,
9293,ExtData[1].Val2,1,1,10,AbilityOperation: 10=RequirmentGroupCheck.,Confirmed,
9293,ExtData[1].Val3,1,1,1,AbilityCondition: 1=Equal.,Confirmed,
9293,ExtData[1].Val6,1,1,9292,Every distinct observed value in this field matches a known RequirementId row.,Inferred,Example requirement ids: 9292.
9293,ExtData[1].Val7,1,1,1,Operation-specific auxiliary parameter. Position confirmed from decompiled client ExtData schema.,Inferred,
9294,ExtData[0].Val1,1,1,1,AbilitySourceType: 1=Cast.,Confirmed,
9294,ExtData[0].Val2,1,1,21,AbilityOperation: 21=TargetBackSide.,Confirmed,
9294,ExtData[0].Val3,1,1,6,AbilityCondition: 6=LessThan.,Confirmed,
9294,ExtData[0].Val4,1,1,9,AbilityLogicOperator: 9=Or.,Confirmed,
9294,ExtData[0].Val7,1,1,1,Operation-specific auxiliary parameter. Position confirmed from decompiled client ExtData schema.,Inferred,
9294,ExtData[1].Val1,1,1,1,AbilitySourceType: 1=Cast.,Confirmed,
9294,ExtData[1].Val2,1,1,6,AbilityOperation: 6=BuffGroupCount.,Confirmed,
9294,ExtData[1].Val3,1,1,5,AbilityCondition: 5=GreaterThanEqual.,Confirmed,
9294,ExtData[1].Val6,1,1,598,"Operation-specific reference value (RequirementId child link, ability ID, monster type, or other reference depending on AbilityOperation). Position confirmed from decompiled client ExtData schema.",Inferred,
9294,ExtData[1].Val7,1,1,1,Operation-specific auxiliary parameter. Position confirmed from decompiled client ExtData schema.,Inferred,
9295,ExtData[0].Val1,1,1,1,AbilitySourceType: 1=Cast.,Confirmed,
9295,ExtData[0].Val2,1,1,82,AbilityOperation: 82=LastAbilityResult.,Confirmed,
9295,ExtData[0].Val3,1,1,6,AbilityCondition: 6=LessThan.,Confirmed,
9295,ExtData[0].Val4,1,1,9,AbilityLogicOperator: 9=Or.,Confirmed,
9295,ExtData[1].Val1,1,1,1,AbilitySourceType: 1=Cast.,Confirmed,
9295,ExtData[1].Val2,1,1,82,AbilityOperation: 82=LastAbilityResult.,Confirmed,
9295,ExtData[1].Val3,1,1,6,AbilityCondition: 6=LessThan.,Confirmed,
9295,ExtData[1].Val4,1,1,9,AbilityLogicOperator: 9=Or.,Confirmed,
9295,ExtData[1].Val6,1,1,2,"Operation-specific reference value (RequirementId child link, ability ID, monster type, or other reference depending on AbilityOperation). Position confirmed from decompiled client ExtData schema.",Inferred,
9295,ExtData[2].Val1,1,1,1,AbilitySourceType: 1=Cast.,Confirmed,
9295,ExtData[2].Val2,1,1,82,AbilityOperation: 82=LastAbilityResult.,Confirmed,
9295,ExtData[2].Val3,1,1,6,AbilityCondition: 6=LessThan.,Confirmed,
9295,ExtData[2].Val4,1,1,9,AbilityLogicOperator: 9=Or.,Confirmed,
9295,ExtData[2].Val6,1,1,4,"Operation-specific reference value (RequirementId child link, ability ID, monster type, or other reference depending on AbilityOperation). Position confirmed from decompiled client ExtData schema.",Inferred,
9295,ExtData[3].Val1,1,1,1,AbilitySourceType: 1=Cast.,Confirmed,
9295,ExtData[3].Val2,1,1,82,AbilityOperation: 82=LastAbilityResult.,Confirmed,
9295,ExtData[3].Val3,1,1,6,AbilityCondition: 6=LessThan.,Confirmed,
9295,ExtData[3].Val6,1,1,6,"Operation-specific reference value (RequirementId child link, ability ID, monster type, or other reference depending on AbilityOperation). Position confirmed from decompiled client ExtData schema.",Inferred,
9296,ExtData[0].Val1,1,1,1,AbilitySourceType: 1=Cast.,Confirmed,
9296,ExtData[0].Val2,1,1,8,AbilityOperation: 8=GetGroupOnAbilityUsed.,Confirmed,
9296,ExtData[0].Val3,1,1,6,AbilityCondition: 6=LessThan.,Confirmed,
9296,ExtData[0].Val4,1,1,8,AbilityLogicOperator: 8=And.,Confirmed,
9296,ExtData[0].Val6,1,1,1020,"Operation-specific reference value (RequirementId child link, ability ID, monster type, or other reference depending on AbilityOperation). Position confirmed from decompiled client ExtData schema.",Inferred,
9296,ExtData[1].Val1,1,1,1,AbilitySourceType: 1=Cast.,Confirmed,
9296,ExtData[1].Val2,1,1,11,AbilityOperation: 11=TargetActivatedComponent.,Confirmed,
9296,ExtData[1].Val3,1,1,1,AbilityCondition: 1=Equal.,Confirmed,
9296,ExtData[1].Val5,1,1,3,Operation-specific threshold or comparison value (semantics depend on AbilityOperation). Position confirmed from decompiled client ExtData schema.,Inferred,
9296,ExtData[1].Val7,1,1,1,Operation-specific auxiliary parameter. Position confirmed from decompiled client ExtData schema.,Inferred,
9297,ExtData[0].Val1,1,1,1,AbilitySourceType: 1=Cast.,Confirmed,
9297,ExtData[0].Val2,1,1,81,AbilityOperation: 81=Unk81.,Confirmed,
9297,ExtData[0].Val3,1,1,1,AbilityCondition: 1=Equal.,Confirmed,
9297,ExtData[0].Val4,1,1,9,AbilityLogicOperator: 9=Or.,Confirmed,
9297,ExtData[0].Val7,1,1,1,Operation-specific auxiliary parameter. Position confirmed from decompiled client ExtData schema.,Inferred,
9297,ExtData[1].Val1,1,1,1,AbilitySourceType: 1=Cast.,Confirmed,
9297,ExtData[1].Val2,1,1,89,AbilityOperation: 89=Unk89.,Confirmed,
9297,ExtData[1].Val3,1,1,5,AbilityCondition: 5=GreaterThanEqual.,Confirmed,
9297,ExtData[1].Val7,1,1,2,Operation-specific auxiliary parameter. Position confirmed from decompiled client ExtData schema.,Inferred,
9298,ExtData[0].Val1,1,1,1,AbilitySourceType: 1=Cast.,Confirmed,
9298,ExtData[0].Val2,1,1,17,AbilityOperation: 17=PreviousComponentActivated.,Confirmed,
9298,ExtData[0].Val3,1,1,6,AbilityCondition: 6=LessThan.,Confirmed,
9298,ExtData[0].Val4,1,1,9,AbilityLogicOperator: 9=Or.,Confirmed,
9298,ExtData[1].Val1,1,1,1,AbilitySourceType: 1=Cast.,Confirmed,
9298,ExtData[1].Val2,1,1,17,AbilityOperation: 17=PreviousComponentActivated.,Confirmed,
9298,ExtData[1].Val3,1,1,6,AbilityCondition: 6=LessThan.,Confirmed,
9298,ExtData[1].Val6,1,1,1,"Operation-specific reference value (RequirementId child link, ability ID, monster type, or other reference depending on AbilityOperation). Position confirmed from decompiled client ExtData schema.",Inferred,
9299,ExtData[0].Val1,1,1,1,AbilitySourceType: 1=Cast.,Confirmed,
9299,ExtData[0].Val2,1,1,55,AbilityOperation: 55=TargetDead.,Confirmed,
9299,ExtData[0].Val3,1,1,1,AbilityCondition: 1=Equal.,Confirmed,
9299,ExtData[0].Val4,1,1,8,AbilityLogicOperator: 8=And.,Confirmed,
9299,ExtData[0].Val7,1,1,1,Operation-specific auxiliary parameter. Position confirmed from decompiled client ExtData schema.,Inferred,
9299,ExtData[0].Val9,1,1,1,Binary flag byte. Position confirmed from decompiled client ExtData schema.,Inferred,
9299,ExtData[1].Val1,1,1,1,AbilitySourceType: 1=Cast.,Confirmed,
9299,ExtData[1].Val2,1,1,14,AbilityOperation: 14=TargetCheck.,Confirmed,
9299,ExtData[1].Val3,1,1,1,AbilityCondition: 1=Equal.,Confirmed,
9299,ExtData[1].Val4,1,1,8,AbilityLogicOperator: 8=And.,Confirmed,
9299,ExtData[1].Val7,1,1,1,Operation-specific auxiliary parameter. Position confirmed from decompiled client ExtData schema.,Inferred,
9299,ExtData[1].Val9,1,1,1,Binary flag byte. Position confirmed from decompiled client ExtData schema.,Inferred,
9299,ExtData[2].Val1,1,1,1,AbilitySourceType: 1=Cast.,Confirmed,
9299,ExtData[2].Val2,1,1,6,AbilityOperation: 6=BuffGroupCount.,Confirmed,
9299,ExtData[2].Val3,1,1,1,AbilityCondition: 1=Equal.,Confirmed,
9299,ExtData[2].Val6,1,1,1256,"Operation-specific reference value (RequirementId child link, ability ID, monster type, or other reference depending on AbilityOperation). Position confirmed from decompiled client ExtData schema.",Inferred,
9299,ExtData[2].Val9,1,1,1,Binary flag byte. Position confirmed from decompiled client ExtData schema.,Inferred,
9300,ExtData[0].Val1,1,1,1,AbilitySourceType: 1=Cast.,Confirmed,
9300,ExtData[0].Val2,1,1,6,AbilityOperation: 6=BuffGroupCount.,Confirmed,
9300,ExtData[0].Val3,1,1,6,AbilityCondition: 6=LessThan.,Confirmed,
9300,ExtData[0].Val4,1,1,9,AbilityLogicOperator: 9=Or.,Confirmed,
9300,ExtData[0].Val6,1,1,1002,"Operation-specific reference value (RequirementId child link, ability ID, monster type, or other reference depending on AbilityOperation). Position confirmed from decompiled client ExtData schema.",Inferred,
9300,ExtData[0].Val9,1,1,1,Binary flag byte. Position confirmed from decompiled client ExtData schema.,Inferred,
9300,ExtData[1].Val1,1,1,1,AbilitySourceType: 1=Cast.,Confirmed,
9300,ExtData[1].Val2,1,1,6,AbilityOperation: 6=BuffGroupCount.,Confirmed,
9300,ExtData[1].Val3,1,1,6,AbilityCondition: 6=LessThan.,Confirmed,
9300,ExtData[1].Val6,1,1,1004,"Operation-specific reference value (RequirementId child link, ability ID, monster type, or other reference depending on AbilityOperation). Position confirmed from decompiled client ExtData schema.",Inferred,
9300,ExtData[1].Val9,1,1,1,Binary flag byte. Position confirmed from decompiled client ExtData schema.,Inferred,
9301,ExtData[0].Val1,1,1,1,AbilitySourceType: 1=Cast.,Confirmed,
9301,ExtData[0].Val2,1,1,6,AbilityOperation: 6=BuffGroupCount.,Confirmed,
9301,ExtData[0].Val3,1,1,6,AbilityCondition: 6=LessThan.,Confirmed,
9301,ExtData[0].Val4,1,1,9,AbilityLogicOperator: 9=Or.,Confirmed,
9301,ExtData[0].Val6,1,1,1002,"Operation-specific reference value (RequirementId child link, ability ID, monster type, or other reference depending on AbilityOperation). Position confirmed from decompiled client ExtData schema.",Inferred,
9301,ExtData[0].Val9,1,1,1,Binary flag byte. Position confirmed from decompiled client ExtData schema.,Inferred,
9301,ExtData[1].Val1,1,1,1,AbilitySourceType: 1=Cast.,Confirmed,
9301,ExtData[1].Val2,1,1,6,AbilityOperation: 6=BuffGroupCount.,Confirmed,
9301,ExtData[1].Val3,1,1,6,AbilityCondition: 6=LessThan.,Confirmed,
9301,ExtData[1].Val6,1,1,1001,"Operation-specific reference value (RequirementId child link, ability ID, monster type, or other reference depending on AbilityOperation). Position confirmed from decompiled client ExtData schema.",Inferred,
9301,ExtData[1].Val9,1,1,1,Binary flag byte. Position confirmed from decompiled client ExtData schema.,Inferred,
9302,ExtData[0].Val1,1,1,1,AbilitySourceType: 1=Cast.,Confirmed,
9302,ExtData[0].Val2,1,1,6,AbilityOperation: 6=BuffGroupCount.,Confirmed,
9302,ExtData[0].Val3,1,1,6,AbilityCondition: 6=LessThan.,Confirmed,
9302,ExtData[0].Val4,1,1,9,AbilityLogicOperator: 9=Or.,Confirmed,
9302,ExtData[0].Val6,1,1,1004,"Operation-specific reference value (RequirementId child link, ability ID, monster type, or other reference depending on AbilityOperation). Position confirmed from decompiled client ExtData schema.",Inferred,
9302,ExtData[0].Val9,1,1,1,Binary flag byte. Position confirmed from decompiled client ExtData schema.,Inferred,
9302,ExtData[1].Val1,1,1,1,AbilitySourceType: 1=Cast.,Confirmed,
9302,ExtData[1].Val2,1,1,6,AbilityOperation: 6=BuffGroupCount.,Confirmed,
9302,ExtData[1].Val3,1,1,6,AbilityCondition: 6=LessThan.,Confirmed,
9302,ExtData[1].Val6,1,1,1001,"Operation-specific reference value (RequirementId child link, ability ID, monster type, or other reference depending on AbilityOperation). Position confirmed from decompiled client ExtData schema.",Inferred,
9302,ExtData[1].Val9,1,1,1,Binary flag byte. Position confirmed from decompiled client ExtData schema.,Inferred,
9303,ExtData[0].Val1,1,1,1,AbilitySourceType: 1=Cast.,Confirmed,
9303,ExtData[0].Val2,1,1,6,AbilityOperation: 6=BuffGroupCount.,Confirmed,
9303,ExtData[0].Val3,1,1,6,AbilityCondition: 6=LessThan.,Confirmed,
9303,ExtData[0].Val4,1,1,9,AbilityLogicOperator: 9=Or.,Confirmed,
9303,ExtData[0].Val6,1,1,1002,"Operation-specific reference value (RequirementId child link, ability ID, monster type, or other reference depending on AbilityOperation). Position confirmed from decompiled client ExtData schema.",Inferred,
9303,ExtData[0].Val9,1,1,1,Binary flag byte. Position confirmed from decompiled client ExtData schema.,Inferred,
9303,ExtData[1].Val1,1,1,1,AbilitySourceType: 1=Cast.,Confirmed,
9303,ExtData[1].Val2,1,1,6,AbilityOperation: 6=BuffGroupCount.,Confirmed,
9303,ExtData[1].Val3,1,1,6,AbilityCondition: 6=LessThan.,Confirmed,
9303,ExtData[1].Val4,1,1,9,AbilityLogicOperator: 9=Or.,Confirmed,
9303,ExtData[1].Val6,1,1,1004,"Operation-specific reference value (RequirementId child link, ability ID, monster type, or other reference depending on AbilityOperation). Position confirmed from decompiled client ExtData schema.",Inferred,
9303,ExtData[1].Val9,1,1,1,Binary flag byte. Position confirmed from decompiled client ExtData schema.,Inferred,
9303,ExtData[2].Val1,1,1,1,AbilitySourceType: 1=Cast.,Confirmed,
9303,ExtData[2].Val2,1,1,6,AbilityOperation: 6=BuffGroupCount.,Confirmed,
9303,ExtData[2].Val3,1,1,6,AbilityCondition: 6=LessThan.,Confirmed,
9303,ExtData[2].Val6,1,1,1001,"Operation-specific reference value (RequirementId child link, ability ID, monster type, or other reference depending on AbilityOperation). Position confirmed from decompiled client ExtData schema.",Inferred,
9303,ExtData[2].Val9,1,1,1,Binary flag byte. Position confirmed from decompiled client ExtData schema.,Inferred,
9304,ExtData[0].Val1,1,1,1,AbilitySourceType: 1=Cast.,Confirmed,
9304,ExtData[0].Val2,1,1,8,AbilityOperation: 8=GetGroupOnAbilityUsed.,Confirmed,
9304,ExtData[0].Val3,1,1,6,AbilityCondition: 6=LessThan.,Confirmed,
9304,ExtData[0].Val4,1,1,8,AbilityLogicOperator: 8=And.,Confirmed,
9304,ExtData[0].Val6,1,1,1091,"Operation-specific reference value (RequirementId child link, ability ID, monster type, or other reference depending on AbilityOperation). Position confirmed from decompiled client ExtData schema.",Inferred,
9304,ExtData[1].Val1,1,1,1,AbilitySourceType: 1=Cast.,Confirmed,
9304,ExtData[1].Val2,1,1,11,AbilityOperation: 11=TargetActivatedComponent.,Confirmed,
9304,ExtData[1].Val3,1,1,1,AbilityCondition: 1=Equal.,Confirmed,
9304,ExtData[1].Val5,1,1,3,Operation-specific threshold or comparison value (semantics depend on AbilityOperation). Position confirmed from decompiled client ExtData schema.,Inferred,
9304,ExtData[1].Val7,1,1,1,Operation-specific auxiliary parameter. Position confirmed from decompiled client ExtData schema.,Inferred,
9305,ExtData[0].Val1,1,1,1,AbilitySourceType: 1=Cast.,Confirmed,
9305,ExtData[0].Val2,1,1,89,AbilityOperation: 89=Unk89.,Confirmed,
9305,ExtData[0].Val3,1,1,5,AbilityCondition: 5=GreaterThanEqual.,Confirmed,
9305,ExtData[0].Val4,1,1,9,AbilityLogicOperator: 9=Or.,Confirmed,
9305,ExtData[0].Val5,1,1,3,Operation-specific threshold or comparison value (semantics depend on AbilityOperation). Position confirmed from decompiled client ExtData schema.,Inferred,
9305,ExtData[0].Val7,1,1,2,Operation-specific auxiliary parameter. Position confirmed from decompiled client ExtData schema.,Inferred,
9305,ExtData[1].Val1,1,1,1,AbilitySourceType: 1=Cast.,Confirmed,
9305,ExtData[1].Val2,1,1,89,AbilityOperation: 89=Unk89.,Confirmed,
9305,ExtData[1].Val3,1,1,1,AbilityCondition: 1=Equal.,Confirmed,
9305,ExtData[1].Val9,1,1,1,Binary flag byte. Position confirmed from decompiled client ExtData schema.,Inferred,
9306,ExtData[0].Val1,1,1,1,AbilitySourceType: 1=Cast.,Confirmed,
9306,ExtData[0].Val2,1,1,8,AbilityOperation: 8=GetGroupOnAbilityUsed.,Confirmed,
9306,ExtData[0].Val3,1,1,6,AbilityCondition: 6=LessThan.,Confirmed,
9306,ExtData[0].Val4,1,1,8,AbilityLogicOperator: 8=And.,Confirmed,
9306,ExtData[0].Val6,1,1,1092,"Operation-specific reference value (RequirementId child link, ability ID, monster type, or other reference depending on AbilityOperation). Position confirmed from decompiled client ExtData schema.",Inferred,
9306,ExtData[1].Val1,1,1,1,AbilitySourceType: 1=Cast.,Confirmed,
9306,ExtData[1].Val2,1,1,11,AbilityOperation: 11=TargetActivatedComponent.,Confirmed,
9306,ExtData[1].Val3,1,1,1,AbilityCondition: 1=Equal.,Confirmed,
9306,ExtData[1].Val5,1,1,3,Operation-specific threshold or comparison value (semantics depend on AbilityOperation). Position confirmed from decompiled client ExtData schema.,Inferred,
9306,ExtData[1].Val7,1,1,1,Operation-specific auxiliary parameter. Position confirmed from decompiled client ExtData schema.,Inferred,
9307,ExtData[0].Val1,1,1,1,AbilitySourceType: 1=Cast.,Confirmed,
9307,ExtData[0].Val2,1,1,13,AbilityOperation: 13=SpellConvention.,Confirmed,
9307,ExtData[0].Val3,1,1,1,AbilityCondition: 1=Equal.,Confirmed,
9307,ExtData[0].Val4,1,1,9,AbilityLogicOperator: 9=Or.,Confirmed,
9307,ExtData[0].Val7,1,1,1,Operation-specific auxiliary parameter. Position confirmed from decompiled client ExtData schema.,Inferred,
9307,ExtData[1].Val1,1,1,1,AbilitySourceType: 1=Cast.,Confirmed,
9307,ExtData[1].Val2,1,1,13,AbilityOperation: 13=SpellConvention.,Confirmed,
9307,ExtData[1].Val3,1,1,1,AbilityCondition: 1=Equal.,Confirmed,
9307,ExtData[1].Val4,1,1,9,AbilityLogicOperator: 9=Or.,Confirmed,
9307,ExtData[2].Val1,1,1,1,AbilitySourceType: 1=Cast.,Confirmed,
9307,ExtData[2].Val2,1,1,10,AbilityOperation: 10=RequirmentGroupCheck.,Confirmed,
9307,ExtData[2].Val3,1,1,6,AbilityCondition: 6=LessThan.,Confirmed,
9307,ExtData[2].Val6,1,1,9593,Every distinct observed value in this field matches a known RequirementId row.,Inferred,Example requirement ids: 9593.
9308,ExtData[0].Val1,1,1,1,AbilitySourceType: 1=Cast.,Confirmed,
9308,ExtData[0].Val2,1,1,8,AbilityOperation: 8=GetGroupOnAbilityUsed.,Confirmed,
9308,ExtData[0].Val3,1,1,6,AbilityCondition: 6=LessThan.,Confirmed,
9308,ExtData[0].Val4,1,1,8,AbilityLogicOperator: 8=And.,Confirmed,
9308,ExtData[0].Val6,1,1,1102,"Operation-specific reference value (RequirementId child link, ability ID, monster type, or other reference depending on AbilityOperation). Position confirmed from decompiled client ExtData schema.",Inferred,
9308,ExtData[1].Val1,1,1,1,AbilitySourceType: 1=Cast.,Confirmed,
9308,ExtData[1].Val2,1,1,11,AbilityOperation: 11=TargetActivatedComponent.,Confirmed,
9308,ExtData[1].Val3,1,1,1,AbilityCondition: 1=Equal.,Confirmed,
9308,ExtData[1].Val5,1,1,3,Operation-specific threshold or comparison value (semantics depend on AbilityOperation). Position confirmed from decompiled client ExtData schema.,Inferred,
9308,ExtData[1].Val7,1,1,1,Operation-specific auxiliary parameter. Position confirmed from decompiled client ExtData schema.,Inferred,
9309,ExtData[0].Val1,1,1,1,AbilitySourceType: 1=Cast.,Confirmed,
9309,ExtData[0].Val2,1,1,10,AbilityOperation: 10=RequirmentGroupCheck.,Confirmed,
9309,ExtData[0].Val3,1,1,1,AbilityCondition: 1=Equal.,Confirmed,
9309,ExtData[0].Val4,1,1,8,AbilityLogicOperator: 8=And.,Confirmed,
9309,ExtData[0].Val6,1,1,9257,Every distinct observed value in this field matches a known RequirementId row.,Inferred,Example requirement ids: 9257.
9310,ExtData[0].Val1,1,1,1,AbilitySourceType: 1=Cast.,Confirmed,
9310,ExtData[0].Val2,1,1,87,AbilityOperation: 87=Unk87.,Confirmed,
9310,ExtData[0].Val3,1,1,7,AbilityCondition: 7=GreaterThan.,Confirmed,
9310,ExtData[0].Val4,1,1,11,AbilityLogicOperator: 11=Unk11.,Confirmed,
9310,ExtData[0].Val8,1,1,1,Operation-specific auxiliary parameter. Position confirmed from decompiled client ExtData schema.,Inferred,
9310,ExtData[1].Val1,1,1,1,AbilitySourceType: 1=Cast.,Confirmed,
9310,ExtData[1].Val2,1,1,27,AbilityOperation: 27=TargetRandom.,Confirmed,
9310,ExtData[1].Val3,1,1,7,AbilityCondition: 7=GreaterThan.,Confirmed,
9311,ExtData[0].Val1,1,1,1,AbilitySourceType: 1=Cast.,Confirmed,
9311,ExtData[0].Val2,1,1,87,AbilityOperation: 87=Unk87.,Confirmed,
9311,ExtData[0].Val3,1,1,7,AbilityCondition: 7=GreaterThan.,Confirmed,
9311,ExtData[0].Val4,1,1,11,AbilityLogicOperator: 11=Unk11.,Confirmed,
9311,ExtData[0].Val8,1,1,2,Operation-specific auxiliary parameter. Position confirmed from decompiled client ExtData schema.,Inferred,
9311,ExtData[1].Val1,1,1,1,AbilitySourceType: 1=Cast.,Confirmed,
9311,ExtData[1].Val2,1,1,27,AbilityOperation: 27=TargetRandom.,Confirmed,
9311,ExtData[1].Val3,1,1,7,AbilityCondition: 7=GreaterThan.,Confirmed,
9312,ExtData[0].Val1,1,1,1,AbilitySourceType: 1=Cast.,Confirmed,
9312,ExtData[0].Val2,1,1,87,AbilityOperation: 87=Unk87.,Confirmed,
9312,ExtData[0].Val3,1,1,7,AbilityCondition: 7=GreaterThan.,Confirmed,
9312,ExtData[0].Val4,1,1,11,AbilityLogicOperator: 11=Unk11.,Confirmed,
9312,ExtData[0].Val8,1,1,3,Operation-specific auxiliary parameter. Position confirmed from decompiled client ExtData schema.,Inferred,
9312,ExtData[1].Val1,1,1,1,AbilitySourceType: 1=Cast.,Confirmed,
9312,ExtData[1].Val2,1,1,27,AbilityOperation: 27=TargetRandom.,Confirmed,
9312,ExtData[1].Val3,1,1,7,AbilityCondition: 7=GreaterThan.,Confirmed,
9313,ExtData[0].Val1,1,1,1,AbilitySourceType: 1=Cast.,Confirmed,
9313,ExtData[0].Val2,1,1,87,AbilityOperation: 87=Unk87.,Confirmed,
9313,ExtData[0].Val3,1,1,7,AbilityCondition: 7=GreaterThan.,Confirmed,
9313,ExtData[0].Val4,1,1,11,AbilityLogicOperator: 11=Unk11.,Confirmed,
9313,ExtData[0].Val8,1,1,4,Operation-specific auxiliary parameter. Position confirmed from decompiled client ExtData schema.,Inferred,
9313,ExtData[1].Val1,1,1,1,AbilitySourceType: 1=Cast.,Confirmed,
9313,ExtData[1].Val2,1,1,27,AbilityOperation: 27=TargetRandom.,Confirmed,
9313,ExtData[1].Val3,1,1,7,AbilityCondition: 7=GreaterThan.,Confirmed,
9314,ExtData[0].Val1,1,1,1,AbilitySourceType: 1=Cast.,Confirmed,
9314,ExtData[0].Val2,1,1,87,AbilityOperation: 87=Unk87.,Confirmed,
9314,ExtData[0].Val3,1,1,7,AbilityCondition: 7=GreaterThan.,Confirmed,
9314,ExtData[0].Val4,1,1,11,AbilityLogicOperator: 11=Unk11.,Confirmed,
9314,ExtData[0].Val8,1,1,5,Operation-specific auxiliary parameter. Position confirmed from decompiled client ExtData schema.,Inferred,
9314,ExtData[1].Val1,1,1,1,AbilitySourceType: 1=Cast.,Confirmed,
9314,ExtData[1].Val2,1,1,27,AbilityOperation: 27=TargetRandom.,Confirmed,
9314,ExtData[1].Val3,1,1,7,AbilityCondition: 7=GreaterThan.,Confirmed,
9315,ExtData[0].Val1,1,1,1,AbilitySourceType: 1=Cast.,Confirmed,
9315,ExtData[0].Val2,1,1,87,AbilityOperation: 87=Unk87.,Confirmed,
9315,ExtData[0].Val3,1,1,7,AbilityCondition: 7=GreaterThan.,Confirmed,
9315,ExtData[0].Val4,1,1,11,AbilityLogicOperator: 11=Unk11.,Confirmed,
9315,ExtData[0].Val8,1,1,6,Operation-specific auxiliary parameter. Position confirmed from decompiled client ExtData schema.,Inferred,
9315,ExtData[1].Val1,1,1,1,AbilitySourceType: 1=Cast.,Confirmed,
9315,ExtData[1].Val2,1,1,27,AbilityOperation: 27=TargetRandom.,Confirmed,
9315,ExtData[1].Val3,1,1,7,AbilityCondition: 7=GreaterThan.,Confirmed,
9316,ExtData[0].Val1,1,1,1,AbilitySourceType: 1=Cast.,Confirmed,
9316,ExtData[0].Val2,1,1,87,AbilityOperation: 87=Unk87.,Confirmed,
9316,ExtData[0].Val3,1,1,7,AbilityCondition: 7=GreaterThan.,Confirmed,
9316,ExtData[0].Val4,1,1,11,AbilityLogicOperator: 11=Unk11.,Confirmed,
9316,ExtData[0].Val8,1,1,7,Operation-specific auxiliary parameter. Position confirmed from decompiled client ExtData schema.,Inferred,
9316,ExtData[1].Val1,1,1,1,AbilitySourceType: 1=Cast.,Confirmed,
9316,ExtData[1].Val2,1,1,27,AbilityOperation: 27=TargetRandom.,Confirmed,
9316,ExtData[1].Val3,1,1,7,AbilityCondition: 7=GreaterThan.,Confirmed,
9317,ExtData[0].Val1,1,1,1,AbilitySourceType: 1=Cast.,Confirmed,
9317,ExtData[0].Val2,1,1,87,AbilityOperation: 87=Unk87.,Confirmed,
9317,ExtData[0].Val3,1,1,7,AbilityCondition: 7=GreaterThan.,Confirmed,
9317,ExtData[0].Val4,1,1,11,AbilityLogicOperator: 11=Unk11.,Confirmed,
9317,ExtData[0].Val8,1,1,8,Operation-specific auxiliary parameter. Position confirmed from decompiled client ExtData schema.,Inferred,
9317,ExtData[1].Val1,1,1,1,AbilitySourceType: 1=Cast.,Confirmed,
9317,ExtData[1].Val2,1,1,27,AbilityOperation: 27=TargetRandom.,Confirmed,
9317,ExtData[1].Val3,1,1,7,AbilityCondition: 7=GreaterThan.,Confirmed,
9318,ExtData[0].Val1,1,1,1,AbilitySourceType: 1=Cast.,Confirmed,
9318,ExtData[0].Val2,1,1,87,AbilityOperation: 87=Unk87.,Confirmed,
9318,ExtData[0].Val3,1,1,7,AbilityCondition: 7=GreaterThan.,Confirmed,
9318,ExtData[0].Val4,1,1,11,AbilityLogicOperator: 11=Unk11.,Confirmed,
9318,ExtData[0].Val8,1,1,9,Operation-specific auxiliary parameter. Position confirmed from decompiled client ExtData schema.,Inferred,
9318,ExtData[1].Val1,1,1,1,AbilitySourceType: 1=Cast.,Confirmed,
9318,ExtData[1].Val2,1,1,27,AbilityOperation: 27=TargetRandom.,Confirmed,
9318,ExtData[1].Val3,1,1,7,AbilityCondition: 7=GreaterThan.,Confirmed,
9319,ExtData[0].Val1,1,1,1,AbilitySourceType: 1=Cast.,Confirmed,
9319,ExtData[0].Val2,1,1,87,AbilityOperation: 87=Unk87.,Confirmed,
9319,ExtData[0].Val3,1,1,7,AbilityCondition: 7=GreaterThan.,Confirmed,
9319,ExtData[0].Val4,1,1,11,AbilityLogicOperator: 11=Unk11.,Confirmed,
9319,ExtData[0].Val8,1,1,10,Operation-specific auxiliary parameter. Position confirmed from decompiled client ExtData schema.,Inferred,
9319,ExtData[1].Val1,1,1,1,AbilitySourceType: 1=Cast.,Confirmed,
9319,ExtData[1].Val2,1,1,27,AbilityOperation: 27=TargetRandom.,Confirmed,
9319,ExtData[1].Val3,1,1,7,AbilityCondition: 7=GreaterThan.,Confirmed,
9320,ExtData[0].Val1,1,1,1,AbilitySourceType: 1=Cast.,Confirmed,
9320,ExtData[0].Val2,1,1,87,AbilityOperation: 87=Unk87.,Confirmed,
9320,ExtData[0].Val3,1,1,7,AbilityCondition: 7=GreaterThan.,Confirmed,
9320,ExtData[0].Val4,1,1,11,AbilityLogicOperator: 11=Unk11.,Confirmed,
9320,ExtData[0].Val8,1,1,11,Operation-specific auxiliary parameter. Position confirmed from decompiled client ExtData schema.,Inferred,
9320,ExtData[1].Val1,1,1,1,AbilitySourceType: 1=Cast.,Confirmed,
9320,ExtData[1].Val2,1,1,27,AbilityOperation: 27=TargetRandom.,Confirmed,
9320,ExtData[1].Val3,1,1,7,AbilityCondition: 7=GreaterThan.,Confirmed,
9321,ExtData[0].Val1,1,1,1,AbilitySourceType: 1=Cast.,Confirmed,
9321,ExtData[0].Val2,1,1,87,AbilityOperation: 87=Unk87.,Confirmed,
9321,ExtData[0].Val3,1,1,7,AbilityCondition: 7=GreaterThan.,Confirmed,
9321,ExtData[0].Val4,1,1,11,AbilityLogicOperator: 11=Unk11.,Confirmed,
9321,ExtData[0].Val8,1,1,12,Operation-specific auxiliary parameter. Position confirmed from decompiled client ExtData schema.,Inferred,
9321,ExtData[1].Val1,1,1,1,AbilitySourceType: 1=Cast.,Confirmed,
9321,ExtData[1].Val2,1,1,27,AbilityOperation: 27=TargetRandom.,Confirmed,
9321,ExtData[1].Val3,1,1,7,AbilityCondition: 7=GreaterThan.,Confirmed,
9322,ExtData[0].Val1,1,1,1,AbilitySourceType: 1=Cast.,Confirmed,
9322,ExtData[0].Val2,1,1,87,AbilityOperation: 87=Unk87.,Confirmed,
9322,ExtData[0].Val3,1,1,7,AbilityCondition: 7=GreaterThan.,Confirmed,
9322,ExtData[0].Val4,1,1,11,AbilityLogicOperator: 11=Unk11.,Confirmed,
9322,ExtData[0].Val8,1,1,13,Operation-specific auxiliary parameter. Position confirmed from decompiled client ExtData schema.,Inferred,
9322,ExtData[1].Val1,1,1,1,AbilitySourceType: 1=Cast.,Confirmed,
9322,ExtData[1].Val2,1,1,27,AbilityOperation: 27=TargetRandom.,Confirmed,
9322,ExtData[1].Val3,1,1,7,AbilityCondition: 7=GreaterThan.,Confirmed,
9323,ExtData[0].Val1,1,1,1,AbilitySourceType: 1=Cast.,Confirmed,
9323,ExtData[0].Val2,1,1,87,AbilityOperation: 87=Unk87.,Confirmed,
9323,ExtData[0].Val3,1,1,7,AbilityCondition: 7=GreaterThan.,Confirmed,
9323,ExtData[0].Val4,1,1,11,AbilityLogicOperator: 11=Unk11.,Confirmed,
9323,ExtData[0].Val8,1,1,14,Operation-specific auxiliary parameter. Position confirmed from decompiled client ExtData schema.,Inferred,
9323,ExtData[1].Val1,1,1,1,AbilitySourceType: 1=Cast.,Confirmed,
9323,ExtData[1].Val2,1,1,27,AbilityOperation: 27=TargetRandom.,Confirmed,
9323,ExtData[1].Val3,1,1,7,AbilityCondition: 7=GreaterThan.,Confirmed,
9324,ExtData[0].Val1,1,1,1,AbilitySourceType: 1=Cast.,Confirmed,
9324,ExtData[0].Val2,1,1,87,AbilityOperation: 87=Unk87.,Confirmed,
9324,ExtData[0].Val3,1,1,7,AbilityCondition: 7=GreaterThan.,Confirmed,
9324,ExtData[0].Val4,1,1,11,AbilityLogicOperator: 11=Unk11.,Confirmed,
9324,ExtData[0].Val8,1,1,15,Operation-specific auxiliary parameter. Position confirmed from decompiled client ExtData schema.,Inferred,
9324,ExtData[1].Val1,1,1,1,AbilitySourceType: 1=Cast.,Confirmed,
9324,ExtData[1].Val2,1,1,27,AbilityOperation: 27=TargetRandom.,Confirmed,
9324,ExtData[1].Val3,1,1,7,AbilityCondition: 7=GreaterThan.,Confirmed,
9325,ExtData[0].Val1,1,1,1,AbilitySourceType: 1=Cast.,Confirmed,
9325,ExtData[0].Val2,1,1,87,AbilityOperation: 87=Unk87.,Confirmed,
9325,ExtData[0].Val3,1,1,7,AbilityCondition: 7=GreaterThan.,Confirmed,
9325,ExtData[0].Val4,1,1,11,AbilityLogicOperator: 11=Unk11.,Confirmed,
9325,ExtData[0].Val8,1,1,16,Operation-specific auxiliary parameter. Position confirmed from decompiled client ExtData schema.,Inferred,
9325,ExtData[1].Val1,1,1,1,AbilitySourceType: 1=Cast.,Confirmed,
9325,ExtData[1].Val2,1,1,27,AbilityOperation: 27=TargetRandom.,Confirmed,
9325,ExtData[1].Val3,1,1,7,AbilityCondition: 7=GreaterThan.,Confirmed,
9326,ExtData[0].Val1,1,1,1,AbilitySourceType: 1=Cast.,Confirmed,
9326,ExtData[0].Val2,1,1,87,AbilityOperation: 87=Unk87.,Confirmed,
9326,ExtData[0].Val3,1,1,7,AbilityCondition: 7=GreaterThan.,Confirmed,
9326,ExtData[0].Val4,1,1,11,AbilityLogicOperator: 11=Unk11.,Confirmed,
9326,ExtData[0].Val8,1,1,17,Operation-specific auxiliary parameter. Position confirmed from decompiled client ExtData schema.,Inferred,
9326,ExtData[1].Val1,1,1,1,AbilitySourceType: 1=Cast.,Confirmed,
9326,ExtData[1].Val2,1,1,27,AbilityOperation: 27=TargetRandom.,Confirmed,
9326,ExtData[1].Val3,1,1,7,AbilityCondition: 7=GreaterThan.,Confirmed,
9327,ExtData[0].Val1,1,1,1,AbilitySourceType: 1=Cast.,Confirmed,
9327,ExtData[0].Val2,1,1,87,AbilityOperation: 87=Unk87.,Confirmed,
9327,ExtData[0].Val3,1,1,7,AbilityCondition: 7=GreaterThan.,Confirmed,
9327,ExtData[0].Val4,1,1,11,AbilityLogicOperator: 11=Unk11.,Confirmed,
9327,ExtData[0].Val8,1,1,18,Operation-specific auxiliary parameter. Position confirmed from decompiled client ExtData schema.,Inferred,
9327,ExtData[1].Val1,1,1,1,AbilitySourceType: 1=Cast.,Confirmed,
9327,ExtData[1].Val2,1,1,27,AbilityOperation: 27=TargetRandom.,Confirmed,
9327,ExtData[1].Val3,1,1,7,AbilityCondition: 7=GreaterThan.,Confirmed,
9328,ExtData[0].Val1,1,1,1,AbilitySourceType: 1=Cast.,Confirmed,
9328,ExtData[0].Val2,1,1,87,AbilityOperation: 87=Unk87.,Confirmed,
9328,ExtData[0].Val3,1,1,7,AbilityCondition: 7=GreaterThan.,Confirmed,
9328,ExtData[0].Val4,1,1,11,AbilityLogicOperator: 11=Unk11.,Confirmed,
9328,ExtData[0].Val8,1,1,19,Operation-specific auxiliary parameter. Position confirmed from decompiled client ExtData schema.,Inferred,
9328,ExtData[1].Val1,1,1,1,AbilitySourceType: 1=Cast.,Confirmed,
9328,ExtData[1].Val2,1,1,27,AbilityOperation: 27=TargetRandom.,Confirmed,
9328,ExtData[1].Val3,1,1,7,AbilityCondition: 7=GreaterThan.,Confirmed,
9329,ExtData[0].Val1,1,1,1,AbilitySourceType: 1=Cast.,Confirmed,
9329,ExtData[0].Val2,1,1,87,AbilityOperation: 87=Unk87.,Confirmed,
9329,ExtData[0].Val3,1,1,7,AbilityCondition: 7=GreaterThan.,Confirmed,
9329,ExtData[0].Val4,1,1,11,AbilityLogicOperator: 11=Unk11.,Confirmed,
9329,ExtData[0].Val8,1,1,20,Operation-specific auxiliary parameter. Position confirmed from decompiled client ExtData schema.,Inferred,
9329,ExtData[1].Val1,1,1,1,AbilitySourceType: 1=Cast.,Confirmed,
9329,ExtData[1].Val2,1,1,27,AbilityOperation: 27=TargetRandom.,Confirmed,
9329,ExtData[1].Val3,1,1,7,AbilityCondition: 7=GreaterThan.,Confirmed,
9330,ExtData[0].Val1,1,1,1,AbilitySourceType: 1=Cast.,Confirmed,
9330,ExtData[0].Val2,1,1,87,AbilityOperation: 87=Unk87.,Confirmed,
9330,ExtData[0].Val3,1,1,7,AbilityCondition: 7=GreaterThan.,Confirmed,
9330,ExtData[0].Val4,1,1,11,AbilityLogicOperator: 11=Unk11.,Confirmed,
9330,ExtData[0].Val8,1,1,21,Operation-specific auxiliary parameter. Position confirmed from decompiled client ExtData schema.,Inferred,
9330,ExtData[1].Val1,1,1,1,AbilitySourceType: 1=Cast.,Confirmed,
9330,ExtData[1].Val2,1,1,27,AbilityOperation: 27=TargetRandom.,Confirmed,
9330,ExtData[1].Val3,1,1,7,AbilityCondition: 7=GreaterThan.,Confirmed,
9331,ExtData[0].Val1,1,1,1,AbilitySourceType: 1=Cast.,Confirmed,
9331,ExtData[0].Val2,1,1,87,AbilityOperation: 87=Unk87.,Confirmed,
9331,ExtData[0].Val3,1,1,7,AbilityCondition: 7=GreaterThan.,Confirmed,
9331,ExtData[0].Val4,1,1,11,AbilityLogicOperator: 11=Unk11.,Confirmed,
9331,ExtData[0].Val8,1,1,22,Operation-specific auxiliary parameter. Position confirmed from decompiled client ExtData schema.,Inferred,
9331,ExtData[1].Val1,1,1,1,AbilitySourceType: 1=Cast.,Confirmed,
9331,ExtData[1].Val2,1,1,27,AbilityOperation: 27=TargetRandom.,Confirmed,
9331,ExtData[1].Val3,1,1,7,AbilityCondition: 7=GreaterThan.,Confirmed,
9332,ExtData[0].Val1,1,1,1,AbilitySourceType: 1=Cast.,Confirmed,
9332,ExtData[0].Val2,1,1,87,AbilityOperation: 87=Unk87.,Confirmed,
9332,ExtData[0].Val3,1,1,7,AbilityCondition: 7=GreaterThan.,Confirmed,
9332,ExtData[0].Val4,1,1,11,AbilityLogicOperator: 11=Unk11.,Confirmed,
9332,ExtData[0].Val8,1,1,23,Operation-specific auxiliary parameter. Position confirmed from decompiled client ExtData schema.,Inferred,
9332,ExtData[1].Val1,1,1,1,AbilitySourceType: 1=Cast.,Confirmed,
9332,ExtData[1].Val2,1,1,27,AbilityOperation: 27=TargetRandom.,Confirmed,
9332,ExtData[1].Val3,1,1,7,AbilityCondition: 7=GreaterThan.,Confirmed,
9333,ExtData[0].Val1,1,1,1,AbilitySourceType: 1=Cast.,Confirmed,
9333,ExtData[0].Val2,1,1,87,AbilityOperation: 87=Unk87.,Confirmed,
9333,ExtData[0].Val3,1,1,7,AbilityCondition: 7=GreaterThan.,Confirmed,
9333,ExtData[0].Val4,1,1,11,AbilityLogicOperator: 11=Unk11.,Confirmed,
9333,ExtData[0].Val8,1,1,24,Operation-specific auxiliary parameter. Position confirmed from decompiled client ExtData schema.,Inferred,
9333,ExtData[1].Val1,1,1,1,AbilitySourceType: 1=Cast.,Confirmed,
9333,ExtData[1].Val2,1,1,27,AbilityOperation: 27=TargetRandom.,Confirmed,
9333,ExtData[1].Val3,1,1,7,AbilityCondition: 7=GreaterThan.,Confirmed,
9334,ExtData[0].Val1,1,1,1,AbilitySourceType: 1=Cast.,Confirmed,
9334,ExtData[0].Val2,1,1,87,AbilityOperation: 87=Unk87.,Confirmed,
9334,ExtData[0].Val3,1,1,7,AbilityCondition: 7=GreaterThan.,Confirmed,
9334,ExtData[0].Val4,1,1,11,AbilityLogicOperator: 11=Unk11.,Confirmed,
9334,ExtData[0].Val8,1,1,25,Operation-specific auxiliary parameter. Position confirmed from decompiled client ExtData schema.,Inferred,
9334,ExtData[1].Val1,1,1,1,AbilitySourceType: 1=Cast.,Confirmed,
9334,ExtData[1].Val2,1,1,27,AbilityOperation: 27=TargetRandom.,Confirmed,
9334,ExtData[1].Val3,1,1,7,AbilityCondition: 7=GreaterThan.,Confirmed,
9335,ExtData[0].Val1,1,1,1,AbilitySourceType: 1=Cast.,Confirmed,
9335,ExtData[0].Val2,1,1,87,AbilityOperation: 87=Unk87.,Confirmed,
9335,ExtData[0].Val3,1,1,7,AbilityCondition: 7=GreaterThan.,Confirmed,
9335,ExtData[0].Val4,1,1,11,AbilityLogicOperator: 11=Unk11.,Confirmed,
9335,ExtData[0].Val8,1,1,26,Operation-specific auxiliary parameter. Position confirmed from decompiled client ExtData schema.,Inferred,
9335,ExtData[1].Val1,1,1,1,AbilitySourceType: 1=Cast.,Confirmed,
9335,ExtData[1].Val2,1,1,27,AbilityOperation: 27=TargetRandom.,Confirmed,
9335,ExtData[1].Val3,1,1,7,AbilityCondition: 7=GreaterThan.,Confirmed,
9336,ExtData[0].Val1,1,1,1,AbilitySourceType: 1=Cast.,Confirmed,
9336,ExtData[0].Val2,1,1,87,AbilityOperation: 87=Unk87.,Confirmed,
9336,ExtData[0].Val3,1,1,7,AbilityCondition: 7=GreaterThan.,Confirmed,
9336,ExtData[0].Val4,1,1,11,AbilityLogicOperator: 11=Unk11.,Confirmed,
9336,ExtData[0].Val8,1,1,27,Operation-specific auxiliary parameter. Position confirmed from decompiled client ExtData schema.,Inferred,
9336,ExtData[1].Val1,1,1,1,AbilitySourceType: 1=Cast.,Confirmed,
9336,ExtData[1].Val2,1,1,27,AbilityOperation: 27=TargetRandom.,Confirmed,
9336,ExtData[1].Val3,1,1,7,AbilityCondition: 7=GreaterThan.,Confirmed,
9337,ExtData[0].Val1,1,1,1,AbilitySourceType: 1=Cast.,Confirmed,
9337,ExtData[0].Val2,1,1,87,AbilityOperation: 87=Unk87.,Confirmed,
9337,ExtData[0].Val3,1,1,7,AbilityCondition: 7=GreaterThan.,Confirmed,
9337,ExtData[0].Val4,1,1,11,AbilityLogicOperator: 11=Unk11.,Confirmed,
9337,ExtData[0].Val8,1,1,28,Operation-specific auxiliary parameter. Position confirmed from decompiled client ExtData schema.,Inferred,
9337,ExtData[1].Val1,1,1,1,AbilitySourceType: 1=Cast.,Confirmed,
9337,ExtData[1].Val2,1,1,27,AbilityOperation: 27=TargetRandom.,Confirmed,
9337,ExtData[1].Val3,1,1,7,AbilityCondition: 7=GreaterThan.,Confirmed,
9338,ExtData[0].Val1,1,1,1,AbilitySourceType: 1=Cast.,Confirmed,
9338,ExtData[0].Val2,1,1,87,AbilityOperation: 87=Unk87.,Confirmed,
9338,ExtData[0].Val3,1,1,7,AbilityCondition: 7=GreaterThan.,Confirmed,
9338,ExtData[0].Val4,1,1,11,AbilityLogicOperator: 11=Unk11.,Confirmed,
9338,ExtData[0].Val8,1,1,29,Operation-specific auxiliary parameter. Position confirmed from decompiled client ExtData schema.,Inferred,
9338,ExtData[1].Val1,1,1,1,AbilitySourceType: 1=Cast.,Confirmed,
9338,ExtData[1].Val2,1,1,27,AbilityOperation: 27=TargetRandom.,Confirmed,
9338,ExtData[1].Val3,1,1,7,AbilityCondition: 7=GreaterThan.,Confirmed,
9339,ExtData[0].Val1,1,1,1,AbilitySourceType: 1=Cast.,Confirmed,
9339,ExtData[0].Val2,1,1,87,AbilityOperation: 87=Unk87.,Confirmed,
9339,ExtData[0].Val3,1,1,7,AbilityCondition: 7=GreaterThan.,Confirmed,
9339,ExtData[0].Val4,1,1,11,AbilityLogicOperator: 11=Unk11.,Confirmed,
9339,ExtData[0].Val8,1,1,30,Operation-specific auxiliary parameter. Position confirmed from decompiled client ExtData schema.,Inferred,
9339,ExtData[1].Val1,1,1,1,AbilitySourceType: 1=Cast.,Confirmed,
9339,ExtData[1].Val2,1,1,27,AbilityOperation: 27=TargetRandom.,Confirmed,
9339,ExtData[1].Val3,1,1,7,AbilityCondition: 7=GreaterThan.,Confirmed,
9340,ExtData[0].Val1,1,1,1,AbilitySourceType: 1=Cast.,Confirmed,
9340,ExtData[0].Val2,1,1,8,AbilityOperation: 8=GetGroupOnAbilityUsed.,Confirmed,
9340,ExtData[0].Val3,1,1,1,AbilityCondition: 1=Equal.,Confirmed,
9340,ExtData[0].Val4,1,1,9,AbilityLogicOperator: 9=Or.,Confirmed,
9340,ExtData[0].Val6,1,1,1021,"Operation-specific reference value (RequirementId child link, ability ID, monster type, or other reference depending on AbilityOperation). Position confirmed from decompiled client ExtData schema.",Inferred,
9340,ExtData[0].Val7,1,1,1,Operation-specific auxiliary parameter. Position confirmed from decompiled client ExtData schema.,Inferred,
9340,ExtData[1].Val1,1,1,1,AbilitySourceType: 1=Cast.,Confirmed,
9340,ExtData[1].Val2,1,1,8,AbilityOperation: 8=GetGroupOnAbilityUsed.,Confirmed,
9340,ExtData[1].Val3,1,1,1,AbilityCondition: 1=Equal.,Confirmed,
9340,ExtData[1].Val6,1,1,1022,"Operation-specific reference value (RequirementId child link, ability ID, monster type, or other reference depending on AbilityOperation). Position confirmed from decompiled client ExtData schema.",Inferred,
9340,ExtData[1].Val7,1,1,1,Operation-specific auxiliary parameter. Position confirmed from decompiled client ExtData schema.,Inferred,
9341,ExtData[0].Val1,1,1,1,AbilitySourceType: 1=Cast.,Confirmed,
9341,ExtData[0].Val2,1,1,13,AbilityOperation: 13=SpellConvention.,Confirmed,
9341,ExtData[0].Val3,1,1,1,AbilityCondition: 1=Equal.,Confirmed,
9341,ExtData[0].Val4,1,1,9,AbilityLogicOperator: 9=Or.,Confirmed,
9341,ExtData[1].Val1,1,1,1,AbilitySourceType: 1=Cast.,Confirmed,
9341,ExtData[1].Val2,1,1,13,AbilityOperation: 13=SpellConvention.,Confirmed,
9341,ExtData[1].Val3,1,1,1,AbilityCondition: 1=Equal.,Confirmed,
9341,ExtData[1].Val7,1,1,1,Operation-specific auxiliary parameter. Position confirmed from decompiled client ExtData schema.,Inferred,
9342,ExtData[0].Val1,1,1,1,AbilitySourceType: 1=Cast.,Confirmed,
9342,ExtData[0].Val2,1,1,27,AbilityOperation: 27=TargetRandom.,Confirmed,
9342,ExtData[0].Val3,1,1,1,AbilityCondition: 1=Equal.,Confirmed,
9342,ExtData[0].Val4,1,1,8,AbilityLogicOperator: 8=And.,Confirmed,
9342,ExtData[0].Val5,1,1,3,Operation-specific threshold or comparison value (semantics depend on AbilityOperation). Position confirmed from decompiled client ExtData schema.,Inferred,
9342,ExtData[0].Val7,1,1,1,Operation-specific auxiliary parameter. Position confirmed from decompiled client ExtData schema.,Inferred,
9343,ExtData[0].Val1,1,1,1,AbilitySourceType: 1=Cast.,Confirmed,
9343,ExtData[0].Val2,1,1,27,AbilityOperation: 27=TargetRandom.,Confirmed,
9343,ExtData[0].Val3,1,1,1,AbilityCondition: 1=Equal.,Confirmed,
9343,ExtData[0].Val4,1,1,8,AbilityLogicOperator: 8=And.,Confirmed,
9343,ExtData[0].Val5,1,1,3,Operation-specific threshold or comparison value (semantics depend on AbilityOperation). Position confirmed from decompiled client ExtData schema.,Inferred,
9343,ExtData[0].Val7,1,1,2,Operation-specific auxiliary parameter. Position confirmed from decompiled client ExtData schema.,Inferred,
9344,ExtData[1].Val1,1,1,1,AbilitySourceType: 1=Cast.,Confirmed,
9344,ExtData[1].Val2,1,1,77,AbilityOperation: 77=BolsterLevel.,Confirmed,
9344,ExtData[1].Val3,1,1,7,AbilityCondition: 7=GreaterThan.,Confirmed,
9344,ExtData[1].Val5,1,1,3,Operation-specific threshold or comparison value (semantics depend on AbilityOperation). Position confirmed from decompiled client ExtData schema.,Inferred,
9345,ExtData[1].Val1,1,1,1,AbilitySourceType: 1=Cast.,Confirmed,
9345,ExtData[1].Val2,1,1,77,AbilityOperation: 77=BolsterLevel.,Confirmed,
9345,ExtData[1].Val3,1,1,7,AbilityCondition: 7=GreaterThan.,Confirmed,
9345,ExtData[1].Val5,1,1,3,Operation-specific threshold or comparison value (semantics depend on AbilityOperation). Position confirmed from decompiled client ExtData schema.,Inferred,
9346,ExtData[0].Val1,1,1,1,AbilitySourceType: 1=Cast.,Confirmed,
9346,ExtData[0].Val2,1,1,27,AbilityOperation: 27=TargetRandom.,Confirmed,
9346,ExtData[0].Val3,1,1,1,AbilityCondition: 1=Equal.,Confirmed,
9346,ExtData[0].Val4,1,1,8,AbilityLogicOperator: 8=And.,Confirmed,
9346,ExtData[0].Val5,1,1,3,Operation-specific threshold or comparison value (semantics depend on AbilityOperation). Position confirmed from decompiled client ExtData schema.,Inferred,
9346,ExtData[0].Val7,1,1,1,Operation-specific auxiliary parameter. Position confirmed from decompiled client ExtData schema.,Inferred,
9346,ExtData[1].Val1,1,1,1,AbilitySourceType: 1=Cast.,Confirmed,
9346,ExtData[1].Val2,1,1,10,AbilityOperation: 10=RequirmentGroupCheck.,Confirmed,
9346,ExtData[1].Val3,1,1,5,AbilityCondition: 5=GreaterThanEqual.,Confirmed,
9346,ExtData[1].Val6,1,1,9344,Every distinct observed value in this field matches a known RequirementId row.,Inferred,Example requirement ids: 9344.
9347,ExtData[0].Val1,1,1,1,AbilitySourceType: 1=Cast.,Confirmed,
9347,ExtData[0].Val2,1,1,27,AbilityOperation: 27=TargetRandom.,Confirmed,
9347,ExtData[0].Val3,1,1,1,AbilityCondition: 1=Equal.,Confirmed,
9347,ExtData[0].Val4,1,1,8,AbilityLogicOperator: 8=And.,Confirmed,
9347,ExtData[0].Val5,1,1,3,Operation-specific threshold or comparison value (semantics depend on AbilityOperation). Position confirmed from decompiled client ExtData schema.,Inferred,
9347,ExtData[0].Val7,1,1,2,Operation-specific auxiliary parameter. Position confirmed from decompiled client ExtData schema.,Inferred,
9347,ExtData[1].Val1,1,1,1,AbilitySourceType: 1=Cast.,Confirmed,
9347,ExtData[1].Val2,1,1,10,AbilityOperation: 10=RequirmentGroupCheck.,Confirmed,
9347,ExtData[1].Val3,1,1,5,AbilityCondition: 5=GreaterThanEqual.,Confirmed,
9347,ExtData[1].Val6,1,1,9345,Every distinct observed value in this field matches a known RequirementId row.,Inferred,Example requirement ids: 9345.
9348,ExtData[0].Val1,1,1,1,AbilitySourceType: 1=Cast.,Confirmed,
9348,ExtData[0].Val2,1,1,10,AbilityOperation: 10=RequirmentGroupCheck.,Confirmed,
9348,ExtData[0].Val3,1,1,6,AbilityCondition: 6=LessThan.,Confirmed,
9348,ExtData[0].Val4,1,1,9,AbilityLogicOperator: 9=Or.,Confirmed,
9348,ExtData[0].Val6,1,1,9346,Every distinct observed value in this field matches a known RequirementId row.,Inferred,Example requirement ids: 9346.
9348,ExtData[1].Val1,1,1,1,AbilitySourceType: 1=Cast.,Confirmed,
9348,ExtData[1].Val2,1,1,10,AbilityOperation: 10=RequirmentGroupCheck.,Confirmed,
9348,ExtData[1].Val3,1,1,6,AbilityCondition: 6=LessThan.,Confirmed,
9348,ExtData[1].Val6,1,1,9347,Every distinct observed value in this field matches a known RequirementId row.,Inferred,Example requirement ids: 9347.
9350,ExtData[0].Val1,1,1,1,AbilitySourceType: 1=Cast.,Confirmed,
9350,ExtData[0].Val2,1,1,10,AbilityOperation: 10=RequirmentGroupCheck.,Confirmed,
9350,ExtData[0].Val3,1,1,1,AbilityCondition: 1=Equal.,Confirmed,
9350,ExtData[0].Val4,1,1,9,AbilityLogicOperator: 9=Or.,Confirmed,
9350,ExtData[0].Val6,1,1,9309,Every distinct observed value in this field matches a known RequirementId row.,Inferred,Example requirement ids: 9309.
9350,ExtData[0].Val7,1,1,1,Operation-specific auxiliary parameter. Position confirmed from decompiled client ExtData schema.,Inferred,
9350,ExtData[1].Val1,1,1,1,AbilitySourceType: 1=Cast.,Confirmed,
9350,ExtData[1].Val2,1,1,70,AbilityOperation: 70=ItemSlotted.,Confirmed,
9350,ExtData[1].Val3,1,1,6,AbilityCondition: 6=LessThan.,Confirmed,
9350,ExtData[1].Val6,1,1,187701,"Operation-specific reference value (RequirementId child link, ability ID, monster type, or other reference depending on AbilityOperation). Position confirmed from decompiled client ExtData schema.",Inferred,
9351,ExtData[0].Val1,1,1,1,AbilitySourceType: 1=Cast.,Confirmed,
9351,ExtData[0].Val2,1,1,10,AbilityOperation: 10=RequirmentGroupCheck.,Confirmed,
9351,ExtData[0].Val3,1,1,1,AbilityCondition: 1=Equal.,Confirmed,
9351,ExtData[0].Val4,1,1,9,AbilityLogicOperator: 9=Or.,Confirmed,
9351,ExtData[0].Val6,1,1,9309,Every distinct observed value in this field matches a known RequirementId row.,Inferred,Example requirement ids: 9309.
9351,ExtData[0].Val7,1,1,1,Operation-specific auxiliary parameter. Position confirmed from decompiled client ExtData schema.,Inferred,
9351,ExtData[1].Val1,1,1,1,AbilitySourceType: 1=Cast.,Confirmed,
9351,ExtData[1].Val2,1,1,70,AbilityOperation: 70=ItemSlotted.,Confirmed,
9351,ExtData[1].Val3,1,1,6,AbilityCondition: 6=LessThan.,Confirmed,
9351,ExtData[1].Val6,1,1,187702,"Operation-specific reference value (RequirementId child link, ability ID, monster type, or other reference depending on AbilityOperation). Position confirmed from decompiled client ExtData schema.",Inferred,
9352,ExtData[0].Val1,1,1,1,AbilitySourceType: 1=Cast.,Confirmed,
9352,ExtData[0].Val2,1,1,10,AbilityOperation: 10=RequirmentGroupCheck.,Confirmed,
9352,ExtData[0].Val3,1,1,1,AbilityCondition: 1=Equal.,Confirmed,
9352,ExtData[0].Val4,1,1,9,AbilityLogicOperator: 9=Or.,Confirmed,
9352,ExtData[0].Val6,1,1,9309,Every distinct observed value in this field matches a known RequirementId row.,Inferred,Example requirement ids: 9309.
9352,ExtData[0].Val7,1,1,1,Operation-specific auxiliary parameter. Position confirmed from decompiled client ExtData schema.,Inferred,
9352,ExtData[1].Val1,1,1,1,AbilitySourceType: 1=Cast.,Confirmed,
9352,ExtData[1].Val2,1,1,70,AbilityOperation: 70=ItemSlotted.,Confirmed,
9352,ExtData[1].Val3,1,1,6,AbilityCondition: 6=LessThan.,Confirmed,
9352,ExtData[1].Val6,1,1,187703,"Operation-specific reference value (RequirementId child link, ability ID, monster type, or other reference depending on AbilityOperation). Position confirmed from decompiled client ExtData schema.",Inferred,
9353,ExtData[0].Val1,1,1,1,AbilitySourceType: 1=Cast.,Confirmed,
9353,ExtData[0].Val2,1,1,10,AbilityOperation: 10=RequirmentGroupCheck.,Confirmed,
9353,ExtData[0].Val3,1,1,1,AbilityCondition: 1=Equal.,Confirmed,
9353,ExtData[0].Val4,1,1,9,AbilityLogicOperator: 9=Or.,Confirmed,
9353,ExtData[0].Val6,1,1,9309,Every distinct observed value in this field matches a known RequirementId row.,Inferred,Example requirement ids: 9309.
9353,ExtData[0].Val7,1,1,1,Operation-specific auxiliary parameter. Position confirmed from decompiled client ExtData schema.,Inferred,
9353,ExtData[1].Val1,1,1,1,AbilitySourceType: 1=Cast.,Confirmed,
9353,ExtData[1].Val2,1,1,70,AbilityOperation: 70=ItemSlotted.,Confirmed,
9353,ExtData[1].Val3,1,1,6,AbilityCondition: 6=LessThan.,Confirmed,
9353,ExtData[1].Val6,1,1,187704,"Operation-specific reference value (RequirementId child link, ability ID, monster type, or other reference depending on AbilityOperation). Position confirmed from decompiled client ExtData schema.",Inferred,
9354,ExtData[0].Val1,1,1,1,AbilitySourceType: 1=Cast.,Confirmed,
9354,ExtData[0].Val2,1,1,10,AbilityOperation: 10=RequirmentGroupCheck.,Confirmed,
9354,ExtData[0].Val3,1,1,1,AbilityCondition: 1=Equal.,Confirmed,
9354,ExtData[0].Val4,1,1,9,AbilityLogicOperator: 9=Or.,Confirmed,
9354,ExtData[0].Val6,1,1,9309,Every distinct observed value in this field matches a known RequirementId row.,Inferred,Example requirement ids: 9309.
9354,ExtData[0].Val7,1,1,1,Operation-specific auxiliary parameter. Position confirmed from decompiled client ExtData schema.,Inferred,
9354,ExtData[1].Val1,1,1,1,AbilitySourceType: 1=Cast.,Confirmed,
9354,ExtData[1].Val2,1,1,70,AbilityOperation: 70=ItemSlotted.,Confirmed,
9354,ExtData[1].Val3,1,1,6,AbilityCondition: 6=LessThan.,Confirmed,
9354,ExtData[1].Val6,1,1,187705,"Operation-specific reference value (RequirementId child link, ability ID, monster type, or other reference depending on AbilityOperation). Position confirmed from decompiled client ExtData schema.",Inferred,
9355,ExtData[0].Val1,1,1,1,AbilitySourceType: 1=Cast.,Confirmed,
9355,ExtData[0].Val2,1,1,10,AbilityOperation: 10=RequirmentGroupCheck.,Confirmed,
9355,ExtData[0].Val3,1,1,1,AbilityCondition: 1=Equal.,Confirmed,
9355,ExtData[0].Val4,1,1,9,AbilityLogicOperator: 9=Or.,Confirmed,
9355,ExtData[0].Val6,1,1,9309,Every distinct observed value in this field matches a known RequirementId row.,Inferred,Example requirement ids: 9309.
9355,ExtData[0].Val7,1,1,1,Operation-specific auxiliary parameter. Position confirmed from decompiled client ExtData schema.,Inferred,
9355,ExtData[1].Val1,1,1,1,AbilitySourceType: 1=Cast.,Confirmed,
9355,ExtData[1].Val2,1,1,70,AbilityOperation: 70=ItemSlotted.,Confirmed,
9355,ExtData[1].Val3,1,1,6,AbilityCondition: 6=LessThan.,Confirmed,
9355,ExtData[1].Val6,1,1,187706,"Operation-specific reference value (RequirementId child link, ability ID, monster type, or other reference depending on AbilityOperation). Position confirmed from decompiled client ExtData schema.",Inferred,
9356,ExtData[0].Val1,1,1,1,AbilitySourceType: 1=Cast.,Confirmed,
9356,ExtData[0].Val2,1,1,31,AbilityOperation: 31=InCombat.,Confirmed,
9356,ExtData[0].Val3,1,1,1,AbilityCondition: 1=Equal.,Confirmed,
9356,ExtData[0].Val4,1,1,8,AbilityLogicOperator: 8=And.,Confirmed,
9356,ExtData[1].Val1,1,1,1,AbilitySourceType: 1=Cast.,Confirmed,
9356,ExtData[1].Val2,1,1,85,AbilityOperation: 85=Unk85.,Confirmed,
9356,ExtData[1].Val3,1,1,1,AbilityCondition: 1=Equal.,Confirmed,
9356,ExtData[1].Val7,1,1,1,Operation-specific auxiliary parameter. Position confirmed from decompiled client ExtData schema.,Inferred,
9357,ExtData[0].Val1,1,1,1,AbilitySourceType: 1=Cast.,Confirmed,
9357,ExtData[0].Val2,1,1,31,AbilityOperation: 31=InCombat.,Confirmed,
9357,ExtData[0].Val3,1,1,1,AbilityCondition: 1=Equal.,Confirmed,
9357,ExtData[0].Val4,1,1,8,AbilityLogicOperator: 8=And.,Confirmed,
9357,ExtData[1].Val1,1,1,1,AbilitySourceType: 1=Cast.,Confirmed,
9357,ExtData[1].Val2,1,1,89,AbilityOperation: 89=Unk89.,Confirmed,
9357,ExtData[1].Val3,1,1,1,AbilityCondition: 1=Equal.,Confirmed,
9358,ExtData[0].Val1,1,1,1,AbilitySourceType: 1=Cast.,Confirmed,
9358,ExtData[0].Val2,1,1,85,AbilityOperation: 85=Unk85.,Confirmed,
9358,ExtData[0].Val3,1,1,1,AbilityCondition: 1=Equal.,Confirmed,
9358,ExtData[0].Val4,1,1,8,AbilityLogicOperator: 8=And.,Confirmed,
9358,ExtData[1].Val1,1,1,1,AbilitySourceType: 1=Cast.,Confirmed,
9358,ExtData[1].Val2,1,1,89,AbilityOperation: 89=Unk89.,Confirmed,
9358,ExtData[1].Val3,1,1,6,AbilityCondition: 6=LessThan.,Confirmed,
9359,ExtData[0].Val1,1,1,1,AbilitySourceType: 1=Cast.,Confirmed,
9359,ExtData[0].Val2,1,1,12,AbilityOperation: 12=AbilityType.,Confirmed,
9359,ExtData[0].Val3,1,1,1,AbilityCondition: 1=Equal.,Confirmed,
9359,ExtData[0].Val4,1,1,8,AbilityLogicOperator: 8=And.,Confirmed,
9359,ExtData[0].Val7,1,1,1,Operation-specific auxiliary parameter. Position confirmed from decompiled client ExtData schema.,Inferred,
9359,ExtData[1].Val1,1,1,1,AbilitySourceType: 1=Cast.,Confirmed,
9359,ExtData[1].Val2,1,1,13,AbilityOperation: 13=SpellConvention.,Confirmed,
9359,ExtData[1].Val3,1,1,1,AbilityCondition: 1=Equal.,Confirmed,
9362,ExtData[0].Val1,1,1,1,AbilitySourceType: 1=Cast.,Confirmed,
9362,ExtData[0].Val2,1,1,10,AbilityOperation: 10=RequirmentGroupCheck.,Confirmed,
9362,ExtData[0].Val3,1,1,1,AbilityCondition: 1=Equal.,Confirmed,
9362,ExtData[0].Val4,1,1,9,AbilityLogicOperator: 9=Or.,Confirmed,
9362,ExtData[0].Val6,1,1,9356,Every distinct observed value in this field matches a known RequirementId row.,Inferred,Example requirement ids: 9356.
9362,ExtData[0].Val7,1,1,1,Operation-specific auxiliary parameter. Position confirmed from decompiled client ExtData schema.,Inferred,
9362,ExtData[1].Val1,1,1,1,AbilitySourceType: 1=Cast.,Confirmed,
9362,ExtData[1].Val2,1,1,10,AbilityOperation: 10=RequirmentGroupCheck.,Confirmed,
9362,ExtData[1].Val3,1,1,1,AbilityCondition: 1=Equal.,Confirmed,
9362,ExtData[1].Val6,1,1,9357,Every distinct observed value in this field matches a known RequirementId row.,Inferred,Example requirement ids: 9357.
9362,ExtData[1].Val7,1,1,1,Operation-specific auxiliary parameter. Position confirmed from decompiled client ExtData schema.,Inferred,
9363,ExtData[0].Val1,1,1,1,AbilitySourceType: 1=Cast.,Confirmed,
9363,ExtData[0].Val2,1,1,10,AbilityOperation: 10=RequirmentGroupCheck.,Confirmed,
9363,ExtData[0].Val3,1,1,1,AbilityCondition: 1=Equal.,Confirmed,
9363,ExtData[0].Val4,1,1,9,AbilityLogicOperator: 9=Or.,Confirmed,
9363,ExtData[0].Val6,1,1,9373,Every distinct observed value in this field matches a known RequirementId row.,Inferred,Example requirement ids: 9373.
9363,ExtData[0].Val7,1,1,1,Operation-specific auxiliary parameter. Position confirmed from decompiled client ExtData schema.,Inferred,
9363,ExtData[1].Val1,1,1,1,AbilitySourceType: 1=Cast.,Confirmed,
9363,ExtData[1].Val2,1,1,10,AbilityOperation: 10=RequirmentGroupCheck.,Confirmed,
9363,ExtData[1].Val3,1,1,1,AbilityCondition: 1=Equal.,Confirmed,
9363,ExtData[1].Val6,1,1,9383,Every distinct observed value in this field matches a known RequirementId row.,Inferred,Example requirement ids: 9383.
9363,ExtData[1].Val7,1,1,1,Operation-specific auxiliary parameter. Position confirmed from decompiled client ExtData schema.,Inferred,
9364,ExtData[0].Val1,1,1,1,AbilitySourceType: 1=Cast.,Confirmed,
9364,ExtData[0].Val2,1,1,10,AbilityOperation: 10=RequirmentGroupCheck.,Confirmed,
9364,ExtData[0].Val3,1,1,1,AbilityCondition: 1=Equal.,Confirmed,
9364,ExtData[0].Val4,1,1,9,AbilityLogicOperator: 9=Or.,Confirmed,
9364,ExtData[0].Val6,1,1,9374,Every distinct observed value in this field matches a known RequirementId row.,Inferred,Example requirement ids: 9374.
9364,ExtData[0].Val7,1,1,1,Operation-specific auxiliary parameter. Position confirmed from decompiled client ExtData schema.,Inferred,
9364,ExtData[1].Val1,1,1,1,AbilitySourceType: 1=Cast.,Confirmed,
9364,ExtData[1].Val2,1,1,10,AbilityOperation: 10=RequirmentGroupCheck.,Confirmed,
9364,ExtData[1].Val3,1,1,1,AbilityCondition: 1=Equal.,Confirmed,
9364,ExtData[1].Val4,1,1,9,AbilityLogicOperator: 9=Or.,Confirmed,
9364,ExtData[1].Val6,1,1,9384,Every distinct observed value in this field matches a known RequirementId row.,Inferred,Example requirement ids: 9384.
9364,ExtData[1].Val7,1,1,1,Operation-specific auxiliary parameter. Position confirmed from decompiled client ExtData schema.,Inferred,
9364,ExtData[2].Val1,1,1,1,AbilitySourceType: 1=Cast.,Confirmed,
9364,ExtData[2].Val2,1,1,10,AbilityOperation: 10=RequirmentGroupCheck.,Confirmed,
9364,ExtData[2].Val3,1,1,1,AbilityCondition: 1=Equal.,Confirmed,
9364,ExtData[2].Val4,1,1,9,AbilityLogicOperator: 9=Or.,Confirmed,
9364,ExtData[2].Val6,1,1,9394,Every distinct observed value in this field matches a known RequirementId row.,Inferred,Example requirement ids: 9394.
9364,ExtData[2].Val7,1,1,1,Operation-specific auxiliary parameter. Position confirmed from decompiled client ExtData schema.,Inferred,
9364,ExtData[3].Val1,1,1,1,AbilitySourceType: 1=Cast.,Confirmed,
9364,ExtData[3].Val2,1,1,10,AbilityOperation: 10=RequirmentGroupCheck.,Confirmed,
9364,ExtData[3].Val3,1,1,1,AbilityCondition: 1=Equal.,Confirmed,
9364,ExtData[3].Val6,1,1,9397,Every distinct observed value in this field matches a known RequirementId row.,Inferred,Example requirement ids: 9397.
9364,ExtData[3].Val7,1,1,1,Operation-specific auxiliary parameter. Position confirmed from decompiled client ExtData schema.,Inferred,
9365,ExtData[0].Val1,1,1,1,AbilitySourceType: 1=Cast.,Confirmed,
9365,ExtData[0].Val2,1,1,10,AbilityOperation: 10=RequirmentGroupCheck.,Confirmed,
9365,ExtData[0].Val3,1,1,1,AbilityCondition: 1=Equal.,Confirmed,
9365,ExtData[0].Val4,1,1,9,AbilityLogicOperator: 9=Or.,Confirmed,
9365,ExtData[0].Val6,1,1,9375,Every distinct observed value in this field matches a known RequirementId row.,Inferred,Example requirement ids: 9375.
9365,ExtData[0].Val7,1,1,1,Operation-specific auxiliary parameter. Position confirmed from decompiled client ExtData schema.,Inferred,
9365,ExtData[1].Val1,1,1,1,AbilitySourceType: 1=Cast.,Confirmed,
9365,ExtData[1].Val2,1,1,10,AbilityOperation: 10=RequirmentGroupCheck.,Confirmed,
9365,ExtData[1].Val3,1,1,1,AbilityCondition: 1=Equal.,Confirmed,
9365,ExtData[1].Val4,1,1,9,AbilityLogicOperator: 9=Or.,Confirmed,
9365,ExtData[1].Val6,1,1,9385,Every distinct observed value in this field matches a known RequirementId row.,Inferred,Example requirement ids: 9385.
9365,ExtData[1].Val7,1,1,1,Operation-specific auxiliary parameter. Position confirmed from decompiled client ExtData schema.,Inferred,
9365,ExtData[2].Val1,1,1,1,AbilitySourceType: 1=Cast.,Confirmed,
9365,ExtData[2].Val2,1,1,10,AbilityOperation: 10=RequirmentGroupCheck.,Confirmed,
9365,ExtData[2].Val3,1,1,1,AbilityCondition: 1=Equal.,Confirmed,
9365,ExtData[2].Val4,1,1,9,AbilityLogicOperator: 9=Or.,Confirmed,
9365,ExtData[2].Val6,1,1,9395,Every distinct observed value in this field matches a known RequirementId row.,Inferred,Example requirement ids: 9395.
9365,ExtData[2].Val7,1,1,1,Operation-specific auxiliary parameter. Position confirmed from decompiled client ExtData schema.,Inferred,
9365,ExtData[3].Val1,1,1,1,AbilitySourceType: 1=Cast.,Confirmed,
9365,ExtData[3].Val2,1,1,10,AbilityOperation: 10=RequirmentGroupCheck.,Confirmed,
9365,ExtData[3].Val3,1,1,1,AbilityCondition: 1=Equal.,Confirmed,
9365,ExtData[3].Val6,1,1,9398,Every distinct observed value in this field matches a known RequirementId row.,Inferred,Example requirement ids: 9398.
9365,ExtData[3].Val7,1,1,1,Operation-specific auxiliary parameter. Position confirmed from decompiled client ExtData schema.,Inferred,
9366,ExtData[0].Val1,1,1,1,AbilitySourceType: 1=Cast.,Confirmed,
9366,ExtData[0].Val2,1,1,10,AbilityOperation: 10=RequirmentGroupCheck.,Confirmed,
9366,ExtData[0].Val3,1,1,1,AbilityCondition: 1=Equal.,Confirmed,
9366,ExtData[0].Val4,1,1,9,AbilityLogicOperator: 9=Or.,Confirmed,
9366,ExtData[0].Val6,1,1,9376,Every distinct observed value in this field matches a known RequirementId row.,Inferred,Example requirement ids: 9376.
9366,ExtData[0].Val7,1,1,1,Operation-specific auxiliary parameter. Position confirmed from decompiled client ExtData schema.,Inferred,
9366,ExtData[1].Val1,1,1,1,AbilitySourceType: 1=Cast.,Confirmed,
9366,ExtData[1].Val2,1,1,10,AbilityOperation: 10=RequirmentGroupCheck.,Confirmed,
9366,ExtData[1].Val3,1,1,1,AbilityCondition: 1=Equal.,Confirmed,
9366,ExtData[1].Val6,1,1,9386,Every distinct observed value in this field matches a known RequirementId row.,Inferred,Example requirement ids: 9386.
9366,ExtData[1].Val7,1,1,1,Operation-specific auxiliary parameter. Position confirmed from decompiled client ExtData schema.,Inferred,
9367,ExtData[0].Val1,1,1,1,AbilitySourceType: 1=Cast.,Confirmed,
9367,ExtData[0].Val2,1,1,10,AbilityOperation: 10=RequirmentGroupCheck.,Confirmed,
9367,ExtData[0].Val3,1,1,1,AbilityCondition: 1=Equal.,Confirmed,
9367,ExtData[0].Val4,1,1,9,AbilityLogicOperator: 9=Or.,Confirmed,
9367,ExtData[0].Val6,1,1,9377,Every distinct observed value in this field matches a known RequirementId row.,Inferred,Example requirement ids: 9377.
9367,ExtData[0].Val7,1,1,1,Operation-specific auxiliary parameter. Position confirmed from decompiled client ExtData schema.,Inferred,
9367,ExtData[1].Val1,1,1,1,AbilitySourceType: 1=Cast.,Confirmed,
9367,ExtData[1].Val2,1,1,10,AbilityOperation: 10=RequirmentGroupCheck.,Confirmed,
9367,ExtData[1].Val3,1,1,1,AbilityCondition: 1=Equal.,Confirmed,
9367,ExtData[1].Val6,1,1,9387,Every distinct observed value in this field matches a known RequirementId row.,Inferred,Example requirement ids: 9387.
9367,ExtData[1].Val7,1,1,1,Operation-specific auxiliary parameter. Position confirmed from decompiled client ExtData schema.,Inferred,
9368,ExtData[0].Val1,1,1,1,AbilitySourceType: 1=Cast.,Confirmed,
9368,ExtData[0].Val2,1,1,10,AbilityOperation: 10=RequirmentGroupCheck.,Confirmed,
9368,ExtData[0].Val3,1,1,1,AbilityCondition: 1=Equal.,Confirmed,
9368,ExtData[0].Val4,1,1,9,AbilityLogicOperator: 9=Or.,Confirmed,
9368,ExtData[0].Val6,1,1,9378,Every distinct observed value in this field matches a known RequirementId row.,Inferred,Example requirement ids: 9378.
9368,ExtData[0].Val7,1,1,1,Operation-specific auxiliary parameter. Position confirmed from decompiled client ExtData schema.,Inferred,
9368,ExtData[1].Val1,1,1,1,AbilitySourceType: 1=Cast.,Confirmed,
9368,ExtData[1].Val2,1,1,10,AbilityOperation: 10=RequirmentGroupCheck.,Confirmed,
9368,ExtData[1].Val3,1,1,1,AbilityCondition: 1=Equal.,Confirmed,
9368,ExtData[1].Val6,1,1,9388,Every distinct observed value in this field matches a known RequirementId row.,Inferred,Example requirement ids: 9388.
9368,ExtData[1].Val7,1,1,1,Operation-specific auxiliary parameter. Position confirmed from decompiled client ExtData schema.,Inferred,
9369,ExtData[0].Val1,1,1,1,AbilitySourceType: 1=Cast.,Confirmed,
9369,ExtData[0].Val2,1,1,10,AbilityOperation: 10=RequirmentGroupCheck.,Confirmed,
9369,ExtData[0].Val3,1,1,1,AbilityCondition: 1=Equal.,Confirmed,
9369,ExtData[0].Val4,1,1,9,AbilityLogicOperator: 9=Or.,Confirmed,
9369,ExtData[0].Val6,1,1,9379,Every distinct observed value in this field matches a known RequirementId row.,Inferred,Example requirement ids: 9379.
9369,ExtData[0].Val7,1,1,1,Operation-specific auxiliary parameter. Position confirmed from decompiled client ExtData schema.,Inferred,
9369,ExtData[1].Val1,1,1,1,AbilitySourceType: 1=Cast.,Confirmed,
9369,ExtData[1].Val2,1,1,10,AbilityOperation: 10=RequirmentGroupCheck.,Confirmed,
9369,ExtData[1].Val3,1,1,1,AbilityCondition: 1=Equal.,Confirmed,
9369,ExtData[1].Val6,1,1,9389,Every distinct observed value in this field matches a known RequirementId row.,Inferred,Example requirement ids: 9389.
9369,ExtData[1].Val7,1,1,1,Operation-specific auxiliary parameter. Position confirmed from decompiled client ExtData schema.,Inferred,
9370,ExtData[0].Val1,1,1,1,AbilitySourceType: 1=Cast.,Confirmed,
9370,ExtData[0].Val2,1,1,10,AbilityOperation: 10=RequirmentGroupCheck.,Confirmed,
9370,ExtData[0].Val3,1,1,1,AbilityCondition: 1=Equal.,Confirmed,
9370,ExtData[0].Val4,1,1,9,AbilityLogicOperator: 9=Or.,Confirmed,
9370,ExtData[0].Val6,1,1,9380,Every distinct observed value in this field matches a known RequirementId row.,Inferred,Example requirement ids: 9380.
9370,ExtData[0].Val7,1,1,1,Operation-specific auxiliary parameter. Position confirmed from decompiled client ExtData schema.,Inferred,
9370,ExtData[1].Val1,1,1,1,AbilitySourceType: 1=Cast.,Confirmed,
9370,ExtData[1].Val2,1,1,10,AbilityOperation: 10=RequirmentGroupCheck.,Confirmed,
9370,ExtData[1].Val3,1,1,1,AbilityCondition: 1=Equal.,Confirmed,
9370,ExtData[1].Val6,1,1,9390,Every distinct observed value in this field matches a known RequirementId row.,Inferred,Example requirement ids: 9390.
9370,ExtData[1].Val7,1,1,1,Operation-specific auxiliary parameter. Position confirmed from decompiled client ExtData schema.,Inferred,
9371,ExtData[0].Val1,1,1,1,AbilitySourceType: 1=Cast.,Confirmed,
9371,ExtData[0].Val2,1,1,10,AbilityOperation: 10=RequirmentGroupCheck.,Confirmed,
9371,ExtData[0].Val3,1,1,1,AbilityCondition: 1=Equal.,Confirmed,
9371,ExtData[0].Val4,1,1,9,AbilityLogicOperator: 9=Or.,Confirmed,
9371,ExtData[0].Val6,1,1,9381,Every distinct observed value in this field matches a known RequirementId row.,Inferred,Example requirement ids: 9381.
9371,ExtData[0].Val7,1,1,1,Operation-specific auxiliary parameter. Position confirmed from decompiled client ExtData schema.,Inferred,
9371,ExtData[1].Val1,1,1,1,AbilitySourceType: 1=Cast.,Confirmed,
9371,ExtData[1].Val2,1,1,10,AbilityOperation: 10=RequirmentGroupCheck.,Confirmed,
9371,ExtData[1].Val3,1,1,1,AbilityCondition: 1=Equal.,Confirmed,
9371,ExtData[1].Val6,1,1,9391,Every distinct observed value in this field matches a known RequirementId row.,Inferred,Example requirement ids: 9391.
9371,ExtData[1].Val7,1,1,1,Operation-specific auxiliary parameter. Position confirmed from decompiled client ExtData schema.,Inferred,
9372,ExtData[0].Val1,1,1,1,AbilitySourceType: 1=Cast.,Confirmed,
9372,ExtData[0].Val2,1,1,10,AbilityOperation: 10=RequirmentGroupCheck.,Confirmed,
9372,ExtData[0].Val3,1,1,1,AbilityCondition: 1=Equal.,Confirmed,
9372,ExtData[0].Val4,1,1,9,AbilityLogicOperator: 9=Or.,Confirmed,
9372,ExtData[0].Val6,1,1,9382,Every distinct observed value in this field matches a known RequirementId row.,Inferred,Example requirement ids: 9382.
9372,ExtData[0].Val7,1,1,1,Operation-specific auxiliary parameter. Position confirmed from decompiled client ExtData schema.,Inferred,
9372,ExtData[1].Val1,1,1,1,AbilitySourceType: 1=Cast.,Confirmed,
9372,ExtData[1].Val2,1,1,10,AbilityOperation: 10=RequirmentGroupCheck.,Confirmed,
9372,ExtData[1].Val3,1,1,1,AbilityCondition: 1=Equal.,Confirmed,
9372,ExtData[1].Val6,1,1,9392,Every distinct observed value in this field matches a known RequirementId row.,Inferred,Example requirement ids: 9392.
9372,ExtData[1].Val7,1,1,1,Operation-specific auxiliary parameter. Position confirmed from decompiled client ExtData schema.,Inferred,
9373,ExtData[0].Val1,1,1,1,AbilitySourceType: 1=Cast.,Confirmed,
9373,ExtData[0].Val2,1,1,3,AbilityOperation: 3=BuffGroupCounterSum.,Confirmed,
9373,ExtData[0].Val3,1,1,5,AbilityCondition: 5=GreaterThanEqual.,Confirmed,
9373,ExtData[0].Val4,1,1,8,AbilityLogicOperator: 8=And.,Confirmed,
9373,ExtData[0].Val6,1,1,445,"Operation-specific reference value (RequirementId child link, ability ID, monster type, or other reference depending on AbilityOperation). Position confirmed from decompiled client ExtData schema.",Inferred,
9373,ExtData[0].Val7,1,1,30,Operation-specific auxiliary parameter. Position confirmed from decompiled client ExtData schema.,Inferred,
9373,ExtData[1].Val1,1,1,1,AbilitySourceType: 1=Cast.,Confirmed,
9373,ExtData[1].Val2,1,1,6,AbilityOperation: 6=BuffGroupCount.,Confirmed,
9373,ExtData[1].Val3,1,1,1,AbilityCondition: 1=Equal.,Confirmed,
9373,ExtData[1].Val6,1,1,1119,"Operation-specific reference value (RequirementId child link, ability ID, monster type, or other reference depending on AbilityOperation). Position confirmed from decompiled client ExtData schema.",Inferred,
9374,ExtData[0].Val1,1,1,1,AbilitySourceType: 1=Cast.,Confirmed,
9374,ExtData[0].Val2,1,1,3,AbilityOperation: 3=BuffGroupCounterSum.,Confirmed,
9374,ExtData[0].Val3,1,1,5,AbilityCondition: 5=GreaterThanEqual.,Confirmed,
9374,ExtData[0].Val4,1,1,8,AbilityLogicOperator: 8=And.,Confirmed,
9374,ExtData[0].Val6,1,1,445,"Operation-specific reference value (RequirementId child link, ability ID, monster type, or other reference depending on AbilityOperation). Position confirmed from decompiled client ExtData schema.",Inferred,
9374,ExtData[0].Val7,1,1,15,Operation-specific auxiliary parameter. Position confirmed from decompiled client ExtData schema.,Inferred,
9374,ExtData[1].Val1,1,1,1,AbilitySourceType: 1=Cast.,Confirmed,
9374,ExtData[1].Val2,1,1,6,AbilityOperation: 6=BuffGroupCount.,Confirmed,
9374,ExtData[1].Val3,1,1,1,AbilityCondition: 1=Equal.,Confirmed,
9374,ExtData[1].Val4,1,1,8,AbilityLogicOperator: 8=And.,Confirmed,
9374,ExtData[1].Val6,1,1,1119,"Operation-specific reference value (RequirementId child link, ability ID, monster type, or other reference depending on AbilityOperation). Position confirmed from decompiled client ExtData schema.",Inferred,
9374,ExtData[2].Val1,1,1,1,AbilitySourceType: 1=Cast.,Confirmed,
9374,ExtData[2].Val2,1,1,6,AbilityOperation: 6=BuffGroupCount.,Confirmed,
9374,ExtData[2].Val3,1,1,1,AbilityCondition: 1=Equal.,Confirmed,
9374,ExtData[2].Val6,1,1,1120,"Operation-specific reference value (RequirementId child link, ability ID, monster type, or other reference depending on AbilityOperation). Position confirmed from decompiled client ExtData schema.",Inferred,
9375,ExtData[0].Val1,1,1,1,AbilitySourceType: 1=Cast.,Confirmed,
9375,ExtData[0].Val2,1,1,3,AbilityOperation: 3=BuffGroupCounterSum.,Confirmed,
9375,ExtData[0].Val3,1,1,5,AbilityCondition: 5=GreaterThanEqual.,Confirmed,
9375,ExtData[0].Val4,1,1,8,AbilityLogicOperator: 8=And.,Confirmed,
9375,ExtData[0].Val6,1,1,445,"Operation-specific reference value (RequirementId child link, ability ID, monster type, or other reference depending on AbilityOperation). Position confirmed from decompiled client ExtData schema.",Inferred,
9375,ExtData[0].Val7,1,1,30,Operation-specific auxiliary parameter. Position confirmed from decompiled client ExtData schema.,Inferred,
9375,ExtData[1].Val1,1,1,1,AbilitySourceType: 1=Cast.,Confirmed,
9375,ExtData[1].Val2,1,1,6,AbilityOperation: 6=BuffGroupCount.,Confirmed,
9375,ExtData[1].Val3,1,1,1,AbilityCondition: 1=Equal.,Confirmed,
9375,ExtData[1].Val4,1,1,8,AbilityLogicOperator: 8=And.,Confirmed,
9375,ExtData[1].Val6,1,1,1119,"Operation-specific reference value (RequirementId child link, ability ID, monster type, or other reference depending on AbilityOperation). Position confirmed from decompiled client ExtData schema.",Inferred,
9375,ExtData[2].Val1,1,1,1,AbilitySourceType: 1=Cast.,Confirmed,
9375,ExtData[2].Val2,1,1,6,AbilityOperation: 6=BuffGroupCount.,Confirmed,
9375,ExtData[2].Val3,1,1,1,AbilityCondition: 1=Equal.,Confirmed,
9375,ExtData[2].Val6,1,1,1120,"Operation-specific reference value (RequirementId child link, ability ID, monster type, or other reference depending on AbilityOperation). Position confirmed from decompiled client ExtData schema.",Inferred,
9376,ExtData[0].Val1,1,1,1,AbilitySourceType: 1=Cast.,Confirmed,
9376,ExtData[0].Val2,1,1,3,AbilityOperation: 3=BuffGroupCounterSum.,Confirmed,
9376,ExtData[0].Val3,1,1,5,AbilityCondition: 5=GreaterThanEqual.,Confirmed,
9376,ExtData[0].Val4,1,1,8,AbilityLogicOperator: 8=And.,Confirmed,
9376,ExtData[0].Val6,1,1,445,"Operation-specific reference value (RequirementId child link, ability ID, monster type, or other reference depending on AbilityOperation). Position confirmed from decompiled client ExtData schema.",Inferred,
9376,ExtData[0].Val7,1,1,40,Operation-specific auxiliary parameter. Position confirmed from decompiled client ExtData schema.,Inferred,
9376,ExtData[1].Val1,1,1,1,AbilitySourceType: 1=Cast.,Confirmed,
9376,ExtData[1].Val2,1,1,6,AbilityOperation: 6=BuffGroupCount.,Confirmed,
9376,ExtData[1].Val3,1,1,1,AbilityCondition: 1=Equal.,Confirmed,
9376,ExtData[1].Val6,1,1,1119,"Operation-specific reference value (RequirementId child link, ability ID, monster type, or other reference depending on AbilityOperation). Position confirmed from decompiled client ExtData schema.",Inferred,
9377,ExtData[0].Val1,1,1,1,AbilitySourceType: 1=Cast.,Confirmed,
9377,ExtData[0].Val2,1,1,3,AbilityOperation: 3=BuffGroupCounterSum.,Confirmed,
9377,ExtData[0].Val3,1,1,5,AbilityCondition: 5=GreaterThanEqual.,Confirmed,
9377,ExtData[0].Val4,1,1,8,AbilityLogicOperator: 8=And.,Confirmed,
9377,ExtData[0].Val6,1,1,445,"Operation-specific reference value (RequirementId child link, ability ID, monster type, or other reference depending on AbilityOperation). Position confirmed from decompiled client ExtData schema.",Inferred,
9377,ExtData[0].Val7,1,1,25,Operation-specific auxiliary parameter. Position confirmed from decompiled client ExtData schema.,Inferred,
9377,ExtData[1].Val1,1,1,1,AbilitySourceType: 1=Cast.,Confirmed,
9377,ExtData[1].Val2,1,1,6,AbilityOperation: 6=BuffGroupCount.,Confirmed,
9377,ExtData[1].Val3,1,1,1,AbilityCondition: 1=Equal.,Confirmed,
9377,ExtData[1].Val6,1,1,1119,"Operation-specific reference value (RequirementId child link, ability ID, monster type, or other reference depending on AbilityOperation). Position confirmed from decompiled client ExtData schema.",Inferred,
9378,ExtData[0].Val1,1,1,1,AbilitySourceType: 1=Cast.,Confirmed,
9378,ExtData[0].Val2,1,1,3,AbilityOperation: 3=BuffGroupCounterSum.,Confirmed,
9378,ExtData[0].Val3,1,1,5,AbilityCondition: 5=GreaterThanEqual.,Confirmed,
9378,ExtData[0].Val4,1,1,8,AbilityLogicOperator: 8=And.,Confirmed,
9378,ExtData[0].Val6,1,1,445,"Operation-specific reference value (RequirementId child link, ability ID, monster type, or other reference depending on AbilityOperation). Position confirmed from decompiled client ExtData schema.",Inferred,
9378,ExtData[0].Val7,1,1,20,Operation-specific auxiliary parameter. Position confirmed from decompiled client ExtData schema.,Inferred,
9378,ExtData[1].Val1,1,1,1,AbilitySourceType: 1=Cast.,Confirmed,
9378,ExtData[1].Val2,1,1,6,AbilityOperation: 6=BuffGroupCount.,Confirmed,
9378,ExtData[1].Val3,1,1,1,AbilityCondition: 1=Equal.,Confirmed,
9378,ExtData[1].Val6,1,1,1119,"Operation-specific reference value (RequirementId child link, ability ID, monster type, or other reference depending on AbilityOperation). Position confirmed from decompiled client ExtData schema.",Inferred,
9379,ExtData[0].Val1,1,1,1,AbilitySourceType: 1=Cast.,Confirmed,
9379,ExtData[0].Val2,1,1,3,AbilityOperation: 3=BuffGroupCounterSum.,Confirmed,
9379,ExtData[0].Val3,1,1,5,AbilityCondition: 5=GreaterThanEqual.,Confirmed,
9379,ExtData[0].Val4,1,1,8,AbilityLogicOperator: 8=And.,Confirmed,
9379,ExtData[0].Val6,1,1,445,"Operation-specific reference value (RequirementId child link, ability ID, monster type, or other reference depending on AbilityOperation). Position confirmed from decompiled client ExtData schema.",Inferred,
9379,ExtData[0].Val7,1,1,15,Operation-specific auxiliary parameter. Position confirmed from decompiled client ExtData schema.,Inferred,
9379,ExtData[1].Val1,1,1,1,AbilitySourceType: 1=Cast.,Confirmed,
9379,ExtData[1].Val2,1,1,6,AbilityOperation: 6=BuffGroupCount.,Confirmed,
9379,ExtData[1].Val3,1,1,1,AbilityCondition: 1=Equal.,Confirmed,
9379,ExtData[1].Val6,1,1,1119,"Operation-specific reference value (RequirementId child link, ability ID, monster type, or other reference depending on AbilityOperation). Position confirmed from decompiled client ExtData schema.",Inferred,
9380,ExtData[0].Val1,1,1,1,AbilitySourceType: 1=Cast.,Confirmed,
9380,ExtData[0].Val2,1,1,3,AbilityOperation: 3=BuffGroupCounterSum.,Confirmed,
9380,ExtData[0].Val3,1,1,5,AbilityCondition: 5=GreaterThanEqual.,Confirmed,
9380,ExtData[0].Val4,1,1,8,AbilityLogicOperator: 8=And.,Confirmed,
9380,ExtData[0].Val6,1,1,445,"Operation-specific reference value (RequirementId child link, ability ID, monster type, or other reference depending on AbilityOperation). Position confirmed from decompiled client ExtData schema.",Inferred,
9380,ExtData[0].Val7,1,1,30,Operation-specific auxiliary parameter. Position confirmed from decompiled client ExtData schema.,Inferred,
9380,ExtData[1].Val1,1,1,1,AbilitySourceType: 1=Cast.,Confirmed,
9380,ExtData[1].Val2,1,1,6,AbilityOperation: 6=BuffGroupCount.,Confirmed,
9380,ExtData[1].Val3,1,1,1,AbilityCondition: 1=Equal.,Confirmed,
9380,ExtData[1].Val6,1,1,1119,"Operation-specific reference value (RequirementId child link, ability ID, monster type, or other reference depending on AbilityOperation). Position confirmed from decompiled client ExtData schema.",Inferred,
9381,ExtData[0].Val1,1,1,1,AbilitySourceType: 1=Cast.,Confirmed,
9381,ExtData[0].Val2,1,1,3,AbilityOperation: 3=BuffGroupCounterSum.,Confirmed,
9381,ExtData[0].Val3,1,1,5,AbilityCondition: 5=GreaterThanEqual.,Confirmed,
9381,ExtData[0].Val4,1,1,8,AbilityLogicOperator: 8=And.,Confirmed,
9381,ExtData[0].Val6,1,1,445,"Operation-specific reference value (RequirementId child link, ability ID, monster type, or other reference depending on AbilityOperation). Position confirmed from decompiled client ExtData schema.",Inferred,
9381,ExtData[0].Val7,1,1,20,Operation-specific auxiliary parameter. Position confirmed from decompiled client ExtData schema.,Inferred,
9381,ExtData[1].Val1,1,1,1,AbilitySourceType: 1=Cast.,Confirmed,
9381,ExtData[1].Val2,1,1,6,AbilityOperation: 6=BuffGroupCount.,Confirmed,
9381,ExtData[1].Val3,1,1,1,AbilityCondition: 1=Equal.,Confirmed,
9381,ExtData[1].Val6,1,1,1119,"Operation-specific reference value (RequirementId child link, ability ID, monster type, or other reference depending on AbilityOperation). Position confirmed from decompiled client ExtData schema.",Inferred,
9382,ExtData[0].Val1,1,1,1,AbilitySourceType: 1=Cast.,Confirmed,
9382,ExtData[0].Val2,1,1,3,AbilityOperation: 3=BuffGroupCounterSum.,Confirmed,
9382,ExtData[0].Val3,1,1,5,AbilityCondition: 5=GreaterThanEqual.,Confirmed,
9382,ExtData[0].Val4,1,1,8,AbilityLogicOperator: 8=And.,Confirmed,
9382,ExtData[0].Val6,1,1,445,"Operation-specific reference value (RequirementId child link, ability ID, monster type, or other reference depending on AbilityOperation). Position confirmed from decompiled client ExtData schema.",Inferred,
9382,ExtData[0].Val7,1,1,20,Operation-specific auxiliary parameter. Position confirmed from decompiled client ExtData schema.,Inferred,
9382,ExtData[1].Val1,1,1,1,AbilitySourceType: 1=Cast.,Confirmed,
9382,ExtData[1].Val2,1,1,6,AbilityOperation: 6=BuffGroupCount.,Confirmed,
9382,ExtData[1].Val3,1,1,1,AbilityCondition: 1=Equal.,Confirmed,
9382,ExtData[1].Val6,1,1,1119,"Operation-specific reference value (RequirementId child link, ability ID, monster type, or other reference depending on AbilityOperation). Position confirmed from decompiled client ExtData schema.",Inferred,
9383,ExtData[0].Val1,1,1,1,AbilitySourceType: 1=Cast.,Confirmed,
9383,ExtData[0].Val2,1,1,3,AbilityOperation: 3=BuffGroupCounterSum.,Confirmed,
9383,ExtData[0].Val3,1,1,5,AbilityCondition: 5=GreaterThanEqual.,Confirmed,
9383,ExtData[0].Val4,1,1,8,AbilityLogicOperator: 8=And.,Confirmed,
9383,ExtData[0].Val6,1,1,445,"Operation-specific reference value (RequirementId child link, ability ID, monster type, or other reference depending on AbilityOperation). Position confirmed from decompiled client ExtData schema.",Inferred,
9383,ExtData[0].Val7,1,1,25,Operation-specific auxiliary parameter. Position confirmed from decompiled client ExtData schema.,Inferred,
9383,ExtData[1].Val1,1,1,1,AbilitySourceType: 1=Cast.,Confirmed,
9383,ExtData[1].Val2,1,1,6,AbilityOperation: 6=BuffGroupCount.,Confirmed,
9383,ExtData[1].Val3,1,1,1,AbilityCondition: 1=Equal.,Confirmed,
9383,ExtData[1].Val6,1,1,1119,"Operation-specific reference value (RequirementId child link, ability ID, monster type, or other reference depending on AbilityOperation). Position confirmed from decompiled client ExtData schema.",Inferred,
9383,ExtData[1].Val7,1,1,1,Operation-specific auxiliary parameter. Position confirmed from decompiled client ExtData schema.,Inferred,
9384,ExtData[0].Val1,1,1,1,AbilitySourceType: 1=Cast.,Confirmed,
9384,ExtData[0].Val2,1,1,3,AbilityOperation: 3=BuffGroupCounterSum.,Confirmed,
9384,ExtData[0].Val3,1,1,5,AbilityCondition: 5=GreaterThanEqual.,Confirmed,
9384,ExtData[0].Val4,1,1,8,AbilityLogicOperator: 8=And.,Confirmed,
9384,ExtData[0].Val6,1,1,445,"Operation-specific reference value (RequirementId child link, ability ID, monster type, or other reference depending on AbilityOperation). Position confirmed from decompiled client ExtData schema.",Inferred,
9384,ExtData[0].Val7,1,1,10,Operation-specific auxiliary parameter. Position confirmed from decompiled client ExtData schema.,Inferred,
9384,ExtData[1].Val1,1,1,1,AbilitySourceType: 1=Cast.,Confirmed,
9384,ExtData[1].Val2,1,1,6,AbilityOperation: 6=BuffGroupCount.,Confirmed,
9384,ExtData[1].Val3,1,1,1,AbilityCondition: 1=Equal.,Confirmed,
9384,ExtData[1].Val4,1,1,8,AbilityLogicOperator: 8=And.,Confirmed,
9384,ExtData[1].Val6,1,1,1119,"Operation-specific reference value (RequirementId child link, ability ID, monster type, or other reference depending on AbilityOperation). Position confirmed from decompiled client ExtData schema.",Inferred,
9384,ExtData[1].Val7,1,1,1,Operation-specific auxiliary parameter. Position confirmed from decompiled client ExtData schema.,Inferred,
9384,ExtData[2].Val1,1,1,1,AbilitySourceType: 1=Cast.,Confirmed,
9384,ExtData[2].Val2,1,1,6,AbilityOperation: 6=BuffGroupCount.,Confirmed,
9384,ExtData[2].Val3,1,1,1,AbilityCondition: 1=Equal.,Confirmed,
9384,ExtData[2].Val6,1,1,1120,"Operation-specific reference value (RequirementId child link, ability ID, monster type, or other reference depending on AbilityOperation). Position confirmed from decompiled client ExtData schema.",Inferred,
9385,ExtData[0].Val1,1,1,1,AbilitySourceType: 1=Cast.,Confirmed,
9385,ExtData[0].Val2,1,1,3,AbilityOperation: 3=BuffGroupCounterSum.,Confirmed,
9385,ExtData[0].Val3,1,1,5,AbilityCondition: 5=GreaterThanEqual.,Confirmed,
9385,ExtData[0].Val4,1,1,8,AbilityLogicOperator: 8=And.,Confirmed,
9385,ExtData[0].Val6,1,1,445,"Operation-specific reference value (RequirementId child link, ability ID, monster type, or other reference depending on AbilityOperation). Position confirmed from decompiled client ExtData schema.",Inferred,
9385,ExtData[0].Val7,1,1,25,Operation-specific auxiliary parameter. Position confirmed from decompiled client ExtData schema.,Inferred,
9385,ExtData[1].Val1,1,1,1,AbilitySourceType: 1=Cast.,Confirmed,
9385,ExtData[1].Val2,1,1,6,AbilityOperation: 6=BuffGroupCount.,Confirmed,
9385,ExtData[1].Val3,1,1,1,AbilityCondition: 1=Equal.,Confirmed,
9385,ExtData[1].Val4,1,1,8,AbilityLogicOperator: 8=And.,Confirmed,
9385,ExtData[1].Val6,1,1,1119,"Operation-specific reference value (RequirementId child link, ability ID, monster type, or other reference depending on AbilityOperation). Position confirmed from decompiled client ExtData schema.",Inferred,
9385,ExtData[1].Val7,1,1,1,Operation-specific auxiliary parameter. Position confirmed from decompiled client ExtData schema.,Inferred,
9385,ExtData[2].Val1,1,1,1,AbilitySourceType: 1=Cast.,Confirmed,
9385,ExtData[2].Val2,1,1,6,AbilityOperation: 6=BuffGroupCount.,Confirmed,
9385,ExtData[2].Val3,1,1,1,AbilityCondition: 1=Equal.,Confirmed,
9385,ExtData[2].Val6,1,1,1120,"Operation-specific reference value (RequirementId child link, ability ID, monster type, or other reference depending on AbilityOperation). Position confirmed from decompiled client ExtData schema.",Inferred,
9386,ExtData[0].Val1,1,1,1,AbilitySourceType: 1=Cast.,Confirmed,
9386,ExtData[0].Val2,1,1,3,AbilityOperation: 3=BuffGroupCounterSum.,Confirmed,
9386,ExtData[0].Val3,1,1,5,AbilityCondition: 5=GreaterThanEqual.,Confirmed,
9386,ExtData[0].Val4,1,1,8,AbilityLogicOperator: 8=And.,Confirmed,
9386,ExtData[0].Val6,1,1,445,"Operation-specific reference value (RequirementId child link, ability ID, monster type, or other reference depending on AbilityOperation). Position confirmed from decompiled client ExtData schema.",Inferred,
9386,ExtData[0].Val7,1,1,35,Operation-specific auxiliary parameter. Position confirmed from decompiled client ExtData schema.,Inferred,
9386,ExtData[1].Val1,1,1,1,AbilitySourceType: 1=Cast.,Confirmed,
9386,ExtData[1].Val2,1,1,6,AbilityOperation: 6=BuffGroupCount.,Confirmed,
9386,ExtData[1].Val3,1,1,1,AbilityCondition: 1=Equal.,Confirmed,
9386,ExtData[1].Val6,1,1,1119,"Operation-specific reference value (RequirementId child link, ability ID, monster type, or other reference depending on AbilityOperation). Position confirmed from decompiled client ExtData schema.",Inferred,
9386,ExtData[1].Val7,1,1,1,Operation-specific auxiliary parameter. Position confirmed from decompiled client ExtData schema.,Inferred,
9387,ExtData[0].Val1,1,1,1,AbilitySourceType: 1=Cast.,Confirmed,
9387,ExtData[0].Val2,1,1,3,AbilityOperation: 3=BuffGroupCounterSum.,Confirmed,
9387,ExtData[0].Val3,1,1,5,AbilityCondition: 5=GreaterThanEqual.,Confirmed,
9387,ExtData[0].Val4,1,1,8,AbilityLogicOperator: 8=And.,Confirmed,
9387,ExtData[0].Val6,1,1,445,"Operation-specific reference value (RequirementId child link, ability ID, monster type, or other reference depending on AbilityOperation). Position confirmed from decompiled client ExtData schema.",Inferred,
9387,ExtData[0].Val7,1,1,20,Operation-specific auxiliary parameter. Position confirmed from decompiled client ExtData schema.,Inferred,
9387,ExtData[1].Val1,1,1,1,AbilitySourceType: 1=Cast.,Confirmed,
9387,ExtData[1].Val2,1,1,6,AbilityOperation: 6=BuffGroupCount.,Confirmed,
9387,ExtData[1].Val3,1,1,1,AbilityCondition: 1=Equal.,Confirmed,
9387,ExtData[1].Val6,1,1,1119,"Operation-specific reference value (RequirementId child link, ability ID, monster type, or other reference depending on AbilityOperation). Position confirmed from decompiled client ExtData schema.",Inferred,
9387,ExtData[1].Val7,1,1,1,Operation-specific auxiliary parameter. Position confirmed from decompiled client ExtData schema.,Inferred,
9388,ExtData[0].Val1,1,1,1,AbilitySourceType: 1=Cast.,Confirmed,
9388,ExtData[0].Val2,1,1,3,AbilityOperation: 3=BuffGroupCounterSum.,Confirmed,
9388,ExtData[0].Val3,1,1,5,AbilityCondition: 5=GreaterThanEqual.,Confirmed,
9388,ExtData[0].Val4,1,1,8,AbilityLogicOperator: 8=And.,Confirmed,
9388,ExtData[0].Val6,1,1,445,"Operation-specific reference value (RequirementId child link, ability ID, monster type, or other reference depending on AbilityOperation). Position confirmed from decompiled client ExtData schema.",Inferred,
9388,ExtData[0].Val7,1,1,15,Operation-specific auxiliary parameter. Position confirmed from decompiled client ExtData schema.,Inferred,
9388,ExtData[1].Val1,1,1,1,AbilitySourceType: 1=Cast.,Confirmed,
9388,ExtData[1].Val2,1,1,6,AbilityOperation: 6=BuffGroupCount.,Confirmed,
9388,ExtData[1].Val3,1,1,1,AbilityCondition: 1=Equal.,Confirmed,
9388,ExtData[1].Val6,1,1,1119,"Operation-specific reference value (RequirementId child link, ability ID, monster type, or other reference depending on AbilityOperation). Position confirmed from decompiled client ExtData schema.",Inferred,
9388,ExtData[1].Val7,1,1,1,Operation-specific auxiliary parameter. Position confirmed from decompiled client ExtData schema.,Inferred,
9389,ExtData[0].Val1,1,1,1,AbilitySourceType: 1=Cast.,Confirmed,
9389,ExtData[0].Val2,1,1,3,AbilityOperation: 3=BuffGroupCounterSum.,Confirmed,
9389,ExtData[0].Val3,1,1,5,AbilityCondition: 5=GreaterThanEqual.,Confirmed,
9389,ExtData[0].Val4,1,1,8,AbilityLogicOperator: 8=And.,Confirmed,
9389,ExtData[0].Val6,1,1,445,"Operation-specific reference value (RequirementId child link, ability ID, monster type, or other reference depending on AbilityOperation). Position confirmed from decompiled client ExtData schema.",Inferred,
9389,ExtData[0].Val7,1,1,10,Operation-specific auxiliary parameter. Position confirmed from decompiled client ExtData schema.,Inferred,
9389,ExtData[1].Val1,1,1,1,AbilitySourceType: 1=Cast.,Confirmed,
9389,ExtData[1].Val2,1,1,6,AbilityOperation: 6=BuffGroupCount.,Confirmed,
9389,ExtData[1].Val3,1,1,1,AbilityCondition: 1=Equal.,Confirmed,
9389,ExtData[1].Val6,1,1,1119,"Operation-specific reference value (RequirementId child link, ability ID, monster type, or other reference depending on AbilityOperation). Position confirmed from decompiled client ExtData schema.",Inferred,
9389,ExtData[1].Val7,1,1,1,Operation-specific auxiliary parameter. Position confirmed from decompiled client ExtData schema.,Inferred,
9390,ExtData[0].Val1,1,1,1,AbilitySourceType: 1=Cast.,Confirmed,
9390,ExtData[0].Val2,1,1,3,AbilityOperation: 3=BuffGroupCounterSum.,Confirmed,
9390,ExtData[0].Val3,1,1,5,AbilityCondition: 5=GreaterThanEqual.,Confirmed,
9390,ExtData[0].Val4,1,1,8,AbilityLogicOperator: 8=And.,Confirmed,
9390,ExtData[0].Val6,1,1,445,"Operation-specific reference value (RequirementId child link, ability ID, monster type, or other reference depending on AbilityOperation). Position confirmed from decompiled client ExtData schema.",Inferred,
9390,ExtData[0].Val7,1,1,25,Operation-specific auxiliary parameter. Position confirmed from decompiled client ExtData schema.,Inferred,
9390,ExtData[1].Val1,1,1,1,AbilitySourceType: 1=Cast.,Confirmed,
9390,ExtData[1].Val2,1,1,6,AbilityOperation: 6=BuffGroupCount.,Confirmed,
9390,ExtData[1].Val3,1,1,1,AbilityCondition: 1=Equal.,Confirmed,
9390,ExtData[1].Val6,1,1,1119,"Operation-specific reference value (RequirementId child link, ability ID, monster type, or other reference depending on AbilityOperation). Position confirmed from decompiled client ExtData schema.",Inferred,
9390,ExtData[1].Val7,1,1,1,Operation-specific auxiliary parameter. Position confirmed from decompiled client ExtData schema.,Inferred,
9391,ExtData[0].Val1,1,1,1,AbilitySourceType: 1=Cast.,Confirmed,
9391,ExtData[0].Val2,1,1,3,AbilityOperation: 3=BuffGroupCounterSum.,Confirmed,
9391,ExtData[0].Val3,1,1,5,AbilityCondition: 5=GreaterThanEqual.,Confirmed,
9391,ExtData[0].Val4,1,1,8,AbilityLogicOperator: 8=And.,Confirmed,
9391,ExtData[0].Val6,1,1,445,"Operation-specific reference value (RequirementId child link, ability ID, monster type, or other reference depending on AbilityOperation). Position confirmed from decompiled client ExtData schema.",Inferred,
9391,ExtData[0].Val7,1,1,15,Operation-specific auxiliary parameter. Position confirmed from decompiled client ExtData schema.,Inferred,
9391,ExtData[1].Val1,1,1,1,AbilitySourceType: 1=Cast.,Confirmed,
9391,ExtData[1].Val2,1,1,6,AbilityOperation: 6=BuffGroupCount.,Confirmed,
9391,ExtData[1].Val3,1,1,1,AbilityCondition: 1=Equal.,Confirmed,
9391,ExtData[1].Val6,1,1,1119,"Operation-specific reference value (RequirementId child link, ability ID, monster type, or other reference depending on AbilityOperation). Position confirmed from decompiled client ExtData schema.",Inferred,
9391,ExtData[1].Val7,1,1,1,Operation-specific auxiliary parameter. Position confirmed from decompiled client ExtData schema.,Inferred,
9392,ExtData[0].Val1,1,1,1,AbilitySourceType: 1=Cast.,Confirmed,
9392,ExtData[0].Val2,1,1,3,AbilityOperation: 3=BuffGroupCounterSum.,Confirmed,
9392,ExtData[0].Val3,1,1,5,AbilityCondition: 5=GreaterThanEqual.,Confirmed,
9392,ExtData[0].Val4,1,1,8,AbilityLogicOperator: 8=And.,Confirmed,
9392,ExtData[0].Val6,1,1,445,"Operation-specific reference value (RequirementId child link, ability ID, monster type, or other reference depending on AbilityOperation). Position confirmed from decompiled client ExtData schema.",Inferred,
9392,ExtData[0].Val7,1,1,15,Operation-specific auxiliary parameter. Position confirmed from decompiled client ExtData schema.,Inferred,
9392,ExtData[1].Val1,1,1,1,AbilitySourceType: 1=Cast.,Confirmed,
9392,ExtData[1].Val2,1,1,6,AbilityOperation: 6=BuffGroupCount.,Confirmed,
9392,ExtData[1].Val3,1,1,1,AbilityCondition: 1=Equal.,Confirmed,
9392,ExtData[1].Val6,1,1,1119,"Operation-specific reference value (RequirementId child link, ability ID, monster type, or other reference depending on AbilityOperation). Position confirmed from decompiled client ExtData schema.",Inferred,
9392,ExtData[1].Val7,1,1,1,Operation-specific auxiliary parameter. Position confirmed from decompiled client ExtData schema.,Inferred,
9393,ExtData[0].Val1,1,1,1,AbilitySourceType: 1=Cast.,Confirmed,
9393,ExtData[0].Val2,1,1,3,AbilityOperation: 3=BuffGroupCounterSum.,Confirmed,
9393,ExtData[0].Val3,1,1,5,AbilityCondition: 5=GreaterThanEqual.,Confirmed,
9393,ExtData[0].Val4,1,1,8,AbilityLogicOperator: 8=And.,Confirmed,
9393,ExtData[0].Val6,1,1,445,"Operation-specific reference value (RequirementId child link, ability ID, monster type, or other reference depending on AbilityOperation). Position confirmed from decompiled client ExtData schema.",Inferred,
9393,ExtData[0].Val7,1,1,20,Operation-specific auxiliary parameter. Position confirmed from decompiled client ExtData schema.,Inferred,
9393,ExtData[1].Val1,1,1,1,AbilitySourceType: 1=Cast.,Confirmed,
9393,ExtData[1].Val2,1,1,6,AbilityOperation: 6=BuffGroupCount.,Confirmed,
9393,ExtData[1].Val3,1,1,1,AbilityCondition: 1=Equal.,Confirmed,
9393,ExtData[1].Val4,1,1,8,AbilityLogicOperator: 8=And.,Confirmed,
9393,ExtData[1].Val6,1,1,1119,"Operation-specific reference value (RequirementId child link, ability ID, monster type, or other reference depending on AbilityOperation). Position confirmed from decompiled client ExtData schema.",Inferred,
9393,ExtData[2].Val1,1,1,1,AbilitySourceType: 1=Cast.,Confirmed,
9393,ExtData[2].Val2,1,1,6,AbilityOperation: 6=BuffGroupCount.,Confirmed,
9393,ExtData[2].Val3,1,1,1,AbilityCondition: 1=Equal.,Confirmed,
9393,ExtData[2].Val6,1,1,1120,"Operation-specific reference value (RequirementId child link, ability ID, monster type, or other reference depending on AbilityOperation). Position confirmed from decompiled client ExtData schema.",Inferred,
9393,ExtData[2].Val7,1,1,1,Operation-specific auxiliary parameter. Position confirmed from decompiled client ExtData schema.,Inferred,
9394,ExtData[0].Val1,1,1,1,AbilitySourceType: 1=Cast.,Confirmed,
9394,ExtData[0].Val2,1,1,3,AbilityOperation: 3=BuffGroupCounterSum.,Confirmed,
9394,ExtData[0].Val3,1,1,5,AbilityCondition: 5=GreaterThanEqual.,Confirmed,
9394,ExtData[0].Val4,1,1,8,AbilityLogicOperator: 8=And.,Confirmed,
9394,ExtData[0].Val6,1,1,445,"Operation-specific reference value (RequirementId child link, ability ID, monster type, or other reference depending on AbilityOperation). Position confirmed from decompiled client ExtData schema.",Inferred,
9394,ExtData[0].Val7,1,1,5,Operation-specific auxiliary parameter. Position confirmed from decompiled client ExtData schema.,Inferred,
9394,ExtData[1].Val1,1,1,1,AbilitySourceType: 1=Cast.,Confirmed,
9394,ExtData[1].Val2,1,1,6,AbilityOperation: 6=BuffGroupCount.,Confirmed,
9394,ExtData[1].Val3,1,1,1,AbilityCondition: 1=Equal.,Confirmed,
9394,ExtData[1].Val4,1,1,8,AbilityLogicOperator: 8=And.,Confirmed,
9394,ExtData[1].Val6,1,1,1119,"Operation-specific reference value (RequirementId child link, ability ID, monster type, or other reference depending on AbilityOperation). Position confirmed from decompiled client ExtData schema.",Inferred,
9394,ExtData[2].Val1,1,1,1,AbilitySourceType: 1=Cast.,Confirmed,
9394,ExtData[2].Val2,1,1,6,AbilityOperation: 6=BuffGroupCount.,Confirmed,
9394,ExtData[2].Val3,1,1,1,AbilityCondition: 1=Equal.,Confirmed,
9394,ExtData[2].Val6,1,1,1120,"Operation-specific reference value (RequirementId child link, ability ID, monster type, or other reference depending on AbilityOperation). Position confirmed from decompiled client ExtData schema.",Inferred,
9394,ExtData[2].Val7,1,1,1,Operation-specific auxiliary parameter. Position confirmed from decompiled client ExtData schema.,Inferred,
9395,ExtData[0].Val1,1,1,1,AbilitySourceType: 1=Cast.,Confirmed,
9395,ExtData[0].Val2,1,1,3,AbilityOperation: 3=BuffGroupCounterSum.,Confirmed,
9395,ExtData[0].Val3,1,1,5,AbilityCondition: 5=GreaterThanEqual.,Confirmed,
9395,ExtData[0].Val4,1,1,8,AbilityLogicOperator: 8=And.,Confirmed,
9395,ExtData[0].Val6,1,1,445,"Operation-specific reference value (RequirementId child link, ability ID, monster type, or other reference depending on AbilityOperation). Position confirmed from decompiled client ExtData schema.",Inferred,
9395,ExtData[0].Val7,1,1,20,Operation-specific auxiliary parameter. Position confirmed from decompiled client ExtData schema.,Inferred,
9395,ExtData[1].Val1,1,1,1,AbilitySourceType: 1=Cast.,Confirmed,
9395,ExtData[1].Val2,1,1,6,AbilityOperation: 6=BuffGroupCount.,Confirmed,
9395,ExtData[1].Val3,1,1,1,AbilityCondition: 1=Equal.,Confirmed,
9395,ExtData[1].Val4,1,1,8,AbilityLogicOperator: 8=And.,Confirmed,
9395,ExtData[1].Val6,1,1,1119,"Operation-specific reference value (RequirementId child link, ability ID, monster type, or other reference depending on AbilityOperation). Position confirmed from decompiled client ExtData schema.",Inferred,
9395,ExtData[2].Val1,1,1,1,AbilitySourceType: 1=Cast.,Confirmed,
9395,ExtData[2].Val2,1,1,6,AbilityOperation: 6=BuffGroupCount.,Confirmed,
9395,ExtData[2].Val3,1,1,1,AbilityCondition: 1=Equal.,Confirmed,
9395,ExtData[2].Val6,1,1,1120,"Operation-specific reference value (RequirementId child link, ability ID, monster type, or other reference depending on AbilityOperation). Position confirmed from decompiled client ExtData schema.",Inferred,
9395,ExtData[2].Val7,1,1,1,Operation-specific auxiliary parameter. Position confirmed from decompiled client ExtData schema.,Inferred,
9396,ExtData[0].Val1,1,1,1,AbilitySourceType: 1=Cast.,Confirmed,
9396,ExtData[0].Val2,1,1,3,AbilityOperation: 3=BuffGroupCounterSum.,Confirmed,
9396,ExtData[0].Val3,1,1,5,AbilityCondition: 5=GreaterThanEqual.,Confirmed,
9396,ExtData[0].Val4,1,1,8,AbilityLogicOperator: 8=And.,Confirmed,
9396,ExtData[0].Val6,1,1,445,"Operation-specific reference value (RequirementId child link, ability ID, monster type, or other reference depending on AbilityOperation). Position confirmed from decompiled client ExtData schema.",Inferred,
9396,ExtData[0].Val7,1,1,15,Operation-specific auxiliary parameter. Position confirmed from decompiled client ExtData schema.,Inferred,
9396,ExtData[1].Val1,1,1,1,AbilitySourceType: 1=Cast.,Confirmed,
9396,ExtData[1].Val2,1,1,6,AbilityOperation: 6=BuffGroupCount.,Confirmed,
9396,ExtData[1].Val3,1,1,1,AbilityCondition: 1=Equal.,Confirmed,
9396,ExtData[1].Val4,1,1,8,AbilityLogicOperator: 8=And.,Confirmed,
9396,ExtData[1].Val6,1,1,1119,"Operation-specific reference value (RequirementId child link, ability ID, monster type, or other reference depending on AbilityOperation). Position confirmed from decompiled client ExtData schema.",Inferred,
9396,ExtData[1].Val7,1,1,1,Operation-specific auxiliary parameter. Position confirmed from decompiled client ExtData schema.,Inferred,
9396,ExtData[2].Val1,1,1,1,AbilitySourceType: 1=Cast.,Confirmed,
9396,ExtData[2].Val2,1,1,6,AbilityOperation: 6=BuffGroupCount.,Confirmed,
9396,ExtData[2].Val3,1,1,1,AbilityCondition: 1=Equal.,Confirmed,
9396,ExtData[2].Val6,1,1,1120,"Operation-specific reference value (RequirementId child link, ability ID, monster type, or other reference depending on AbilityOperation). Position confirmed from decompiled client ExtData schema.",Inferred,
9396,ExtData[2].Val7,1,1,1,Operation-specific auxiliary parameter. Position confirmed from decompiled client ExtData schema.,Inferred,
9397,ExtData[0].Val1,1,1,1,AbilitySourceType: 1=Cast.,Confirmed,
9397,ExtData[0].Val2,1,1,3,AbilityOperation: 3=BuffGroupCounterSum.,Confirmed,
9397,ExtData[0].Val3,1,1,5,AbilityCondition: 5=GreaterThanEqual.,Confirmed,
9397,ExtData[0].Val4,1,1,8,AbilityLogicOperator: 8=And.,Confirmed,
9397,ExtData[0].Val6,1,1,445,"Operation-specific reference value (RequirementId child link, ability ID, monster type, or other reference depending on AbilityOperation). Position confirmed from decompiled client ExtData schema.",Inferred,
9397,ExtData[1].Val1,1,1,1,AbilitySourceType: 1=Cast.,Confirmed,
9397,ExtData[1].Val2,1,1,6,AbilityOperation: 6=BuffGroupCount.,Confirmed,
9397,ExtData[1].Val3,1,1,1,AbilityCondition: 1=Equal.,Confirmed,
9397,ExtData[1].Val4,1,1,8,AbilityLogicOperator: 8=And.,Confirmed,
9397,ExtData[1].Val6,1,1,1119,"Operation-specific reference value (RequirementId child link, ability ID, monster type, or other reference depending on AbilityOperation). Position confirmed from decompiled client ExtData schema.",Inferred,
9397,ExtData[1].Val7,1,1,1,Operation-specific auxiliary parameter. Position confirmed from decompiled client ExtData schema.,Inferred,
9397,ExtData[2].Val1,1,1,1,AbilitySourceType: 1=Cast.,Confirmed,
9397,ExtData[2].Val2,1,1,6,AbilityOperation: 6=BuffGroupCount.,Confirmed,
9397,ExtData[2].Val3,1,1,1,AbilityCondition: 1=Equal.,Confirmed,
9397,ExtData[2].Val6,1,1,1120,"Operation-specific reference value (RequirementId child link, ability ID, monster type, or other reference depending on AbilityOperation). Position confirmed from decompiled client ExtData schema.",Inferred,
9397,ExtData[2].Val7,1,1,1,Operation-specific auxiliary parameter. Position confirmed from decompiled client ExtData schema.,Inferred,
9398,ExtData[0].Val1,1,1,1,AbilitySourceType: 1=Cast.,Confirmed,
9398,ExtData[0].Val2,1,1,3,AbilityOperation: 3=BuffGroupCounterSum.,Confirmed,
9398,ExtData[0].Val3,1,1,5,AbilityCondition: 5=GreaterThanEqual.,Confirmed,
9398,ExtData[0].Val4,1,1,8,AbilityLogicOperator: 8=And.,Confirmed,
9398,ExtData[0].Val6,1,1,445,"Operation-specific reference value (RequirementId child link, ability ID, monster type, or other reference depending on AbilityOperation). Position confirmed from decompiled client ExtData schema.",Inferred,
9398,ExtData[0].Val7,1,1,15,Operation-specific auxiliary parameter. Position confirmed from decompiled client ExtData schema.,Inferred,
9398,ExtData[1].Val1,1,1,1,AbilitySourceType: 1=Cast.,Confirmed,
9398,ExtData[1].Val2,1,1,6,AbilityOperation: 6=BuffGroupCount.,Confirmed,
9398,ExtData[1].Val3,1,1,1,AbilityCondition: 1=Equal.,Confirmed,
9398,ExtData[1].Val4,1,1,8,AbilityLogicOperator: 8=And.,Confirmed,
9398,ExtData[1].Val6,1,1,1119,"Operation-specific reference value (RequirementId child link, ability ID, monster type, or other reference depending on AbilityOperation). Position confirmed from decompiled client ExtData schema.",Inferred,
9398,ExtData[1].Val7,1,1,1,Operation-specific auxiliary parameter. Position confirmed from decompiled client ExtData schema.,Inferred,
9398,ExtData[2].Val1,1,1,1,AbilitySourceType: 1=Cast.,Confirmed,
9398,ExtData[2].Val2,1,1,6,AbilityOperation: 6=BuffGroupCount.,Confirmed,
9398,ExtData[2].Val3,1,1,1,AbilityCondition: 1=Equal.,Confirmed,
9398,ExtData[2].Val6,1,1,1120,"Operation-specific reference value (RequirementId child link, ability ID, monster type, or other reference depending on AbilityOperation). Position confirmed from decompiled client ExtData schema.",Inferred,
9398,ExtData[2].Val7,1,1,1,Operation-specific auxiliary parameter. Position confirmed from decompiled client ExtData schema.,Inferred,
9399,ExtData[0].Val1,1,1,1,AbilitySourceType: 1=Cast.,Confirmed,
9399,ExtData[0].Val2,1,1,6,AbilityOperation: 6=BuffGroupCount.,Confirmed,
9399,ExtData[0].Val3,1,1,1,AbilityCondition: 1=Equal.,Confirmed,
9399,ExtData[0].Val4,1,1,8,AbilityLogicOperator: 8=And.,Confirmed,
9399,ExtData[0].Val6,1,1,1119,"Operation-specific reference value (RequirementId child link, ability ID, monster type, or other reference depending on AbilityOperation). Position confirmed from decompiled client ExtData schema.",Inferred,
9399,ExtData[1].Val1,1,1,1,AbilitySourceType: 1=Cast.,Confirmed,
9399,ExtData[1].Val2,1,1,6,AbilityOperation: 6=BuffGroupCount.,Confirmed,
9399,ExtData[1].Val3,1,1,1,AbilityCondition: 1=Equal.,Confirmed,
9399,ExtData[1].Val6,1,1,1120,"Operation-specific reference value (RequirementId child link, ability ID, monster type, or other reference depending on AbilityOperation). Position confirmed from decompiled client ExtData schema.",Inferred,
9400,ExtData[0].Val1,1,1,1,AbilitySourceType: 1=Cast.,Confirmed,
9400,ExtData[0].Val2,1,1,6,AbilityOperation: 6=BuffGroupCount.,Confirmed,
9400,ExtData[0].Val3,1,1,1,AbilityCondition: 1=Equal.,Confirmed,
9400,ExtData[0].Val4,1,1,8,AbilityLogicOperator: 8=And.,Confirmed,
9400,ExtData[0].Val6,1,1,1119,"Operation-specific reference value (RequirementId child link, ability ID, monster type, or other reference depending on AbilityOperation). Position confirmed from decompiled client ExtData schema.",Inferred,
9400,ExtData[0].Val7,1,1,1,Operation-specific auxiliary parameter. Position confirmed from decompiled client ExtData schema.,Inferred,
9400,ExtData[1].Val1,1,1,1,AbilitySourceType: 1=Cast.,Confirmed,
9400,ExtData[1].Val2,1,1,6,AbilityOperation: 6=BuffGroupCount.,Confirmed,
9400,ExtData[1].Val3,1,1,1,AbilityCondition: 1=Equal.,Confirmed,
9400,ExtData[1].Val6,1,1,1120,"Operation-specific reference value (RequirementId child link, ability ID, monster type, or other reference depending on AbilityOperation). Position confirmed from decompiled client ExtData schema.",Inferred,
9401,ExtData[0].Val1,1,1,1,AbilitySourceType: 1=Cast.,Confirmed,
9401,ExtData[0].Val2,1,1,6,AbilityOperation: 6=BuffGroupCount.,Confirmed,
9401,ExtData[0].Val3,1,1,1,AbilityCondition: 1=Equal.,Confirmed,
9401,ExtData[0].Val4,1,1,8,AbilityLogicOperator: 8=And.,Confirmed,
9401,ExtData[0].Val6,1,1,1119,"Operation-specific reference value (RequirementId child link, ability ID, monster type, or other reference depending on AbilityOperation). Position confirmed from decompiled client ExtData schema.",Inferred,
9401,ExtData[1].Val1,1,1,1,AbilitySourceType: 1=Cast.,Confirmed,
9401,ExtData[1].Val2,1,1,6,AbilityOperation: 6=BuffGroupCount.,Confirmed,
9401,ExtData[1].Val3,1,1,1,AbilityCondition: 1=Equal.,Confirmed,
9401,ExtData[1].Val6,1,1,1120,"Operation-specific reference value (RequirementId child link, ability ID, monster type, or other reference depending on AbilityOperation). Position confirmed from decompiled client ExtData schema.",Inferred,
9401,ExtData[1].Val7,1,1,1,Operation-specific auxiliary parameter. Position confirmed from decompiled client ExtData schema.,Inferred,
9402,ExtData[0].Val1,1,1,1,AbilitySourceType: 1=Cast.,Confirmed,
9402,ExtData[0].Val2,1,1,6,AbilityOperation: 6=BuffGroupCount.,Confirmed,
9402,ExtData[0].Val3,1,1,1,AbilityCondition: 1=Equal.,Confirmed,
9402,ExtData[0].Val4,1,1,8,AbilityLogicOperator: 8=And.,Confirmed,
9402,ExtData[0].Val6,1,1,1119,"Operation-specific reference value (RequirementId child link, ability ID, monster type, or other reference depending on AbilityOperation). Position confirmed from decompiled client ExtData schema.",Inferred,
9402,ExtData[0].Val7,1,1,1,Operation-specific auxiliary parameter. Position confirmed from decompiled client ExtData schema.,Inferred,
9402,ExtData[1].Val1,1,1,1,AbilitySourceType: 1=Cast.,Confirmed,
9402,ExtData[1].Val2,1,1,6,AbilityOperation: 6=BuffGroupCount.,Confirmed,
9402,ExtData[1].Val3,1,1,1,AbilityCondition: 1=Equal.,Confirmed,
9402,ExtData[1].Val6,1,1,1120,"Operation-specific reference value (RequirementId child link, ability ID, monster type, or other reference depending on AbilityOperation). Position confirmed from decompiled client ExtData schema.",Inferred,
9402,ExtData[1].Val7,1,1,1,Operation-specific auxiliary parameter. Position confirmed from decompiled client ExtData schema.,Inferred,
9403,ExtData[0].Val1,1,1,1,AbilitySourceType: 1=Cast.,Confirmed,
9403,ExtData[0].Val2,1,1,17,AbilityOperation: 17=PreviousComponentActivated.,Confirmed,
9403,ExtData[0].Val3,1,1,6,AbilityCondition: 6=LessThan.,Confirmed,
9403,ExtData[0].Val4,1,1,9,AbilityLogicOperator: 9=Or.,Confirmed,
9403,ExtData[0].Val6,1,1,1,"Operation-specific reference value (RequirementId child link, ability ID, monster type, or other reference depending on AbilityOperation). Position confirmed from decompiled client ExtData schema.",Inferred,
9403,ExtData[1].Val1,1,1,1,AbilitySourceType: 1=Cast.,Confirmed,
9403,ExtData[1].Val2,1,1,17,AbilityOperation: 17=PreviousComponentActivated.,Confirmed,
9403,ExtData[1].Val3,1,1,6,AbilityCondition: 6=LessThan.,Confirmed,
9403,ExtData[1].Val4,1,1,9,AbilityLogicOperator: 9=Or.,Confirmed,
9403,ExtData[1].Val6,1,1,2,"Operation-specific reference value (RequirementId child link, ability ID, monster type, or other reference depending on AbilityOperation). Position confirmed from decompiled client ExtData schema.",Inferred,
9403,ExtData[2].Val1,1,1,1,AbilitySourceType: 1=Cast.,Confirmed,
9403,ExtData[2].Val2,1,1,17,AbilityOperation: 17=PreviousComponentActivated.,Confirmed,
9403,ExtData[2].Val3,1,1,6,AbilityCondition: 6=LessThan.,Confirmed,
9403,ExtData[2].Val4,1,1,9,AbilityLogicOperator: 9=Or.,Confirmed,
9403,ExtData[2].Val6,1,1,3,"Operation-specific reference value (RequirementId child link, ability ID, monster type, or other reference depending on AbilityOperation). Position confirmed from decompiled client ExtData schema.",Inferred,
9403,ExtData[3].Val1,1,1,1,AbilitySourceType: 1=Cast.,Confirmed,
9403,ExtData[3].Val2,1,1,17,AbilityOperation: 17=PreviousComponentActivated.,Confirmed,
9403,ExtData[3].Val3,1,1,6,AbilityCondition: 6=LessThan.,Confirmed,
9403,ExtData[3].Val4,1,1,9,AbilityLogicOperator: 9=Or.,Confirmed,
9403,ExtData[3].Val6,1,1,4,"Operation-specific reference value (RequirementId child link, ability ID, monster type, or other reference depending on AbilityOperation). Position confirmed from decompiled client ExtData schema.",Inferred,
9403,ExtData[4].Val1,1,1,1,AbilitySourceType: 1=Cast.,Confirmed,
9403,ExtData[4].Val2,1,1,17,AbilityOperation: 17=PreviousComponentActivated.,Confirmed,
9403,ExtData[4].Val3,1,1,6,AbilityCondition: 6=LessThan.,Confirmed,
9403,ExtData[4].Val4,1,1,9,AbilityLogicOperator: 9=Or.,Confirmed,
9403,ExtData[4].Val6,1,1,5,"Operation-specific reference value (RequirementId child link, ability ID, monster type, or other reference depending on AbilityOperation). Position confirmed from decompiled client ExtData schema.",Inferred,
9403,ExtData[5].Val1,1,1,1,AbilitySourceType: 1=Cast.,Confirmed,
9403,ExtData[5].Val2,1,1,17,AbilityOperation: 17=PreviousComponentActivated.,Confirmed,
9403,ExtData[5].Val3,1,1,6,AbilityCondition: 6=LessThan.,Confirmed,
9403,ExtData[5].Val4,1,1,9,AbilityLogicOperator: 9=Or.,Confirmed,
9403,ExtData[5].Val6,1,1,6,"Operation-specific reference value (RequirementId child link, ability ID, monster type, or other reference depending on AbilityOperation). Position confirmed from decompiled client ExtData schema.",Inferred,
9404,ExtData[0].Val1,1,1,1,AbilitySourceType: 1=Cast.,Confirmed,
9404,ExtData[0].Val2,1,1,3,AbilityOperation: 3=BuffGroupCounterSum.,Confirmed,
9404,ExtData[0].Val3,1,1,5,AbilityCondition: 5=GreaterThanEqual.,Confirmed,
9404,ExtData[0].Val4,1,1,8,AbilityLogicOperator: 8=And.,Confirmed,
9404,ExtData[0].Val5,1,1,3,Operation-specific threshold or comparison value (semantics depend on AbilityOperation). Position confirmed from decompiled client ExtData schema.,Inferred,
9404,ExtData[0].Val6,1,1,1125,"Operation-specific reference value (RequirementId child link, ability ID, monster type, or other reference depending on AbilityOperation). Position confirmed from decompiled client ExtData schema.",Inferred,
9404,ExtData[0].Val7,1,1,25,Operation-specific auxiliary parameter. Position confirmed from decompiled client ExtData schema.,Inferred,
9404,ExtData[1].Val1,1,1,1,AbilitySourceType: 1=Cast.,Confirmed,
9404,ExtData[1].Val2,1,1,3,AbilityOperation: 3=BuffGroupCounterSum.,Confirmed,
9404,ExtData[1].Val3,1,1,4,AbilityCondition: 4=LessThanEqual.,Confirmed,
9404,ExtData[1].Val4,1,1,8,AbilityLogicOperator: 8=And.,Confirmed,
9404,ExtData[1].Val5,1,1,3,Operation-specific threshold or comparison value (semantics depend on AbilityOperation). Position confirmed from decompiled client ExtData schema.,Inferred,
9404,ExtData[1].Val6,1,1,1125,"Operation-specific reference value (RequirementId child link, ability ID, monster type, or other reference depending on AbilityOperation). Position confirmed from decompiled client ExtData schema.",Inferred,
9404,ExtData[1].Val7,1,1,74,Operation-specific auxiliary parameter. Position confirmed from decompiled client ExtData schema.,Inferred,
9404,ExtData[2].Val1,1,1,1,AbilitySourceType: 1=Cast.,Confirmed,
9404,ExtData[2].Val2,1,1,8,AbilityOperation: 8=GetGroupOnAbilityUsed.,Confirmed,
9404,ExtData[2].Val3,1,1,6,AbilityCondition: 6=LessThan.,Confirmed,
9404,ExtData[2].Val5,1,1,3,Operation-specific threshold or comparison value (semantics depend on AbilityOperation). Position confirmed from decompiled client ExtData schema.,Inferred,
9404,ExtData[2].Val6,1,1,1131,"Operation-specific reference value (RequirementId child link, ability ID, monster type, or other reference depending on AbilityOperation). Position confirmed from decompiled client ExtData schema.",Inferred,
9405,ExtData[0].Val1,1,1,1,AbilitySourceType: 1=Cast.,Confirmed,
9405,ExtData[0].Val2,1,1,8,AbilityOperation: 8=GetGroupOnAbilityUsed.,Confirmed,
9405,ExtData[0].Val3,1,1,6,AbilityCondition: 6=LessThan.,Confirmed,
9405,ExtData[0].Val4,1,1,8,AbilityLogicOperator: 8=And.,Confirmed,
9405,ExtData[0].Val6,1,1,1127,"Operation-specific reference value (RequirementId child link, ability ID, monster type, or other reference depending on AbilityOperation). Position confirmed from decompiled client ExtData schema.",Inferred,
9405,ExtData[1].Val1,1,1,1,AbilitySourceType: 1=Cast.,Confirmed,
9405,ExtData[1].Val2,1,1,11,AbilityOperation: 11=TargetActivatedComponent.,Confirmed,
9405,ExtData[1].Val3,1,1,1,AbilityCondition: 1=Equal.,Confirmed,
9405,ExtData[1].Val5,1,1,3,Operation-specific threshold or comparison value (semantics depend on AbilityOperation). Position confirmed from decompiled client ExtData schema.,Inferred,
9405,ExtData[1].Val7,1,1,1,Operation-specific auxiliary parameter. Position confirmed from decompiled client ExtData schema.,Inferred,
9406,ExtData[0].Val1,1,1,1,AbilitySourceType: 1=Cast.,Confirmed,
9406,ExtData[0].Val2,1,1,3,AbilityOperation: 3=BuffGroupCounterSum.,Confirmed,
9406,ExtData[0].Val3,1,1,5,AbilityCondition: 5=GreaterThanEqual.,Confirmed,
9406,ExtData[0].Val4,1,1,8,AbilityLogicOperator: 8=And.,Confirmed,
9406,ExtData[0].Val5,1,1,3,Operation-specific threshold or comparison value (semantics depend on AbilityOperation). Position confirmed from decompiled client ExtData schema.,Inferred,
9406,ExtData[0].Val6,1,1,1151,"Operation-specific reference value (RequirementId child link, ability ID, monster type, or other reference depending on AbilityOperation). Position confirmed from decompiled client ExtData schema.",Inferred,
9406,ExtData[0].Val7,1,1,25,Operation-specific auxiliary parameter. Position confirmed from decompiled client ExtData schema.,Inferred,
9406,ExtData[1].Val1,1,1,1,AbilitySourceType: 1=Cast.,Confirmed,
9406,ExtData[1].Val2,1,1,3,AbilityOperation: 3=BuffGroupCounterSum.,Confirmed,
9406,ExtData[1].Val3,1,1,4,AbilityCondition: 4=LessThanEqual.,Confirmed,
9406,ExtData[1].Val4,1,1,8,AbilityLogicOperator: 8=And.,Confirmed,
9406,ExtData[1].Val5,1,1,3,Operation-specific threshold or comparison value (semantics depend on AbilityOperation). Position confirmed from decompiled client ExtData schema.,Inferred,
9406,ExtData[1].Val6,1,1,1151,"Operation-specific reference value (RequirementId child link, ability ID, monster type, or other reference depending on AbilityOperation). Position confirmed from decompiled client ExtData schema.",Inferred,
9406,ExtData[1].Val7,1,1,74,Operation-specific auxiliary parameter. Position confirmed from decompiled client ExtData schema.,Inferred,
9406,ExtData[2].Val1,1,1,1,AbilitySourceType: 1=Cast.,Confirmed,
9406,ExtData[2].Val2,1,1,8,AbilityOperation: 8=GetGroupOnAbilityUsed.,Confirmed,
9406,ExtData[2].Val3,1,1,6,AbilityCondition: 6=LessThan.,Confirmed,
9406,ExtData[2].Val5,1,1,3,Operation-specific threshold or comparison value (semantics depend on AbilityOperation). Position confirmed from decompiled client ExtData schema.,Inferred,
9406,ExtData[2].Val6,1,1,1150,"Operation-specific reference value (RequirementId child link, ability ID, monster type, or other reference depending on AbilityOperation). Position confirmed from decompiled client ExtData schema.",Inferred,
9407,ExtData[0].Val1,1,1,1,AbilitySourceType: 1=Cast.,Confirmed,
9407,ExtData[0].Val2,1,1,17,AbilityOperation: 17=PreviousComponentActivated.,Confirmed,
9407,ExtData[0].Val3,1,1,1,AbilityCondition: 1=Equal.,Confirmed,
9407,ExtData[0].Val4,1,1,9,AbilityLogicOperator: 9=Or.,Confirmed,
9407,ExtData[0].Val7,1,1,1,Operation-specific auxiliary parameter. Position confirmed from decompiled client ExtData schema.,Inferred,
9407,ExtData[1].Val1,1,1,1,AbilitySourceType: 1=Cast.,Confirmed,
9407,ExtData[1].Val2,1,1,17,AbilityOperation: 17=PreviousComponentActivated.,Confirmed,
9407,ExtData[1].Val3,1,1,1,AbilityCondition: 1=Equal.,Confirmed,
9407,ExtData[1].Val4,1,1,9,AbilityLogicOperator: 9=Or.,Confirmed,
9407,ExtData[1].Val6,1,1,1,"Operation-specific reference value (RequirementId child link, ability ID, monster type, or other reference depending on AbilityOperation). Position confirmed from decompiled client ExtData schema.",Inferred,
9407,ExtData[1].Val7,1,1,1,Operation-specific auxiliary parameter. Position confirmed from decompiled client ExtData schema.,Inferred,
9407,ExtData[2].Val1,1,1,1,AbilitySourceType: 1=Cast.,Confirmed,
9407,ExtData[2].Val2,1,1,17,AbilityOperation: 17=PreviousComponentActivated.,Confirmed,
9407,ExtData[2].Val3,1,1,1,AbilityCondition: 1=Equal.,Confirmed,
9407,ExtData[2].Val4,1,1,9,AbilityLogicOperator: 9=Or.,Confirmed,
9407,ExtData[2].Val6,1,1,2,"Operation-specific reference value (RequirementId child link, ability ID, monster type, or other reference depending on AbilityOperation). Position confirmed from decompiled client ExtData schema.",Inferred,
9407,ExtData[2].Val7,1,1,1,Operation-specific auxiliary parameter. Position confirmed from decompiled client ExtData schema.,Inferred,
9407,ExtData[3].Val1,1,1,1,AbilitySourceType: 1=Cast.,Confirmed,
9407,ExtData[3].Val2,1,1,17,AbilityOperation: 17=PreviousComponentActivated.,Confirmed,
9407,ExtData[3].Val3,1,1,1,AbilityCondition: 1=Equal.,Confirmed,
9407,ExtData[3].Val4,1,1,9,AbilityLogicOperator: 9=Or.,Confirmed,
9407,ExtData[3].Val6,1,1,3,"Operation-specific reference value (RequirementId child link, ability ID, monster type, or other reference depending on AbilityOperation). Position confirmed from decompiled client ExtData schema.",Inferred,
9407,ExtData[3].Val7,1,1,1,Operation-specific auxiliary parameter. Position confirmed from decompiled client ExtData schema.,Inferred,
9407,ExtData[4].Val1,1,1,1,AbilitySourceType: 1=Cast.,Confirmed,
9407,ExtData[4].Val2,1,1,17,AbilityOperation: 17=PreviousComponentActivated.,Confirmed,
9407,ExtData[4].Val3,1,1,1,AbilityCondition: 1=Equal.,Confirmed,
9407,ExtData[4].Val4,1,1,9,AbilityLogicOperator: 9=Or.,Confirmed,
9407,ExtData[4].Val6,1,1,4,"Operation-specific reference value (RequirementId child link, ability ID, monster type, or other reference depending on AbilityOperation). Position confirmed from decompiled client ExtData schema.",Inferred,
9407,ExtData[4].Val7,1,1,1,Operation-specific auxiliary parameter. Position confirmed from decompiled client ExtData schema.,Inferred,
9407,ExtData[5].Val1,1,1,1,AbilitySourceType: 1=Cast.,Confirmed,
9407,ExtData[5].Val2,1,1,17,AbilityOperation: 17=PreviousComponentActivated.,Confirmed,
9407,ExtData[5].Val3,1,1,1,AbilityCondition: 1=Equal.,Confirmed,
9407,ExtData[5].Val6,1,1,5,"Operation-specific reference value (RequirementId child link, ability ID, monster type, or other reference depending on AbilityOperation). Position confirmed from decompiled client ExtData schema.",Inferred,
9407,ExtData[5].Val7,1,1,1,Operation-specific auxiliary parameter. Position confirmed from decompiled client ExtData schema.,Inferred,
9408,ExtData[0].Val1,1,1,1,AbilitySourceType: 1=Cast.,Confirmed,
9408,ExtData[0].Val2,1,1,24,AbilityOperation: 24=MasteryPath.,Confirmed,
9408,ExtData[0].Val3,1,1,1,AbilityCondition: 1=Equal.,Confirmed,
9408,ExtData[0].Val4,1,1,8,AbilityLogicOperator: 8=And.,Confirmed,
9408,ExtData[0].Val5,1,1,3,Operation-specific threshold or comparison value (semantics depend on AbilityOperation). Position confirmed from decompiled client ExtData schema.,Inferred,
9408,ExtData[0].Val7,1,1,1,Operation-specific auxiliary parameter. Position confirmed from decompiled client ExtData schema.,Inferred,
9408,ExtData[1].Val1,1,1,1,AbilitySourceType: 1=Cast.,Confirmed,
9408,ExtData[1].Val2,1,1,6,AbilityOperation: 6=BuffGroupCount.,Confirmed,
9408,ExtData[1].Val3,1,1,6,AbilityCondition: 6=LessThan.,Confirmed,
9408,ExtData[1].Val4,1,1,8,AbilityLogicOperator: 8=And.,Confirmed,
9408,ExtData[1].Val5,1,1,3,Operation-specific threshold or comparison value (semantics depend on AbilityOperation). Position confirmed from decompiled client ExtData schema.,Inferred,
9408,ExtData[1].Val6,1,1,1142,"Operation-specific reference value (RequirementId child link, ability ID, monster type, or other reference depending on AbilityOperation). Position confirmed from decompiled client ExtData schema.",Inferred,
9408,ExtData[2].Val1,1,1,1,AbilitySourceType: 1=Cast.,Confirmed,
9408,ExtData[2].Val2,1,1,8,AbilityOperation: 8=GetGroupOnAbilityUsed.,Confirmed,
9408,ExtData[2].Val3,1,1,1,AbilityCondition: 1=Equal.,Confirmed,
9408,ExtData[2].Val5,1,1,3,Operation-specific threshold or comparison value (semantics depend on AbilityOperation). Position confirmed from decompiled client ExtData schema.,Inferred,
9408,ExtData[2].Val6,1,1,1131,"Operation-specific reference value (RequirementId child link, ability ID, monster type, or other reference depending on AbilityOperation). Position confirmed from decompiled client ExtData schema.",Inferred,
9408,ExtData[2].Val7,1,1,1,Operation-specific auxiliary parameter. Position confirmed from decompiled client ExtData schema.,Inferred,
9409,ExtData[0].Val1,1,1,1,AbilitySourceType: 1=Cast.,Confirmed,
9409,ExtData[0].Val2,1,1,8,AbilityOperation: 8=GetGroupOnAbilityUsed.,Confirmed,
9409,ExtData[0].Val3,1,1,6,AbilityCondition: 6=LessThan.,Confirmed,
9409,ExtData[0].Val4,1,1,9,AbilityLogicOperator: 9=Or.,Confirmed,
9409,ExtData[0].Val6,1,1,1030,"Operation-specific reference value (RequirementId child link, ability ID, monster type, or other reference depending on AbilityOperation). Position confirmed from decompiled client ExtData schema.",Inferred,
9409,ExtData[1].Val1,1,1,1,AbilitySourceType: 1=Cast.,Confirmed,
9409,ExtData[1].Val2,1,1,8,AbilityOperation: 8=GetGroupOnAbilityUsed.,Confirmed,
9409,ExtData[1].Val3,1,1,6,AbilityCondition: 6=LessThan.,Confirmed,
9409,ExtData[1].Val4,1,1,9,AbilityLogicOperator: 9=Or.,Confirmed,
9409,ExtData[1].Val6,1,1,1018,"Operation-specific reference value (RequirementId child link, ability ID, monster type, or other reference depending on AbilityOperation). Position confirmed from decompiled client ExtData schema.",Inferred,
9409,ExtData[2].Val1,1,1,1,AbilitySourceType: 1=Cast.,Confirmed,
9409,ExtData[2].Val2,1,1,8,AbilityOperation: 8=GetGroupOnAbilityUsed.,Confirmed,
9409,ExtData[2].Val3,1,1,6,AbilityCondition: 6=LessThan.,Confirmed,
9409,ExtData[2].Val4,1,1,9,AbilityLogicOperator: 9=Or.,Confirmed,
9409,ExtData[2].Val6,1,1,1011,"Operation-specific reference value (RequirementId child link, ability ID, monster type, or other reference depending on AbilityOperation). Position confirmed from decompiled client ExtData schema.",Inferred,
9409,ExtData[3].Val1,1,1,1,AbilitySourceType: 1=Cast.,Confirmed,
9409,ExtData[3].Val2,1,1,8,AbilityOperation: 8=GetGroupOnAbilityUsed.,Confirmed,
9409,ExtData[3].Val3,1,1,6,AbilityCondition: 6=LessThan.,Confirmed,
9409,ExtData[3].Val4,1,1,9,AbilityLogicOperator: 9=Or.,Confirmed,
9409,ExtData[3].Val6,1,1,1015,"Operation-specific reference value (RequirementId child link, ability ID, monster type, or other reference depending on AbilityOperation). Position confirmed from decompiled client ExtData schema.",Inferred,
9409,ExtData[4].Val1,1,1,1,AbilitySourceType: 1=Cast.,Confirmed,
9409,ExtData[4].Val2,1,1,52,AbilityOperation: 52=TargetBuildTimesChanged.,Confirmed,
9409,ExtData[4].Val3,1,1,1,AbilityCondition: 1=Equal.,Confirmed,
9409,ExtData[4].Val4,1,1,8,AbilityLogicOperator: 8=And.,Confirmed,
9409,ExtData[4].Val7,1,1,1,Operation-specific auxiliary parameter. Position confirmed from decompiled client ExtData schema.,Inferred,
9410,ExtData[0].Val1,1,1,1,AbilitySourceType: 1=Cast.,Confirmed,
9410,ExtData[0].Val2,1,1,6,AbilityOperation: 6=BuffGroupCount.,Confirmed,
9410,ExtData[0].Val3,1,1,6,AbilityCondition: 6=LessThan.,Confirmed,
9410,ExtData[0].Val4,1,1,9,AbilityLogicOperator: 9=Or.,Confirmed,
9410,ExtData[0].Val6,1,1,1019,"Operation-specific reference value (RequirementId child link, ability ID, monster type, or other reference depending on AbilityOperation). Position confirmed from decompiled client ExtData schema.",Inferred,
9410,ExtData[1].Val1,1,1,1,AbilitySourceType: 1=Cast.,Confirmed,
9410,ExtData[1].Val2,1,1,6,AbilityOperation: 6=BuffGroupCount.,Confirmed,
9410,ExtData[1].Val3,1,1,6,AbilityCondition: 6=LessThan.,Confirmed,
9410,ExtData[1].Val4,1,1,9,AbilityLogicOperator: 9=Or.,Confirmed,
9410,ExtData[1].Val6,1,1,1016,"Operation-specific reference value (RequirementId child link, ability ID, monster type, or other reference depending on AbilityOperation). Position confirmed from decompiled client ExtData schema.",Inferred,
9410,ExtData[2].Val1,1,1,1,AbilitySourceType: 1=Cast.,Confirmed,
9410,ExtData[2].Val2,1,1,6,AbilityOperation: 6=BuffGroupCount.,Confirmed,
9410,ExtData[2].Val3,1,1,6,AbilityCondition: 6=LessThan.,Confirmed,
9410,ExtData[2].Val4,1,1,9,AbilityLogicOperator: 9=Or.,Confirmed,
9410,ExtData[2].Val6,1,1,1011,"Operation-specific reference value (RequirementId child link, ability ID, monster type, or other reference depending on AbilityOperation). Position confirmed from decompiled client ExtData schema.",Inferred,
9410,ExtData[3].Val1,1,1,1,AbilitySourceType: 1=Cast.,Confirmed,
9410,ExtData[3].Val2,1,1,6,AbilityOperation: 6=BuffGroupCount.,Confirmed,
9410,ExtData[3].Val3,1,1,6,AbilityCondition: 6=LessThan.,Confirmed,
9410,ExtData[3].Val6,1,1,1018,"Operation-specific reference value (RequirementId child link, ability ID, monster type, or other reference depending on AbilityOperation). Position confirmed from decompiled client ExtData schema.",Inferred,
9411,ExtData[0].Val1,1,1,1,AbilitySourceType: 1=Cast.,Confirmed,
9411,ExtData[0].Val2,1,1,3,AbilityOperation: 3=BuffGroupCounterSum.,Confirmed,
9411,ExtData[0].Val3,1,1,5,AbilityCondition: 5=GreaterThanEqual.,Confirmed,
9411,ExtData[0].Val4,1,1,8,AbilityLogicOperator: 8=And.,Confirmed,
9411,ExtData[0].Val5,1,1,3,Operation-specific threshold or comparison value (semantics depend on AbilityOperation). Position confirmed from decompiled client ExtData schema.,Inferred,
9411,ExtData[0].Val6,1,1,1125,"Operation-specific reference value (RequirementId child link, ability ID, monster type, or other reference depending on AbilityOperation). Position confirmed from decompiled client ExtData schema.",Inferred,
9411,ExtData[0].Val7,1,1,25,Operation-specific auxiliary parameter. Position confirmed from decompiled client ExtData schema.,Inferred,
9411,ExtData[1].Val1,1,1,1,AbilitySourceType: 1=Cast.,Confirmed,
9411,ExtData[1].Val2,1,1,3,AbilityOperation: 3=BuffGroupCounterSum.,Confirmed,
9411,ExtData[1].Val3,1,1,4,AbilityCondition: 4=LessThanEqual.,Confirmed,
9411,ExtData[1].Val5,1,1,3,Operation-specific threshold or comparison value (semantics depend on AbilityOperation). Position confirmed from decompiled client ExtData schema.,Inferred,
9411,ExtData[1].Val6,1,1,1125,"Operation-specific reference value (RequirementId child link, ability ID, monster type, or other reference depending on AbilityOperation). Position confirmed from decompiled client ExtData schema.",Inferred,
9411,ExtData[1].Val7,1,1,74,Operation-specific auxiliary parameter. Position confirmed from decompiled client ExtData schema.,Inferred,
9412,ExtData[0].Val1,1,1,1,AbilitySourceType: 1=Cast.,Confirmed,
9412,ExtData[0].Val2,1,1,8,AbilityOperation: 8=GetGroupOnAbilityUsed.,Confirmed,
9412,ExtData[0].Val3,1,1,1,AbilityCondition: 1=Equal.,Confirmed,
9412,ExtData[0].Val4,1,1,8,AbilityLogicOperator: 8=And.,Confirmed,
9412,ExtData[0].Val6,1,1,1187,"Operation-specific reference value (RequirementId child link, ability ID, monster type, or other reference depending on AbilityOperation). Position confirmed from decompiled client ExtData schema.",Inferred,
9412,ExtData[0].Val7,1,1,1,Operation-specific auxiliary parameter. Position confirmed from decompiled client ExtData schema.,Inferred,
9412,ExtData[1].Val1,1,1,1,AbilitySourceType: 1=Cast.,Confirmed,
9412,ExtData[1].Val2,1,1,11,AbilityOperation: 11=TargetActivatedComponent.,Confirmed,
9412,ExtData[1].Val3,1,1,1,AbilityCondition: 1=Equal.,Confirmed,
9412,ExtData[1].Val7,1,1,1,Operation-specific auxiliary parameter. Position confirmed from decompiled client ExtData schema.,Inferred,
9413,ExtData[0].Val1,1,1,1,AbilitySourceType: 1=Cast.,Confirmed,
9413,ExtData[0].Val2,1,1,23,AbilityOperation: 23=RequirmentGroupCheck2.,Confirmed,
9413,ExtData[0].Val3,1,1,1,AbilityCondition: 1=Equal.,Confirmed,
9413,ExtData[0].Val4,1,1,9,AbilityLogicOperator: 9=Or.,Confirmed,
9413,ExtData[0].Val6,1,1,9412,Every distinct observed value in this field matches a known RequirementId row.,Inferred,Example requirement ids: 9412.
9413,ExtData[0].Val7,1,1,1,Operation-specific auxiliary parameter. Position confirmed from decompiled client ExtData schema.,Inferred,
9413,ExtData[0].Val9,1,1,1,Binary flag byte. Position confirmed from decompiled client ExtData schema.,Inferred,
9413,ExtData[1].Val1,1,1,1,AbilitySourceType: 1=Cast.,Confirmed,
9413,ExtData[1].Val2,1,1,3,AbilityOperation: 3=BuffGroupCounterSum.,Confirmed,
9413,ExtData[1].Val3,1,1,1,AbilityCondition: 1=Equal.,Confirmed,
9413,ExtData[1].Val6,1,1,1187,"Operation-specific reference value (RequirementId child link, ability ID, monster type, or other reference depending on AbilityOperation). Position confirmed from decompiled client ExtData schema.",Inferred,
9413,ExtData[1].Val9,1,1,1,Binary flag byte. Position confirmed from decompiled client ExtData schema.,Inferred,
9414,ExtData[0].Val1,1,1,1,AbilitySourceType: 1=Cast.,Confirmed,
9414,ExtData[0].Val2,1,1,33,AbilityOperation: 33=Unk33.,Confirmed,
9414,ExtData[0].Val3,1,1,7,AbilityCondition: 7=GreaterThan.,Confirmed,
9414,ExtData[0].Val4,1,1,10,AbilityLogicOperator: 10=Unk10.,Confirmed,
9414,ExtData[0].Val6,1,1,9415,Every distinct observed value in this field matches a known RequirementId row.,Inferred,Example requirement ids: 9415.
9414,ExtData[0].Val9,1,1,1,Binary flag byte. Position confirmed from decompiled client ExtData schema.,Inferred,
9414,ExtData[1].Val1,1,1,1,AbilitySourceType: 1=Cast.,Confirmed,
9414,ExtData[1].Val2,1,1,33,AbilityOperation: 33=Unk33.,Confirmed,
9414,ExtData[1].Val3,1,1,7,AbilityCondition: 7=GreaterThan.,Confirmed,
9414,ExtData[1].Val6,1,1,9415,Every distinct observed value in this field matches a known RequirementId row.,Inferred,Example requirement ids: 9415.
9414,ExtData[1].Val8,1,1,1,Operation-specific auxiliary parameter. Position confirmed from decompiled client ExtData schema.,Inferred,
9414,ExtData[1].Val9,1,1,1,Binary flag byte. Position confirmed from decompiled client ExtData schema.,Inferred,
9415,ExtData[0].Val1,1,1,1,AbilitySourceType: 1=Cast.,Confirmed,
9415,ExtData[0].Val2,1,1,4,AbilityOperation: 4=Range.,Confirmed,
9415,ExtData[0].Val3,1,1,4,AbilityCondition: 4=LessThanEqual.,Confirmed,
9415,ExtData[0].Val4,1,1,8,AbilityLogicOperator: 8=And.,Confirmed,
9415,ExtData[0].Val7,1,1,240,Operation-specific auxiliary parameter. Position confirmed from decompiled client ExtData schema.,Inferred,
9415,ExtData[1].Val1,1,1,1,AbilitySourceType: 1=Cast.,Confirmed,
9415,ExtData[1].Val2,1,1,2,AbilityOperation: 2=EnemyTargeted.,Confirmed,
9415,ExtData[1].Val3,1,1,1,AbilityCondition: 1=Equal.,Confirmed,
9415,ExtData[1].Val4,1,1,8,AbilityLogicOperator: 8=And.,Confirmed,
9415,ExtData[1].Val7,1,1,1,Operation-specific auxiliary parameter. Position confirmed from decompiled client ExtData schema.,Inferred,
9415,ExtData[2].Val1,1,1,1,AbilitySourceType: 1=Cast.,Confirmed,
9415,ExtData[2].Val2,1,1,55,AbilityOperation: 55=TargetDead.,Confirmed,
9415,ExtData[2].Val3,1,1,1,AbilityCondition: 1=Equal.,Confirmed,
9416,ExtData[0].Val1,1,1,1,AbilitySourceType: 1=Cast.,Confirmed,
9416,ExtData[0].Val2,1,1,82,AbilityOperation: 82=LastAbilityResult.,Confirmed,
9416,ExtData[0].Val3,1,1,6,AbilityCondition: 6=LessThan.,Confirmed,
9416,ExtData[0].Val4,1,1,8,AbilityLogicOperator: 8=And.,Confirmed,
9416,ExtData[0].Val6,1,1,1,"Operation-specific reference value (RequirementId child link, ability ID, monster type, or other reference depending on AbilityOperation). Position confirmed from decompiled client ExtData schema.",Inferred,
9417,ExtData[0].Val1,1,1,1,AbilitySourceType: 1=Cast.,Confirmed,
9417,ExtData[0].Val2,1,1,3,AbilityOperation: 3=BuffGroupCounterSum.,Confirmed,
9417,ExtData[0].Val3,1,1,5,AbilityCondition: 5=GreaterThanEqual.,Confirmed,
9417,ExtData[0].Val4,1,1,8,AbilityLogicOperator: 8=And.,Confirmed,
9417,ExtData[0].Val6,1,1,1125,"Operation-specific reference value (RequirementId child link, ability ID, monster type, or other reference depending on AbilityOperation). Position confirmed from decompiled client ExtData schema.",Inferred,
9417,ExtData[0].Val7,1,1,25,Operation-specific auxiliary parameter. Position confirmed from decompiled client ExtData schema.,Inferred,
9417,ExtData[1].Val1,1,1,1,AbilitySourceType: 1=Cast.,Confirmed,
9417,ExtData[1].Val2,1,1,3,AbilityOperation: 3=BuffGroupCounterSum.,Confirmed,
9417,ExtData[1].Val3,1,1,4,AbilityCondition: 4=LessThanEqual.,Confirmed,
9417,ExtData[1].Val6,1,1,1125,"Operation-specific reference value (RequirementId child link, ability ID, monster type, or other reference depending on AbilityOperation). Position confirmed from decompiled client ExtData schema.",Inferred,
9417,ExtData[1].Val7,1,1,100,Operation-specific auxiliary parameter. Position confirmed from decompiled client ExtData schema.,Inferred,
9418,ExtData[0].Val1,1,1,1,AbilitySourceType: 1=Cast.,Confirmed,
9418,ExtData[0].Val2,1,1,10,AbilityOperation: 10=RequirmentGroupCheck.,Confirmed,
9418,ExtData[0].Val3,1,1,6,AbilityCondition: 6=LessThan.,Confirmed,
9418,ExtData[0].Val4,1,1,9,AbilityLogicOperator: 9=Or.,Confirmed,
9418,ExtData[0].Val6,1,1,9404,Every distinct observed value in this field matches a known RequirementId row.,Inferred,Example requirement ids: 9404.
9418,ExtData[1].Val1,1,1,1,AbilitySourceType: 1=Cast.,Confirmed,
9418,ExtData[1].Val2,1,1,10,AbilityOperation: 10=RequirmentGroupCheck.,Confirmed,
9418,ExtData[1].Val3,1,1,6,AbilityCondition: 6=LessThan.,Confirmed,
9418,ExtData[1].Val6,1,1,9408,Every distinct observed value in this field matches a known RequirementId row.,Inferred,Example requirement ids: 9408.
9419,ExtData[0].Val1,1,1,1,AbilitySourceType: 1=Cast.,Confirmed,
9419,ExtData[0].Val2,1,1,3,AbilityOperation: 3=BuffGroupCounterSum.,Confirmed,
9419,ExtData[0].Val3,1,1,5,AbilityCondition: 5=GreaterThanEqual.,Confirmed,
9419,ExtData[0].Val4,1,1,8,AbilityLogicOperator: 8=And.,Confirmed,
9419,ExtData[0].Val6,1,1,1151,"Operation-specific reference value (RequirementId child link, ability ID, monster type, or other reference depending on AbilityOperation). Position confirmed from decompiled client ExtData schema.",Inferred,
9419,ExtData[0].Val7,1,1,25,Operation-specific auxiliary parameter. Position confirmed from decompiled client ExtData schema.,Inferred,
9419,ExtData[1].Val1,1,1,1,AbilitySourceType: 1=Cast.,Confirmed,
9419,ExtData[1].Val2,1,1,3,AbilityOperation: 3=BuffGroupCounterSum.,Confirmed,
9419,ExtData[1].Val3,1,1,4,AbilityCondition: 4=LessThanEqual.,Confirmed,
9419,ExtData[1].Val6,1,1,1151,"Operation-specific reference value (RequirementId child link, ability ID, monster type, or other reference depending on AbilityOperation). Position confirmed from decompiled client ExtData schema.",Inferred,
9419,ExtData[1].Val7,1,1,100,Operation-specific auxiliary parameter. Position confirmed from decompiled client ExtData schema.,Inferred,
9420,ExtData[0].Val1,1,1,1,AbilitySourceType: 1=Cast.,Confirmed,
9420,ExtData[0].Val2,1,1,3,AbilityOperation: 3=BuffGroupCounterSum.,Confirmed,
9420,ExtData[0].Val3,1,1,5,AbilityCondition: 5=GreaterThanEqual.,Confirmed,
9420,ExtData[0].Val4,1,1,8,AbilityLogicOperator: 8=And.,Confirmed,
9420,ExtData[0].Val5,1,1,3,Operation-specific threshold or comparison value (semantics depend on AbilityOperation). Position confirmed from decompiled client ExtData schema.,Inferred,
9420,ExtData[0].Val6,1,1,1151,"Operation-specific reference value (RequirementId child link, ability ID, monster type, or other reference depending on AbilityOperation). Position confirmed from decompiled client ExtData schema.",Inferred,
9420,ExtData[0].Val7,1,1,25,Operation-specific auxiliary parameter. Position confirmed from decompiled client ExtData schema.,Inferred,
9420,ExtData[1].Val1,1,1,1,AbilitySourceType: 1=Cast.,Confirmed,
9420,ExtData[1].Val2,1,1,3,AbilityOperation: 3=BuffGroupCounterSum.,Confirmed,
9420,ExtData[1].Val3,1,1,4,AbilityCondition: 4=LessThanEqual.,Confirmed,
9420,ExtData[1].Val5,1,1,3,Operation-specific threshold or comparison value (semantics depend on AbilityOperation). Position confirmed from decompiled client ExtData schema.,Inferred,
9420,ExtData[1].Val6,1,1,1151,"Operation-specific reference value (RequirementId child link, ability ID, monster type, or other reference depending on AbilityOperation). Position confirmed from decompiled client ExtData schema.",Inferred,
9420,ExtData[1].Val7,1,1,74,Operation-specific auxiliary parameter. Position confirmed from decompiled client ExtData schema.,Inferred,
9421,ExtData[0].Val1,1,1,1,AbilitySourceType: 1=Cast.,Confirmed,
9421,ExtData[0].Val2,1,1,10,AbilityOperation: 10=RequirmentGroupCheck.,Confirmed,
9421,ExtData[0].Val3,1,1,1,AbilityCondition: 1=Equal.,Confirmed,
9421,ExtData[0].Val4,1,1,9,AbilityLogicOperator: 9=Or.,Confirmed,
9421,ExtData[0].Val5,1,1,3,Operation-specific threshold or comparison value (semantics depend on AbilityOperation). Position confirmed from decompiled client ExtData schema.,Inferred,
9421,ExtData[0].Val6,1,1,9406,Every distinct observed value in this field matches a known RequirementId row.,Inferred,Example requirement ids: 9406.
9421,ExtData[0].Val7,1,1,1,Operation-specific auxiliary parameter. Position confirmed from decompiled client ExtData schema.,Inferred,
9421,ExtData[1].Val1,1,1,1,AbilitySourceType: 1=Cast.,Confirmed,
9421,ExtData[1].Val2,1,1,10,AbilityOperation: 10=RequirmentGroupCheck.,Confirmed,
9421,ExtData[1].Val3,1,1,6,AbilityCondition: 6=LessThan.,Confirmed,
9421,ExtData[1].Val5,1,1,3,Operation-specific threshold or comparison value (semantics depend on AbilityOperation). Position confirmed from decompiled client ExtData schema.,Inferred,
9421,ExtData[1].Val6,1,1,9430,Every distinct observed value in this field matches a known RequirementId row.,Inferred,Example requirement ids: 9430.
9422,ExtData[0].Val1,1,1,1,AbilitySourceType: 1=Cast.,Confirmed,
9422,ExtData[0].Val2,1,1,28,AbilityOperation: 28=TargetIsMonster.,Confirmed,
9422,ExtData[0].Val3,1,1,1,AbilityCondition: 1=Equal.,Confirmed,
9422,ExtData[0].Val4,1,1,8,AbilityLogicOperator: 8=And.,Confirmed,
9422,ExtData[0].Val7,1,1,1,Operation-specific auxiliary parameter. Position confirmed from decompiled client ExtData schema.,Inferred,
9422,ExtData[1].Val1,1,1,1,AbilitySourceType: 1=Cast.,Confirmed,
9422,ExtData[1].Val2,1,1,31,AbilityOperation: 31=InCombat.,Confirmed,
9422,ExtData[1].Val3,1,1,1,AbilityCondition: 1=Equal.,Confirmed,
9422,ExtData[1].Val7,1,1,1,Operation-specific auxiliary parameter. Position confirmed from decompiled client ExtData schema.,Inferred,
9423,ExtData[0].Val1,1,1,1,AbilitySourceType: 1=Cast.,Confirmed,
9423,ExtData[0].Val2,1,1,10,AbilityOperation: 10=RequirmentGroupCheck.,Confirmed,
9423,ExtData[0].Val3,1,1,6,AbilityCondition: 6=LessThan.,Confirmed,
9423,ExtData[0].Val4,1,1,9,AbilityLogicOperator: 9=Or.,Confirmed,
9423,ExtData[0].Val6,1,1,9240,Every distinct observed value in this field matches a known RequirementId row.,Inferred,Example requirement ids: 9240.
9423,ExtData[1].Val1,1,1,1,AbilitySourceType: 1=Cast.,Confirmed,
9423,ExtData[1].Val2,1,1,10,AbilityOperation: 10=RequirmentGroupCheck.,Confirmed,
9423,ExtData[1].Val3,1,1,6,AbilityCondition: 6=LessThan.,Confirmed,
9423,ExtData[1].Val6,1,1,9422,Every distinct observed value in this field matches a known RequirementId row.,Inferred,Example requirement ids: 9422.
9424,ExtData[0].Val1,1,1,1,AbilitySourceType: 1=Cast.,Confirmed,
9424,ExtData[0].Val2,1,1,10,AbilityOperation: 10=RequirmentGroupCheck.,Confirmed,
9424,ExtData[0].Val3,1,1,2,AbilityCondition: 2=Unk2.,Confirmed,
9424,ExtData[0].Val4,1,1,12,AbilityLogicOperator: 12=Unk12.,Confirmed,
9424,ExtData[0].Val6,1,1,9414,Every distinct observed value in this field matches a known RequirementId row.,Inferred,Example requirement ids: 9414.
9424,ExtData[0].Val7,1,1,6,Operation-specific auxiliary parameter. Position confirmed from decompiled client ExtData schema.,Inferred,
9424,ExtData[2].Val1,1,1,1,AbilitySourceType: 1=Cast.,Confirmed,
9424,ExtData[2].Val2,1,1,10,AbilityOperation: 10=RequirmentGroupCheck.,Confirmed,
9424,ExtData[2].Val3,1,1,7,AbilityCondition: 7=GreaterThan.,Confirmed,
9424,ExtData[2].Val6,1,1,9414,Every distinct observed value in this field matches a known RequirementId row.,Inferred,Example requirement ids: 9414.
9425,ExtData[0].Val1,1,1,1,AbilitySourceType: 1=Cast.,Confirmed,
9425,ExtData[0].Val2,1,1,6,AbilityOperation: 6=BuffGroupCount.,Confirmed,
9425,ExtData[0].Val3,1,1,6,AbilityCondition: 6=LessThan.,Confirmed,
9425,ExtData[0].Val4,1,1,8,AbilityLogicOperator: 8=And.,Confirmed,
9425,ExtData[0].Val6,1,1,106,"Operation-specific reference value (RequirementId child link, ability ID, monster type, or other reference depending on AbilityOperation). Position confirmed from decompiled client ExtData schema.",Inferred,
9425,ExtData[1].Val1,1,1,1,AbilitySourceType: 1=Cast.,Confirmed,
9425,ExtData[1].Val2,1,1,11,AbilityOperation: 11=TargetActivatedComponent.,Confirmed,
9425,ExtData[1].Val3,1,1,1,AbilityCondition: 1=Equal.,Confirmed,
9425,ExtData[1].Val4,1,1,8,AbilityLogicOperator: 8=And.,Confirmed,
9425,ExtData[2].Val1,1,1,1,AbilitySourceType: 1=Cast.,Confirmed,
9425,ExtData[2].Val2,1,1,4,AbilityOperation: 4=Range.,Confirmed,
9425,ExtData[2].Val3,1,1,4,AbilityCondition: 4=LessThanEqual.,Confirmed,
9425,ExtData[2].Val7,1,1,1200,Operation-specific auxiliary parameter. Position confirmed from decompiled client ExtData schema.,Inferred,
9425,ExtData[2].Val8,1,1,1,Operation-specific auxiliary parameter. Position confirmed from decompiled client ExtData schema.,Inferred,
9426,ExtData[0].Val1,1,1,1,AbilitySourceType: 1=Cast.,Confirmed,
9426,ExtData[0].Val2,1,1,33,AbilityOperation: 33=Unk33.,Confirmed,
9426,ExtData[0].Val3,1,1,6,AbilityCondition: 6=LessThan.,Confirmed,
9426,ExtData[0].Val4,1,1,9,AbilityLogicOperator: 9=Or.,Confirmed,
9426,ExtData[0].Val6,1,1,9425,Every distinct observed value in this field matches a known RequirementId row.,Inferred,Example requirement ids: 9425.
9426,ExtData[0].Val8,1,1,1,Operation-specific auxiliary parameter. Position confirmed from decompiled client ExtData schema.,Inferred,
9426,ExtData[1].Val1,1,1,1,AbilitySourceType: 1=Cast.,Confirmed,
9426,ExtData[1].Val2,1,1,33,AbilityOperation: 33=Unk33.,Confirmed,
9426,ExtData[1].Val3,1,1,6,AbilityCondition: 6=LessThan.,Confirmed,
9426,ExtData[1].Val6,1,1,9425,Every distinct observed value in this field matches a known RequirementId row.,Inferred,Example requirement ids: 9425.
9427,ExtData[0].Val1,1,1,1,AbilitySourceType: 1=Cast.,Confirmed,
9427,ExtData[0].Val2,1,1,77,AbilityOperation: 77=BolsterLevel.,Confirmed,
9427,ExtData[0].Val3,1,1,7,AbilityCondition: 7=GreaterThan.,Confirmed,
9427,ExtData[0].Val4,1,1,11,AbilityLogicOperator: 11=Unk11.,Confirmed,
9428,ExtData[0].Val1,1,1,1,AbilitySourceType: 1=Cast.,Confirmed,
9428,ExtData[0].Val2,1,1,8,AbilityOperation: 8=GetGroupOnAbilityUsed.,Confirmed,
9428,ExtData[0].Val3,1,1,6,AbilityCondition: 6=LessThan.,Confirmed,
9428,ExtData[0].Val4,1,1,8,AbilityLogicOperator: 8=And.,Confirmed,
9428,ExtData[0].Val6,1,1,56,"Operation-specific reference value (RequirementId child link, ability ID, monster type, or other reference depending on AbilityOperation). Position confirmed from decompiled client ExtData schema.",Inferred,
9428,ExtData[1].Val1,1,1,1,AbilitySourceType: 1=Cast.,Confirmed,
9428,ExtData[1].Val2,1,1,11,AbilityOperation: 11=TargetActivatedComponent.,Confirmed,
9428,ExtData[1].Val3,1,1,6,AbilityCondition: 6=LessThan.,Confirmed,
9428,ExtData[1].Val5,1,1,3,Operation-specific threshold or comparison value (semantics depend on AbilityOperation). Position confirmed from decompiled client ExtData schema.,Inferred,
9429,ExtData[0].Val1,1,1,1,AbilitySourceType: 1=Cast.,Confirmed,
9429,ExtData[0].Val2,1,1,23,AbilityOperation: 23=RequirmentGroupCheck2.,Confirmed,
9429,ExtData[0].Val3,1,1,1,AbilityCondition: 1=Equal.,Confirmed,
9429,ExtData[0].Val4,1,1,9,AbilityLogicOperator: 9=Or.,Confirmed,
9429,ExtData[0].Val6,1,1,9429,Every distinct observed value in this field matches a known RequirementId row.,Inferred,Example requirement ids: 9429.
9429,ExtData[0].Val7,1,1,1,Operation-specific auxiliary parameter. Position confirmed from decompiled client ExtData schema.,Inferred,
9429,ExtData[0].Val9,1,1,1,Binary flag byte. Position confirmed from decompiled client ExtData schema.,Inferred,
9429,ExtData[1].Val1,1,1,1,AbilitySourceType: 1=Cast.,Confirmed,
9429,ExtData[1].Val2,1,1,3,AbilityOperation: 3=BuffGroupCounterSum.,Confirmed,
9429,ExtData[1].Val3,1,1,1,AbilityCondition: 1=Equal.,Confirmed,
9429,ExtData[1].Val6,1,1,1190,"Operation-specific reference value (RequirementId child link, ability ID, monster type, or other reference depending on AbilityOperation). Position confirmed from decompiled client ExtData schema.",Inferred,
9429,ExtData[1].Val9,1,1,1,Binary flag byte. Position confirmed from decompiled client ExtData schema.,Inferred,
9430,ExtData[0].Val1,1,1,1,AbilitySourceType: 1=Cast.,Confirmed,
9430,ExtData[0].Val2,1,1,24,AbilityOperation: 24=MasteryPath.,Confirmed,
9430,ExtData[0].Val3,1,1,1,AbilityCondition: 1=Equal.,Confirmed,
9430,ExtData[0].Val4,1,1,8,AbilityLogicOperator: 8=And.,Confirmed,
9430,ExtData[0].Val5,1,1,3,Operation-specific threshold or comparison value (semantics depend on AbilityOperation). Position confirmed from decompiled client ExtData schema.,Inferred,
9430,ExtData[0].Val7,1,1,1,Operation-specific auxiliary parameter. Position confirmed from decompiled client ExtData schema.,Inferred,
9430,ExtData[1].Val1,1,1,1,AbilitySourceType: 1=Cast.,Confirmed,
9430,ExtData[1].Val2,1,1,6,AbilityOperation: 6=BuffGroupCount.,Confirmed,
9430,ExtData[1].Val3,1,1,6,AbilityCondition: 6=LessThan.,Confirmed,
9430,ExtData[1].Val4,1,1,8,AbilityLogicOperator: 8=And.,Confirmed,
9430,ExtData[1].Val5,1,1,3,Operation-specific threshold or comparison value (semantics depend on AbilityOperation). Position confirmed from decompiled client ExtData schema.,Inferred,
9430,ExtData[1].Val6,1,1,1169,"Operation-specific reference value (RequirementId child link, ability ID, monster type, or other reference depending on AbilityOperation). Position confirmed from decompiled client ExtData schema.",Inferred,
9430,ExtData[2].Val1,1,1,1,AbilitySourceType: 1=Cast.,Confirmed,
9430,ExtData[2].Val2,1,1,8,AbilityOperation: 8=GetGroupOnAbilityUsed.,Confirmed,
9430,ExtData[2].Val3,1,1,1,AbilityCondition: 1=Equal.,Confirmed,
9430,ExtData[2].Val5,1,1,3,Operation-specific threshold or comparison value (semantics depend on AbilityOperation). Position confirmed from decompiled client ExtData schema.,Inferred,
9430,ExtData[2].Val6,1,1,1150,"Operation-specific reference value (RequirementId child link, ability ID, monster type, or other reference depending on AbilityOperation). Position confirmed from decompiled client ExtData schema.",Inferred,
9430,ExtData[2].Val7,1,1,1,Operation-specific auxiliary parameter. Position confirmed from decompiled client ExtData schema.,Inferred,
9431,ExtData[0].Val1,1,1,1,AbilitySourceType: 1=Cast.,Confirmed,
9431,ExtData[0].Val2,1,1,8,AbilityOperation: 8=GetGroupOnAbilityUsed.,Confirmed,
9431,ExtData[0].Val3,1,1,6,AbilityCondition: 6=LessThan.,Confirmed,
9431,ExtData[0].Val4,1,1,8,AbilityLogicOperator: 8=And.,Confirmed,
9431,ExtData[0].Val6,1,1,1183,"Operation-specific reference value (RequirementId child link, ability ID, monster type, or other reference depending on AbilityOperation). Position confirmed from decompiled client ExtData schema.",Inferred,
9431,ExtData[1].Val1,1,1,1,AbilitySourceType: 1=Cast.,Confirmed,
9431,ExtData[1].Val2,1,1,11,AbilityOperation: 11=TargetActivatedComponent.,Confirmed,
9431,ExtData[1].Val3,1,1,1,AbilityCondition: 1=Equal.,Confirmed,
9431,ExtData[1].Val5,1,1,3,Operation-specific threshold or comparison value (semantics depend on AbilityOperation). Position confirmed from decompiled client ExtData schema.,Inferred,
9431,ExtData[1].Val7,1,1,1,Operation-specific auxiliary parameter. Position confirmed from decompiled client ExtData schema.,Inferred,
9432,ExtData[0].Val1,1,1,1,AbilitySourceType: 1=Cast.,Confirmed,
9432,ExtData[0].Val2,1,1,10,AbilityOperation: 10=RequirmentGroupCheck.,Confirmed,
9432,ExtData[0].Val3,1,1,2,AbilityCondition: 2=Unk2.,Confirmed,
9432,ExtData[0].Val4,1,1,12,AbilityLogicOperator: 12=Unk12.,Confirmed,
9432,ExtData[0].Val6,1,1,9433,Every distinct observed value in this field matches a known RequirementId row.,Inferred,Example requirement ids: 9433.
9432,ExtData[0].Val7,1,1,3,Operation-specific auxiliary parameter. Position confirmed from decompiled client ExtData schema.,Inferred,
9432,ExtData[2].Val1,1,1,1,AbilitySourceType: 1=Cast.,Confirmed,
9432,ExtData[2].Val2,1,1,10,AbilityOperation: 10=RequirmentGroupCheck.,Confirmed,
9432,ExtData[2].Val3,1,1,7,AbilityCondition: 7=GreaterThan.,Confirmed,
9432,ExtData[2].Val6,1,1,9433,Every distinct observed value in this field matches a known RequirementId row.,Inferred,Example requirement ids: 9433.
9433,ExtData[0].Val1,1,1,1,AbilitySourceType: 1=Cast.,Confirmed,
9433,ExtData[0].Val2,1,1,6,AbilityOperation: 6=BuffGroupCount.,Confirmed,
9433,ExtData[0].Val3,1,1,7,AbilityCondition: 7=GreaterThan.,Confirmed,
9433,ExtData[0].Val4,1,1,8,AbilityLogicOperator: 8=And.,Confirmed,
9433,ExtData[0].Val5,1,1,3,Operation-specific threshold or comparison value (semantics depend on AbilityOperation). Position confirmed from decompiled client ExtData schema.,Inferred,
9433,ExtData[0].Val6,1,1,540,"Operation-specific reference value (RequirementId child link, ability ID, monster type, or other reference depending on AbilityOperation). Position confirmed from decompiled client ExtData schema.",Inferred,
9433,ExtData[1].Val1,1,1,1,AbilitySourceType: 1=Cast.,Confirmed,
9433,ExtData[1].Val2,1,1,11,AbilityOperation: 11=TargetActivatedComponent.,Confirmed,
9433,ExtData[1].Val3,1,1,1,AbilityCondition: 1=Equal.,Confirmed,
9433,ExtData[1].Val5,1,1,3,Operation-specific threshold or comparison value (semantics depend on AbilityOperation). Position confirmed from decompiled client ExtData schema.,Inferred,
9433,ExtData[1].Val7,1,1,1,Operation-specific auxiliary parameter. Position confirmed from decompiled client ExtData schema.,Inferred,
9434,ExtData[0].Val1,1,1,1,AbilitySourceType: 1=Cast.,Confirmed,
9434,ExtData[0].Val2,1,1,6,AbilityOperation: 6=BuffGroupCount.,Confirmed,
9434,ExtData[0].Val3,1,1,7,AbilityCondition: 7=GreaterThan.,Confirmed,
9434,ExtData[0].Val4,1,1,8,AbilityLogicOperator: 8=And.,Confirmed,
9434,ExtData[0].Val5,1,1,3,Operation-specific threshold or comparison value (semantics depend on AbilityOperation). Position confirmed from decompiled client ExtData schema.,Inferred,
9434,ExtData[0].Val6,1,1,1054,"Operation-specific reference value (RequirementId child link, ability ID, monster type, or other reference depending on AbilityOperation). Position confirmed from decompiled client ExtData schema.",Inferred,
9434,ExtData[1].Val1,1,1,1,AbilitySourceType: 1=Cast.,Confirmed,
9434,ExtData[1].Val2,1,1,11,AbilityOperation: 11=TargetActivatedComponent.,Confirmed,
9434,ExtData[1].Val3,1,1,1,AbilityCondition: 1=Equal.,Confirmed,
9434,ExtData[1].Val5,1,1,3,Operation-specific threshold or comparison value (semantics depend on AbilityOperation). Position confirmed from decompiled client ExtData schema.,Inferred,
9434,ExtData[1].Val7,1,1,1,Operation-specific auxiliary parameter. Position confirmed from decompiled client ExtData schema.,Inferred,
9435,ExtData[0].Val1,1,1,1,AbilitySourceType: 1=Cast.,Confirmed,
9435,ExtData[0].Val2,1,1,8,AbilityOperation: 8=GetGroupOnAbilityUsed.,Confirmed,
9435,ExtData[0].Val3,1,1,6,AbilityCondition: 6=LessThan.,Confirmed,
9435,ExtData[0].Val4,1,1,8,AbilityLogicOperator: 8=And.,Confirmed,
9435,ExtData[0].Val6,1,1,1179,"Operation-specific reference value (RequirementId child link, ability ID, monster type, or other reference depending on AbilityOperation). Position confirmed from decompiled client ExtData schema.",Inferred,
9435,ExtData[1].Val1,1,1,1,AbilitySourceType: 1=Cast.,Confirmed,
9435,ExtData[1].Val2,1,1,11,AbilityOperation: 11=TargetActivatedComponent.,Confirmed,
9435,ExtData[1].Val3,1,1,1,AbilityCondition: 1=Equal.,Confirmed,
9435,ExtData[1].Val5,1,1,3,Operation-specific threshold or comparison value (semantics depend on AbilityOperation). Position confirmed from decompiled client ExtData schema.,Inferred,
9435,ExtData[1].Val7,1,1,1,Operation-specific auxiliary parameter. Position confirmed from decompiled client ExtData schema.,Inferred,
9436,ExtData[0].Val1,1,1,1,AbilitySourceType: 1=Cast.,Confirmed,
9436,ExtData[0].Val2,1,1,8,AbilityOperation: 8=GetGroupOnAbilityUsed.,Confirmed,
9436,ExtData[0].Val3,1,1,6,AbilityCondition: 6=LessThan.,Confirmed,
9436,ExtData[0].Val4,1,1,8,AbilityLogicOperator: 8=And.,Confirmed,
9436,ExtData[0].Val6,1,1,1180,"Operation-specific reference value (RequirementId child link, ability ID, monster type, or other reference depending on AbilityOperation). Position confirmed from decompiled client ExtData schema.",Inferred,
9436,ExtData[1].Val1,1,1,1,AbilitySourceType: 1=Cast.,Confirmed,
9436,ExtData[1].Val2,1,1,11,AbilityOperation: 11=TargetActivatedComponent.,Confirmed,
9436,ExtData[1].Val3,1,1,1,AbilityCondition: 1=Equal.,Confirmed,
9436,ExtData[1].Val5,1,1,3,Operation-specific threshold or comparison value (semantics depend on AbilityOperation). Position confirmed from decompiled client ExtData schema.,Inferred,
9436,ExtData[1].Val7,1,1,1,Operation-specific auxiliary parameter. Position confirmed from decompiled client ExtData schema.,Inferred,
9437,ExtData[0].Val1,1,1,1,AbilitySourceType: 1=Cast.,Confirmed,
9437,ExtData[0].Val2,1,1,8,AbilityOperation: 8=GetGroupOnAbilityUsed.,Confirmed,
9437,ExtData[0].Val3,1,1,6,AbilityCondition: 6=LessThan.,Confirmed,
9437,ExtData[0].Val4,1,1,8,AbilityLogicOperator: 8=And.,Confirmed,
9437,ExtData[0].Val6,1,1,1184,"Operation-specific reference value (RequirementId child link, ability ID, monster type, or other reference depending on AbilityOperation). Position confirmed from decompiled client ExtData schema.",Inferred,
9437,ExtData[1].Val1,1,1,1,AbilitySourceType: 1=Cast.,Confirmed,
9437,ExtData[1].Val2,1,1,11,AbilityOperation: 11=TargetActivatedComponent.,Confirmed,
9437,ExtData[1].Val3,1,1,1,AbilityCondition: 1=Equal.,Confirmed,
9437,ExtData[1].Val5,1,1,3,Operation-specific threshold or comparison value (semantics depend on AbilityOperation). Position confirmed from decompiled client ExtData schema.,Inferred,
9437,ExtData[1].Val7,1,1,1,Operation-specific auxiliary parameter. Position confirmed from decompiled client ExtData schema.,Inferred,
9438,ExtData[0].Val1,1,1,1,AbilitySourceType: 1=Cast.,Confirmed,
9438,ExtData[0].Val2,1,1,82,AbilityOperation: 82=LastAbilityResult.,Confirmed,
9438,ExtData[0].Val3,1,1,6,AbilityCondition: 6=LessThan.,Confirmed,
9438,ExtData[0].Val4,1,1,9,AbilityLogicOperator: 9=Or.,Confirmed,
9438,ExtData[0].Val6,1,1,2,"Operation-specific reference value (RequirementId child link, ability ID, monster type, or other reference depending on AbilityOperation). Position confirmed from decompiled client ExtData schema.",Inferred,
9438,ExtData[1].Val1,1,1,1,AbilitySourceType: 1=Cast.,Confirmed,
9438,ExtData[1].Val2,1,1,82,AbilityOperation: 82=LastAbilityResult.,Confirmed,
9438,ExtData[1].Val3,1,1,6,AbilityCondition: 6=LessThan.,Confirmed,
9438,ExtData[1].Val4,1,1,9,AbilityLogicOperator: 9=Or.,Confirmed,
9438,ExtData[2].Val1,1,1,1,AbilitySourceType: 1=Cast.,Confirmed,
9438,ExtData[2].Val2,1,1,82,AbilityOperation: 82=LastAbilityResult.,Confirmed,
9438,ExtData[2].Val3,1,1,6,AbilityCondition: 6=LessThan.,Confirmed,
9438,ExtData[2].Val4,1,1,9,AbilityLogicOperator: 9=Or.,Confirmed,
9438,ExtData[2].Val6,1,1,4,"Operation-specific reference value (RequirementId child link, ability ID, monster type, or other reference depending on AbilityOperation). Position confirmed from decompiled client ExtData schema.",Inferred,
9438,ExtData[3].Val1,1,1,1,AbilitySourceType: 1=Cast.,Confirmed,
9438,ExtData[3].Val2,1,1,82,AbilityOperation: 82=LastAbilityResult.,Confirmed,
9438,ExtData[3].Val3,1,1,6,AbilityCondition: 6=LessThan.,Confirmed,
9438,ExtData[3].Val6,1,1,6,"Operation-specific reference value (RequirementId child link, ability ID, monster type, or other reference depending on AbilityOperation). Position confirmed from decompiled client ExtData schema.",Inferred,
9439,ExtData[0].Val1,1,1,1,AbilitySourceType: 1=Cast.,Confirmed,
9439,ExtData[0].Val2,1,1,8,AbilityOperation: 8=GetGroupOnAbilityUsed.,Confirmed,
9439,ExtData[0].Val3,1,1,6,AbilityCondition: 6=LessThan.,Confirmed,
9439,ExtData[0].Val4,1,1,8,AbilityLogicOperator: 8=And.,Confirmed,
9439,ExtData[0].Val6,1,1,1132,"Operation-specific reference value (RequirementId child link, ability ID, monster type, or other reference depending on AbilityOperation). Position confirmed from decompiled client ExtData schema.",Inferred,
9439,ExtData[1].Val1,1,1,1,AbilitySourceType: 1=Cast.,Confirmed,
9439,ExtData[1].Val2,1,1,11,AbilityOperation: 11=TargetActivatedComponent.,Confirmed,
9439,ExtData[1].Val3,1,1,1,AbilityCondition: 1=Equal.,Confirmed,
9439,ExtData[1].Val5,1,1,3,Operation-specific threshold or comparison value (semantics depend on AbilityOperation). Position confirmed from decompiled client ExtData schema.,Inferred,
9439,ExtData[1].Val7,1,1,1,Operation-specific auxiliary parameter. Position confirmed from decompiled client ExtData schema.,Inferred,
9440,ExtData[0].Val1,1,1,1,AbilitySourceType: 1=Cast.,Confirmed,
9440,ExtData[0].Val2,1,1,12,AbilityOperation: 12=AbilityType.,Confirmed,
9440,ExtData[0].Val3,1,1,1,AbilityCondition: 1=Equal.,Confirmed,
9440,ExtData[0].Val4,1,1,8,AbilityLogicOperator: 8=And.,Confirmed,
9440,ExtData[0].Val7,1,1,1,Operation-specific auxiliary parameter. Position confirmed from decompiled client ExtData schema.,Inferred,
9440,ExtData[1].Val1,1,1,1,AbilitySourceType: 1=Cast.,Confirmed,
9440,ExtData[1].Val2,1,1,10,AbilityOperation: 10=RequirmentGroupCheck.,Confirmed,
9440,ExtData[1].Val3,1,1,1,AbilityCondition: 1=Equal.,Confirmed,
9440,ExtData[1].Val6,1,1,9147,Every distinct observed value in this field matches a known RequirementId row.,Inferred,Example requirement ids: 9147.
9441,ExtData[0].Val1,1,1,1,AbilitySourceType: 1=Cast.,Confirmed,
9441,ExtData[0].Val2,1,1,6,AbilityOperation: 6=BuffGroupCount.,Confirmed,
9441,ExtData[0].Val3,1,1,1,AbilityCondition: 1=Equal.,Confirmed,
9441,ExtData[0].Val4,1,1,9,AbilityLogicOperator: 9=Or.,Confirmed,
9441,ExtData[0].Val6,1,1,1016,"Operation-specific reference value (RequirementId child link, ability ID, monster type, or other reference depending on AbilityOperation). Position confirmed from decompiled client ExtData schema.",Inferred,
9441,ExtData[0].Val7,1,1,1,Operation-specific auxiliary parameter. Position confirmed from decompiled client ExtData schema.,Inferred,
9441,ExtData[1].Val1,1,1,1,AbilitySourceType: 1=Cast.,Confirmed,
9441,ExtData[1].Val2,1,1,6,AbilityOperation: 6=BuffGroupCount.,Confirmed,
9441,ExtData[1].Val3,1,1,1,AbilityCondition: 1=Equal.,Confirmed,
9441,ExtData[1].Val6,1,1,1220,"Operation-specific reference value (RequirementId child link, ability ID, monster type, or other reference depending on AbilityOperation). Position confirmed from decompiled client ExtData schema.",Inferred,
9441,ExtData[1].Val7,1,1,1,Operation-specific auxiliary parameter. Position confirmed from decompiled client ExtData schema.,Inferred,
9442,ExtData[0].Val1,1,1,1,AbilitySourceType: 1=Cast.,Confirmed,
9442,ExtData[0].Val2,1,1,35,AbilityOperation: 35=KeepDoor.,Confirmed,
9442,ExtData[0].Val3,1,1,5,AbilityCondition: 5=GreaterThanEqual.,Confirmed,
9442,ExtData[0].Val4,1,1,9,AbilityLogicOperator: 9=Or.,Confirmed,
9442,ExtData[0].Val5,1,1,1,Operation-specific threshold or comparison value (semantics depend on AbilityOperation). Position confirmed from decompiled client ExtData schema.,Inferred,
9442,ExtData[0].Val7,1,1,1,Operation-specific auxiliary parameter. Position confirmed from decompiled client ExtData schema.,Inferred,
9442,ExtData[1].Val1,1,1,1,AbilitySourceType: 1=Cast.,Confirmed,
9442,ExtData[1].Val2,1,1,10,AbilityOperation: 10=RequirmentGroupCheck.,Confirmed,
9442,ExtData[1].Val3,1,1,1,AbilityCondition: 1=Equal.,Confirmed,
9442,ExtData[1].Val6,1,1,9204,Every distinct observed value in this field matches a known RequirementId row.,Inferred,Example requirement ids: 9204.
9442,ExtData[1].Val7,1,1,1,Operation-specific auxiliary parameter. Position confirmed from decompiled client ExtData schema.,Inferred,
9443,ExtData[0].Val1,1,1,1,AbilitySourceType: 1=Cast.,Confirmed,
9443,ExtData[0].Val2,1,1,35,AbilityOperation: 35=KeepDoor.,Confirmed,
9443,ExtData[0].Val3,1,1,5,AbilityCondition: 5=GreaterThanEqual.,Confirmed,
9443,ExtData[0].Val4,1,1,9,AbilityLogicOperator: 9=Or.,Confirmed,
9443,ExtData[0].Val5,1,1,1,Operation-specific threshold or comparison value (semantics depend on AbilityOperation). Position confirmed from decompiled client ExtData schema.,Inferred,
9443,ExtData[0].Val7,1,1,1,Operation-specific auxiliary parameter. Position confirmed from decompiled client ExtData schema.,Inferred,
9443,ExtData[1].Val1,1,1,1,AbilitySourceType: 1=Cast.,Confirmed,
9443,ExtData[1].Val2,1,1,21,AbilityOperation: 21=TargetBackSide.,Confirmed,
9443,ExtData[1].Val3,1,1,1,AbilityCondition: 1=Equal.,Confirmed,
9443,ExtData[1].Val7,1,1,1,Operation-specific auxiliary parameter. Position confirmed from decompiled client ExtData schema.,Inferred,
9444,ExtData[0].Val1,1,1,1,AbilitySourceType: 1=Cast.,Confirmed,
9444,ExtData[0].Val2,1,1,35,AbilityOperation: 35=KeepDoor.,Confirmed,
9444,ExtData[0].Val3,1,1,5,AbilityCondition: 5=GreaterThanEqual.,Confirmed,
9444,ExtData[0].Val4,1,1,9,AbilityLogicOperator: 9=Or.,Confirmed,
9444,ExtData[0].Val5,1,1,1,Operation-specific threshold or comparison value (semantics depend on AbilityOperation). Position confirmed from decompiled client ExtData schema.,Inferred,
9444,ExtData[0].Val7,1,1,1,Operation-specific auxiliary parameter. Position confirmed from decompiled client ExtData schema.,Inferred,
9444,ExtData[1].Val1,1,1,1,AbilitySourceType: 1=Cast.,Confirmed,
9444,ExtData[1].Val2,1,1,21,AbilityOperation: 21=TargetBackSide.,Confirmed,
9444,ExtData[1].Val3,1,1,6,AbilityCondition: 6=LessThan.,Confirmed,
9444,ExtData[1].Val7,1,1,1,Operation-specific auxiliary parameter. Position confirmed from decompiled client ExtData schema.,Inferred,
9445,ExtData[0].Val1,1,1,1,AbilitySourceType: 1=Cast.,Confirmed,
9445,ExtData[0].Val2,1,1,75,AbilityOperation: 75=Finisher.,Confirmed,
9445,ExtData[0].Val3,1,1,1,AbilityCondition: 1=Equal.,Confirmed,
9445,ExtData[0].Val4,1,1,9,AbilityLogicOperator: 9=Or.,Confirmed,
9445,ExtData[0].Val5,1,1,3,Operation-specific threshold or comparison value (semantics depend on AbilityOperation). Position confirmed from decompiled client ExtData schema.,Inferred,
9445,ExtData[0].Val7,1,1,15,Operation-specific auxiliary parameter. Position confirmed from decompiled client ExtData schema.,Inferred,
9445,ExtData[1].Val1,1,1,1,AbilitySourceType: 1=Cast.,Confirmed,
9445,ExtData[1].Val2,1,1,19,AbilityOperation: 19=TargetRace.,Confirmed,
9445,ExtData[1].Val3,1,1,1,AbilityCondition: 1=Equal.,Confirmed,
9445,ExtData[1].Val4,1,1,9,AbilityLogicOperator: 9=Or.,Confirmed,
9445,ExtData[1].Val5,1,1,3,Operation-specific threshold or comparison value (semantics depend on AbilityOperation). Position confirmed from decompiled client ExtData schema.,Inferred,
9445,ExtData[1].Val7,1,1,5,Operation-specific auxiliary parameter. Position confirmed from decompiled client ExtData schema.,Inferred,
9445,ExtData[2].Val1,1,1,1,AbilitySourceType: 1=Cast.,Confirmed,
9445,ExtData[2].Val2,1,1,19,AbilityOperation: 19=TargetRace.,Confirmed,
9445,ExtData[2].Val3,1,1,1,AbilityCondition: 1=Equal.,Confirmed,
9445,ExtData[2].Val5,1,1,3,Operation-specific threshold or comparison value (semantics depend on AbilityOperation). Position confirmed from decompiled client ExtData schema.,Inferred,
9445,ExtData[2].Val7,1,1,3,Operation-specific auxiliary parameter. Position confirmed from decompiled client ExtData schema.,Inferred,
9446,ExtData[0].Val1,1,1,1,AbilitySourceType: 1=Cast.,Confirmed,
9446,ExtData[0].Val2,1,1,75,AbilityOperation: 75=Finisher.,Confirmed,
9446,ExtData[0].Val3,1,1,1,AbilityCondition: 1=Equal.,Confirmed,
9446,ExtData[0].Val5,1,1,3,Operation-specific threshold or comparison value (semantics depend on AbilityOperation). Position confirmed from decompiled client ExtData schema.,Inferred,
9446,ExtData[0].Val7,1,1,16,Operation-specific auxiliary parameter. Position confirmed from decompiled client ExtData schema.,Inferred,
9447,ExtData[0].Val1,1,1,1,AbilitySourceType: 1=Cast.,Confirmed,
9447,ExtData[0].Val2,1,1,6,AbilityOperation: 6=BuffGroupCount.,Confirmed,
9447,ExtData[0].Val3,1,1,6,AbilityCondition: 6=LessThan.,Confirmed,
9447,ExtData[0].Val4,1,1,9,AbilityLogicOperator: 9=Or.,Confirmed,
9447,ExtData[0].Val6,1,1,1002,"Operation-specific reference value (RequirementId child link, ability ID, monster type, or other reference depending on AbilityOperation). Position confirmed from decompiled client ExtData schema.",Inferred,
9447,ExtData[0].Val9,1,1,1,Binary flag byte. Position confirmed from decompiled client ExtData schema.,Inferred,
9447,ExtData[1].Val1,1,1,1,AbilitySourceType: 1=Cast.,Confirmed,
9447,ExtData[1].Val2,1,1,6,AbilityOperation: 6=BuffGroupCount.,Confirmed,
9447,ExtData[1].Val3,1,1,6,AbilityCondition: 6=LessThan.,Confirmed,
9447,ExtData[1].Val4,1,1,9,AbilityLogicOperator: 9=Or.,Confirmed,
9447,ExtData[1].Val6,1,1,1001,"Operation-specific reference value (RequirementId child link, ability ID, monster type, or other reference depending on AbilityOperation). Position confirmed from decompiled client ExtData schema.",Inferred,
9447,ExtData[1].Val9,1,1,1,Binary flag byte. Position confirmed from decompiled client ExtData schema.,Inferred,
9447,ExtData[2].Val1,1,1,1,AbilitySourceType: 1=Cast.,Confirmed,
9447,ExtData[2].Val2,1,1,6,AbilityOperation: 6=BuffGroupCount.,Confirmed,
9447,ExtData[2].Val3,1,1,6,AbilityCondition: 6=LessThan.,Confirmed,
9447,ExtData[2].Val5,1,1,3,Operation-specific threshold or comparison value (semantics depend on AbilityOperation). Position confirmed from decompiled client ExtData schema.,Inferred,
9447,ExtData[2].Val6,1,1,1214,"Operation-specific reference value (RequirementId child link, ability ID, monster type, or other reference depending on AbilityOperation). Position confirmed from decompiled client ExtData schema.",Inferred,
9448,ExtData[0].Val1,1,1,1,AbilitySourceType: 1=Cast.,Confirmed,
9448,ExtData[0].Val2,1,1,8,AbilityOperation: 8=GetGroupOnAbilityUsed.,Confirmed,
9448,ExtData[0].Val3,1,1,6,AbilityCondition: 6=LessThan.,Confirmed,
9448,ExtData[0].Val4,1,1,8,AbilityLogicOperator: 8=And.,Confirmed,
9448,ExtData[0].Val6,1,1,1234,"Operation-specific reference value (RequirementId child link, ability ID, monster type, or other reference depending on AbilityOperation). Position confirmed from decompiled client ExtData schema.",Inferred,
9448,ExtData[1].Val1,1,1,1,AbilitySourceType: 1=Cast.,Confirmed,
9448,ExtData[1].Val2,1,1,11,AbilityOperation: 11=TargetActivatedComponent.,Confirmed,
9448,ExtData[1].Val3,1,1,1,AbilityCondition: 1=Equal.,Confirmed,
9448,ExtData[1].Val5,1,1,3,Operation-specific threshold or comparison value (semantics depend on AbilityOperation). Position confirmed from decompiled client ExtData schema.,Inferred,
9448,ExtData[1].Val7,1,1,1,Operation-specific auxiliary parameter. Position confirmed from decompiled client ExtData schema.,Inferred,
9449,ExtData[0].Val1,1,1,1,AbilitySourceType: 1=Cast.,Confirmed,
9449,ExtData[0].Val2,1,1,8,AbilityOperation: 8=GetGroupOnAbilityUsed.,Confirmed,
9449,ExtData[0].Val3,1,1,6,AbilityCondition: 6=LessThan.,Confirmed,
9449,ExtData[0].Val4,1,1,8,AbilityLogicOperator: 8=And.,Confirmed,
9449,ExtData[0].Val6,1,1,1235,"Operation-specific reference value (RequirementId child link, ability ID, monster type, or other reference depending on AbilityOperation). Position confirmed from decompiled client ExtData schema.",Inferred,
9449,ExtData[1].Val1,1,1,1,AbilitySourceType: 1=Cast.,Confirmed,
9449,ExtData[1].Val2,1,1,11,AbilityOperation: 11=TargetActivatedComponent.,Confirmed,
9449,ExtData[1].Val3,1,1,1,AbilityCondition: 1=Equal.,Confirmed,
9449,ExtData[1].Val5,1,1,3,Operation-specific threshold or comparison value (semantics depend on AbilityOperation). Position confirmed from decompiled client ExtData schema.,Inferred,
9449,ExtData[1].Val7,1,1,1,Operation-specific auxiliary parameter. Position confirmed from decompiled client ExtData schema.,Inferred,
9450,ExtData[0].Val1,1,1,1,AbilitySourceType: 1=Cast.,Confirmed,
9450,ExtData[0].Val2,1,1,8,AbilityOperation: 8=GetGroupOnAbilityUsed.,Confirmed,
9450,ExtData[0].Val3,1,1,6,AbilityCondition: 6=LessThan.,Confirmed,
9450,ExtData[0].Val4,1,1,8,AbilityLogicOperator: 8=And.,Confirmed,
9450,ExtData[0].Val6,1,1,1236,"Operation-specific reference value (RequirementId child link, ability ID, monster type, or other reference depending on AbilityOperation). Position confirmed from decompiled client ExtData schema.",Inferred,
9450,ExtData[1].Val1,1,1,1,AbilitySourceType: 1=Cast.,Confirmed,
9450,ExtData[1].Val2,1,1,11,AbilityOperation: 11=TargetActivatedComponent.,Confirmed,
9450,ExtData[1].Val3,1,1,1,AbilityCondition: 1=Equal.,Confirmed,
9450,ExtData[1].Val5,1,1,3,Operation-specific threshold or comparison value (semantics depend on AbilityOperation). Position confirmed from decompiled client ExtData schema.,Inferred,
9450,ExtData[1].Val7,1,1,1,Operation-specific auxiliary parameter. Position confirmed from decompiled client ExtData schema.,Inferred,
9451,ExtData[0].Val1,1,1,1,AbilitySourceType: 1=Cast.,Confirmed,
9451,ExtData[0].Val2,1,1,6,AbilityOperation: 6=BuffGroupCount.,Confirmed,
9451,ExtData[0].Val3,1,1,1,AbilityCondition: 1=Equal.,Confirmed,
9451,ExtData[0].Val4,1,1,9,AbilityLogicOperator: 9=Or.,Confirmed,
9451,ExtData[0].Val6,1,1,1234,"Operation-specific reference value (RequirementId child link, ability ID, monster type, or other reference depending on AbilityOperation). Position confirmed from decompiled client ExtData schema.",Inferred,
9451,ExtData[1].Val1,1,1,1,AbilitySourceType: 1=Cast.,Confirmed,
9451,ExtData[1].Val2,1,1,23,AbilityOperation: 23=RequirmentGroupCheck2.,Confirmed,
9451,ExtData[1].Val3,1,1,1,AbilityCondition: 1=Equal.,Confirmed,
9451,ExtData[1].Val6,1,1,9448,Every distinct observed value in this field matches a known RequirementId row.,Inferred,Example requirement ids: 9448.
9451,ExtData[1].Val7,1,1,1,Operation-specific auxiliary parameter. Position confirmed from decompiled client ExtData schema.,Inferred,
9452,ExtData[0].Val1,1,1,1,AbilitySourceType: 1=Cast.,Confirmed,
9452,ExtData[0].Val2,1,1,6,AbilityOperation: 6=BuffGroupCount.,Confirmed,
9452,ExtData[0].Val3,1,1,1,AbilityCondition: 1=Equal.,Confirmed,
9452,ExtData[0].Val4,1,1,9,AbilityLogicOperator: 9=Or.,Confirmed,
9452,ExtData[0].Val6,1,1,1235,"Operation-specific reference value (RequirementId child link, ability ID, monster type, or other reference depending on AbilityOperation). Position confirmed from decompiled client ExtData schema.",Inferred,
9452,ExtData[1].Val1,1,1,1,AbilitySourceType: 1=Cast.,Confirmed,
9452,ExtData[1].Val2,1,1,23,AbilityOperation: 23=RequirmentGroupCheck2.,Confirmed,
9452,ExtData[1].Val3,1,1,1,AbilityCondition: 1=Equal.,Confirmed,
9452,ExtData[1].Val6,1,1,9449,Every distinct observed value in this field matches a known RequirementId row.,Inferred,Example requirement ids: 9449.
9452,ExtData[1].Val7,1,1,1,Operation-specific auxiliary parameter. Position confirmed from decompiled client ExtData schema.,Inferred,
9453,ExtData[0].Val1,1,1,1,AbilitySourceType: 1=Cast.,Confirmed,
9453,ExtData[0].Val2,1,1,6,AbilityOperation: 6=BuffGroupCount.,Confirmed,
9453,ExtData[0].Val3,1,1,1,AbilityCondition: 1=Equal.,Confirmed,
9453,ExtData[0].Val4,1,1,9,AbilityLogicOperator: 9=Or.,Confirmed,
9453,ExtData[0].Val6,1,1,1236,"Operation-specific reference value (RequirementId child link, ability ID, monster type, or other reference depending on AbilityOperation). Position confirmed from decompiled client ExtData schema.",Inferred,
9453,ExtData[1].Val1,1,1,1,AbilitySourceType: 1=Cast.,Confirmed,
9453,ExtData[1].Val2,1,1,23,AbilityOperation: 23=RequirmentGroupCheck2.,Confirmed,
9453,ExtData[1].Val3,1,1,1,AbilityCondition: 1=Equal.,Confirmed,
9453,ExtData[1].Val6,1,1,9450,Every distinct observed value in this field matches a known RequirementId row.,Inferred,Example requirement ids: 9450.
9453,ExtData[1].Val7,1,1,1,Operation-specific auxiliary parameter. Position confirmed from decompiled client ExtData schema.,Inferred,
9454,ExtData[0].Val1,1,1,1,AbilitySourceType: 1=Cast.,Confirmed,
9454,ExtData[0].Val2,1,1,6,AbilityOperation: 6=BuffGroupCount.,Confirmed,
9454,ExtData[0].Val3,1,1,7,AbilityCondition: 7=GreaterThan.,Confirmed,
9454,ExtData[0].Val4,1,1,10,AbilityLogicOperator: 10=Unk10.,Confirmed,
9454,ExtData[0].Val5,1,1,3,Operation-specific threshold or comparison value (semantics depend on AbilityOperation). Position confirmed from decompiled client ExtData schema.,Inferred,
9454,ExtData[0].Val6,1,1,1002,"Operation-specific reference value (RequirementId child link, ability ID, monster type, or other reference depending on AbilityOperation). Position confirmed from decompiled client ExtData schema.",Inferred,
9454,ExtData[1].Val1,1,1,1,AbilitySourceType: 1=Cast.,Confirmed,
9454,ExtData[1].Val2,1,1,6,AbilityOperation: 6=BuffGroupCount.,Confirmed,
9454,ExtData[1].Val3,1,1,7,AbilityCondition: 7=GreaterThan.,Confirmed,
9454,ExtData[1].Val4,1,1,10,AbilityLogicOperator: 10=Unk10.,Confirmed,
9454,ExtData[1].Val5,1,1,3,Operation-specific threshold or comparison value (semantics depend on AbilityOperation). Position confirmed from decompiled client ExtData schema.,Inferred,
9454,ExtData[1].Val6,1,1,1001,"Operation-specific reference value (RequirementId child link, ability ID, monster type, or other reference depending on AbilityOperation). Position confirmed from decompiled client ExtData schema.",Inferred,
9454,ExtData[2].Val1,1,1,1,AbilitySourceType: 1=Cast.,Confirmed,
9454,ExtData[2].Val2,1,1,6,AbilityOperation: 6=BuffGroupCount.,Confirmed,
9454,ExtData[2].Val3,1,1,7,AbilityCondition: 7=GreaterThan.,Confirmed,
9454,ExtData[2].Val5,1,1,3,Operation-specific threshold or comparison value (semantics depend on AbilityOperation). Position confirmed from decompiled client ExtData schema.,Inferred,
9454,ExtData[2].Val6,1,1,1004,"Operation-specific reference value (RequirementId child link, ability ID, monster type, or other reference depending on AbilityOperation). Position confirmed from decompiled client ExtData schema.",Inferred,
9455,ExtData[0].Val1,1,1,1,AbilitySourceType: 1=Cast.,Confirmed,
9455,ExtData[0].Val2,1,1,11,AbilityOperation: 11=TargetActivatedComponent.,Confirmed,
9455,ExtData[0].Val3,1,1,1,AbilityCondition: 1=Equal.,Confirmed,
9455,ExtData[0].Val4,1,1,9,AbilityLogicOperator: 9=Or.,Confirmed,
9455,ExtData[0].Val5,1,1,8,Operation-specific threshold or comparison value (semantics depend on AbilityOperation). Position confirmed from decompiled client ExtData schema.,Inferred,
9455,ExtData[0].Val7,1,1,1,Operation-specific auxiliary parameter. Position confirmed from decompiled client ExtData schema.,Inferred,
9455,ExtData[1].Val1,1,1,1,AbilitySourceType: 1=Cast.,Confirmed,
9455,ExtData[1].Val2,1,1,11,AbilityOperation: 11=TargetActivatedComponent.,Confirmed,
9455,ExtData[1].Val3,1,1,1,AbilityCondition: 1=Equal.,Confirmed,
9455,ExtData[1].Val7,1,1,1,Operation-specific auxiliary parameter. Position confirmed from decompiled client ExtData schema.,Inferred,
9456,ExtData[0].Val1,1,1,1,AbilitySourceType: 1=Cast.,Confirmed,
9456,ExtData[0].Val2,1,1,6,AbilityOperation: 6=BuffGroupCount.,Confirmed,
9456,ExtData[0].Val3,1,1,1,AbilityCondition: 1=Equal.,Confirmed,
9456,ExtData[0].Val4,1,1,8,AbilityLogicOperator: 8=And.,Confirmed,
9456,ExtData[0].Val6,1,1,1442,"Operation-specific reference value (RequirementId child link, ability ID, monster type, or other reference depending on AbilityOperation). Position confirmed from decompiled client ExtData schema.",Inferred,
9456,ExtData[1].Val1,1,1,1,AbilitySourceType: 1=Cast.,Confirmed,
9456,ExtData[1].Val2,1,1,64,AbilityOperation: 64=Unk64.,Confirmed,
9456,ExtData[1].Val3,1,1,1,AbilityCondition: 1=Equal.,Confirmed,
9456,ExtData[1].Val7,1,1,17636,Operation-specific auxiliary parameter. Position confirmed from decompiled client ExtData schema.,Inferred,
9457,ExtData[0].Val1,1,1,1,AbilitySourceType: 1=Cast.,Confirmed,
9457,ExtData[0].Val2,1,1,8,AbilityOperation: 8=GetGroupOnAbilityUsed.,Confirmed,
9457,ExtData[0].Val3,1,1,6,AbilityCondition: 6=LessThan.,Confirmed,
9457,ExtData[0].Val4,1,1,8,AbilityLogicOperator: 8=And.,Confirmed,
9457,ExtData[0].Val6,1,1,1442,"Operation-specific reference value (RequirementId child link, ability ID, monster type, or other reference depending on AbilityOperation). Position confirmed from decompiled client ExtData schema.",Inferred,
9457,ExtData[1].Val1,1,1,1,AbilitySourceType: 1=Cast.,Confirmed,
9457,ExtData[1].Val2,1,1,11,AbilityOperation: 11=TargetActivatedComponent.,Confirmed,
9457,ExtData[1].Val3,1,1,1,AbilityCondition: 1=Equal.,Confirmed,
9457,ExtData[1].Val5,1,1,3,Operation-specific threshold or comparison value (semantics depend on AbilityOperation). Position confirmed from decompiled client ExtData schema.,Inferred,
9457,ExtData[1].Val7,1,1,1,Operation-specific auxiliary parameter. Position confirmed from decompiled client ExtData schema.,Inferred,
9458,ExtData[0].Val1,1,1,1,AbilitySourceType: 1=Cast.,Confirmed,
9458,ExtData[0].Val2,1,1,6,AbilityOperation: 6=BuffGroupCount.,Confirmed,
9458,ExtData[0].Val3,1,1,1,AbilityCondition: 1=Equal.,Confirmed,
9458,ExtData[0].Val4,1,1,9,AbilityLogicOperator: 9=Or.,Confirmed,
9458,ExtData[0].Val6,1,1,1442,"Operation-specific reference value (RequirementId child link, ability ID, monster type, or other reference depending on AbilityOperation). Position confirmed from decompiled client ExtData schema.",Inferred,
9458,ExtData[1].Val1,1,1,1,AbilitySourceType: 1=Cast.,Confirmed,
9458,ExtData[1].Val2,1,1,23,AbilityOperation: 23=RequirmentGroupCheck2.,Confirmed,
9458,ExtData[1].Val3,1,1,6,AbilityCondition: 6=LessThan.,Confirmed,
9458,ExtData[1].Val6,1,1,9457,Every distinct observed value in this field matches a known RequirementId row.,Inferred,Example requirement ids: 9457.
9459,ExtData[0].Val1,1,1,1,AbilitySourceType: 1=Cast.,Confirmed,
9459,ExtData[0].Val2,1,1,10,AbilityOperation: 10=RequirmentGroupCheck.,Confirmed,
9459,ExtData[0].Val3,1,1,6,AbilityCondition: 6=LessThan.,Confirmed,
9459,ExtData[0].Val4,1,1,12,AbilityLogicOperator: 12=Unk12.,Confirmed,
9459,ExtData[0].Val6,1,1,9204,Every distinct observed value in this field matches a known RequirementId row.,Inferred,Example requirement ids: 9204.
9459,ExtData[1].Val1,1,1,1,AbilitySourceType: 1=Cast.,Confirmed,
9459,ExtData[1].Val2,1,1,74,AbilityOperation: 74=AbilityLevel.,Confirmed,
9459,ExtData[1].Val3,1,1,7,AbilityCondition: 7=GreaterThan.,Confirmed,
9459,ExtData[1].Val4,1,1,12,AbilityLogicOperator: 12=Unk12.,Confirmed,
9459,ExtData[1].Val5,1,1,3,Operation-specific threshold or comparison value (semantics depend on AbilityOperation). Position confirmed from decompiled client ExtData schema.,Inferred,
9459,ExtData[1].Val6,1,1,8399,"Operation-specific reference value (RequirementId child link, ability ID, monster type, or other reference depending on AbilityOperation). Position confirmed from decompiled client ExtData schema.",Inferred,
9460,ExtData[0].Val1,1,1,1,AbilitySourceType: 1=Cast.,Confirmed,
9460,ExtData[0].Val2,1,1,10,AbilityOperation: 10=RequirmentGroupCheck.,Confirmed,
9460,ExtData[0].Val3,1,1,6,AbilityCondition: 6=LessThan.,Confirmed,
9460,ExtData[0].Val4,1,1,12,AbilityLogicOperator: 12=Unk12.,Confirmed,
9460,ExtData[0].Val6,1,1,9204,Every distinct observed value in this field matches a known RequirementId row.,Inferred,Example requirement ids: 9204.
9460,ExtData[1].Val1,1,1,1,AbilitySourceType: 1=Cast.,Confirmed,
9460,ExtData[1].Val2,1,1,74,AbilityOperation: 74=AbilityLevel.,Confirmed,
9460,ExtData[1].Val3,1,1,7,AbilityCondition: 7=GreaterThan.,Confirmed,
9460,ExtData[1].Val4,1,1,12,AbilityLogicOperator: 12=Unk12.,Confirmed,
9460,ExtData[1].Val5,1,1,3,Operation-specific threshold or comparison value (semantics depend on AbilityOperation). Position confirmed from decompiled client ExtData schema.,Inferred,
9460,ExtData[1].Val6,1,1,9165,Every distinct observed value in this field matches a known RequirementId row.,Inferred,Example requirement ids: 9165.
9469,ExtData[0].Val1,1,1,1,AbilitySourceType: 1=Cast.,Confirmed,
9469,ExtData[0].Val2,1,1,10,AbilityOperation: 10=RequirmentGroupCheck.,Confirmed,
9469,ExtData[0].Val3,1,1,1,AbilityCondition: 1=Equal.,Confirmed,
9469,ExtData[0].Val4,1,1,8,AbilityLogicOperator: 8=And.,Confirmed,
9469,ExtData[0].Val5,1,1,3,Operation-specific threshold or comparison value (semantics depend on AbilityOperation). Position confirmed from decompiled client ExtData schema.,Inferred,
9469,ExtData[0].Val6,1,1,9461,Every distinct observed value in this field matches a known RequirementId row.,Inferred,Example requirement ids: 9461.
9469,ExtData[0].Val7,1,1,1,Operation-specific auxiliary parameter. Position confirmed from decompiled client ExtData schema.,Inferred,
9470,ExtData[0].Val1,1,1,1,AbilitySourceType: 1=Cast.,Confirmed,
9470,ExtData[0].Val2,1,1,10,AbilityOperation: 10=RequirmentGroupCheck.,Confirmed,
9470,ExtData[0].Val3,1,1,1,AbilityCondition: 1=Equal.,Confirmed,
9470,ExtData[0].Val4,1,1,8,AbilityLogicOperator: 8=And.,Confirmed,
9470,ExtData[0].Val5,1,1,3,Operation-specific threshold or comparison value (semantics depend on AbilityOperation). Position confirmed from decompiled client ExtData schema.,Inferred,
9470,ExtData[0].Val6,1,1,9462,Every distinct observed value in this field matches a known RequirementId row.,Inferred,Example requirement ids: 9462.
9470,ExtData[0].Val7,1,1,1,Operation-specific auxiliary parameter. Position confirmed from decompiled client ExtData schema.,Inferred,
9471,ExtData[0].Val1,1,1,1,AbilitySourceType: 1=Cast.,Confirmed,
9471,ExtData[0].Val2,1,1,10,AbilityOperation: 10=RequirmentGroupCheck.,Confirmed,
9471,ExtData[0].Val3,1,1,1,AbilityCondition: 1=Equal.,Confirmed,
9471,ExtData[0].Val4,1,1,8,AbilityLogicOperator: 8=And.,Confirmed,
9471,ExtData[0].Val5,1,1,3,Operation-specific threshold or comparison value (semantics depend on AbilityOperation). Position confirmed from decompiled client ExtData schema.,Inferred,
9471,ExtData[0].Val6,1,1,9463,Every distinct observed value in this field matches a known RequirementId row.,Inferred,Example requirement ids: 9463.
9471,ExtData[0].Val7,1,1,1,Operation-specific auxiliary parameter. Position confirmed from decompiled client ExtData schema.,Inferred,
9472,ExtData[0].Val1,1,1,1,AbilitySourceType: 1=Cast.,Confirmed,
9472,ExtData[0].Val2,1,1,10,AbilityOperation: 10=RequirmentGroupCheck.,Confirmed,
9472,ExtData[0].Val3,1,1,1,AbilityCondition: 1=Equal.,Confirmed,
9472,ExtData[0].Val4,1,1,8,AbilityLogicOperator: 8=And.,Confirmed,
9472,ExtData[0].Val5,1,1,3,Operation-specific threshold or comparison value (semantics depend on AbilityOperation). Position confirmed from decompiled client ExtData schema.,Inferred,
9472,ExtData[0].Val6,1,1,9464,Every distinct observed value in this field matches a known RequirementId row.,Inferred,Example requirement ids: 9464.
9472,ExtData[0].Val7,1,1,1,Operation-specific auxiliary parameter. Position confirmed from decompiled client ExtData schema.,Inferred,
9473,ExtData[0].Val1,1,1,1,AbilitySourceType: 1=Cast.,Confirmed,
9473,ExtData[0].Val2,1,1,10,AbilityOperation: 10=RequirmentGroupCheck.,Confirmed,
9473,ExtData[0].Val3,1,1,1,AbilityCondition: 1=Equal.,Confirmed,
9473,ExtData[0].Val4,1,1,8,AbilityLogicOperator: 8=And.,Confirmed,
9473,ExtData[0].Val5,1,1,3,Operation-specific threshold or comparison value (semantics depend on AbilityOperation). Position confirmed from decompiled client ExtData schema.,Inferred,
9473,ExtData[0].Val6,1,1,9465,Every distinct observed value in this field matches a known RequirementId row.,Inferred,Example requirement ids: 9465.
9473,ExtData[0].Val7,1,1,1,Operation-specific auxiliary parameter. Position confirmed from decompiled client ExtData schema.,Inferred,
9474,ExtData[0].Val1,1,1,1,AbilitySourceType: 1=Cast.,Confirmed,
9474,ExtData[0].Val2,1,1,10,AbilityOperation: 10=RequirmentGroupCheck.,Confirmed,
9474,ExtData[0].Val3,1,1,1,AbilityCondition: 1=Equal.,Confirmed,
9474,ExtData[0].Val4,1,1,8,AbilityLogicOperator: 8=And.,Confirmed,
9474,ExtData[0].Val5,1,1,3,Operation-specific threshold or comparison value (semantics depend on AbilityOperation). Position confirmed from decompiled client ExtData schema.,Inferred,
9474,ExtData[0].Val6,1,1,9466,Every distinct observed value in this field matches a known RequirementId row.,Inferred,Example requirement ids: 9466.
9474,ExtData[0].Val7,1,1,1,Operation-specific auxiliary parameter. Position confirmed from decompiled client ExtData schema.,Inferred,
9475,ExtData[0].Val1,1,1,1,AbilitySourceType: 1=Cast.,Confirmed,
9475,ExtData[0].Val2,1,1,10,AbilityOperation: 10=RequirmentGroupCheck.,Confirmed,
9475,ExtData[0].Val3,1,1,1,AbilityCondition: 1=Equal.,Confirmed,
9475,ExtData[0].Val4,1,1,8,AbilityLogicOperator: 8=And.,Confirmed,
9475,ExtData[0].Val5,1,1,3,Operation-specific threshold or comparison value (semantics depend on AbilityOperation). Position confirmed from decompiled client ExtData schema.,Inferred,
9475,ExtData[0].Val6,1,1,9467,Every distinct observed value in this field matches a known RequirementId row.,Inferred,Example requirement ids: 9467.
9475,ExtData[0].Val7,1,1,1,Operation-specific auxiliary parameter. Position confirmed from decompiled client ExtData schema.,Inferred,
9476,ExtData[0].Val1,1,1,1,AbilitySourceType: 1=Cast.,Confirmed,
9476,ExtData[0].Val2,1,1,10,AbilityOperation: 10=RequirmentGroupCheck.,Confirmed,
9476,ExtData[0].Val3,1,1,1,AbilityCondition: 1=Equal.,Confirmed,
9476,ExtData[0].Val4,1,1,8,AbilityLogicOperator: 8=And.,Confirmed,
9476,ExtData[0].Val5,1,1,3,Operation-specific threshold or comparison value (semantics depend on AbilityOperation). Position confirmed from decompiled client ExtData schema.,Inferred,
9476,ExtData[0].Val6,1,1,9468,Every distinct observed value in this field matches a known RequirementId row.,Inferred,Example requirement ids: 9468.
9476,ExtData[0].Val7,1,1,1,Operation-specific auxiliary parameter. Position confirmed from decompiled client ExtData schema.,Inferred,
9477,ExtData[0].Val1,1,1,1,AbilitySourceType: 1=Cast.,Confirmed,
9477,ExtData[0].Val2,1,1,10,AbilityOperation: 10=RequirmentGroupCheck.,Confirmed,
9477,ExtData[0].Val3,1,1,1,AbilityCondition: 1=Equal.,Confirmed,
9477,ExtData[0].Val4,1,1,8,AbilityLogicOperator: 8=And.,Confirmed,
9477,ExtData[0].Val5,1,1,3,Operation-specific threshold or comparison value (semantics depend on AbilityOperation). Position confirmed from decompiled client ExtData schema.,Inferred,
9477,ExtData[0].Val6,1,1,9478,Every distinct observed value in this field matches a known RequirementId row.,Inferred,Example requirement ids: 9478.
9477,ExtData[1].Val1,1,1,1,AbilitySourceType: 1=Cast.,Confirmed,
9477,ExtData[1].Val2,1,1,10,AbilityOperation: 10=RequirmentGroupCheck.,Confirmed,
9477,ExtData[1].Val3,1,1,1,AbilityCondition: 1=Equal.,Confirmed,
9477,ExtData[1].Val4,1,1,8,AbilityLogicOperator: 8=And.,Confirmed,
9477,ExtData[1].Val5,1,1,3,Operation-specific threshold or comparison value (semantics depend on AbilityOperation). Position confirmed from decompiled client ExtData schema.,Inferred,
9477,ExtData[1].Val6,1,1,9479,Every distinct observed value in this field matches a known RequirementId row.,Inferred,Example requirement ids: 9479.
9477,ExtData[2].Val1,1,1,1,AbilitySourceType: 1=Cast.,Confirmed,
9477,ExtData[2].Val2,1,1,10,AbilityOperation: 10=RequirmentGroupCheck.,Confirmed,
9477,ExtData[2].Val3,1,1,1,AbilityCondition: 1=Equal.,Confirmed,
9477,ExtData[2].Val4,1,1,8,AbilityLogicOperator: 8=And.,Confirmed,
9477,ExtData[2].Val5,1,1,3,Operation-specific threshold or comparison value (semantics depend on AbilityOperation). Position confirmed from decompiled client ExtData schema.,Inferred,
9477,ExtData[2].Val6,1,1,9480,Every distinct observed value in this field matches a known RequirementId row.,Inferred,Example requirement ids: 9480.
9477,ExtData[3].Val1,1,1,1,AbilitySourceType: 1=Cast.,Confirmed,
9477,ExtData[3].Val2,1,1,10,AbilityOperation: 10=RequirmentGroupCheck.,Confirmed,
9477,ExtData[3].Val3,1,1,1,AbilityCondition: 1=Equal.,Confirmed,
9477,ExtData[3].Val4,1,1,8,AbilityLogicOperator: 8=And.,Confirmed,
9477,ExtData[3].Val5,1,1,3,Operation-specific threshold or comparison value (semantics depend on AbilityOperation). Position confirmed from decompiled client ExtData schema.,Inferred,
9477,ExtData[3].Val6,1,1,9481,Every distinct observed value in this field matches a known RequirementId row.,Inferred,Example requirement ids: 9481.
9478,ExtData[0].Val1,1,1,1,AbilitySourceType: 1=Cast.,Confirmed,
9478,ExtData[0].Val2,1,1,6,AbilityOperation: 6=BuffGroupCount.,Confirmed,
9478,ExtData[0].Val3,1,1,6,AbilityCondition: 6=LessThan.,Confirmed,
9478,ExtData[0].Val4,1,1,8,AbilityLogicOperator: 8=And.,Confirmed,
9478,ExtData[0].Val5,1,1,3,Operation-specific threshold or comparison value (semantics depend on AbilityOperation). Position confirmed from decompiled client ExtData schema.,Inferred,
9478,ExtData[0].Val6,1,1,1396,"Operation-specific reference value (RequirementId child link, ability ID, monster type, or other reference depending on AbilityOperation). Position confirmed from decompiled client ExtData schema.",Inferred,
9478,ExtData[1].Val1,1,1,1,AbilitySourceType: 1=Cast.,Confirmed,
9478,ExtData[1].Val2,1,1,6,AbilityOperation: 6=BuffGroupCount.,Confirmed,
9478,ExtData[1].Val3,1,1,1,AbilityCondition: 1=Equal.,Confirmed,
9478,ExtData[1].Val4,1,1,8,AbilityLogicOperator: 8=And.,Confirmed,
9478,ExtData[1].Val5,1,1,3,Operation-specific threshold or comparison value (semantics depend on AbilityOperation). Position confirmed from decompiled client ExtData schema.,Inferred,
9478,ExtData[1].Val6,1,1,1397,"Operation-specific reference value (RequirementId child link, ability ID, monster type, or other reference depending on AbilityOperation). Position confirmed from decompiled client ExtData schema.",Inferred,
9478,ExtData[2].Val1,1,1,1,AbilitySourceType: 1=Cast.,Confirmed,
9478,ExtData[2].Val2,1,1,6,AbilityOperation: 6=BuffGroupCount.,Confirmed,
9478,ExtData[2].Val3,1,1,1,AbilityCondition: 1=Equal.,Confirmed,
9478,ExtData[2].Val4,1,1,8,AbilityLogicOperator: 8=And.,Confirmed,
9478,ExtData[2].Val5,1,1,3,Operation-specific threshold or comparison value (semantics depend on AbilityOperation). Position confirmed from decompiled client ExtData schema.,Inferred,
9478,ExtData[2].Val6,1,1,1398,"Operation-specific reference value (RequirementId child link, ability ID, monster type, or other reference depending on AbilityOperation). Position confirmed from decompiled client ExtData schema.",Inferred,
9478,ExtData[3].Val1,1,1,1,AbilitySourceType: 1=Cast.,Confirmed,
9478,ExtData[3].Val2,1,1,6,AbilityOperation: 6=BuffGroupCount.,Confirmed,
9478,ExtData[3].Val3,1,1,1,AbilityCondition: 1=Equal.,Confirmed,
9478,ExtData[3].Val4,1,1,8,AbilityLogicOperator: 8=And.,Confirmed,
9478,ExtData[3].Val5,1,1,3,Operation-specific threshold or comparison value (semantics depend on AbilityOperation). Position confirmed from decompiled client ExtData schema.,Inferred,
9478,ExtData[3].Val6,1,1,1399,"Operation-specific reference value (RequirementId child link, ability ID, monster type, or other reference depending on AbilityOperation). Position confirmed from decompiled client ExtData schema.",Inferred,
9479,ExtData[0].Val1,1,1,1,AbilitySourceType: 1=Cast.,Confirmed,
9479,ExtData[0].Val2,1,1,6,AbilityOperation: 6=BuffGroupCount.,Confirmed,
9479,ExtData[0].Val3,1,1,6,AbilityCondition: 6=LessThan.,Confirmed,
9479,ExtData[0].Val4,1,1,8,AbilityLogicOperator: 8=And.,Confirmed,
9479,ExtData[0].Val5,1,1,3,Operation-specific threshold or comparison value (semantics depend on AbilityOperation). Position confirmed from decompiled client ExtData schema.,Inferred,
9479,ExtData[0].Val6,1,1,1397,"Operation-specific reference value (RequirementId child link, ability ID, monster type, or other reference depending on AbilityOperation). Position confirmed from decompiled client ExtData schema.",Inferred,
9479,ExtData[1].Val1,1,1,1,AbilitySourceType: 1=Cast.,Confirmed,
9479,ExtData[1].Val2,1,1,6,AbilityOperation: 6=BuffGroupCount.,Confirmed,
9479,ExtData[1].Val3,1,1,1,AbilityCondition: 1=Equal.,Confirmed,
9479,ExtData[1].Val4,1,1,8,AbilityLogicOperator: 8=And.,Confirmed,
9479,ExtData[1].Val5,1,1,3,Operation-specific threshold or comparison value (semantics depend on AbilityOperation). Position confirmed from decompiled client ExtData schema.,Inferred,
9479,ExtData[1].Val6,1,1,1398,"Operation-specific reference value (RequirementId child link, ability ID, monster type, or other reference depending on AbilityOperation). Position confirmed from decompiled client ExtData schema.",Inferred,
9479,ExtData[2].Val1,1,1,1,AbilitySourceType: 1=Cast.,Confirmed,
9479,ExtData[2].Val2,1,1,6,AbilityOperation: 6=BuffGroupCount.,Confirmed,
9479,ExtData[2].Val3,1,1,1,AbilityCondition: 1=Equal.,Confirmed,
9479,ExtData[2].Val4,1,1,8,AbilityLogicOperator: 8=And.,Confirmed,
9479,ExtData[2].Val5,1,1,3,Operation-specific threshold or comparison value (semantics depend on AbilityOperation). Position confirmed from decompiled client ExtData schema.,Inferred,
9479,ExtData[2].Val6,1,1,1399,"Operation-specific reference value (RequirementId child link, ability ID, monster type, or other reference depending on AbilityOperation). Position confirmed from decompiled client ExtData schema.",Inferred,
9480,ExtData[0].Val1,1,1,1,AbilitySourceType: 1=Cast.,Confirmed,
9480,ExtData[0].Val2,1,1,6,AbilityOperation: 6=BuffGroupCount.,Confirmed,
9480,ExtData[0].Val3,1,1,6,AbilityCondition: 6=LessThan.,Confirmed,
9480,ExtData[0].Val4,1,1,8,AbilityLogicOperator: 8=And.,Confirmed,
9480,ExtData[0].Val5,1,1,3,Operation-specific threshold or comparison value (semantics depend on AbilityOperation). Position confirmed from decompiled client ExtData schema.,Inferred,
9480,ExtData[0].Val6,1,1,1398,"Operation-specific reference value (RequirementId child link, ability ID, monster type, or other reference depending on AbilityOperation). Position confirmed from decompiled client ExtData schema.",Inferred,
9480,ExtData[1].Val1,1,1,1,AbilitySourceType: 1=Cast.,Confirmed,
9480,ExtData[1].Val2,1,1,6,AbilityOperation: 6=BuffGroupCount.,Confirmed,
9480,ExtData[1].Val3,1,1,1,AbilityCondition: 1=Equal.,Confirmed,
9480,ExtData[1].Val4,1,1,8,AbilityLogicOperator: 8=And.,Confirmed,
9480,ExtData[1].Val5,1,1,3,Operation-specific threshold or comparison value (semantics depend on AbilityOperation). Position confirmed from decompiled client ExtData schema.,Inferred,
9480,ExtData[1].Val6,1,1,1399,"Operation-specific reference value (RequirementId child link, ability ID, monster type, or other reference depending on AbilityOperation). Position confirmed from decompiled client ExtData schema.",Inferred,
9481,ExtData[0].Val1,1,1,1,AbilitySourceType: 1=Cast.,Confirmed,
9481,ExtData[0].Val2,1,1,6,AbilityOperation: 6=BuffGroupCount.,Confirmed,
9481,ExtData[0].Val3,1,1,6,AbilityCondition: 6=LessThan.,Confirmed,
9481,ExtData[0].Val4,1,1,8,AbilityLogicOperator: 8=And.,Confirmed,
9481,ExtData[0].Val5,1,1,3,Operation-specific threshold or comparison value (semantics depend on AbilityOperation). Position confirmed from decompiled client ExtData schema.,Inferred,
9481,ExtData[0].Val6,1,1,1399,"Operation-specific reference value (RequirementId child link, ability ID, monster type, or other reference depending on AbilityOperation). Position confirmed from decompiled client ExtData schema.",Inferred,
9483,ExtData[0].Val1,1,1,1,AbilitySourceType: 1=Cast.,Confirmed,
9483,ExtData[0].Val2,1,1,16,AbilityOperation: 16=MonsterType.,Confirmed,
9483,ExtData[0].Val3,1,1,1,AbilityCondition: 1=Equal.,Confirmed,
9483,ExtData[0].Val4,1,1,9,AbilityLogicOperator: 9=Or.,Confirmed,
9483,ExtData[0].Val6,1,1,8341,"Operation-specific reference value (RequirementId child link, ability ID, monster type, or other reference depending on AbilityOperation). Position confirmed from decompiled client ExtData schema.",Inferred,
9483,ExtData[0].Val7,1,1,1,Operation-specific auxiliary parameter. Position confirmed from decompiled client ExtData schema.,Inferred,
9483,ExtData[1].Val1,1,1,1,AbilitySourceType: 1=Cast.,Confirmed,
9483,ExtData[1].Val2,1,1,16,AbilityOperation: 16=MonsterType.,Confirmed,
9483,ExtData[1].Val3,1,1,1,AbilityCondition: 1=Equal.,Confirmed,
9483,ExtData[1].Val4,1,1,9,AbilityLogicOperator: 9=Or.,Confirmed,
9483,ExtData[1].Val6,1,1,8342,"Operation-specific reference value (RequirementId child link, ability ID, monster type, or other reference depending on AbilityOperation). Position confirmed from decompiled client ExtData schema.",Inferred,
9483,ExtData[1].Val7,1,1,1,Operation-specific auxiliary parameter. Position confirmed from decompiled client ExtData schema.,Inferred,
9483,ExtData[2].Val1,1,1,1,AbilitySourceType: 1=Cast.,Confirmed,
9483,ExtData[2].Val2,1,1,16,AbilityOperation: 16=MonsterType.,Confirmed,
9483,ExtData[2].Val3,1,1,1,AbilityCondition: 1=Equal.,Confirmed,
9483,ExtData[2].Val6,1,1,8343,"Operation-specific reference value (RequirementId child link, ability ID, monster type, or other reference depending on AbilityOperation). Position confirmed from decompiled client ExtData schema.",Inferred,
9483,ExtData[2].Val7,1,1,1,Operation-specific auxiliary parameter. Position confirmed from decompiled client ExtData schema.,Inferred,
9486,ExtData[0].Val1,1,1,1,AbilitySourceType: 1=Cast.,Confirmed,
9486,ExtData[0].Val2,1,1,10,AbilityOperation: 10=RequirmentGroupCheck.,Confirmed,
9486,ExtData[0].Val3,1,1,1,AbilityCondition: 1=Equal.,Confirmed,
9486,ExtData[0].Val4,1,1,8,AbilityLogicOperator: 8=And.,Confirmed,
9486,ExtData[0].Val5,1,1,3,Operation-specific threshold or comparison value (semantics depend on AbilityOperation). Position confirmed from decompiled client ExtData schema.,Inferred,
9486,ExtData[0].Val6,1,1,9485,Every distinct observed value in this field matches a known RequirementId row.,Inferred,Example requirement ids: 9485.
9486,ExtData[0].Val7,1,1,1,Operation-specific auxiliary parameter. Position confirmed from decompiled client ExtData schema.,Inferred,
9487,ExtData[0].Val1,1,1,1,AbilitySourceType: 1=Cast.,Confirmed,
9487,ExtData[0].Val2,1,1,6,AbilityOperation: 6=BuffGroupCount.,Confirmed,
9487,ExtData[0].Val3,1,1,1,AbilityCondition: 1=Equal.,Confirmed,
9487,ExtData[0].Val4,1,1,8,AbilityLogicOperator: 8=And.,Confirmed,
9487,ExtData[0].Val6,1,1,1044,"Operation-specific reference value (RequirementId child link, ability ID, monster type, or other reference depending on AbilityOperation). Position confirmed from decompiled client ExtData schema.",Inferred,
9487,ExtData[1].Val1,1,1,1,AbilitySourceType: 1=Cast.,Confirmed,
9487,ExtData[1].Val2,1,1,6,AbilityOperation: 6=BuffGroupCount.,Confirmed,
9487,ExtData[1].Val3,1,1,1,AbilityCondition: 1=Equal.,Confirmed,
9487,ExtData[1].Val4,1,1,8,AbilityLogicOperator: 8=And.,Confirmed,
9487,ExtData[1].Val6,1,1,1016,"Operation-specific reference value (RequirementId child link, ability ID, monster type, or other reference depending on AbilityOperation). Position confirmed from decompiled client ExtData schema.",Inferred,
9487,ExtData[2].Val1,1,1,1,AbilitySourceType: 1=Cast.,Confirmed,
9487,ExtData[2].Val2,1,1,6,AbilityOperation: 6=BuffGroupCount.,Confirmed,
9487,ExtData[2].Val3,1,1,1,AbilityCondition: 1=Equal.,Confirmed,
9487,ExtData[2].Val4,1,1,8,AbilityLogicOperator: 8=And.,Confirmed,
9487,ExtData[2].Val6,1,1,1015,"Operation-specific reference value (RequirementId child link, ability ID, monster type, or other reference depending on AbilityOperation). Position confirmed from decompiled client ExtData schema.",Inferred,
9487,ExtData[3].Val1,1,1,1,AbilitySourceType: 1=Cast.,Confirmed,
9487,ExtData[3].Val2,1,1,6,AbilityOperation: 6=BuffGroupCount.,Confirmed,
9487,ExtData[3].Val3,1,1,1,AbilityCondition: 1=Equal.,Confirmed,
9487,ExtData[3].Val4,1,1,8,AbilityLogicOperator: 8=And.,Confirmed,
9487,ExtData[3].Val6,1,1,1030,"Operation-specific reference value (RequirementId child link, ability ID, monster type, or other reference depending on AbilityOperation). Position confirmed from decompiled client ExtData schema.",Inferred,
9487,ExtData[4].Val1,1,1,1,AbilitySourceType: 1=Cast.,Confirmed,
9487,ExtData[4].Val2,1,1,6,AbilityOperation: 6=BuffGroupCount.,Confirmed,
9487,ExtData[4].Val3,1,1,1,AbilityCondition: 1=Equal.,Confirmed,
9487,ExtData[4].Val6,1,1,1220,"Operation-specific reference value (RequirementId child link, ability ID, monster type, or other reference depending on AbilityOperation). Position confirmed from decompiled client ExtData schema.",Inferred,
9488,ExtData[0].Val1,1,1,1,AbilitySourceType: 1=Cast.,Confirmed,
9488,ExtData[0].Val2,1,1,8,AbilityOperation: 8=GetGroupOnAbilityUsed.,Confirmed,
9488,ExtData[0].Val3,1,1,6,AbilityCondition: 6=LessThan.,Confirmed,
9488,ExtData[0].Val4,1,1,8,AbilityLogicOperator: 8=And.,Confirmed,
9488,ExtData[0].Val6,1,1,1015,"Operation-specific reference value (RequirementId child link, ability ID, monster type, or other reference depending on AbilityOperation). Position confirmed from decompiled client ExtData schema.",Inferred,
9488,ExtData[1].Val1,1,1,1,AbilitySourceType: 1=Cast.,Confirmed,
9488,ExtData[1].Val2,1,1,8,AbilityOperation: 8=GetGroupOnAbilityUsed.,Confirmed,
9488,ExtData[1].Val3,1,1,1,AbilityCondition: 1=Equal.,Confirmed,
9488,ExtData[1].Val6,1,1,1324,"Operation-specific reference value (RequirementId child link, ability ID, monster type, or other reference depending on AbilityOperation). Position confirmed from decompiled client ExtData schema.",Inferred,
9491,ExtData[0].Val1,1,1,1,AbilitySourceType: 1=Cast.,Confirmed,
9491,ExtData[0].Val2,1,1,10,AbilityOperation: 10=RequirmentGroupCheck.,Confirmed,
9491,ExtData[0].Val3,1,1,1,AbilityCondition: 1=Equal.,Confirmed,
9491,ExtData[0].Val4,1,1,8,AbilityLogicOperator: 8=And.,Confirmed,
9491,ExtData[0].Val5,1,1,3,Operation-specific threshold or comparison value (semantics depend on AbilityOperation). Position confirmed from decompiled client ExtData schema.,Inferred,
9491,ExtData[0].Val6,1,1,9490,Every distinct observed value in this field matches a known RequirementId row.,Inferred,Example requirement ids: 9490.
9491,ExtData[0].Val7,1,1,1,Operation-specific auxiliary parameter. Position confirmed from decompiled client ExtData schema.,Inferred,
9492,ExtData[0].Val1,1,1,1,AbilitySourceType: 1=Cast.,Confirmed,
9492,ExtData[0].Val2,1,1,31,AbilityOperation: 31=InCombat.,Confirmed,
9492,ExtData[0].Val3,1,1,1,AbilityCondition: 1=Equal.,Confirmed,
9492,ExtData[0].Val4,1,1,8,AbilityLogicOperator: 8=And.,Confirmed,
9492,ExtData[0].Val5,1,1,3,Operation-specific threshold or comparison value (semantics depend on AbilityOperation). Position confirmed from decompiled client ExtData schema.,Inferred,
9493,ExtData[1].Val1,1,1,1,AbilitySourceType: 1=Cast.,Confirmed,
9493,ExtData[1].Val2,1,1,18,AbilityOperation: 18=WoundsPercent.,Confirmed,
9493,ExtData[1].Val3,1,1,7,AbilityCondition: 7=GreaterThan.,Confirmed,
9493,ExtData[1].Val5,1,1,5,Operation-specific threshold or comparison value (semantics depend on AbilityOperation). Position confirmed from decompiled client ExtData schema.,Inferred,
9494,ExtData[0].Val1,1,1,1,AbilitySourceType: 1=Cast.,Confirmed,
9494,ExtData[0].Val2,1,1,6,AbilityOperation: 6=BuffGroupCount.,Confirmed,
9494,ExtData[0].Val3,1,1,6,AbilityCondition: 6=LessThan.,Confirmed,
9494,ExtData[0].Val4,1,1,9,AbilityLogicOperator: 9=Or.,Confirmed,
9494,ExtData[0].Val6,1,1,1007,"Operation-specific reference value (RequirementId child link, ability ID, monster type, or other reference depending on AbilityOperation). Position confirmed from decompiled client ExtData schema.",Inferred,
9494,ExtData[0].Val9,1,1,1,Binary flag byte. Position confirmed from decompiled client ExtData schema.,Inferred,
9494,ExtData[1].Val1,1,1,1,AbilitySourceType: 1=Cast.,Confirmed,
9494,ExtData[1].Val2,1,1,6,AbilityOperation: 6=BuffGroupCount.,Confirmed,
9494,ExtData[1].Val3,1,1,6,AbilityCondition: 6=LessThan.,Confirmed,
9494,ExtData[1].Val6,1,1,1008,"Operation-specific reference value (RequirementId child link, ability ID, monster type, or other reference depending on AbilityOperation). Position confirmed from decompiled client ExtData schema.",Inferred,
9494,ExtData[1].Val9,1,1,1,Binary flag byte. Position confirmed from decompiled client ExtData schema.,Inferred,
9495,ExtData[0].Val1,1,1,1,AbilitySourceType: 1=Cast.,Confirmed,
9495,ExtData[0].Val2,1,1,16,AbilityOperation: 16=MonsterType.,Confirmed,
9495,ExtData[0].Val3,1,1,1,AbilityCondition: 1=Equal.,Confirmed,
9495,ExtData[0].Val4,1,1,9,AbilityLogicOperator: 9=Or.,Confirmed,
9495,ExtData[0].Val6,1,1,8342,"Operation-specific reference value (RequirementId child link, ability ID, monster type, or other reference depending on AbilityOperation). Position confirmed from decompiled client ExtData schema.",Inferred,
9495,ExtData[0].Val7,1,1,1,Operation-specific auxiliary parameter. Position confirmed from decompiled client ExtData schema.,Inferred,
9495,ExtData[1].Val1,1,1,1,AbilitySourceType: 1=Cast.,Confirmed,
9495,ExtData[1].Val2,1,1,16,AbilityOperation: 16=MonsterType.,Confirmed,
9495,ExtData[1].Val3,1,1,1,AbilityCondition: 1=Equal.,Confirmed,
9495,ExtData[1].Val6,1,1,8343,"Operation-specific reference value (RequirementId child link, ability ID, monster type, or other reference depending on AbilityOperation). Position confirmed from decompiled client ExtData schema.",Inferred,
9495,ExtData[1].Val7,1,1,1,Operation-specific auxiliary parameter. Position confirmed from decompiled client ExtData schema.,Inferred,
9553,ExtData[0].Val1,1,1,1,AbilitySourceType: 1=Cast.,Confirmed,
9553,ExtData[0].Val2,1,1,10,AbilityOperation: 10=RequirmentGroupCheck.,Confirmed,
9553,ExtData[0].Val3,1,1,1,AbilityCondition: 1=Equal.,Confirmed,
9553,ExtData[0].Val4,1,1,9,AbilityLogicOperator: 9=Or.,Confirmed,
9553,ExtData[0].Val6,1,1,9593,Every distinct observed value in this field matches a known RequirementId row.,Inferred,Example requirement ids: 9593.
9553,ExtData[0].Val9,1,1,1,Binary flag byte. Position confirmed from decompiled client ExtData schema.,Inferred,
9553,ExtData[1].Val1,1,1,1,AbilitySourceType: 1=Cast.,Confirmed,
9553,ExtData[1].Val2,1,1,8,AbilityOperation: 8=GetGroupOnAbilityUsed.,Confirmed,
9553,ExtData[1].Val3,1,1,6,AbilityCondition: 6=LessThan.,Confirmed,
9553,ExtData[1].Val6,1,1,1215,"Operation-specific reference value (RequirementId child link, ability ID, monster type, or other reference depending on AbilityOperation). Position confirmed from decompiled client ExtData schema.",Inferred,
9553,ExtData[1].Val9,1,1,1,Binary flag byte. Position confirmed from decompiled client ExtData schema.,Inferred,
9554,ExtData[0].Val1,1,1,1,AbilitySourceType: 1=Cast.,Confirmed,
9554,ExtData[0].Val2,1,1,17,AbilityOperation: 17=PreviousComponentActivated.,Confirmed,
9554,ExtData[0].Val3,1,1,6,AbilityCondition: 6=LessThan.,Confirmed,
9554,ExtData[0].Val4,1,1,9,AbilityLogicOperator: 9=Or.,Confirmed,
9554,ExtData[0].Val5,1,1,3,Operation-specific threshold or comparison value (semantics depend on AbilityOperation). Position confirmed from decompiled client ExtData schema.,Inferred,
9554,ExtData[1].Val1,1,1,1,AbilitySourceType: 1=Cast.,Confirmed,
9554,ExtData[1].Val2,1,1,17,AbilityOperation: 17=PreviousComponentActivated.,Confirmed,
9554,ExtData[1].Val3,1,1,6,AbilityCondition: 6=LessThan.,Confirmed,
9554,ExtData[1].Val4,1,1,9,AbilityLogicOperator: 9=Or.,Confirmed,
9554,ExtData[1].Val5,1,1,3,Operation-specific threshold or comparison value (semantics depend on AbilityOperation). Position confirmed from decompiled client ExtData schema.,Inferred,
9554,ExtData[1].Val6,1,1,1,"Operation-specific reference value (RequirementId child link, ability ID, monster type, or other reference depending on AbilityOperation). Position confirmed from decompiled client ExtData schema.",Inferred,
9554,ExtData[2].Val1,1,1,1,AbilitySourceType: 1=Cast.,Confirmed,
9554,ExtData[2].Val2,1,1,17,AbilityOperation: 17=PreviousComponentActivated.,Confirmed,
9554,ExtData[2].Val3,1,1,6,AbilityCondition: 6=LessThan.,Confirmed,
9554,ExtData[2].Val4,1,1,9,AbilityLogicOperator: 9=Or.,Confirmed,
9554,ExtData[2].Val5,1,1,3,Operation-specific threshold or comparison value (semantics depend on AbilityOperation). Position confirmed from decompiled client ExtData schema.,Inferred,
9554,ExtData[2].Val6,1,1,2,"Operation-specific reference value (RequirementId child link, ability ID, monster type, or other reference depending on AbilityOperation). Position confirmed from decompiled client ExtData schema.",Inferred,
9554,ExtData[3].Val1,1,1,1,AbilitySourceType: 1=Cast.,Confirmed,
9554,ExtData[3].Val2,1,1,17,AbilityOperation: 17=PreviousComponentActivated.,Confirmed,
9554,ExtData[3].Val3,1,1,6,AbilityCondition: 6=LessThan.,Confirmed,
9554,ExtData[3].Val4,1,1,9,AbilityLogicOperator: 9=Or.,Confirmed,
9554,ExtData[3].Val5,1,1,3,Operation-specific threshold or comparison value (semantics depend on AbilityOperation). Position confirmed from decompiled client ExtData schema.,Inferred,
9554,ExtData[3].Val6,1,1,3,"Operation-specific reference value (RequirementId child link, ability ID, monster type, or other reference depending on AbilityOperation). Position confirmed from decompiled client ExtData schema.",Inferred,
9554,ExtData[4].Val1,1,1,1,AbilitySourceType: 1=Cast.,Confirmed,
9554,ExtData[4].Val2,1,1,17,AbilityOperation: 17=PreviousComponentActivated.,Confirmed,
9554,ExtData[4].Val3,1,1,6,AbilityCondition: 6=LessThan.,Confirmed,
9554,ExtData[4].Val4,1,1,9,AbilityLogicOperator: 9=Or.,Confirmed,
9554,ExtData[4].Val5,1,1,3,Operation-specific threshold or comparison value (semantics depend on AbilityOperation). Position confirmed from decompiled client ExtData schema.,Inferred,
9554,ExtData[4].Val6,1,1,4,"Operation-specific reference value (RequirementId child link, ability ID, monster type, or other reference depending on AbilityOperation). Position confirmed from decompiled client ExtData schema.",Inferred,
9554,ExtData[5].Val1,1,1,1,AbilitySourceType: 1=Cast.,Confirmed,
9554,ExtData[5].Val2,1,1,17,AbilityOperation: 17=PreviousComponentActivated.,Confirmed,
9554,ExtData[5].Val3,1,1,6,AbilityCondition: 6=LessThan.,Confirmed,
9554,ExtData[5].Val5,1,1,3,Operation-specific threshold or comparison value (semantics depend on AbilityOperation). Position confirmed from decompiled client ExtData schema.,Inferred,
9554,ExtData[5].Val6,1,1,5,"Operation-specific reference value (RequirementId child link, ability ID, monster type, or other reference depending on AbilityOperation). Position confirmed from decompiled client ExtData schema.",Inferred,
9555,ExtData[0].Val1,1,1,1,AbilitySourceType: 1=Cast.,Confirmed,
9555,ExtData[0].Val2,1,1,8,AbilityOperation: 8=GetGroupOnAbilityUsed.,Confirmed,
9555,ExtData[0].Val3,1,1,6,AbilityCondition: 6=LessThan.,Confirmed,
9555,ExtData[0].Val4,1,1,8,AbilityLogicOperator: 8=And.,Confirmed,
9555,ExtData[0].Val6,1,1,1217,"Operation-specific reference value (RequirementId child link, ability ID, monster type, or other reference depending on AbilityOperation). Position confirmed from decompiled client ExtData schema.",Inferred,
9555,ExtData[1].Val1,1,1,1,AbilitySourceType: 1=Cast.,Confirmed,
9555,ExtData[1].Val2,1,1,11,AbilityOperation: 11=TargetActivatedComponent.,Confirmed,
9555,ExtData[1].Val3,1,1,1,AbilityCondition: 1=Equal.,Confirmed,
9555,ExtData[1].Val5,1,1,3,Operation-specific threshold or comparison value (semantics depend on AbilityOperation). Position confirmed from decompiled client ExtData schema.,Inferred,
9555,ExtData[1].Val7,1,1,1,Operation-specific auxiliary parameter. Position confirmed from decompiled client ExtData schema.,Inferred,
9556,ExtData[0].Val1,1,1,1,AbilitySourceType: 1=Cast.,Confirmed,
9556,ExtData[0].Val2,1,1,23,AbilityOperation: 23=RequirmentGroupCheck2.,Confirmed,
9556,ExtData[0].Val3,1,1,1,AbilityCondition: 1=Equal.,Confirmed,
9556,ExtData[0].Val6,1,1,9555,Every distinct observed value in this field matches a known RequirementId row.,Inferred,Example requirement ids: 9555.
9556,ExtData[0].Val7,1,1,1,Operation-specific auxiliary parameter. Position confirmed from decompiled client ExtData schema.,Inferred,
9557,ExtData[0].Val1,1,1,1,AbilitySourceType: 1=Cast.,Confirmed,
9557,ExtData[0].Val2,1,1,33,AbilityOperation: 33=Unk33.,Confirmed,
9557,ExtData[0].Val3,1,1,7,AbilityCondition: 7=GreaterThan.,Confirmed,
9557,ExtData[0].Val4,1,1,10,AbilityLogicOperator: 10=Unk10.,Confirmed,
9557,ExtData[0].Val6,1,1,9556,Every distinct observed value in this field matches a known RequirementId row.,Inferred,Example requirement ids: 9556.
9557,ExtData[0].Val8,1,1,1,Operation-specific auxiliary parameter. Position confirmed from decompiled client ExtData schema.,Inferred,
9557,ExtData[1].Val1,1,1,1,AbilitySourceType: 1=Cast.,Confirmed,
9557,ExtData[1].Val2,1,1,33,AbilityOperation: 33=Unk33.,Confirmed,
9557,ExtData[1].Val3,1,1,7,AbilityCondition: 7=GreaterThan.,Confirmed,
9557,ExtData[1].Val6,1,1,9556,Every distinct observed value in this field matches a known RequirementId row.,Inferred,Example requirement ids: 9556.
9558,ExtData[0].Val1,1,1,1,AbilitySourceType: 1=Cast.,Confirmed,
9558,ExtData[0].Val2,1,1,19,AbilityOperation: 19=TargetRace.,Confirmed,
9558,ExtData[0].Val3,1,1,1,AbilityCondition: 1=Equal.,Confirmed,
9558,ExtData[0].Val5,1,1,3,Operation-specific threshold or comparison value (semantics depend on AbilityOperation). Position confirmed from decompiled client ExtData schema.,Inferred,
9558,ExtData[0].Val7,1,1,2,Operation-specific auxiliary parameter. Position confirmed from decompiled client ExtData schema.,Inferred,
9559,ExtData[0].Val1,1,1,1,AbilitySourceType: 1=Cast.,Confirmed,
9559,ExtData[0].Val2,1,1,75,AbilityOperation: 75=Finisher.,Confirmed,
9559,ExtData[0].Val3,1,1,1,AbilityCondition: 1=Equal.,Confirmed,
9559,ExtData[0].Val4,1,1,9,AbilityLogicOperator: 9=Or.,Confirmed,
9559,ExtData[0].Val5,1,1,3,Operation-specific threshold or comparison value (semantics depend on AbilityOperation). Position confirmed from decompiled client ExtData schema.,Inferred,
9559,ExtData[0].Val7,1,1,13,Operation-specific auxiliary parameter. Position confirmed from decompiled client ExtData schema.,Inferred,
9559,ExtData[1].Val1,1,1,1,AbilitySourceType: 1=Cast.,Confirmed,
9559,ExtData[1].Val2,1,1,75,AbilityOperation: 75=Finisher.,Confirmed,
9559,ExtData[1].Val3,1,1,1,AbilityCondition: 1=Equal.,Confirmed,
9559,ExtData[1].Val5,1,1,3,Operation-specific threshold or comparison value (semantics depend on AbilityOperation). Position confirmed from decompiled client ExtData schema.,Inferred,
9559,ExtData[1].Val7,1,1,14,Operation-specific auxiliary parameter. Position confirmed from decompiled client ExtData schema.,Inferred,
9560,ExtData[0].Val1,1,1,1,AbilitySourceType: 1=Cast.,Confirmed,
9560,ExtData[0].Val2,1,1,6,AbilityOperation: 6=BuffGroupCount.,Confirmed,
9560,ExtData[0].Val3,1,1,1,AbilityCondition: 1=Equal.,Confirmed,
9560,ExtData[0].Val4,1,1,8,AbilityLogicOperator: 8=And.,Confirmed,
9560,ExtData[0].Val5,1,1,3,Operation-specific threshold or comparison value (semantics depend on AbilityOperation). Position confirmed from decompiled client ExtData schema.,Inferred,
9560,ExtData[0].Val6,1,1,1214,"Operation-specific reference value (RequirementId child link, ability ID, monster type, or other reference depending on AbilityOperation). Position confirmed from decompiled client ExtData schema.",Inferred,
9560,ExtData[0].Val7,1,1,1,Operation-specific auxiliary parameter. Position confirmed from decompiled client ExtData schema.,Inferred,
9560,ExtData[1].Val1,1,1,1,AbilitySourceType: 1=Cast.,Confirmed,
9560,ExtData[1].Val2,1,1,20,AbilityOperation: 20=TargetInSameGroup.,Confirmed,
9560,ExtData[1].Val3,1,1,1,AbilityCondition: 1=Equal.,Confirmed,
9560,ExtData[1].Val5,1,1,3,Operation-specific threshold or comparison value (semantics depend on AbilityOperation). Position confirmed from decompiled client ExtData schema.,Inferred,
9560,ExtData[1].Val7,1,1,1,Operation-specific auxiliary parameter. Position confirmed from decompiled client ExtData schema.,Inferred,
9561,ExtData[0].Val1,1,1,1,AbilitySourceType: 1=Cast.,Confirmed,
9561,ExtData[0].Val2,1,1,77,AbilityOperation: 77=BolsterLevel.,Confirmed,
9561,ExtData[0].Val3,1,1,7,AbilityCondition: 7=GreaterThan.,Confirmed,
9561,ExtData[0].Val4,1,1,11,AbilityLogicOperator: 11=Unk11.,Confirmed,
9561,ExtData[0].Val5,1,1,3,Operation-specific threshold or comparison value (semantics depend on AbilityOperation). Position confirmed from decompiled client ExtData schema.,Inferred,
9561,ExtData[1].Val1,1,1,1,AbilitySourceType: 1=Cast.,Confirmed,
9561,ExtData[1].Val2,1,1,77,AbilityOperation: 77=BolsterLevel.,Confirmed,
9561,ExtData[1].Val3,1,1,7,AbilityCondition: 7=GreaterThan.,Confirmed,
9561,ExtData[1].Val9,1,1,1,Binary flag byte. Position confirmed from decompiled client ExtData schema.,Inferred,
9562,ExtData[0].Val1,1,1,1,AbilitySourceType: 1=Cast.,Confirmed,
9562,ExtData[0].Val2,1,1,70,AbilityOperation: 70=ItemSlotted.,Confirmed,
9562,ExtData[0].Val3,1,1,1,AbilityCondition: 1=Equal.,Confirmed,
9562,ExtData[0].Val4,1,1,9,AbilityLogicOperator: 9=Or.,Confirmed,
9562,ExtData[0].Val5,1,1,3,Operation-specific threshold or comparison value (semantics depend on AbilityOperation). Position confirmed from decompiled client ExtData schema.,Inferred,
9562,ExtData[0].Val6,1,1,207385,"Operation-specific reference value (RequirementId child link, ability ID, monster type, or other reference depending on AbilityOperation). Position confirmed from decompiled client ExtData schema.",Inferred,
9562,ExtData[0].Val7,1,1,1,Operation-specific auxiliary parameter. Position confirmed from decompiled client ExtData schema.,Inferred,
9562,ExtData[1].Val1,1,1,1,AbilitySourceType: 1=Cast.,Confirmed,
9562,ExtData[1].Val2,1,1,70,AbilityOperation: 70=ItemSlotted.,Confirmed,
9562,ExtData[1].Val3,1,1,1,AbilityCondition: 1=Equal.,Confirmed,
9562,ExtData[1].Val5,1,1,3,Operation-specific threshold or comparison value (semantics depend on AbilityOperation). Position confirmed from decompiled client ExtData schema.,Inferred,
9562,ExtData[1].Val6,1,1,207386,"Operation-specific reference value (RequirementId child link, ability ID, monster type, or other reference depending on AbilityOperation). Position confirmed from decompiled client ExtData schema.",Inferred,
9562,ExtData[1].Val7,1,1,1,Operation-specific auxiliary parameter. Position confirmed from decompiled client ExtData schema.,Inferred,
9563,ExtData[0].Val1,1,1,1,AbilitySourceType: 1=Cast.,Confirmed,
9563,ExtData[0].Val2,1,1,10,AbilityOperation: 10=RequirmentGroupCheck.,Confirmed,
9563,ExtData[0].Val3,1,1,6,AbilityCondition: 6=LessThan.,Confirmed,
9563,ExtData[0].Val4,1,1,9,AbilityLogicOperator: 9=Or.,Confirmed,
9563,ExtData[0].Val6,1,1,9565,Every distinct observed value in this field matches a known RequirementId row.,Inferred,Example requirement ids: 9565.
9563,ExtData[1].Val1,1,1,1,AbilitySourceType: 1=Cast.,Confirmed,
9563,ExtData[1].Val2,1,1,10,AbilityOperation: 10=RequirmentGroupCheck.,Confirmed,
9563,ExtData[1].Val3,1,1,6,AbilityCondition: 6=LessThan.,Confirmed,
9563,ExtData[1].Val4,1,1,8,AbilityLogicOperator: 8=And.,Confirmed,
9563,ExtData[1].Val6,1,1,9566,Every distinct observed value in this field matches a known RequirementId row.,Inferred,Example requirement ids: 9566.
9564,ExtData[0].Val1,1,1,1,AbilitySourceType: 1=Cast.,Confirmed,
9564,ExtData[0].Val2,1,1,18,AbilityOperation: 18=WoundsPercent.,Confirmed,
9564,ExtData[0].Val3,1,1,4,AbilityCondition: 4=LessThanEqual.,Confirmed,
9564,ExtData[0].Val4,1,1,8,AbilityLogicOperator: 8=And.,Confirmed,
9564,ExtData[0].Val7,1,1,60,Operation-specific auxiliary parameter. Position confirmed from decompiled client ExtData schema.,Inferred,
9564,ExtData[1].Val1,1,1,1,AbilitySourceType: 1=Cast.,Confirmed,
9564,ExtData[1].Val2,1,1,4,AbilityOperation: 4=Range.,Confirmed,
9564,ExtData[1].Val3,1,1,4,AbilityCondition: 4=LessThanEqual.,Confirmed,
9564,ExtData[1].Val4,1,1,8,AbilityLogicOperator: 8=And.,Confirmed,
9564,ExtData[1].Val7,1,1,360,Operation-specific auxiliary parameter. Position confirmed from decompiled client ExtData schema.,Inferred,
9565,ExtData[0].Val1,1,1,1,AbilitySourceType: 1=Cast.,Confirmed,
9565,ExtData[0].Val2,1,1,65,AbilityOperation: 65=Unk65.,Confirmed,
9565,ExtData[0].Val3,1,1,6,AbilityCondition: 6=LessThan.,Confirmed,
9565,ExtData[0].Val4,1,1,8,AbilityLogicOperator: 8=And.,Confirmed,
9565,ExtData[0].Val6,1,1,10760,"Operation-specific reference value (RequirementId child link, ability ID, monster type, or other reference depending on AbilityOperation). Position confirmed from decompiled client ExtData schema.",Inferred,
9565,ExtData[1].Val1,1,1,1,AbilitySourceType: 1=Cast.,Confirmed,
9565,ExtData[1].Val2,1,1,35,AbilityOperation: 35=KeepDoor.,Confirmed,
9565,ExtData[1].Val3,1,1,1,AbilityCondition: 1=Equal.,Confirmed,
9565,ExtData[1].Val4,1,1,8,AbilityLogicOperator: 8=And.,Confirmed,
9565,ExtData[1].Val7,1,1,1,Operation-specific auxiliary parameter. Position confirmed from decompiled client ExtData schema.,Inferred,
9566,ExtData[0].Val1,1,1,1,AbilitySourceType: 1=Cast.,Confirmed,
9566,ExtData[0].Val2,1,1,65,AbilityOperation: 65=Unk65.,Confirmed,
9566,ExtData[0].Val3,1,1,6,AbilityCondition: 6=LessThan.,Confirmed,
9566,ExtData[0].Val4,1,1,8,AbilityLogicOperator: 8=And.,Confirmed,
9566,ExtData[0].Val6,1,1,10760,"Operation-specific reference value (RequirementId child link, ability ID, monster type, or other reference depending on AbilityOperation). Position confirmed from decompiled client ExtData schema.",Inferred,
9566,ExtData[1].Val1,1,1,1,AbilitySourceType: 1=Cast.,Confirmed,
9566,ExtData[1].Val2,1,1,35,AbilityOperation: 35=KeepDoor.,Confirmed,
9566,ExtData[1].Val3,1,1,1,AbilityCondition: 1=Equal.,Confirmed,
9566,ExtData[1].Val4,1,1,8,AbilityLogicOperator: 8=And.,Confirmed,
9566,ExtData[1].Val7,1,1,1,Operation-specific auxiliary parameter. Position confirmed from decompiled client ExtData schema.,Inferred,
9567,ExtData[0].Val1,1,1,1,AbilitySourceType: 1=Cast.,Confirmed,
9567,ExtData[0].Val2,1,1,8,AbilityOperation: 8=GetGroupOnAbilityUsed.,Confirmed,
9567,ExtData[0].Val3,1,1,6,AbilityCondition: 6=LessThan.,Confirmed,
9567,ExtData[0].Val4,1,1,8,AbilityLogicOperator: 8=And.,Confirmed,
9567,ExtData[0].Val6,1,1,597,"Operation-specific reference value (RequirementId child link, ability ID, monster type, or other reference depending on AbilityOperation). Position confirmed from decompiled client ExtData schema.",Inferred,
9567,ExtData[1].Val1,1,1,1,AbilitySourceType: 1=Cast.,Confirmed,
9567,ExtData[1].Val2,1,1,11,AbilityOperation: 11=TargetActivatedComponent.,Confirmed,
9567,ExtData[1].Val3,1,1,1,AbilityCondition: 1=Equal.,Confirmed,
9567,ExtData[1].Val5,1,1,3,Operation-specific threshold or comparison value (semantics depend on AbilityOperation). Position confirmed from decompiled client ExtData schema.,Inferred,
9567,ExtData[1].Val7,1,1,1,Operation-specific auxiliary parameter. Position confirmed from decompiled client ExtData schema.,Inferred,
9568,ExtData[0].Val1,1,1,1,AbilitySourceType: 1=Cast.,Confirmed,
9568,ExtData[0].Val2,1,1,4,AbilityOperation: 4=Range.,Confirmed,
9568,ExtData[0].Val3,1,1,4,AbilityCondition: 4=LessThanEqual.,Confirmed,
9568,ExtData[0].Val4,1,1,8,AbilityLogicOperator: 8=And.,Confirmed,
9568,ExtData[0].Val5,1,1,10,Operation-specific threshold or comparison value (semantics depend on AbilityOperation). Position confirmed from decompiled client ExtData schema.,Inferred,
9568,ExtData[0].Val7,1,1,180,Operation-specific auxiliary parameter. Position confirmed from decompiled client ExtData schema.,Inferred,
9568,ExtData[0].Val8,1,1,1,Operation-specific auxiliary parameter. Position confirmed from decompiled client ExtData schema.,Inferred,
9568,ExtData[0].Val9,1,1,1,Binary flag byte. Position confirmed from decompiled client ExtData schema.,Inferred,
9568,ExtData[1].Val1,1,1,1,AbilitySourceType: 1=Cast.,Confirmed,
9568,ExtData[1].Val2,1,1,6,AbilityOperation: 6=BuffGroupCount.,Confirmed,
9568,ExtData[1].Val3,1,1,1,AbilityCondition: 1=Equal.,Confirmed,
9568,ExtData[1].Val5,1,1,3,Operation-specific threshold or comparison value (semantics depend on AbilityOperation). Position confirmed from decompiled client ExtData schema.,Inferred,
9568,ExtData[1].Val6,1,1,1209,"Operation-specific reference value (RequirementId child link, ability ID, monster type, or other reference depending on AbilityOperation). Position confirmed from decompiled client ExtData schema.",Inferred,
9568,ExtData[1].Val7,1,1,1,Operation-specific auxiliary parameter. Position confirmed from decompiled client ExtData schema.,Inferred,
9569,ExtData[0].Val1,1,1,1,AbilitySourceType: 1=Cast.,Confirmed,
9569,ExtData[0].Val2,1,1,4,AbilityOperation: 4=Range.,Confirmed,
9569,ExtData[0].Val3,1,1,4,AbilityCondition: 4=LessThanEqual.,Confirmed,
9569,ExtData[0].Val4,1,1,9,AbilityLogicOperator: 9=Or.,Confirmed,
9569,ExtData[0].Val5,1,1,10,Operation-specific threshold or comparison value (semantics depend on AbilityOperation). Position confirmed from decompiled client ExtData schema.,Inferred,
9569,ExtData[0].Val7,1,1,120,Operation-specific auxiliary parameter. Position confirmed from decompiled client ExtData schema.,Inferred,
9569,ExtData[0].Val8,1,1,1,Operation-specific auxiliary parameter. Position confirmed from decompiled client ExtData schema.,Inferred,
9569,ExtData[0].Val9,1,1,1,Binary flag byte. Position confirmed from decompiled client ExtData schema.,Inferred,
9569,ExtData[1].Val1,1,1,1,AbilitySourceType: 1=Cast.,Confirmed,
9569,ExtData[1].Val2,1,1,10,AbilityOperation: 10=RequirmentGroupCheck.,Confirmed,
9569,ExtData[1].Val3,1,1,1,AbilityCondition: 1=Equal.,Confirmed,
9569,ExtData[1].Val5,1,1,3,Operation-specific threshold or comparison value (semantics depend on AbilityOperation). Position confirmed from decompiled client ExtData schema.,Inferred,
9569,ExtData[1].Val6,1,1,9568,Every distinct observed value in this field matches a known RequirementId row.,Inferred,Example requirement ids: 9568.
9569,ExtData[1].Val7,1,1,1,Operation-specific auxiliary parameter. Position confirmed from decompiled client ExtData schema.,Inferred,
9571,ExtData[0].Val1,1,1,1,AbilitySourceType: 1=Cast.,Confirmed,
9571,ExtData[0].Val2,1,1,4,AbilityOperation: 4=Range.,Confirmed,
9571,ExtData[0].Val3,1,1,4,AbilityCondition: 4=LessThanEqual.,Confirmed,
9571,ExtData[0].Val4,1,1,8,AbilityLogicOperator: 8=And.,Confirmed,
9571,ExtData[0].Val7,1,1,240,Operation-specific auxiliary parameter. Position confirmed from decompiled client ExtData schema.,Inferred,
9571,ExtData[0].Val8,1,1,1,Operation-specific auxiliary parameter. Position confirmed from decompiled client ExtData schema.,Inferred,
9571,ExtData[1].Val1,1,1,1,AbilitySourceType: 1=Cast.,Confirmed,
9571,ExtData[1].Val2,1,1,55,AbilityOperation: 55=TargetDead.,Confirmed,
9571,ExtData[1].Val3,1,1,1,AbilityCondition: 1=Equal.,Confirmed,
9571,ExtData[1].Val7,1,1,1,Operation-specific auxiliary parameter. Position confirmed from decompiled client ExtData schema.,Inferred,
9572,ExtData[0].Val1,1,1,1,AbilitySourceType: 1=Cast.,Confirmed,
9572,ExtData[0].Val2,1,1,4,AbilityOperation: 4=Range.,Confirmed,
9572,ExtData[0].Val3,1,1,4,AbilityCondition: 4=LessThanEqual.,Confirmed,
9572,ExtData[0].Val4,1,1,8,AbilityLogicOperator: 8=And.,Confirmed,
9572,ExtData[0].Val7,1,1,240,Operation-specific auxiliary parameter. Position confirmed from decompiled client ExtData schema.,Inferred,
9572,ExtData[0].Val8,1,1,1,Operation-specific auxiliary parameter. Position confirmed from decompiled client ExtData schema.,Inferred,
9572,ExtData[1].Val1,1,1,1,AbilitySourceType: 1=Cast.,Confirmed,
9572,ExtData[1].Val2,1,1,20,AbilityOperation: 20=TargetInSameGroup.,Confirmed,
9572,ExtData[1].Val3,1,1,1,AbilityCondition: 1=Equal.,Confirmed,
9572,ExtData[1].Val4,1,1,8,AbilityLogicOperator: 8=And.,Confirmed,
9572,ExtData[1].Val7,1,1,1,Operation-specific auxiliary parameter. Position confirmed from decompiled client ExtData schema.,Inferred,
9573,ExtData[0].Val1,1,1,1,AbilitySourceType: 1=Cast.,Confirmed,
9573,ExtData[0].Val2,1,1,33,AbilityOperation: 33=Unk33.,Confirmed,
9573,ExtData[0].Val3,1,1,5,AbilityCondition: 5=GreaterThanEqual.,Confirmed,
9573,ExtData[0].Val4,1,1,8,AbilityLogicOperator: 8=And.,Confirmed,
9573,ExtData[0].Val6,1,1,9571,Every distinct observed value in this field matches a known RequirementId row.,Inferred,Example requirement ids: 9571.
9573,ExtData[0].Val7,1,1,1,Operation-specific auxiliary parameter. Position confirmed from decompiled client ExtData schema.,Inferred,
9573,ExtData[1].Val1,1,1,1,AbilitySourceType: 1=Cast.,Confirmed,
9573,ExtData[1].Val2,1,1,33,AbilityOperation: 33=Unk33.,Confirmed,
9573,ExtData[1].Val3,1,1,5,AbilityCondition: 5=GreaterThanEqual.,Confirmed,
9573,ExtData[1].Val6,1,1,9572,Every distinct observed value in this field matches a known RequirementId row.,Inferred,Example requirement ids: 9572.
9573,ExtData[1].Val7,1,1,1,Operation-specific auxiliary parameter. Position confirmed from decompiled client ExtData schema.,Inferred,
9574,ExtData[0].Val1,1,1,1,AbilitySourceType: 1=Cast.,Confirmed,
9574,ExtData[0].Val2,1,1,6,AbilityOperation: 6=BuffGroupCount.,Confirmed,
9574,ExtData[0].Val3,1,1,1,AbilityCondition: 1=Equal.,Confirmed,
9574,ExtData[0].Val4,1,1,8,AbilityLogicOperator: 8=And.,Confirmed,
9574,ExtData[0].Val6,1,1,1226,"Operation-specific reference value (RequirementId child link, ability ID, monster type, or other reference depending on AbilityOperation). Position confirmed from decompiled client ExtData schema.",Inferred,
9574,ExtData[1].Val1,1,1,1,AbilitySourceType: 1=Cast.,Confirmed,
9574,ExtData[1].Val2,1,1,6,AbilityOperation: 6=BuffGroupCount.,Confirmed,
9574,ExtData[1].Val3,1,1,1,AbilityCondition: 1=Equal.,Confirmed,
9574,ExtData[1].Val4,1,1,8,AbilityLogicOperator: 8=And.,Confirmed,
9574,ExtData[1].Val6,1,1,1227,"Operation-specific reference value (RequirementId child link, ability ID, monster type, or other reference depending on AbilityOperation). Position confirmed from decompiled client ExtData schema.",Inferred,
9575,ExtData[0].Val1,1,1,1,AbilitySourceType: 1=Cast.,Confirmed,
9575,ExtData[0].Val2,1,1,55,AbilityOperation: 55=TargetDead.,Confirmed,
9575,ExtData[0].Val3,1,1,6,AbilityCondition: 6=LessThan.,Confirmed,
9575,ExtData[0].Val4,1,1,8,AbilityLogicOperator: 8=And.,Confirmed,
9575,ExtData[0].Val5,1,1,3,Operation-specific threshold or comparison value (semantics depend on AbilityOperation). Position confirmed from decompiled client ExtData schema.,Inferred,
9575,ExtData[0].Val7,1,1,1,Operation-specific auxiliary parameter. Position confirmed from decompiled client ExtData schema.,Inferred,
9575,ExtData[1].Val1,1,1,1,AbilitySourceType: 1=Cast.,Confirmed,
9575,ExtData[1].Val2,1,1,11,AbilityOperation: 11=TargetActivatedComponent.,Confirmed,
9575,ExtData[1].Val3,1,1,6,AbilityCondition: 6=LessThan.,Confirmed,
9575,ExtData[1].Val4,1,1,8,AbilityLogicOperator: 8=And.,Confirmed,
9575,ExtData[1].Val5,1,1,3,Operation-specific threshold or comparison value (semantics depend on AbilityOperation). Position confirmed from decompiled client ExtData schema.,Inferred,
9575,ExtData[1].Val7,1,1,1,Operation-specific auxiliary parameter. Position confirmed from decompiled client ExtData schema.,Inferred,
9576,ExtData[0].Val1,1,1,1,AbilitySourceType: 1=Cast.,Confirmed,
9576,ExtData[0].Val2,1,1,11,AbilityOperation: 11=TargetActivatedComponent.,Confirmed,
9576,ExtData[0].Val3,1,1,1,AbilityCondition: 1=Equal.,Confirmed,
9576,ExtData[0].Val4,1,1,8,AbilityLogicOperator: 8=And.,Confirmed,
9576,ExtData[0].Val5,1,1,3,Operation-specific threshold or comparison value (semantics depend on AbilityOperation). Position confirmed from decompiled client ExtData schema.,Inferred,
9576,ExtData[0].Val7,1,1,1,Operation-specific auxiliary parameter. Position confirmed from decompiled client ExtData schema.,Inferred,
9577,ExtData[0].Val1,1,1,1,AbilitySourceType: 1=Cast.,Confirmed,
9577,ExtData[0].Val2,1,1,10,AbilityOperation: 10=RequirmentGroupCheck.,Confirmed,
9577,ExtData[0].Val3,1,1,1,AbilityCondition: 1=Equal.,Confirmed,
9577,ExtData[0].Val4,1,1,9,AbilityLogicOperator: 9=Or.,Confirmed,
9577,ExtData[0].Val6,1,1,9575,Every distinct observed value in this field matches a known RequirementId row.,Inferred,Example requirement ids: 9575.
9577,ExtData[0].Val7,1,1,1,Operation-specific auxiliary parameter. Position confirmed from decompiled client ExtData schema.,Inferred,
9577,ExtData[1].Val1,1,1,1,AbilitySourceType: 1=Cast.,Confirmed,
9577,ExtData[1].Val2,1,1,10,AbilityOperation: 10=RequirmentGroupCheck.,Confirmed,
9577,ExtData[1].Val3,1,1,1,AbilityCondition: 1=Equal.,Confirmed,
9577,ExtData[1].Val6,1,1,9576,Every distinct observed value in this field matches a known RequirementId row.,Inferred,Example requirement ids: 9576.
9577,ExtData[1].Val7,1,1,1,Operation-specific auxiliary parameter. Position confirmed from decompiled client ExtData schema.,Inferred,
9578,ExtData[0].Val1,1,1,1,AbilitySourceType: 1=Cast.,Confirmed,
9578,ExtData[0].Val2,1,1,6,AbilityOperation: 6=BuffGroupCount.,Confirmed,
9578,ExtData[0].Val3,1,1,1,AbilityCondition: 1=Equal.,Confirmed,
9578,ExtData[0].Val4,1,1,8,AbilityLogicOperator: 8=And.,Confirmed,
9578,ExtData[0].Val5,1,1,3,Operation-specific threshold or comparison value (semantics depend on AbilityOperation). Position confirmed from decompiled client ExtData schema.,Inferred,
9578,ExtData[0].Val6,1,1,1256,"Operation-specific reference value (RequirementId child link, ability ID, monster type, or other reference depending on AbilityOperation). Position confirmed from decompiled client ExtData schema.",Inferred,
9578,ExtData[0].Val9,1,1,1,Binary flag byte. Position confirmed from decompiled client ExtData schema.,Inferred,
9579,ExtData[0].Val1,1,1,1,AbilitySourceType: 1=Cast.,Confirmed,
9579,ExtData[0].Val2,1,1,55,AbilityOperation: 55=TargetDead.,Confirmed,
9579,ExtData[0].Val3,1,1,6,AbilityCondition: 6=LessThan.,Confirmed,
9579,ExtData[0].Val4,1,1,8,AbilityLogicOperator: 8=And.,Confirmed,
9579,ExtData[0].Val9,1,1,1,Binary flag byte. Position confirmed from decompiled client ExtData schema.,Inferred,
9579,ExtData[1].Val1,1,1,1,AbilitySourceType: 1=Cast.,Confirmed,
9579,ExtData[1].Val2,1,1,14,AbilityOperation: 14=TargetCheck.,Confirmed,
9579,ExtData[1].Val3,1,1,6,AbilityCondition: 6=LessThan.,Confirmed,
9579,ExtData[1].Val9,1,1,1,Binary flag byte. Position confirmed from decompiled client ExtData schema.,Inferred,
9580,ExtData[0].Val1,1,1,1,AbilitySourceType: 1=Cast.,Confirmed,
9580,ExtData[0].Val2,1,1,8,AbilityOperation: 8=GetGroupOnAbilityUsed.,Confirmed,
9580,ExtData[0].Val3,1,1,6,AbilityCondition: 6=LessThan.,Confirmed,
9580,ExtData[0].Val4,1,1,8,AbilityLogicOperator: 8=And.,Confirmed,
9580,ExtData[0].Val5,1,1,3,Operation-specific threshold or comparison value (semantics depend on AbilityOperation). Position confirmed from decompiled client ExtData schema.,Inferred,
9580,ExtData[0].Val6,1,1,732,"Operation-specific reference value (RequirementId child link, ability ID, monster type, or other reference depending on AbilityOperation). Position confirmed from decompiled client ExtData schema.",Inferred,
9580,ExtData[1].Val1,1,1,1,AbilitySourceType: 1=Cast.,Confirmed,
9580,ExtData[1].Val2,1,1,11,AbilityOperation: 11=TargetActivatedComponent.,Confirmed,
9580,ExtData[1].Val3,1,1,1,AbilityCondition: 1=Equal.,Confirmed,
9580,ExtData[1].Val5,1,1,8,Operation-specific threshold or comparison value (semantics depend on AbilityOperation). Position confirmed from decompiled client ExtData schema.,Inferred,
9580,ExtData[1].Val7,1,1,1,Operation-specific auxiliary parameter. Position confirmed from decompiled client ExtData schema.,Inferred,
9581,ExtData[0].Val1,1,1,1,AbilitySourceType: 1=Cast.,Confirmed,
9581,ExtData[0].Val2,1,1,8,AbilityOperation: 8=GetGroupOnAbilityUsed.,Confirmed,
9581,ExtData[0].Val3,1,1,6,AbilityCondition: 6=LessThan.,Confirmed,
9581,ExtData[0].Val4,1,1,8,AbilityLogicOperator: 8=And.,Confirmed,
9581,ExtData[0].Val5,1,1,3,Operation-specific threshold or comparison value (semantics depend on AbilityOperation). Position confirmed from decompiled client ExtData schema.,Inferred,
9581,ExtData[0].Val6,1,1,733,"Operation-specific reference value (RequirementId child link, ability ID, monster type, or other reference depending on AbilityOperation). Position confirmed from decompiled client ExtData schema.",Inferred,
9581,ExtData[1].Val1,1,1,1,AbilitySourceType: 1=Cast.,Confirmed,
9581,ExtData[1].Val2,1,1,11,AbilityOperation: 11=TargetActivatedComponent.,Confirmed,
9581,ExtData[1].Val3,1,1,1,AbilityCondition: 1=Equal.,Confirmed,
9581,ExtData[1].Val5,1,1,9,Operation-specific threshold or comparison value (semantics depend on AbilityOperation). Position confirmed from decompiled client ExtData schema.,Inferred,
9581,ExtData[1].Val7,1,1,1,Operation-specific auxiliary parameter. Position confirmed from decompiled client ExtData schema.,Inferred,
9582,ExtData[0].Val1,1,1,1,AbilitySourceType: 1=Cast.,Confirmed,
9582,ExtData[0].Val2,1,1,77,AbilityOperation: 77=BolsterLevel.,Confirmed,
9582,ExtData[0].Val3,1,1,7,AbilityCondition: 7=GreaterThan.,Confirmed,
9582,ExtData[0].Val4,1,1,8,AbilityLogicOperator: 8=And.,Confirmed,
9582,ExtData[0].Val5,1,1,3,Operation-specific threshold or comparison value (semantics depend on AbilityOperation). Position confirmed from decompiled client ExtData schema.,Inferred,
9583,ExtData[0].Val1,1,1,1,AbilitySourceType: 1=Cast.,Confirmed,
9583,ExtData[0].Val2,1,1,77,AbilityOperation: 77=BolsterLevel.,Confirmed,
9583,ExtData[0].Val3,1,1,7,AbilityCondition: 7=GreaterThan.,Confirmed,
9583,ExtData[0].Val4,1,1,11,AbilityLogicOperator: 11=Unk11.,Confirmed,
9583,ExtData[0].Val5,1,1,3,Operation-specific threshold or comparison value (semantics depend on AbilityOperation). Position confirmed from decompiled client ExtData schema.,Inferred,
9583,ExtData[1].Val1,1,1,1,AbilitySourceType: 1=Cast.,Confirmed,
9583,ExtData[1].Val2,1,1,77,AbilityOperation: 77=BolsterLevel.,Confirmed,
9583,ExtData[1].Val3,1,1,7,AbilityCondition: 7=GreaterThan.,Confirmed,
9583,ExtData[1].Val5,1,1,11,Operation-specific threshold or comparison value (semantics depend on AbilityOperation). Position confirmed from decompiled client ExtData schema.,Inferred,
9584,ExtData[0].Val1,1,1,1,AbilitySourceType: 1=Cast.,Confirmed,
9584,ExtData[0].Val2,1,1,8,AbilityOperation: 8=GetGroupOnAbilityUsed.,Confirmed,
9584,ExtData[0].Val3,1,1,6,AbilityCondition: 6=LessThan.,Confirmed,
9584,ExtData[0].Val4,1,1,8,AbilityLogicOperator: 8=And.,Confirmed,
9584,ExtData[0].Val5,1,1,3,Operation-specific threshold or comparison value (semantics depend on AbilityOperation). Position confirmed from decompiled client ExtData schema.,Inferred,
9584,ExtData[0].Val6,1,1,1040,"Operation-specific reference value (RequirementId child link, ability ID, monster type, or other reference depending on AbilityOperation). Position confirmed from decompiled client ExtData schema.",Inferred,
9584,ExtData[1].Val1,1,1,1,AbilitySourceType: 1=Cast.,Confirmed,
9584,ExtData[1].Val2,1,1,11,AbilityOperation: 11=TargetActivatedComponent.,Confirmed,
9584,ExtData[1].Val3,1,1,1,AbilityCondition: 1=Equal.,Confirmed,
9584,ExtData[1].Val5,1,1,3,Operation-specific threshold or comparison value (semantics depend on AbilityOperation). Position confirmed from decompiled client ExtData schema.,Inferred,
9584,ExtData[1].Val7,1,1,1,Operation-specific auxiliary parameter. Position confirmed from decompiled client ExtData schema.,Inferred,
9585,ExtData[0].Val1,1,1,1,AbilitySourceType: 1=Cast.,Confirmed,
9585,ExtData[0].Val2,1,1,77,AbilityOperation: 77=BolsterLevel.,Confirmed,
9585,ExtData[0].Val3,1,1,7,AbilityCondition: 7=GreaterThan.,Confirmed,
9585,ExtData[0].Val4,1,1,11,AbilityLogicOperator: 11=Unk11.,Confirmed,
9585,ExtData[0].Val5,1,1,3,Operation-specific threshold or comparison value (semantics depend on AbilityOperation). Position confirmed from decompiled client ExtData schema.,Inferred,
9585,ExtData[1].Val1,1,1,1,AbilitySourceType: 1=Cast.,Confirmed,
9585,ExtData[1].Val2,1,1,77,AbilityOperation: 77=BolsterLevel.,Confirmed,
9585,ExtData[1].Val3,1,1,7,AbilityCondition: 7=GreaterThan.,Confirmed,
9585,ExtData[1].Val5,1,1,5,Operation-specific threshold or comparison value (semantics depend on AbilityOperation). Position confirmed from decompiled client ExtData schema.,Inferred,
9586,ExtData[0].Val1,1,1,1,AbilitySourceType: 1=Cast.,Confirmed,
9586,ExtData[0].Val2,1,1,8,AbilityOperation: 8=GetGroupOnAbilityUsed.,Confirmed,
9586,ExtData[0].Val3,1,1,6,AbilityCondition: 6=LessThan.,Confirmed,
9586,ExtData[0].Val4,1,1,8,AbilityLogicOperator: 8=And.,Confirmed,
9586,ExtData[0].Val6,1,1,1270,"Operation-specific reference value (RequirementId child link, ability ID, monster type, or other reference depending on AbilityOperation). Position confirmed from decompiled client ExtData schema.",Inferred,
9586,ExtData[1].Val1,1,1,1,AbilitySourceType: 1=Cast.,Confirmed,
9586,ExtData[1].Val2,1,1,6,AbilityOperation: 6=BuffGroupCount.,Confirmed,
9586,ExtData[1].Val3,1,1,6,AbilityCondition: 6=LessThan.,Confirmed,
9586,ExtData[1].Val6,1,1,467,"Operation-specific reference value (RequirementId child link, ability ID, monster type, or other reference depending on AbilityOperation). Position confirmed from decompiled client ExtData schema.",Inferred,
9587,ExtData[0].Val1,1,1,1,AbilitySourceType: 1=Cast.,Confirmed,
9587,ExtData[0].Val2,1,1,55,AbilityOperation: 55=TargetDead.,Confirmed,
9587,ExtData[0].Val3,1,1,1,AbilityCondition: 1=Equal.,Confirmed,
9587,ExtData[0].Val4,1,1,9,AbilityLogicOperator: 9=Or.,Confirmed,
9587,ExtData[0].Val7,1,1,1,Operation-specific auxiliary parameter. Position confirmed from decompiled client ExtData schema.,Inferred,
9587,ExtData[1].Val1,1,1,1,AbilitySourceType: 1=Cast.,Confirmed,
9587,ExtData[1].Val2,1,1,55,AbilityOperation: 55=TargetDead.,Confirmed,
9587,ExtData[1].Val3,1,1,1,AbilityCondition: 1=Equal.,Confirmed,
9587,ExtData[1].Val5,1,1,3,Operation-specific threshold or comparison value (semantics depend on AbilityOperation). Position confirmed from decompiled client ExtData schema.,Inferred,
9587,ExtData[1].Val7,1,1,1,Operation-specific auxiliary parameter. Position confirmed from decompiled client ExtData schema.,Inferred,
9588,ExtData[0].Val1,1,1,1,AbilitySourceType: 1=Cast.,Confirmed,
9588,ExtData[0].Val2,1,1,9,AbilityOperation: 9=Random.,Confirmed,
9588,ExtData[0].Val3,1,1,4,AbilityCondition: 4=LessThanEqual.,Confirmed,
9588,ExtData[0].Val4,1,1,8,AbilityLogicOperator: 8=And.,Confirmed,
9588,ExtData[0].Val6,1,1,100,"Operation-specific reference value (RequirementId child link, ability ID, monster type, or other reference depending on AbilityOperation). Position confirmed from decompiled client ExtData schema.",Inferred,
9588,ExtData[0].Val7,1,1,25,Operation-specific auxiliary parameter. Position confirmed from decompiled client ExtData schema.,Inferred,
9588,ExtData[1].Val1,1,1,1,AbilitySourceType: 1=Cast.,Confirmed,
9588,ExtData[1].Val2,1,1,6,AbilityOperation: 6=BuffGroupCount.,Confirmed,
9588,ExtData[1].Val3,1,1,1,AbilityCondition: 1=Equal.,Confirmed,
9588,ExtData[1].Val5,1,1,3,Operation-specific threshold or comparison value (semantics depend on AbilityOperation). Position confirmed from decompiled client ExtData schema.,Inferred,
9588,ExtData[1].Val6,1,1,1249,"Operation-specific reference value (RequirementId child link, ability ID, monster type, or other reference depending on AbilityOperation). Position confirmed from decompiled client ExtData schema.",Inferred,
9589,ExtData[0].Val1,1,1,1,AbilitySourceType: 1=Cast.,Confirmed,
9589,ExtData[0].Val2,1,1,9,AbilityOperation: 9=Random.,Confirmed,
9589,ExtData[0].Val3,1,1,4,AbilityCondition: 4=LessThanEqual.,Confirmed,
9589,ExtData[0].Val4,1,1,8,AbilityLogicOperator: 8=And.,Confirmed,
9589,ExtData[0].Val6,1,1,100,"Operation-specific reference value (RequirementId child link, ability ID, monster type, or other reference depending on AbilityOperation). Position confirmed from decompiled client ExtData schema.",Inferred,
9589,ExtData[0].Val7,1,1,75,Operation-specific auxiliary parameter. Position confirmed from decompiled client ExtData schema.,Inferred,
9589,ExtData[1].Val1,1,1,1,AbilitySourceType: 1=Cast.,Confirmed,
9589,ExtData[1].Val2,1,1,6,AbilityOperation: 6=BuffGroupCount.,Confirmed,
9589,ExtData[1].Val3,1,1,6,AbilityCondition: 6=LessThan.,Confirmed,
9589,ExtData[1].Val5,1,1,3,Operation-specific threshold or comparison value (semantics depend on AbilityOperation). Position confirmed from decompiled client ExtData schema.,Inferred,
9589,ExtData[1].Val6,1,1,1249,"Operation-specific reference value (RequirementId child link, ability ID, monster type, or other reference depending on AbilityOperation). Position confirmed from decompiled client ExtData schema.",Inferred,
9590,ExtData[0].Val1,1,1,1,AbilitySourceType: 1=Cast.,Confirmed,
9590,ExtData[0].Val2,1,1,10,AbilityOperation: 10=RequirmentGroupCheck.,Confirmed,
9590,ExtData[0].Val3,1,1,1,AbilityCondition: 1=Equal.,Confirmed,
9590,ExtData[0].Val4,1,1,9,AbilityLogicOperator: 9=Or.,Confirmed,
9590,ExtData[0].Val6,1,1,9588,Every distinct observed value in this field matches a known RequirementId row.,Inferred,Example requirement ids: 9588.
9590,ExtData[0].Val7,1,1,1,Operation-specific auxiliary parameter. Position confirmed from decompiled client ExtData schema.,Inferred,
9590,ExtData[1].Val1,1,1,1,AbilitySourceType: 1=Cast.,Confirmed,
9590,ExtData[1].Val2,1,1,10,AbilityOperation: 10=RequirmentGroupCheck.,Confirmed,
9590,ExtData[1].Val3,1,1,1,AbilityCondition: 1=Equal.,Confirmed,
9590,ExtData[1].Val6,1,1,9589,Every distinct observed value in this field matches a known RequirementId row.,Inferred,Example requirement ids: 9589.
9590,ExtData[1].Val7,1,1,1,Operation-specific auxiliary parameter. Position confirmed from decompiled client ExtData schema.,Inferred,
9591,ExtData[0].Val1,1,1,1,AbilitySourceType: 1=Cast.,Confirmed,
9591,ExtData[0].Val2,1,1,55,AbilityOperation: 55=TargetDead.,Confirmed,
9591,ExtData[0].Val3,1,1,1,AbilityCondition: 1=Equal.,Confirmed,
9591,ExtData[0].Val4,1,1,9,AbilityLogicOperator: 9=Or.,Confirmed,
9591,ExtData[0].Val5,1,1,3,Operation-specific threshold or comparison value (semantics depend on AbilityOperation). Position confirmed from decompiled client ExtData schema.,Inferred,
9591,ExtData[0].Val7,1,1,1,Operation-specific auxiliary parameter. Position confirmed from decompiled client ExtData schema.,Inferred,
9591,ExtData[1].Val1,1,1,1,AbilitySourceType: 1=Cast.,Confirmed,
9591,ExtData[1].Val2,1,1,55,AbilityOperation: 55=TargetDead.,Confirmed,
9591,ExtData[1].Val3,1,1,1,AbilityCondition: 1=Equal.,Confirmed,
9591,ExtData[1].Val7,1,1,1,Operation-specific auxiliary parameter. Position confirmed from decompiled client ExtData schema.,Inferred,
9593,ExtData[0].Val1,1,1,1,AbilitySourceType: 1=Cast.,Confirmed,
9593,ExtData[0].Val2,1,1,13,AbilityOperation: 13=SpellConvention.,Confirmed,
9593,ExtData[0].Val3,1,1,1,AbilityCondition: 1=Equal.,Confirmed,
9593,ExtData[0].Val4,1,1,8,AbilityLogicOperator: 8=And.,Confirmed,
9593,ExtData[0].Val7,1,1,1,Operation-specific auxiliary parameter. Position confirmed from decompiled client ExtData schema.,Inferred,
9593,ExtData[1].Val1,1,1,1,AbilitySourceType: 1=Cast.,Confirmed,
9593,ExtData[1].Val2,1,1,52,AbilityOperation: 52=TargetBuildTimesChanged.,Confirmed,
9593,ExtData[1].Val3,1,1,6,AbilityCondition: 6=LessThan.,Confirmed,
9594,ExtData[0].Val1,1,1,1,AbilitySourceType: 1=Cast.,Confirmed,
9594,ExtData[0].Val2,1,1,13,AbilityOperation: 13=SpellConvention.,Confirmed,
9594,ExtData[0].Val3,1,1,1,AbilityCondition: 1=Equal.,Confirmed,
9594,ExtData[0].Val4,1,1,8,AbilityLogicOperator: 8=And.,Confirmed,
9594,ExtData[0].Val7,1,1,12,Operation-specific auxiliary parameter. Position confirmed from decompiled client ExtData schema.,Inferred,
9594,ExtData[1].Val1,1,1,1,AbilitySourceType: 1=Cast.,Confirmed,
9594,ExtData[1].Val2,1,1,52,AbilityOperation: 52=TargetBuildTimesChanged.,Confirmed,
9594,ExtData[1].Val3,1,1,6,AbilityCondition: 6=LessThan.,Confirmed,
9595,ExtData[0].Val1,1,1,1,AbilitySourceType: 1=Cast.,Confirmed,
9595,ExtData[0].Val2,1,1,13,AbilityOperation: 13=SpellConvention.,Confirmed,
9595,ExtData[0].Val3,1,1,1,AbilityCondition: 1=Equal.,Confirmed,
9595,ExtData[0].Val4,1,1,8,AbilityLogicOperator: 8=And.,Confirmed,
9595,ExtData[0].Val7,1,1,8,Operation-specific auxiliary parameter. Position confirmed from decompiled client ExtData schema.,Inferred,
9595,ExtData[1].Val1,1,1,1,AbilitySourceType: 1=Cast.,Confirmed,
9595,ExtData[1].Val2,1,1,52,AbilityOperation: 52=TargetBuildTimesChanged.,Confirmed,
9595,ExtData[1].Val3,1,1,6,AbilityCondition: 6=LessThan.,Confirmed,
9596,ExtData[0].Val1,1,1,1,AbilitySourceType: 1=Cast.,Confirmed,
9596,ExtData[0].Val2,1,1,10,AbilityOperation: 10=RequirmentGroupCheck.,Confirmed,
9596,ExtData[0].Val3,1,1,1,AbilityCondition: 1=Equal.,Confirmed,
9596,ExtData[0].Val4,1,1,9,AbilityLogicOperator: 9=Or.,Confirmed,
9596,ExtData[0].Val6,1,1,9594,Every distinct observed value in this field matches a known RequirementId row.,Inferred,Example requirement ids: 9594.
9596,ExtData[0].Val7,1,1,1,Operation-specific auxiliary parameter. Position confirmed from decompiled client ExtData schema.,Inferred,
9596,ExtData[1].Val1,1,1,1,AbilitySourceType: 1=Cast.,Confirmed,
9596,ExtData[1].Val2,1,1,10,AbilityOperation: 10=RequirmentGroupCheck.,Confirmed,
9596,ExtData[1].Val3,1,1,1,AbilityCondition: 1=Equal.,Confirmed,
9596,ExtData[1].Val6,1,1,9595,Every distinct observed value in this field matches a known RequirementId row.,Inferred,Example requirement ids: 9595.
9596,ExtData[1].Val7,1,1,1,Operation-specific auxiliary parameter. Position confirmed from decompiled client ExtData schema.,Inferred,
9597,ExtData[0].Val1,1,1,1,AbilitySourceType: 1=Cast.,Confirmed,
9597,ExtData[0].Val2,1,1,8,AbilityOperation: 8=GetGroupOnAbilityUsed.,Confirmed,
9597,ExtData[0].Val3,1,1,6,AbilityCondition: 6=LessThan.,Confirmed,
9597,ExtData[0].Val4,1,1,8,AbilityLogicOperator: 8=And.,Confirmed,
9597,ExtData[0].Val6,1,1,1284,"Operation-specific reference value (RequirementId child link, ability ID, monster type, or other reference depending on AbilityOperation). Position confirmed from decompiled client ExtData schema.",Inferred,
9597,ExtData[1].Val1,1,1,1,AbilitySourceType: 1=Cast.,Confirmed,
9597,ExtData[1].Val2,1,1,11,AbilityOperation: 11=TargetActivatedComponent.,Confirmed,
9597,ExtData[1].Val3,1,1,1,AbilityCondition: 1=Equal.,Confirmed,
9597,ExtData[1].Val5,1,1,3,Operation-specific threshold or comparison value (semantics depend on AbilityOperation). Position confirmed from decompiled client ExtData schema.,Inferred,
9597,ExtData[1].Val7,1,1,1,Operation-specific auxiliary parameter. Position confirmed from decompiled client ExtData schema.,Inferred,
9598,ExtData[0].Val1,1,1,1,AbilitySourceType: 1=Cast.,Confirmed,
9598,ExtData[0].Val2,1,1,23,AbilityOperation: 23=RequirmentGroupCheck2.,Confirmed,
9598,ExtData[0].Val3,1,1,1,AbilityCondition: 1=Equal.,Confirmed,
9598,ExtData[0].Val4,1,1,9,AbilityLogicOperator: 9=Or.,Confirmed,
9598,ExtData[0].Val6,1,1,9597,Every distinct observed value in this field matches a known RequirementId row.,Inferred,Example requirement ids: 9597.
9598,ExtData[0].Val7,1,1,1,Operation-specific auxiliary parameter. Position confirmed from decompiled client ExtData schema.,Inferred,
9598,ExtData[1].Val1,1,1,1,AbilitySourceType: 1=Cast.,Confirmed,
9598,ExtData[1].Val2,1,1,6,AbilityOperation: 6=BuffGroupCount.,Confirmed,
9598,ExtData[1].Val3,1,1,1,AbilityCondition: 1=Equal.,Confirmed,
9598,ExtData[1].Val6,1,1,1284,"Operation-specific reference value (RequirementId child link, ability ID, monster type, or other reference depending on AbilityOperation). Position confirmed from decompiled client ExtData schema.",Inferred,
9599,ExtData[0].Val1,1,1,1,AbilitySourceType: 1=Cast.,Confirmed,
9599,ExtData[0].Val2,1,1,8,AbilityOperation: 8=GetGroupOnAbilityUsed.,Confirmed,
9599,ExtData[0].Val3,1,1,6,AbilityCondition: 6=LessThan.,Confirmed,
9599,ExtData[0].Val4,1,1,8,AbilityLogicOperator: 8=And.,Confirmed,
9599,ExtData[0].Val6,1,1,1285,"Operation-specific reference value (RequirementId child link, ability ID, monster type, or other reference depending on AbilityOperation). Position confirmed from decompiled client ExtData schema.",Inferred,
9599,ExtData[1].Val1,1,1,1,AbilitySourceType: 1=Cast.,Confirmed,
9599,ExtData[1].Val2,1,1,11,AbilityOperation: 11=TargetActivatedComponent.,Confirmed,
9599,ExtData[1].Val3,1,1,1,AbilityCondition: 1=Equal.,Confirmed,
9599,ExtData[1].Val5,1,1,3,Operation-specific threshold or comparison value (semantics depend on AbilityOperation). Position confirmed from decompiled client ExtData schema.,Inferred,
9599,ExtData[1].Val7,1,1,1,Operation-specific auxiliary parameter. Position confirmed from decompiled client ExtData schema.,Inferred,
9600,ExtData[0].Val1,1,1,1,AbilitySourceType: 1=Cast.,Confirmed,
9600,ExtData[0].Val2,1,1,23,AbilityOperation: 23=RequirmentGroupCheck2.,Confirmed,
9600,ExtData[0].Val3,1,1,1,AbilityCondition: 1=Equal.,Confirmed,
9600,ExtData[0].Val4,1,1,9,AbilityLogicOperator: 9=Or.,Confirmed,
9600,ExtData[0].Val6,1,1,9599,Every distinct observed value in this field matches a known RequirementId row.,Inferred,Example requirement ids: 9599.
9600,ExtData[0].Val7,1,1,1,Operation-specific auxiliary parameter. Position confirmed from decompiled client ExtData schema.,Inferred,
9600,ExtData[1].Val1,1,1,1,AbilitySourceType: 1=Cast.,Confirmed,
9600,ExtData[1].Val2,1,1,6,AbilityOperation: 6=BuffGroupCount.,Confirmed,
9600,ExtData[1].Val3,1,1,1,AbilityCondition: 1=Equal.,Confirmed,
9600,ExtData[1].Val6,1,1,1285,"Operation-specific reference value (RequirementId child link, ability ID, monster type, or other reference depending on AbilityOperation). Position confirmed from decompiled client ExtData schema.",Inferred,
9601,ExtData[0].Val1,1,1,1,AbilitySourceType: 1=Cast.,Confirmed,
9601,ExtData[0].Val2,1,1,8,AbilityOperation: 8=GetGroupOnAbilityUsed.,Confirmed,
9601,ExtData[0].Val3,1,1,6,AbilityCondition: 6=LessThan.,Confirmed,
9601,ExtData[0].Val4,1,1,8,AbilityLogicOperator: 8=And.,Confirmed,
9601,ExtData[0].Val6,1,1,1263,"Operation-specific reference value (RequirementId child link, ability ID, monster type, or other reference depending on AbilityOperation). Position confirmed from decompiled client ExtData schema.",Inferred,
9601,ExtData[1].Val1,1,1,1,AbilitySourceType: 1=Cast.,Confirmed,
9601,ExtData[1].Val2,1,1,11,AbilityOperation: 11=TargetActivatedComponent.,Confirmed,
9601,ExtData[1].Val3,1,1,1,AbilityCondition: 1=Equal.,Confirmed,
9601,ExtData[1].Val5,1,1,3,Operation-specific threshold or comparison value (semantics depend on AbilityOperation). Position confirmed from decompiled client ExtData schema.,Inferred,
9601,ExtData[1].Val7,1,1,1,Operation-specific auxiliary parameter. Position confirmed from decompiled client ExtData schema.,Inferred,
9602,ExtData[0].Val1,1,1,1,AbilitySourceType: 1=Cast.,Confirmed,
9602,ExtData[0].Val2,1,1,23,AbilityOperation: 23=RequirmentGroupCheck2.,Confirmed,
9602,ExtData[0].Val3,1,1,6,AbilityCondition: 6=LessThan.,Confirmed,
9602,ExtData[0].Val4,1,1,9,AbilityLogicOperator: 9=Or.,Confirmed,
9602,ExtData[0].Val6,1,1,9601,Every distinct observed value in this field matches a known RequirementId row.,Inferred,Example requirement ids: 9601.
9602,ExtData[0].Val9,1,1,1,Binary flag byte. Position confirmed from decompiled client ExtData schema.,Inferred,
9602,ExtData[1].Val1,1,1,1,AbilitySourceType: 1=Cast.,Confirmed,
9602,ExtData[1].Val2,1,1,11,AbilityOperation: 11=TargetActivatedComponent.,Confirmed,
9602,ExtData[1].Val3,1,1,1,AbilityCondition: 1=Equal.,Confirmed,
9602,ExtData[1].Val5,1,1,3,Operation-specific threshold or comparison value (semantics depend on AbilityOperation). Position confirmed from decompiled client ExtData schema.,Inferred,
9602,ExtData[1].Val7,1,1,1,Operation-specific auxiliary parameter. Position confirmed from decompiled client ExtData schema.,Inferred,
9603,ExtData[0].Val1,1,1,1,AbilitySourceType: 1=Cast.,Confirmed,
9603,ExtData[0].Val2,1,1,6,AbilityOperation: 6=BuffGroupCount.,Confirmed,
9603,ExtData[0].Val3,1,1,6,AbilityCondition: 6=LessThan.,Confirmed,
9603,ExtData[0].Val4,1,1,9,AbilityLogicOperator: 9=Or.,Confirmed,
9603,ExtData[0].Val5,1,1,3,Operation-specific threshold or comparison value (semantics depend on AbilityOperation). Position confirmed from decompiled client ExtData schema.,Inferred,
9603,ExtData[0].Val6,1,1,1002,"Operation-specific reference value (RequirementId child link, ability ID, monster type, or other reference depending on AbilityOperation). Position confirmed from decompiled client ExtData schema.",Inferred,
9603,ExtData[1].Val1,1,1,1,AbilitySourceType: 1=Cast.,Confirmed,
9603,ExtData[1].Val2,1,1,6,AbilityOperation: 6=BuffGroupCount.,Confirmed,
9603,ExtData[1].Val3,1,1,6,AbilityCondition: 6=LessThan.,Confirmed,
9603,ExtData[1].Val4,1,1,9,AbilityLogicOperator: 9=Or.,Confirmed,
9603,ExtData[1].Val5,1,1,3,Operation-specific threshold or comparison value (semantics depend on AbilityOperation). Position confirmed from decompiled client ExtData schema.,Inferred,
9603,ExtData[1].Val6,1,1,1004,"Operation-specific reference value (RequirementId child link, ability ID, monster type, or other reference depending on AbilityOperation). Position confirmed from decompiled client ExtData schema.",Inferred,
9603,ExtData[2].Val1,1,1,1,AbilitySourceType: 1=Cast.,Confirmed,
9603,ExtData[2].Val2,1,1,6,AbilityOperation: 6=BuffGroupCount.,Confirmed,
9603,ExtData[2].Val3,1,1,6,AbilityCondition: 6=LessThan.,Confirmed,
9603,ExtData[2].Val5,1,1,3,Operation-specific threshold or comparison value (semantics depend on AbilityOperation). Position confirmed from decompiled client ExtData schema.,Inferred,
9603,ExtData[2].Val6,1,1,1001,"Operation-specific reference value (RequirementId child link, ability ID, monster type, or other reference depending on AbilityOperation). Position confirmed from decompiled client ExtData schema.",Inferred,
9604,ExtData[0].Val1,1,1,1,AbilitySourceType: 1=Cast.,Confirmed,
9604,ExtData[0].Val2,1,1,59,AbilityOperation: 59=Zone.,Confirmed,
9604,ExtData[0].Val3,1,1,1,AbilityCondition: 1=Equal.,Confirmed,
9604,ExtData[0].Val4,1,1,9,AbilityLogicOperator: 9=Or.,Confirmed,
9604,ExtData[0].Val6,1,1,191,"Operation-specific reference value (RequirementId child link, ability ID, monster type, or other reference depending on AbilityOperation). Position confirmed from decompiled client ExtData schema.",Inferred,
9604,ExtData[0].Val7,1,1,1,Operation-specific auxiliary parameter. Position confirmed from decompiled client ExtData schema.,Inferred,
9604,ExtData[0].Val8,1,1,108,Operation-specific auxiliary parameter. Position confirmed from decompiled client ExtData schema.,Inferred,
9604,ExtData[1].Val1,1,1,1,AbilitySourceType: 1=Cast.,Confirmed,
9604,ExtData[1].Val2,1,1,59,AbilityOperation: 59=Zone.,Confirmed,
9604,ExtData[1].Val3,1,1,1,AbilityCondition: 1=Equal.,Confirmed,
9604,ExtData[1].Val6,1,1,191,"Operation-specific reference value (RequirementId child link, ability ID, monster type, or other reference depending on AbilityOperation). Position confirmed from decompiled client ExtData schema.",Inferred,
9604,ExtData[1].Val7,1,1,1,Operation-specific auxiliary parameter. Position confirmed from decompiled client ExtData schema.,Inferred,
9604,ExtData[1].Val8,1,1,7,Operation-specific auxiliary parameter. Position confirmed from decompiled client ExtData schema.,Inferred,
9606,ExtData[0].Val1,1,1,1,AbilitySourceType: 1=Cast.,Confirmed,
9606,ExtData[0].Val2,1,1,8,AbilityOperation: 8=GetGroupOnAbilityUsed.,Confirmed,
9606,ExtData[0].Val3,1,1,6,AbilityCondition: 6=LessThan.,Confirmed,
9606,ExtData[0].Val4,1,1,8,AbilityLogicOperator: 8=And.,Confirmed,
9606,ExtData[0].Val5,1,1,3,Operation-specific threshold or comparison value (semantics depend on AbilityOperation). Position confirmed from decompiled client ExtData schema.,Inferred,
9606,ExtData[0].Val6,1,1,343,"Operation-specific reference value (RequirementId child link, ability ID, monster type, or other reference depending on AbilityOperation). Position confirmed from decompiled client ExtData schema.",Inferred,
9606,ExtData[1].Val1,1,1,1,AbilitySourceType: 1=Cast.,Confirmed,
9606,ExtData[1].Val2,1,1,11,AbilityOperation: 11=TargetActivatedComponent.,Confirmed,
9606,ExtData[1].Val3,1,1,1,AbilityCondition: 1=Equal.,Confirmed,
9606,ExtData[1].Val5,1,1,3,Operation-specific threshold or comparison value (semantics depend on AbilityOperation). Position confirmed from decompiled client ExtData schema.,Inferred,
9606,ExtData[1].Val7,1,1,1,Operation-specific auxiliary parameter. Position confirmed from decompiled client ExtData schema.,Inferred,
9607,ExtData[0].Val1,1,1,1,AbilitySourceType: 1=Cast.,Confirmed,
9607,ExtData[0].Val2,1,1,4,AbilityOperation: 4=Range.,Confirmed,
9607,ExtData[0].Val3,1,1,4,AbilityCondition: 4=LessThanEqual.,Confirmed,
9607,ExtData[0].Val4,1,1,8,AbilityLogicOperator: 8=And.,Confirmed,
9607,ExtData[0].Val7,1,1,1500,Operation-specific auxiliary parameter. Position confirmed from decompiled client ExtData schema.,Inferred,
9607,ExtData[0].Val8,1,1,1,Operation-specific auxiliary parameter. Position confirmed from decompiled client ExtData schema.,Inferred,
9607,ExtData[1].Val1,1,1,1,AbilitySourceType: 1=Cast.,Confirmed,
9607,ExtData[1].Val2,1,1,6,AbilityOperation: 6=BuffGroupCount.,Confirmed,
9607,ExtData[1].Val3,1,1,1,AbilityCondition: 1=Equal.,Confirmed,
9607,ExtData[1].Val5,1,1,3,Operation-specific threshold or comparison value (semantics depend on AbilityOperation). Position confirmed from decompiled client ExtData schema.,Inferred,
9607,ExtData[1].Val6,1,1,1293,"Operation-specific reference value (RequirementId child link, ability ID, monster type, or other reference depending on AbilityOperation). Position confirmed from decompiled client ExtData schema.",Inferred,
9607,ExtData[1].Val7,1,1,1,Operation-specific auxiliary parameter. Position confirmed from decompiled client ExtData schema.,Inferred,
9608,ExtData[0].Val1,1,1,1,AbilitySourceType: 1=Cast.,Confirmed,
9608,ExtData[0].Val2,1,1,4,AbilityOperation: 4=Range.,Confirmed,
9608,ExtData[0].Val3,1,1,4,AbilityCondition: 4=LessThanEqual.,Confirmed,
9608,ExtData[0].Val4,1,1,9,AbilityLogicOperator: 9=Or.,Confirmed,
9608,ExtData[0].Val7,1,1,1200,Operation-specific auxiliary parameter. Position confirmed from decompiled client ExtData schema.,Inferred,
9608,ExtData[0].Val8,1,1,1,Operation-specific auxiliary parameter. Position confirmed from decompiled client ExtData schema.,Inferred,
9608,ExtData[1].Val1,1,1,1,AbilitySourceType: 1=Cast.,Confirmed,
9608,ExtData[1].Val2,1,1,10,AbilityOperation: 10=RequirmentGroupCheck.,Confirmed,
9608,ExtData[1].Val3,1,1,1,AbilityCondition: 1=Equal.,Confirmed,
9608,ExtData[1].Val6,1,1,9607,Every distinct observed value in this field matches a known RequirementId row.,Inferred,Example requirement ids: 9607.
9608,ExtData[1].Val7,1,1,1,Operation-specific auxiliary parameter. Position confirmed from decompiled client ExtData schema.,Inferred,
9609,ExtData[0].Val1,1,1,1,AbilitySourceType: 1=Cast.,Confirmed,
9609,ExtData[0].Val2,1,1,4,AbilityOperation: 4=Range.,Confirmed,
9609,ExtData[0].Val3,1,1,4,AbilityCondition: 4=LessThanEqual.,Confirmed,
9609,ExtData[0].Val4,1,1,8,AbilityLogicOperator: 8=And.,Confirmed,
9609,ExtData[0].Val7,1,1,1200,Operation-specific auxiliary parameter. Position confirmed from decompiled client ExtData schema.,Inferred,
9609,ExtData[0].Val8,1,1,1,Operation-specific auxiliary parameter. Position confirmed from decompiled client ExtData schema.,Inferred,
9609,ExtData[1].Val1,1,1,1,AbilitySourceType: 1=Cast.,Confirmed,
9609,ExtData[1].Val2,1,1,4,AbilityOperation: 4=Range.,Confirmed,
9609,ExtData[1].Val3,1,1,5,AbilityCondition: 5=GreaterThanEqual.,Confirmed,
9609,ExtData[1].Val7,1,1,60,Operation-specific auxiliary parameter. Position confirmed from decompiled client ExtData schema.,Inferred,
9609,ExtData[1].Val8,1,1,1,Operation-specific auxiliary parameter. Position confirmed from decompiled client ExtData schema.,Inferred,
9611,ExtData[0].Val1,1,1,1,AbilitySourceType: 1=Cast.,Confirmed,
9611,ExtData[0].Val2,1,1,8,AbilityOperation: 8=GetGroupOnAbilityUsed.,Confirmed,
9611,ExtData[0].Val3,1,1,6,AbilityCondition: 6=LessThan.,Confirmed,
9611,ExtData[0].Val4,1,1,8,AbilityLogicOperator: 8=And.,Confirmed,
9611,ExtData[0].Val6,1,1,1309,"Operation-specific reference value (RequirementId child link, ability ID, monster type, or other reference depending on AbilityOperation). Position confirmed from decompiled client ExtData schema.",Inferred,
9611,ExtData[1].Val1,1,1,1,AbilitySourceType: 1=Cast.,Confirmed,
9611,ExtData[1].Val2,1,1,11,AbilityOperation: 11=TargetActivatedComponent.,Confirmed,
9611,ExtData[1].Val3,1,1,1,AbilityCondition: 1=Equal.,Confirmed,
9611,ExtData[1].Val5,1,1,3,Operation-specific threshold or comparison value (semantics depend on AbilityOperation). Position confirmed from decompiled client ExtData schema.,Inferred,
9611,ExtData[1].Val7,1,1,1,Operation-specific auxiliary parameter. Position confirmed from decompiled client ExtData schema.,Inferred,
9612,ExtData[0].Val1,1,1,1,AbilitySourceType: 1=Cast.,Confirmed,
9612,ExtData[0].Val2,1,1,8,AbilityOperation: 8=GetGroupOnAbilityUsed.,Confirmed,
9612,ExtData[0].Val3,1,1,6,AbilityCondition: 6=LessThan.,Confirmed,
9612,ExtData[0].Val4,1,1,8,AbilityLogicOperator: 8=And.,Confirmed,
9612,ExtData[0].Val6,1,1,1310,"Operation-specific reference value (RequirementId child link, ability ID, monster type, or other reference depending on AbilityOperation). Position confirmed from decompiled client ExtData schema.",Inferred,
9612,ExtData[1].Val1,1,1,1,AbilitySourceType: 1=Cast.,Confirmed,
9612,ExtData[1].Val2,1,1,11,AbilityOperation: 11=TargetActivatedComponent.,Confirmed,
9612,ExtData[1].Val3,1,1,1,AbilityCondition: 1=Equal.,Confirmed,
9612,ExtData[1].Val5,1,1,3,Operation-specific threshold or comparison value (semantics depend on AbilityOperation). Position confirmed from decompiled client ExtData schema.,Inferred,
9612,ExtData[1].Val7,1,1,1,Operation-specific auxiliary parameter. Position confirmed from decompiled client ExtData schema.,Inferred,
9613,ExtData[0].Val1,1,1,1,AbilitySourceType: 1=Cast.,Confirmed,
9613,ExtData[0].Val2,1,1,64,AbilityOperation: 64=Unk64.,Confirmed,
9613,ExtData[0].Val3,1,1,1,AbilityCondition: 1=Equal.,Confirmed,
9613,ExtData[0].Val4,1,1,9,AbilityLogicOperator: 9=Or.,Confirmed,
9613,ExtData[0].Val6,1,1,17613,"Operation-specific reference value (RequirementId child link, ability ID, monster type, or other reference depending on AbilityOperation). Position confirmed from decompiled client ExtData schema.",Inferred,
9613,ExtData[1].Val1,1,1,1,AbilitySourceType: 1=Cast.,Confirmed,
9613,ExtData[1].Val2,1,1,64,AbilityOperation: 64=Unk64.,Confirmed,
9613,ExtData[1].Val3,1,1,1,AbilityCondition: 1=Equal.,Confirmed,
9613,ExtData[1].Val4,1,1,9,AbilityLogicOperator: 9=Or.,Confirmed,
9613,ExtData[1].Val6,1,1,17632,"Operation-specific reference value (RequirementId child link, ability ID, monster type, or other reference depending on AbilityOperation). Position confirmed from decompiled client ExtData schema.",Inferred,
9613,ExtData[2].Val1,1,1,1,AbilitySourceType: 1=Cast.,Confirmed,
9613,ExtData[2].Val2,1,1,64,AbilityOperation: 64=Unk64.,Confirmed,
9613,ExtData[2].Val3,1,1,1,AbilityCondition: 1=Equal.,Confirmed,
9613,ExtData[2].Val4,1,1,9,AbilityLogicOperator: 9=Or.,Confirmed,
9613,ExtData[2].Val6,1,1,17610,"Operation-specific reference value (RequirementId child link, ability ID, monster type, or other reference depending on AbilityOperation). Position confirmed from decompiled client ExtData schema.",Inferred,
9613,ExtData[3].Val1,1,1,1,AbilitySourceType: 1=Cast.,Confirmed,
9613,ExtData[3].Val2,1,1,64,AbilityOperation: 64=Unk64.,Confirmed,
9613,ExtData[3].Val3,1,1,1,AbilityCondition: 1=Equal.,Confirmed,
9613,ExtData[3].Val6,1,1,17633,"Operation-specific reference value (RequirementId child link, ability ID, monster type, or other reference depending on AbilityOperation). Position confirmed from decompiled client ExtData schema.",Inferred,
9614,ExtData[0].Val1,1,1,1,AbilitySourceType: 1=Cast.,Confirmed,
9614,ExtData[0].Val2,1,1,6,AbilityOperation: 6=BuffGroupCount.,Confirmed,
9614,ExtData[0].Val3,1,1,6,AbilityCondition: 6=LessThan.,Confirmed,
9614,ExtData[0].Val4,1,1,9,AbilityLogicOperator: 9=Or.,Confirmed,
9614,ExtData[0].Val6,1,1,1002,"Operation-specific reference value (RequirementId child link, ability ID, monster type, or other reference depending on AbilityOperation). Position confirmed from decompiled client ExtData schema.",Inferred,
9614,ExtData[1].Val1,1,1,1,AbilitySourceType: 1=Cast.,Confirmed,
9614,ExtData[1].Val2,1,1,6,AbilityOperation: 6=BuffGroupCount.,Confirmed,
9614,ExtData[1].Val3,1,1,6,AbilityCondition: 6=LessThan.,Confirmed,
9614,ExtData[1].Val4,1,1,9,AbilityLogicOperator: 9=Or.,Confirmed,
9614,ExtData[1].Val6,1,1,1001,"Operation-specific reference value (RequirementId child link, ability ID, monster type, or other reference depending on AbilityOperation). Position confirmed from decompiled client ExtData schema.",Inferred,
9614,ExtData[2].Val1,1,1,1,AbilitySourceType: 1=Cast.,Confirmed,
9614,ExtData[2].Val2,1,1,6,AbilityOperation: 6=BuffGroupCount.,Confirmed,
9614,ExtData[2].Val3,1,1,6,AbilityCondition: 6=LessThan.,Confirmed,
9614,ExtData[2].Val6,1,1,1004,"Operation-specific reference value (RequirementId child link, ability ID, monster type, or other reference depending on AbilityOperation). Position confirmed from decompiled client ExtData schema.",Inferred,
9615,ExtData[0].Val1,1,1,1,AbilitySourceType: 1=Cast.,Confirmed,
9615,ExtData[0].Val2,1,1,8,AbilityOperation: 8=GetGroupOnAbilityUsed.,Confirmed,
9615,ExtData[0].Val3,1,1,6,AbilityCondition: 6=LessThan.,Confirmed,
9615,ExtData[0].Val4,1,1,8,AbilityLogicOperator: 8=And.,Confirmed,
9615,ExtData[0].Val6,1,1,1014,"Operation-specific reference value (RequirementId child link, ability ID, monster type, or other reference depending on AbilityOperation). Position confirmed from decompiled client ExtData schema.",Inferred,
9615,ExtData[1].Val1,1,1,1,AbilitySourceType: 1=Cast.,Confirmed,
9615,ExtData[1].Val2,1,1,8,AbilityOperation: 8=GetGroupOnAbilityUsed.,Confirmed,
9615,ExtData[1].Val3,1,1,1,AbilityCondition: 1=Equal.,Confirmed,
9615,ExtData[1].Val4,1,1,9,AbilityLogicOperator: 9=Or.,Confirmed,
9615,ExtData[1].Val6,1,1,1324,"Operation-specific reference value (RequirementId child link, ability ID, monster type, or other reference depending on AbilityOperation). Position confirmed from decompiled client ExtData schema.",Inferred,
9620,ExtData[0].Val1,1,1,1,AbilitySourceType: 1=Cast.,Confirmed,
9620,ExtData[0].Val2,1,1,44,AbilityOperation: 44=EquippedInventorySlot.,Confirmed,
9620,ExtData[0].Val3,1,1,6,AbilityCondition: 6=LessThan.,Confirmed,
9620,ExtData[0].Val4,1,1,12,AbilityLogicOperator: 12=Unk12.,Confirmed,
9620,ExtData[0].Val5,1,1,3,Operation-specific threshold or comparison value (semantics depend on AbilityOperation). Position confirmed from decompiled client ExtData schema.,Inferred,
9620,ExtData[0].Val6,1,1,12,"Operation-specific reference value (RequirementId child link, ability ID, monster type, or other reference depending on AbilityOperation). Position confirmed from decompiled client ExtData schema.",Inferred,
9620,ExtData[1].Val1,1,1,1,AbilitySourceType: 1=Cast.,Confirmed,
9620,ExtData[1].Val2,1,1,7,AbilityOperation: 7=Unk7.,Confirmed,
9620,ExtData[1].Val3,1,1,7,AbilityCondition: 7=GreaterThan.,Confirmed,
9620,ExtData[1].Val5,1,1,3,Operation-specific threshold or comparison value (semantics depend on AbilityOperation). Position confirmed from decompiled client ExtData schema.,Inferred,
9620,ExtData[1].Val8,1,1,2,Operation-specific auxiliary parameter. Position confirmed from decompiled client ExtData schema.,Inferred,
9621,ExtData[0].Val1,1,1,1,AbilitySourceType: 1=Cast.,Confirmed,
9621,ExtData[0].Val2,1,1,7,AbilityOperation: 7=Unk7.,Confirmed,
9621,ExtData[0].Val3,1,1,7,AbilityCondition: 7=GreaterThan.,Confirmed,
9621,ExtData[0].Val4,1,1,12,AbilityLogicOperator: 12=Unk12.,Confirmed,
9621,ExtData[1].Val1,1,1,1,AbilitySourceType: 1=Cast.,Confirmed,
9621,ExtData[1].Val2,1,1,44,AbilityOperation: 44=EquippedInventorySlot.,Confirmed,
9621,ExtData[1].Val3,1,1,1,AbilityCondition: 1=Equal.,Confirmed,
9621,ExtData[1].Val5,1,1,3,Operation-specific threshold or comparison value (semantics depend on AbilityOperation). Position confirmed from decompiled client ExtData schema.,Inferred,
9621,ExtData[1].Val6,1,1,12,"Operation-specific reference value (RequirementId child link, ability ID, monster type, or other reference depending on AbilityOperation). Position confirmed from decompiled client ExtData schema.",Inferred,
9622,ExtData[0].Val1,1,1,1,AbilitySourceType: 1=Cast.,Confirmed,
9622,ExtData[0].Val2,1,1,10,AbilityOperation: 10=RequirmentGroupCheck.,Confirmed,
9622,ExtData[0].Val3,1,1,7,AbilityCondition: 7=GreaterThan.,Confirmed,
9622,ExtData[0].Val4,1,1,10,AbilityLogicOperator: 10=Unk10.,Confirmed,
9622,ExtData[0].Val5,1,1,3,Operation-specific threshold or comparison value (semantics depend on AbilityOperation). Position confirmed from decompiled client ExtData schema.,Inferred,
9622,ExtData[0].Val6,1,1,9620,Every distinct observed value in this field matches a known RequirementId row.,Inferred,Example requirement ids: 9620.
9622,ExtData[1].Val1,1,1,1,AbilitySourceType: 1=Cast.,Confirmed,
9622,ExtData[1].Val2,1,1,10,AbilityOperation: 10=RequirmentGroupCheck.,Confirmed,
9622,ExtData[1].Val3,1,1,7,AbilityCondition: 7=GreaterThan.,Confirmed,
9622,ExtData[1].Val5,1,1,3,Operation-specific threshold or comparison value (semantics depend on AbilityOperation). Position confirmed from decompiled client ExtData schema.,Inferred,
9622,ExtData[1].Val6,1,1,9621,Every distinct observed value in this field matches a known RequirementId row.,Inferred,Example requirement ids: 9621.
9623,ExtData[0].Val1,1,1,1,AbilitySourceType: 1=Cast.,Confirmed,
9623,ExtData[0].Val2,1,1,7,AbilityOperation: 7=Unk7.,Confirmed,
9623,ExtData[0].Val3,1,1,7,AbilityCondition: 7=GreaterThan.,Confirmed,
9623,ExtData[0].Val4,1,1,12,AbilityLogicOperator: 12=Unk12.,Confirmed,
9623,ExtData[1].Val1,1,1,1,AbilitySourceType: 1=Cast.,Confirmed,
9623,ExtData[1].Val2,1,1,44,AbilityOperation: 44=EquippedInventorySlot.,Confirmed,
9623,ExtData[1].Val3,1,1,6,AbilityCondition: 6=LessThan.,Confirmed,
9623,ExtData[1].Val5,1,1,3,Operation-specific threshold or comparison value (semantics depend on AbilityOperation). Position confirmed from decompiled client ExtData schema.,Inferred,
9623,ExtData[1].Val6,1,1,12,"Operation-specific reference value (RequirementId child link, ability ID, monster type, or other reference depending on AbilityOperation). Position confirmed from decompiled client ExtData schema.",Inferred,
9624,ExtData[0].Val1,1,1,1,AbilitySourceType: 1=Cast.,Confirmed,
9624,ExtData[0].Val2,1,1,7,AbilityOperation: 7=Unk7.,Confirmed,
9624,ExtData[0].Val3,1,1,7,AbilityCondition: 7=GreaterThan.,Confirmed,
9624,ExtData[0].Val4,1,1,12,AbilityLogicOperator: 12=Unk12.,Confirmed,
9624,ExtData[0].Val8,1,1,1,Operation-specific auxiliary parameter. Position confirmed from decompiled client ExtData schema.,Inferred,
9624,ExtData[1].Val1,1,1,1,AbilitySourceType: 1=Cast.,Confirmed,
9624,ExtData[1].Val2,1,1,44,AbilityOperation: 44=EquippedInventorySlot.,Confirmed,
9624,ExtData[1].Val3,1,1,1,AbilityCondition: 1=Equal.,Confirmed,
9624,ExtData[1].Val5,1,1,3,Operation-specific threshold or comparison value (semantics depend on AbilityOperation). Position confirmed from decompiled client ExtData schema.,Inferred,
9624,ExtData[1].Val6,1,1,12,"Operation-specific reference value (RequirementId child link, ability ID, monster type, or other reference depending on AbilityOperation). Position confirmed from decompiled client ExtData schema.",Inferred,
9625,ExtData[0].Val1,1,1,1,AbilitySourceType: 1=Cast.,Confirmed,
9625,ExtData[0].Val2,1,1,10,AbilityOperation: 10=RequirmentGroupCheck.,Confirmed,
9625,ExtData[0].Val3,1,1,7,AbilityCondition: 7=GreaterThan.,Confirmed,
9625,ExtData[0].Val4,1,1,10,AbilityLogicOperator: 10=Unk10.,Confirmed,
9625,ExtData[0].Val5,1,1,3,Operation-specific threshold or comparison value (semantics depend on AbilityOperation). Position confirmed from decompiled client ExtData schema.,Inferred,
9625,ExtData[0].Val6,1,1,9623,Every distinct observed value in this field matches a known RequirementId row.,Inferred,Example requirement ids: 9623.
9625,ExtData[1].Val1,1,1,1,AbilitySourceType: 1=Cast.,Confirmed,
9625,ExtData[1].Val2,1,1,10,AbilityOperation: 10=RequirmentGroupCheck.,Confirmed,
9625,ExtData[1].Val3,1,1,7,AbilityCondition: 7=GreaterThan.,Confirmed,
9625,ExtData[1].Val5,1,1,3,Operation-specific threshold or comparison value (semantics depend on AbilityOperation). Position confirmed from decompiled client ExtData schema.,Inferred,
9625,ExtData[1].Val6,1,1,9624,Every distinct observed value in this field matches a known RequirementId row.,Inferred,Example requirement ids: 9624.
23739,ExtData[0].Val1,1,1,1,AbilitySourceType: 1=Cast.,Confirmed,
23739,ExtData[0].Val2,1,1,85,AbilityOperation: 85=Unk85.,Confirmed,
23739,ExtData[0].Val3,1,1,1,AbilityCondition: 1=Equal.,Confirmed,
23739,ExtData[0].Val4,1,1,8,AbilityLogicOperator: 8=And.,Confirmed,
23739,ExtData[1].Val1,1,1,1,AbilitySourceType: 1=Cast.,Confirmed,
23739,ExtData[1].Val2,1,1,89,AbilityOperation: 89=Unk89.,Confirmed,
23739,ExtData[1].Val3,1,1,1,AbilityCondition: 1=Equal.,Confirmed,
23739,ExtData[1].Val4,1,1,8,AbilityLogicOperator: 8=And.,Confirmed,
24868,ExtData[1].Val1,1,1,1,AbilitySourceType: 1=Cast.,Confirmed,
24868,ExtData[1].Val2,1,1,10,AbilityOperation: 10=RequirmentGroupCheck.,Confirmed,
24868,ExtData[1].Val3,1,1,1,AbilityCondition: 1=Equal.,Confirmed,
24868,ExtData[1].Val4,1,1,9,AbilityLogicOperator: 9=Or.,Confirmed,
24868,ExtData[1].Val6,1,1,24869,Every distinct observed value in this field matches a known RequirementId row.,Inferred,Example requirement ids: 24869.
24868,ExtData[1].Val7,1,1,1,Operation-specific auxiliary parameter. Position confirmed from decompiled client ExtData schema.,Inferred,
24868,ExtData[2].Val1,1,1,1,AbilitySourceType: 1=Cast.,Confirmed,
24868,ExtData[2].Val2,1,1,10,AbilityOperation: 10=RequirmentGroupCheck.,Confirmed,
24868,ExtData[2].Val3,1,1,1,AbilityCondition: 1=Equal.,Confirmed,
24868,ExtData[2].Val6,1,1,24870,Every distinct observed value in this field matches a known RequirementId row.,Inferred,Example requirement ids: 24870.
24868,ExtData[2].Val7,1,1,1,Operation-specific auxiliary parameter. Position confirmed from decompiled client ExtData schema.,Inferred,
24869,ExtData[1].Val1,1,1,1,AbilitySourceType: 1=Cast.,Confirmed,
24869,ExtData[1].Val2,1,1,14,AbilityOperation: 14=TargetCheck.,Confirmed,
24869,ExtData[1].Val3,1,1,1,AbilityCondition: 1=Equal.,Confirmed,
24869,ExtData[1].Val5,1,1,1,Operation-specific threshold or comparison value (semantics depend on AbilityOperation). Position confirmed from decompiled client ExtData schema.,Inferred,
24870,ExtData[1].Val1,1,1,1,AbilitySourceType: 1=Cast.,Confirmed,
24870,ExtData[1].Val2,1,1,14,AbilityOperation: 14=TargetCheck.,Confirmed,
24870,ExtData[1].Val3,1,1,1,AbilityCondition: 1=Equal.,Confirmed,
24870,ExtData[1].Val4,1,1,8,AbilityLogicOperator: 8=And.,Confirmed,
24870,ExtData[1].Val5,1,1,1,Operation-specific threshold or comparison value (semantics depend on AbilityOperation). Position confirmed from decompiled client ExtData schema.,Inferred,
24870,ExtData[1].Val7,1,1,1,Operation-specific auxiliary parameter. Position confirmed from decompiled client ExtData schema.,Inferred,
24870,ExtData[2].Val1,1,1,1,AbilitySourceType: 1=Cast.,Confirmed,
24870,ExtData[2].Val2,1,1,10,AbilityOperation: 10=RequirmentGroupCheck.,Confirmed,
24870,ExtData[2].Val3,1,1,1,AbilityCondition: 1=Equal.,Confirmed,
24870,ExtData[2].Val6,1,1,24871,Every distinct observed value in this field matches a known RequirementId row.,Inferred,Example requirement ids: 24871.
24870,ExtData[2].Val7,1,1,1,Operation-specific auxiliary parameter. Position confirmed from decompiled client ExtData schema.,Inferred,
24871,ExtData[0].Val1,1,1,1,AbilitySourceType: 1=Cast.,Confirmed,
24871,ExtData[0].Val2,1,1,67,AbilityOperation: 67=BuffAbilityIDSum.,Confirmed,
24871,ExtData[0].Val3,1,1,1,AbilityCondition: 1=Equal.,Confirmed,
24871,ExtData[0].Val4,1,1,9,AbilityLogicOperator: 9=Or.,Confirmed,
24871,ExtData[0].Val5,1,1,1,Operation-specific threshold or comparison value (semantics depend on AbilityOperation). Position confirmed from decompiled client ExtData schema.,Inferred,
24871,ExtData[0].Val6,1,1,14008,"Operation-specific reference value (RequirementId child link, ability ID, monster type, or other reference depending on AbilityOperation). Position confirmed from decompiled client ExtData schema.",Inferred,
24871,ExtData[0].Val7,1,1,1,Operation-specific auxiliary parameter. Position confirmed from decompiled client ExtData schema.,Inferred,
24871,ExtData[1].Val1,1,1,1,AbilitySourceType: 1=Cast.,Confirmed,
24871,ExtData[1].Val2,1,1,67,AbilityOperation: 67=BuffAbilityIDSum.,Confirmed,
24871,ExtData[1].Val3,1,1,1,AbilityCondition: 1=Equal.,Confirmed,
24871,ExtData[1].Val4,1,1,9,AbilityLogicOperator: 9=Or.,Confirmed,
24871,ExtData[1].Val5,1,1,1,Operation-specific threshold or comparison value (semantics depend on AbilityOperation). Position confirmed from decompiled client ExtData schema.,Inferred,
24871,ExtData[1].Val6,1,1,14024,"Operation-specific reference value (RequirementId child link, ability ID, monster type, or other reference depending on AbilityOperation). Position confirmed from decompiled client ExtData schema.",Inferred,
24871,ExtData[1].Val7,1,1,1,Operation-specific auxiliary parameter. Position confirmed from decompiled client ExtData schema.,Inferred,
24871,ExtData[2].Val1,1,1,1,AbilitySourceType: 1=Cast.,Confirmed,
24871,ExtData[2].Val2,1,1,6,AbilityOperation: 6=BuffGroupCount.,Confirmed,
24871,ExtData[2].Val3,1,1,6,AbilityCondition: 6=LessThan.,Confirmed,
24871,ExtData[2].Val4,1,1,9,AbilityLogicOperator: 9=Or.,Confirmed,
24871,ExtData[2].Val5,1,1,1,Operation-specific threshold or comparison value (semantics depend on AbilityOperation). Position confirmed from decompiled client ExtData schema.,Inferred,
24871,ExtData[2].Val6,1,1,4176,"Operation-specific reference value (RequirementId child link, ability ID, monster type, or other reference depending on AbilityOperation). Position confirmed from decompiled client ExtData schema.",Inferred,
24871,ExtData[3].Val1,1,1,1,AbilitySourceType: 1=Cast.,Confirmed,
24871,ExtData[3].Val2,1,1,6,AbilityOperation: 6=BuffGroupCount.,Confirmed,
24871,ExtData[3].Val3,1,1,6,AbilityCondition: 6=LessThan.,Confirmed,
24871,ExtData[3].Val5,1,1,1,Operation-specific threshold or comparison value (semantics depend on AbilityOperation). Position confirmed from decompiled client ExtData schema.,Inferred,
24871,ExtData[3].Val6,1,1,4177,"Operation-specific reference value (RequirementId child link, ability ID, monster type, or other reference depending on AbilityOperation). Position confirmed from decompiled client ExtData schema.",Inferred,
24877,ExtData[0].Val1,1,1,1,AbilitySourceType: 1=Cast.,Confirmed,
24877,ExtData[0].Val2,1,1,10,AbilityOperation: 10=RequirmentGroupCheck.,Confirmed,
24877,ExtData[0].Val3,1,1,1,AbilityCondition: 1=Equal.,Confirmed,
24877,ExtData[0].Val4,1,1,8,AbilityLogicOperator: 8=And.,Confirmed,
24877,ExtData[0].Val6,1,1,24868,Every distinct observed value in this field matches a known RequirementId row.,Inferred,Example requirement ids: 24868.
24877,ExtData[0].Val7,1,1,1,Operation-specific auxiliary parameter. Position confirmed from decompiled client ExtData schema.,Inferred,
24877,ExtData[2].Val1,1,1,1,AbilitySourceType: 1=Cast.,Confirmed,
24877,ExtData[2].Val2,1,1,14,AbilityOperation: 14=TargetCheck.,Confirmed,
24877,ExtData[2].Val3,1,1,1,AbilityCondition: 1=Equal.,Confirmed,
24877,ExtData[2].Val4,1,1,8,AbilityLogicOperator: 8=And.,Confirmed,
24877,ExtData[2].Val5,1,1,11,Operation-specific threshold or comparison value (semantics depend on AbilityOperation). Position confirmed from decompiled client ExtData schema.,Inferred,
24877,ExtData[2].Val7,1,1,1,Operation-specific auxiliary parameter. Position confirmed from decompiled client ExtData schema.,Inferred,
24877,ExtData[3].Val1,1,1,1,AbilitySourceType: 1=Cast.,Confirmed,
24877,ExtData[3].Val2,1,1,67,AbilityOperation: 67=BuffAbilityIDSum.,Confirmed,
24877,ExtData[3].Val3,1,1,1,AbilityCondition: 1=Equal.,Confirmed,
24877,ExtData[3].Val4,1,1,8,AbilityLogicOperator: 8=And.,Confirmed,
24877,ExtData[3].Val5,1,1,11,Operation-specific threshold or comparison value (semantics depend on AbilityOperation). Position confirmed from decompiled client ExtData schema.,Inferred,
24877,ExtData[3].Val6,1,1,14008,"Operation-specific reference value (RequirementId child link, ability ID, monster type, or other reference depending on AbilityOperation). Position confirmed from decompiled client ExtData schema.",Inferred,
24877,ExtData[4].Val1,1,1,1,AbilitySourceType: 1=Cast.,Confirmed,
24877,ExtData[4].Val2,1,1,6,AbilityOperation: 6=BuffGroupCount.,Confirmed,
24877,ExtData[4].Val3,1,1,1,AbilityCondition: 1=Equal.,Confirmed,
24877,ExtData[4].Val4,1,1,8,AbilityLogicOperator: 8=And.,Confirmed,
24877,ExtData[4].Val5,1,1,11,Operation-specific threshold or comparison value (semantics depend on AbilityOperation). Position confirmed from decompiled client ExtData schema.,Inferred,
24877,ExtData[4].Val6,1,1,4177,"Operation-specific reference value (RequirementId child link, ability ID, monster type, or other reference depending on AbilityOperation). Position confirmed from decompiled client ExtData schema.",Inferred,
24877,ExtData[5].Val1,1,1,1,AbilitySourceType: 1=Cast.,Confirmed,
24877,ExtData[5].Val2,1,1,6,AbilityOperation: 6=BuffGroupCount.,Confirmed,
24877,ExtData[5].Val3,1,1,1,AbilityCondition: 1=Equal.,Confirmed,
24877,ExtData[5].Val5,1,1,11,Operation-specific threshold or comparison value (semantics depend on AbilityOperation). Position confirmed from decompiled client ExtData schema.,Inferred,
24877,ExtData[5].Val6,1,1,4176,"Operation-specific reference value (RequirementId child link, ability ID, monster type, or other reference depending on AbilityOperation). Position confirmed from decompiled client ExtData schema.",Inferred,
24878,ExtData[1].Val1,1,1,1,AbilitySourceType: 1=Cast.,Confirmed,
24878,ExtData[1].Val2,1,1,14,AbilityOperation: 14=TargetCheck.,Confirmed,
24878,ExtData[1].Val3,1,1,1,AbilityCondition: 1=Equal.,Confirmed,
24878,ExtData[1].Val4,1,1,8,AbilityLogicOperator: 8=And.,Confirmed,
24878,ExtData[1].Val5,1,1,1,Operation-specific threshold or comparison value (semantics depend on AbilityOperation). Position confirmed from decompiled client ExtData schema.,Inferred,
24878,ExtData[1].Val7,1,1,1,Operation-specific auxiliary parameter. Position confirmed from decompiled client ExtData schema.,Inferred,
24878,ExtData[2].Val1,1,1,1,AbilitySourceType: 1=Cast.,Confirmed,
24878,ExtData[2].Val2,1,1,67,AbilityOperation: 67=BuffAbilityIDSum.,Confirmed,
24878,ExtData[2].Val3,1,1,1,AbilityCondition: 1=Equal.,Confirmed,
24878,ExtData[2].Val4,1,1,8,AbilityLogicOperator: 8=And.,Confirmed,
24878,ExtData[2].Val5,1,1,1,Operation-specific threshold or comparison value (semantics depend on AbilityOperation). Position confirmed from decompiled client ExtData schema.,Inferred,
24878,ExtData[2].Val6,1,1,14008,"Operation-specific reference value (RequirementId child link, ability ID, monster type, or other reference depending on AbilityOperation). Position confirmed from decompiled client ExtData schema.",Inferred,
24878,ExtData[3].Val1,1,1,1,AbilitySourceType: 1=Cast.,Confirmed,
24878,ExtData[3].Val2,1,1,67,AbilityOperation: 67=BuffAbilityIDSum.,Confirmed,
24878,ExtData[3].Val3,1,1,1,AbilityCondition: 1=Equal.,Confirmed,
24878,ExtData[3].Val4,1,1,8,AbilityLogicOperator: 8=And.,Confirmed,
24878,ExtData[3].Val5,1,1,1,Operation-specific threshold or comparison value (semantics depend on AbilityOperation). Position confirmed from decompiled client ExtData schema.,Inferred,
24878,ExtData[3].Val6,1,1,14024,"Operation-specific reference value (RequirementId child link, ability ID, monster type, or other reference depending on AbilityOperation). Position confirmed from decompiled client ExtData schema.",Inferred,
24878,ExtData[4].Val1,1,1,1,AbilitySourceType: 1=Cast.,Confirmed,
24878,ExtData[4].Val2,1,1,6,AbilityOperation: 6=BuffGroupCount.,Confirmed,
24878,ExtData[4].Val3,1,1,1,AbilityCondition: 1=Equal.,Confirmed,
24878,ExtData[4].Val4,1,1,8,AbilityLogicOperator: 8=And.,Confirmed,
24878,ExtData[4].Val5,1,1,1,Operation-specific threshold or comparison value (semantics depend on AbilityOperation). Position confirmed from decompiled client ExtData schema.,Inferred,
24878,ExtData[4].Val6,1,1,4176,"Operation-specific reference value (RequirementId child link, ability ID, monster type, or other reference depending on AbilityOperation). Position confirmed from decompiled client ExtData schema.",Inferred,
24878,ExtData[5].Val1,1,1,1,AbilitySourceType: 1=Cast.,Confirmed,
24878,ExtData[5].Val2,1,1,6,AbilityOperation: 6=BuffGroupCount.,Confirmed,
24878,ExtData[5].Val3,1,1,1,AbilityCondition: 1=Equal.,Confirmed,
24878,ExtData[5].Val5,1,1,1,Operation-specific threshold or comparison value (semantics depend on AbilityOperation). Position confirmed from decompiled client ExtData schema.,Inferred,
24878,ExtData[5].Val6,1,1,4177,"Operation-specific reference value (RequirementId child link, ability ID, monster type, or other reference depending on AbilityOperation). Position confirmed from decompiled client ExtData schema.",Inferred,
24879,ExtData[0].Val1,1,1,1,AbilitySourceType: 1=Cast.,Confirmed,
24879,ExtData[0].Val2,1,1,10,AbilityOperation: 10=RequirmentGroupCheck.,Confirmed,
24879,ExtData[0].Val3,1,1,1,AbilityCondition: 1=Equal.,Confirmed,
24879,ExtData[0].Val4,1,1,9,AbilityLogicOperator: 9=Or.,Confirmed,
24879,ExtData[0].Val6,1,1,24877,Every distinct observed value in this field matches a known RequirementId row.,Inferred,Example requirement ids: 24877.
24879,ExtData[0].Val7,1,1,1,Operation-specific auxiliary parameter. Position confirmed from decompiled client ExtData schema.,Inferred,
24879,ExtData[1].Val1,1,1,1,AbilitySourceType: 1=Cast.,Confirmed,
24879,ExtData[1].Val2,1,1,10,AbilityOperation: 10=RequirmentGroupCheck.,Confirmed,
24879,ExtData[1].Val3,1,1,1,AbilityCondition: 1=Equal.,Confirmed,
24879,ExtData[1].Val6,1,1,24878,Every distinct observed value in this field matches a known RequirementId row.,Inferred,Example requirement ids: 24878.
24879,ExtData[1].Val7,1,1,1,Operation-specific auxiliary parameter. Position confirmed from decompiled client ExtData schema.,Inferred,
25129,ExtData[0].Val1,1,1,1,AbilitySourceType: 1=Cast.,Confirmed,
25129,ExtData[0].Val2,1,1,59,AbilityOperation: 59=Zone.,Confirmed,
25129,ExtData[0].Val3,1,1,5,AbilityCondition: 5=GreaterThanEqual.,Confirmed,
25129,ExtData[0].Val4,1,1,9,AbilityLogicOperator: 9=Or.,Confirmed,
25129,ExtData[0].Val5,1,1,11,Operation-specific threshold or comparison value (semantics depend on AbilityOperation). Position confirmed from decompiled client ExtData schema.,Inferred,
25129,ExtData[0].Val6,1,1,102,"Operation-specific reference value (RequirementId child link, ability ID, monster type, or other reference depending on AbilityOperation). Position confirmed from decompiled client ExtData schema.",Inferred,
25129,ExtData[0].Val7,1,1,1,Operation-specific auxiliary parameter. Position confirmed from decompiled client ExtData schema.,Inferred,
25129,ExtData[0].Val8,1,1,1,Operation-specific auxiliary parameter. Position confirmed from decompiled client ExtData schema.,Inferred,
25129,ExtData[1].Val1,1,1,1,AbilitySourceType: 1=Cast.,Confirmed,
25129,ExtData[1].Val2,1,1,59,AbilityOperation: 59=Zone.,Confirmed,
25129,ExtData[1].Val3,1,1,5,AbilityCondition: 5=GreaterThanEqual.,Confirmed,
25129,ExtData[1].Val4,1,1,9,AbilityLogicOperator: 9=Or.,Confirmed,
25129,ExtData[1].Val5,1,1,11,Operation-specific threshold or comparison value (semantics depend on AbilityOperation). Position confirmed from decompiled client ExtData schema.,Inferred,
25129,ExtData[1].Val6,1,1,108,"Operation-specific reference value (RequirementId child link, ability ID, monster type, or other reference depending on AbilityOperation). Position confirmed from decompiled client ExtData schema.",Inferred,
25129,ExtData[1].Val7,1,1,1,Operation-specific auxiliary parameter. Position confirmed from decompiled client ExtData schema.,Inferred,
25129,ExtData[1].Val8,1,1,1,Operation-specific auxiliary parameter. Position confirmed from decompiled client ExtData schema.,Inferred,
25129,ExtData[2].Val1,1,1,1,AbilitySourceType: 1=Cast.,Confirmed,
25129,ExtData[2].Val2,1,1,59,AbilityOperation: 59=Zone.,Confirmed,
25129,ExtData[2].Val3,1,1,5,AbilityCondition: 5=GreaterThanEqual.,Confirmed,
25129,ExtData[2].Val4,1,1,9,AbilityLogicOperator: 9=Or.,Confirmed,
25129,ExtData[2].Val5,1,1,11,Operation-specific threshold or comparison value (semantics depend on AbilityOperation). Position confirmed from decompiled client ExtData schema.,Inferred,
25129,ExtData[2].Val6,1,1,101,"Operation-specific reference value (RequirementId child link, ability ID, monster type, or other reference depending on AbilityOperation). Position confirmed from decompiled client ExtData schema.",Inferred,
25129,ExtData[2].Val7,1,1,1,Operation-specific auxiliary parameter. Position confirmed from decompiled client ExtData schema.,Inferred,
25129,ExtData[2].Val8,1,1,1,Operation-specific auxiliary parameter. Position confirmed from decompiled client ExtData schema.,Inferred,
25129,ExtData[3].Val1,1,1,1,AbilitySourceType: 1=Cast.,Confirmed,
25129,ExtData[3].Val2,1,1,59,AbilityOperation: 59=Zone.,Confirmed,
25129,ExtData[3].Val3,1,1,5,AbilityCondition: 5=GreaterThanEqual.,Confirmed,
25129,ExtData[3].Val4,1,1,9,AbilityLogicOperator: 9=Or.,Confirmed,
25129,ExtData[3].Val5,1,1,11,Operation-specific threshold or comparison value (semantics depend on AbilityOperation). Position confirmed from decompiled client ExtData schema.,Inferred,
25129,ExtData[3].Val6,1,1,107,"Operation-specific reference value (RequirementId child link, ability ID, monster type, or other reference depending on AbilityOperation). Position confirmed from decompiled client ExtData schema.",Inferred,
25129,ExtData[3].Val7,1,1,1,Operation-specific auxiliary parameter. Position confirmed from decompiled client ExtData schema.,Inferred,
25129,ExtData[3].Val8,1,1,1,Operation-specific auxiliary parameter. Position confirmed from decompiled client ExtData schema.,Inferred,
25129,ExtData[4].Val1,1,1,1,AbilitySourceType: 1=Cast.,Confirmed,
25129,ExtData[4].Val2,1,1,59,AbilityOperation: 59=Zone.,Confirmed,
25129,ExtData[4].Val3,1,1,5,AbilityCondition: 5=GreaterThanEqual.,Confirmed,
25129,ExtData[4].Val4,1,1,9,AbilityLogicOperator: 9=Or.,Confirmed,
25129,ExtData[4].Val5,1,1,11,Operation-specific threshold or comparison value (semantics depend on AbilityOperation). Position confirmed from decompiled client ExtData schema.,Inferred,
25129,ExtData[4].Val6,1,1,100,"Operation-specific reference value (RequirementId child link, ability ID, monster type, or other reference depending on AbilityOperation). Position confirmed from decompiled client ExtData schema.",Inferred,
25129,ExtData[4].Val7,1,1,1,Operation-specific auxiliary parameter. Position confirmed from decompiled client ExtData schema.,Inferred,
25129,ExtData[4].Val8,1,1,1,Operation-specific auxiliary parameter. Position confirmed from decompiled client ExtData schema.,Inferred,
25129,ExtData[5].Val1,1,1,1,AbilitySourceType: 1=Cast.,Confirmed,
25129,ExtData[5].Val2,1,1,59,AbilityOperation: 59=Zone.,Confirmed,
25129,ExtData[5].Val3,1,1,5,AbilityCondition: 5=GreaterThanEqual.,Confirmed,
25129,ExtData[5].Val5,1,1,11,Operation-specific threshold or comparison value (semantics depend on AbilityOperation). Position confirmed from decompiled client ExtData schema.,Inferred,
25129,ExtData[5].Val6,1,1,106,"Operation-specific reference value (RequirementId child link, ability ID, monster type, or other reference depending on AbilityOperation). Position confirmed from decompiled client ExtData schema.",Inferred,
25129,ExtData[5].Val7,1,1,1,Operation-specific auxiliary parameter. Position confirmed from decompiled client ExtData schema.,Inferred,
25129,ExtData[5].Val8,1,1,1,Operation-specific auxiliary parameter. Position confirmed from decompiled client ExtData schema.,Inferred,
25130,ExtData[0].Val1,1,1,1,AbilitySourceType: 1=Cast.,Confirmed,
25130,ExtData[0].Val2,1,1,59,AbilityOperation: 59=Zone.,Confirmed,
25130,ExtData[0].Val3,1,1,5,AbilityCondition: 5=GreaterThanEqual.,Confirmed,
25130,ExtData[0].Val4,1,1,8,AbilityLogicOperator: 8=And.,Confirmed,
25130,ExtData[0].Val5,1,1,11,Operation-specific threshold or comparison value (semantics depend on AbilityOperation). Position confirmed from decompiled client ExtData schema.,Inferred,
25130,ExtData[0].Val6,1,1,105,"Operation-specific reference value (RequirementId child link, ability ID, monster type, or other reference depending on AbilityOperation). Position confirmed from decompiled client ExtData schema.",Inferred,
25130,ExtData[0].Val7,1,1,1,Operation-specific auxiliary parameter. Position confirmed from decompiled client ExtData schema.,Inferred,
25130,ExtData[0].Val8,1,1,1,Operation-specific auxiliary parameter. Position confirmed from decompiled client ExtData schema.,Inferred,
25131,ExtData[0].Val1,1,1,1,AbilitySourceType: 1=Cast.,Confirmed,
25131,ExtData[0].Val2,1,1,59,AbilityOperation: 59=Zone.,Confirmed,
25131,ExtData[0].Val3,1,1,5,AbilityCondition: 5=GreaterThanEqual.,Confirmed,
25131,ExtData[0].Val4,1,1,8,AbilityLogicOperator: 8=And.,Confirmed,
25131,ExtData[0].Val5,1,1,11,Operation-specific threshold or comparison value (semantics depend on AbilityOperation). Position confirmed from decompiled client ExtData schema.,Inferred,
25131,ExtData[0].Val6,1,1,109,"Operation-specific reference value (RequirementId child link, ability ID, monster type, or other reference depending on AbilityOperation). Position confirmed from decompiled client ExtData schema.",Inferred,
25131,ExtData[0].Val7,1,1,1,Operation-specific auxiliary parameter. Position confirmed from decompiled client ExtData schema.,Inferred,
25131,ExtData[0].Val8,1,1,1,Operation-specific auxiliary parameter. Position confirmed from decompiled client ExtData schema.,Inferred,
25132,ExtData[0].Val1,1,1,1,AbilitySourceType: 1=Cast.,Confirmed,
25132,ExtData[0].Val2,1,1,59,AbilityOperation: 59=Zone.,Confirmed,
25132,ExtData[0].Val3,1,1,5,AbilityCondition: 5=GreaterThanEqual.,Confirmed,
25132,ExtData[0].Val4,1,1,8,AbilityLogicOperator: 8=And.,Confirmed,
25132,ExtData[0].Val5,1,1,11,Operation-specific threshold or comparison value (semantics depend on AbilityOperation). Position confirmed from decompiled client ExtData schema.,Inferred,
25132,ExtData[0].Val6,1,1,103,"Operation-specific reference value (RequirementId child link, ability ID, monster type, or other reference depending on AbilityOperation). Position confirmed from decompiled client ExtData schema.",Inferred,
25132,ExtData[0].Val7,1,1,1,Operation-specific auxiliary parameter. Position confirmed from decompiled client ExtData schema.,Inferred,
25132,ExtData[0].Val8,1,1,1,Operation-specific auxiliary parameter. Position confirmed from decompiled client ExtData schema.,Inferred,
25133,ExtData[0].Val1,1,1,1,AbilitySourceType: 1=Cast.,Confirmed,
25133,ExtData[0].Val2,1,1,10,AbilityOperation: 10=RequirmentGroupCheck.,Confirmed,
25133,ExtData[0].Val3,1,1,1,AbilityCondition: 1=Equal.,Confirmed,
25133,ExtData[0].Val4,1,1,9,AbilityLogicOperator: 9=Or.,Confirmed,
25133,ExtData[0].Val6,1,1,25129,Every distinct observed value in this field matches a known RequirementId row.,Inferred,Example requirement ids: 25129.
25133,ExtData[0].Val7,1,1,1,Operation-specific auxiliary parameter. Position confirmed from decompiled client ExtData schema.,Inferred,
25133,ExtData[1].Val1,1,1,1,AbilitySourceType: 1=Cast.,Confirmed,
25133,ExtData[1].Val2,1,1,10,AbilityOperation: 10=RequirmentGroupCheck.,Confirmed,
25133,ExtData[1].Val3,1,1,1,AbilityCondition: 1=Equal.,Confirmed,
25133,ExtData[1].Val4,1,1,9,AbilityLogicOperator: 9=Or.,Confirmed,
25133,ExtData[1].Val6,1,1,25130,Every distinct observed value in this field matches a known RequirementId row.,Inferred,Example requirement ids: 25130.
25133,ExtData[1].Val7,1,1,1,Operation-specific auxiliary parameter. Position confirmed from decompiled client ExtData schema.,Inferred,
25133,ExtData[2].Val1,1,1,1,AbilitySourceType: 1=Cast.,Confirmed,
25133,ExtData[2].Val2,1,1,10,AbilityOperation: 10=RequirmentGroupCheck.,Confirmed,
25133,ExtData[2].Val3,1,1,1,AbilityCondition: 1=Equal.,Confirmed,
25133,ExtData[2].Val4,1,1,9,AbilityLogicOperator: 9=Or.,Confirmed,
25133,ExtData[2].Val6,1,1,25131,Every distinct observed value in this field matches a known RequirementId row.,Inferred,Example requirement ids: 25131.
25133,ExtData[2].Val7,1,1,1,Operation-specific auxiliary parameter. Position confirmed from decompiled client ExtData schema.,Inferred,
25133,ExtData[3].Val1,1,1,1,AbilitySourceType: 1=Cast.,Confirmed,
25133,ExtData[3].Val2,1,1,10,AbilityOperation: 10=RequirmentGroupCheck.,Confirmed,
25133,ExtData[3].Val3,1,1,1,AbilityCondition: 1=Equal.,Confirmed,
25133,ExtData[3].Val6,1,1,25132,Every distinct observed value in this field matches a known RequirementId row.,Inferred,Example requirement ids: 25132.
25133,ExtData[3].Val7,1,1,1,Operation-specific auxiliary parameter. Position confirmed from decompiled client ExtData schema.,Inferred,
25134,ExtData[0].Val1,1,1,1,AbilitySourceType: 1=Cast.,Confirmed,
25134,ExtData[0].Val2,1,1,14,AbilityOperation: 14=TargetCheck.,Confirmed,
25134,ExtData[0].Val3,1,1,6,AbilityCondition: 6=LessThan.,Confirmed,
25134,ExtData[0].Val4,1,1,8,AbilityLogicOperator: 8=And.,Confirmed,
25134,ExtData[0].Val5,1,1,11,Operation-specific threshold or comparison value (semantics depend on AbilityOperation). Position confirmed from decompiled client ExtData schema.,Inferred,
25134,ExtData[1].Val1,1,1,1,AbilitySourceType: 1=Cast.,Confirmed,
25134,ExtData[1].Val2,1,1,67,AbilityOperation: 67=BuffAbilityIDSum.,Confirmed,
25134,ExtData[1].Val3,1,1,1,AbilityCondition: 1=Equal.,Confirmed,
25134,ExtData[1].Val4,1,1,8,AbilityLogicOperator: 8=And.,Confirmed,
25134,ExtData[1].Val5,1,1,11,Operation-specific threshold or comparison value (semantics depend on AbilityOperation). Position confirmed from decompiled client ExtData schema.,Inferred,
25134,ExtData[1].Val6,1,1,24728,"Operation-specific reference value (RequirementId child link, ability ID, monster type, or other reference depending on AbilityOperation). Position confirmed from decompiled client ExtData schema.",Inferred,
25134,ExtData[2].Val1,1,1,1,AbilitySourceType: 1=Cast.,Confirmed,
25134,ExtData[2].Val2,1,1,55,AbilityOperation: 55=TargetDead.,Confirmed,
25134,ExtData[2].Val3,1,1,1,AbilityCondition: 1=Equal.,Confirmed,
25134,ExtData[2].Val4,1,1,8,AbilityLogicOperator: 8=And.,Confirmed,
25134,ExtData[2].Val5,1,1,11,Operation-specific threshold or comparison value (semantics depend on AbilityOperation). Position confirmed from decompiled client ExtData schema.,Inferred,
25134,ExtData[3].Val1,1,1,1,AbilitySourceType: 1=Cast.,Confirmed,
25134,ExtData[3].Val2,1,1,10,AbilityOperation: 10=RequirmentGroupCheck.,Confirmed,
25134,ExtData[3].Val3,1,1,1,AbilityCondition: 1=Equal.,Confirmed,
25134,ExtData[3].Val6,1,1,25133,Every distinct observed value in this field matches a known RequirementId row.,Inferred,Example requirement ids: 25133.
25134,ExtData[3].Val7,1,1,1,Operation-specific auxiliary parameter. Position confirmed from decompiled client ExtData schema.,Inferred,
25473,ExtData[0].Val1,1,1,1,AbilitySourceType: 1=Cast.,Confirmed,
25473,ExtData[0].Val2,1,1,6,AbilityOperation: 6=BuffGroupCount.,Confirmed,
25473,ExtData[0].Val3,1,1,6,AbilityCondition: 6=LessThan.,Confirmed,
25473,ExtData[0].Val6,1,1,4232,"Operation-specific reference value (RequirementId child link, ability ID, monster type, or other reference depending on AbilityOperation). Position confirmed from decompiled client ExtData schema.",Inferred,
