FromTable,FromColumn,FromColumnIndex,ToTable,DistinctValues,Resolved,ResolveRate,TargetDensity,Samples
"data/gamedata/abilities.csv","Effect",8,"data/gamedata/itemdata.csv",5087,5087,1.0000,1.0000,"1 = 4111; 2 = 0; 3 = 0"
"data/gamedata/abilities.csv","Effect",8,"data/gamedata/objects.csv",5087,5087,1.0000,1.0000,"1 = WORLD OBJ QI_Dw_coffin01; 2 = WORLD OBJ or_roadwall_pillar; 3 = WORLD OBJ dw_mine_wallsupport"
"data/gamedata/abilities.csv","Effect",8,"data/gamedata/packages.csv",5087,5087,1.0000,1.0000,"1 = 0; 2 = 0; 3 = 0"
"data/gamedata/abilities.csv","Effect",8,"data/strings/english/abilitydesc.txt",5087,5087,1.0000,1.0000,"1 = A powerful attack that deals {COM_0_VAL0_DAMAGE} and reduces the threat generated by your pet's next attack.; 2 = You force your Battle Squig to claw at your target, dealing {COM_0_VAL0_TOD_DAMAGE} over {COM_0_DURA_SECONDS} and snaring them by {COM_1_VAL0}% over {COM_1_DURA_SECONDS}.; 3 = You cause your Battle Squig to bounce, dealing {COM_0_VAL0_DAMAGE} and knocking your target down for {COM_1_DURA_SECONDS}."
"data/gamedata/abilities.csv","Effect",8,"data/strings/english/abilitynames.txt",5087,5087,1.0000,1.0000,"1 = Ard Noggin^n; 2 = Big Claw^n; 3 = Bounce^n"
"data/gamedata/abilities.csv","Effect",8,"data/strings/english/componenteffects.txt",5087,5087,1.0000,1.0000,"10 = Attempting to Resurrect.; 20 = Periodically recovering <<1>> Health.; 41 = Inflicting <<1>>% Damage to everyone but taunter."
"data/gamedata/abilities.csv","Effect",8,"data/strings/english/objectivenames.txt",5087,5087,1.0000,0.7072,"1 = Cannon Battery; 2 = The Lookout; 3 = Sharpthorn Wud"
"data/gamedata/abilities.csv","Effect",8,"data/strings/english/packageinfo.txt",5087,5087,1.0000,1.0000,"601 = Increases Strength by 3; 602 = Increases Strength by 9; 605 = Increases Strength by 42"
"data/gamedata/abilities.csv","Effect",8,"data/strings/english/packagenames.txt",5087,5087,1.0000,1.0000,"1 = Me Ol' Choppa; 2 = Me Ol' Shield; 3 = Dis Ol' Choppa"
"data/gamedata/abilities.csv","Effect",8,"data/gamedata/anim_db.csv",5087,4829,0.9493,0.0910,"1 = null-inloop; 2 = DEM_Un_Int_wobble; 3 = aim"
"data/gamedata/abilities.csv","Effect",8,"data/strings/english/scenariolobby.txt",5087,4820,0.9475,1.0000,"2000 = Capture the Gate Switch, Supply Room, and the Ammunitions Cache located on the upper floors of the gate.  Most important, kill all enemies you find!; 2001 = Find the Mourkain artifact and seize it for your realm. Killing the enemy while carrying the Mourkain Artifact will yield more points, but slaying the artifact bearer also yields increased rewards. Carrying the Artifact will inflict damage to the carrier over time.; 2002 = Blackfire Basin features a shared Capture the Flag mechanic. Earn points by killing other players and capturing the single shared flag in the middle of the frozen lake! Carrying the flag for too long will eventually snare the flag carrier and eventually drain your will to fight."
"data/gamedata/abilities.csv","Effect",8,"data/strings/english/scenarioscore.txt",5087,4820,0.9475,1.0000,"2000 = Capture the Gate Switch, Supply Room, and the Ammunitions Cache located on the upper floors of the gate.  Most important, kill all enemies you find!; 2001 = Find the Mourkain artifact and seize it for your realm. Killing the enemy while carrying the Mourkain Artifact will yield more points, but slaying the artifact bearer also yields increased rewards. Carrying the Artifact will inflict damage to the carrier over time.; 2002 = Blackfire Basin features a shared Capture the Flag mechanic. Earn points by killing other players and capturing the single shared flag in the middle of the frozen lake! Carrying the flag for too long will eventually snare the flag carrier and eventually drain your will to fight."
"data/gamedata/objects.csv","#",3,"data/gamedata/itemdata.csv",4112,4112,1.0000,1.0000,"200 = 1060; 201 = 1061; 202 = 1097"
"data/gamedata/objects.csv","#",3,"data/strings/english/abilitydesc.txt",4112,3807,0.9258,1.0000,"200 = The most super mega-awesome test ability ever made. EVAR!!!!; 201 = Stops your AP Regen. Fired from a standstill it will reduce your AP to half. Fired while moving forward will max your AP and fired while moving backwards will bottom it out. Casting this ability again on your self from a standstill will remove the effect.; 206 = So much AP! Regain 250 AP every 2 seconds."
"data/gamedata/objects.csv","#",3,"data/strings/english/abilitynames.txt",4112,3807,0.9258,1.0000,"26 = Bomb Turret GFXMOD Autoattack Override^n; 35 = Runes Of Warding^n; 200 = Corbin's Test Ability^n"
"data/gamedata/objects.csv","#",3,"data/strings/english/componenteffects.txt",4112,3807,0.9258,1.0000,"314 = AP Regen is halted.; 323 = Roots fade faster.; 326 = Immune to Stagger, Knockdown, Disarm, and Silence effects."
"data/gamedata/effectdef.csv","NIF",2,"data/gamedata/effectnifs.csv",3622,3622,1.0000,0.9997,"3 = vfx_Cast_GS_Staff; 4 = vfx_orc_CastingLoop_L1; 5 = vfx_orc_CastingLoop_L2"
"data/gamedata/effectdef.csv","NIF",2,"data/gamedata/itemdata.csv",3622,3622,1.0000,1.0000,"3 = 0; 4 = 2486; 5 = 2488"
"data/gamedata/effectdef.csv","NIF",2,"data/gamedata/objects.csv",3622,3622,1.0000,1.0000,"3 = WORLD OBJ dw_mine_wallsupport; 4 = WORLD OBJ dw_ropecoil01; 5 = WORLD OBJ QI_dw_pick"
"data/gamedata/effectdef.csv","NIF",2,"data/gamedata/packages.csv",3622,3622,1.0000,1.0000,"3 = 0; 4 = 0; 5 = 0"
"data/gamedata/effectdef.csv","NIF",2,"data/strings/english/abilitydesc.txt",3622,3622,1.0000,1.0000,"3 = You cause your Battle Squig to bounce, dealing {COM_0_VAL0_DAMAGE} and knocking your target down for {COM_1_DURA_SECONDS}.; 5 = Your Battle Squig explodes, causing you to be launched upward out of your Squiggy armor. All enemies within {COM_1_RADI_FEET} take {COM_3_VAL0_DAMAGE} and are knocked back.; 6 = Your Squig bounces on it's target dealing {COM_2_VAL0_DAMAGE}, and knocking them down for {COM_0_DURA_SECONDS}."
"data/gamedata/effectdef.csv","NIF",2,"data/strings/english/abilitynames.txt",3622,3622,1.0000,1.0000,"3 = Bounce^n; 5 = KABOOM!^n; 6 = Death From Above^n"
"data/gamedata/effectdef.csv","NIF",2,"data/strings/english/componenteffects.txt",3622,3622,1.0000,1.0000,"10 = Attempting to Resurrect.; 20 = Periodically recovering <<1>> Health.; 42 = Inflicting <<1>>% Damage to de-taunter."
"data/gamedata/effectdef.csv","NIF",2,"data/strings/english/objectivenames.txt",3622,3622,1.0000,0.7072,"3 = Sharpthorn Wud; 4 = Ugrog's Rage; 5 = Sharpthorn Rock Mine"
"data/gamedata/effectdef.csv","NIF",2,"data/strings/english/packageinfo.txt",3622,3622,1.0000,1.0000,"601 = Increases Strength by 3; 602 = Increases Strength by 9; 603 = Increases Strength by 18"
"data/gamedata/effectdef.csv","NIF",2,"data/strings/english/packagenames.txt",3622,3622,1.0000,1.0000,"3 = Dis Ol' Choppa; 4 = Dat Ol' Choppa; 5 = Me Ol' Prodda"
"data/gamedata/effectdef.csv","NIF",2,"data/strings/english/scenariolobby.txt",3622,3622,1.0000,1.0000,"2000 = Capture the Gate Switch, Supply Room, and the Ammunitions Cache located on the upper floors of the gate.  Most important, kill all enemies you find!; 2001 = Find the Mourkain artifact and seize it for your realm. Killing the enemy while carrying the Mourkain Artifact will yield more points, but slaying the artifact bearer also yields increased rewards. Carrying the Artifact will inflict damage to the carrier over time.; 2002 = Blackfire Basin features a shared Capture the Flag mechanic. Earn points by killing other players and capturing the single shared flag in the middle of the frozen lake! Carrying the flag for too long will eventually snare the flag carrier and eventually drain your will to fight."
"data/gamedata/effectdef.csv","NIF",2,"data/strings/english/scenarioscore.txt",3622,3622,1.0000,1.0000,"2000 = Capture the Gate Switch, Supply Room, and the Ammunitions Cache located on the upper floors of the gate.  Most important, kill all enemies you find!; 2001 = Find the Mourkain artifact and seize it for your realm. Killing the enemy while carrying the Mourkain Artifact will yield more points, but slaying the artifact bearer also yields increased rewards. Carrying the Artifact will inflict damage to the carrier over time.; 2002 = Blackfire Basin features a shared Capture the Flag mechanic. Earn points by killing other players and capturing the single shared flag in the middle of the frozen lake! Carrying the flag for too long will eventually snare the flag carrier and eventually drain your will to fight."
"data/gamedata/effectdef.csv","NIF",2,"data/gamedata/items.csv",3622,3581,0.9887,0.9889,"3 = WORLD OBJ dw_mine_wallsupport; 4 = WORLD OBJ dw_ropecoil01; 5 = WORLD OBJ QI_dw_pick"
"data/gamedata/effectdef.csv","NIF",2,"data/gamedata/abilities.csv",3622,3559,0.9826,0.9581,"3 = Bounce; 5 = KABOOM!; 6 = ;/end"
"data/gamedata/effectdef.csv","NIF",2,"data/gamedata/effectlists.csv",3622,3503,0.9671,0.9977,"3 = flash hit with spiky bits; 4 = NULL; 5 = Big Heal"
"data/gamedata/effectdef.csv","NIF",2,"data/gamedata/effects.csv",3622,3424,0.9453,0.8188,"3 = Bounce; 5 = KABOOM!; 6 = ;/end"
"data/gamedata/effectdef.csv","NIF",2,"data/gamedata/anim_db.csv",3622,3412,0.9420,0.0910,"3 = aim; 4 = orc_idle_lower; 5 = orc_sprint"
"data/gamedata/effectlists.csv","ID 1",2,"data/gamedata/effectdef.csv",3380,3380,1.0000,0.9938,"1 = standard bloodsplat hit; 2 = spark hit; 3 = flash hit with spiky bits"
"data/gamedata/effectlists.csv","ID 1",2,"data/gamedata/itemdata.csv",3380,3380,1.0000,1.0000,"1 = 4111; 2 = 0; 3 = 0"
"data/gamedata/effectlists.csv","ID 1",2,"data/gamedata/objects.csv",3380,3380,1.0000,1.0000,"1 = WORLD OBJ QI_Dw_coffin01; 2 = WORLD OBJ or_roadwall_pillar; 3 = WORLD OBJ dw_mine_wallsupport"
"data/gamedata/effectlists.csv","ID 1",2,"data/gamedata/packages.csv",3380,3380,1.0000,1.0000,"1 = 0; 2 = 0; 3 = 0"
"data/gamedata/effectlists.csv","ID 1",2,"data/strings/english/abilitydesc.txt",3380,3380,1.0000,1.0000,"1 = A powerful attack that deals {COM_0_VAL0_DAMAGE} and reduces the threat generated by your pet's next attack.; 2 = You force your Battle Squig to claw at your target, dealing {COM_0_VAL0_TOD_DAMAGE} over {COM_0_DURA_SECONDS} and snaring them by {COM_1_VAL0}% over {COM_1_DURA_SECONDS}.; 3 = You cause your Battle Squig to bounce, dealing {COM_0_VAL0_DAMAGE} and knocking your target down for {COM_1_DURA_SECONDS}."
"data/gamedata/effectlists.csv","ID 1",2,"data/strings/english/abilitynames.txt",3380,3380,1.0000,1.0000,"1 = Ard Noggin^n; 2 = Big Claw^n; 3 = Bounce^n"
"data/gamedata/effectlists.csv","ID 1",2,"data/strings/english/componenteffects.txt",3380,3380,1.0000,1.0000,"10 = Attempting to Resurrect.; 20 = Periodically recovering <<1>> Health.; 45 = Inflicting <<1>>% Damage to everyone but taunter."
"data/gamedata/effectlists.csv","ID 1",2,"data/strings/english/objectivenames.txt",3380,3380,1.0000,0.7072,"1 = Cannon Battery; 2 = The Lookout; 3 = Sharpthorn Wud"
"data/gamedata/effectlists.csv","ID 1",2,"data/strings/english/packageinfo.txt",3380,3380,1.0000,1.0000,"601 = Increases Strength by 3; 602 = Increases Strength by 9; 605 = Increases Strength by 42"
"data/gamedata/effectlists.csv","ID 1",2,"data/strings/english/packagenames.txt",3380,3380,1.0000,1.0000,"1 = Me Ol' Choppa; 2 = Me Ol' Shield; 3 = Dis Ol' Choppa"
"data/gamedata/effectlists.csv","ID 1",2,"data/strings/english/scenariolobby.txt",3380,3380,1.0000,1.0000,"2001 = Find the Mourkain artifact and seize it for your realm. Killing the enemy while carrying the Mourkain Artifact will yield more points, but slaying the artifact bearer also yields increased rewards. Carrying the Artifact will inflict damage to the carrier over time.; 2002 = Blackfire Basin features a shared Capture the Flag mechanic. Earn points by killing other players and capturing the single shared flag in the middle of the frozen lake! Carrying the flag for too long will eventually snare the flag carrier and eventually drain your will to fight.; 2004 = Gromril Crossing is a true Tug of WAR! Several capture locations are scattered through-out the Scenario but only one is open at a time and progresses towards the enemy base depending on who captured them!"
"data/gamedata/effectlists.csv","ID 1",2,"data/strings/english/scenarioscore.txt",3380,3380,1.0000,1.0000,"2001 = Find the Mourkain artifact and seize it for your realm. Killing the enemy while carrying the Mourkain Artifact will yield more points, but slaying the artifact bearer also yields increased rewards. Carrying the Artifact will inflict damage to the carrier over time.; 2002 = Blackfire Basin features a shared Capture the Flag mechanic. Earn points by killing other players and capturing the single shared flag in the middle of the frozen lake! Carrying the flag for too long will eventually snare the flag carrier and eventually drain your will to fight.; 2004 = Gromril Crossing is a true Tug of WAR! Several capture locations are scattered through-out the Scenario but only one is open at a time and progresses towards the enemy base depending on who captured them!"
"data/gamedata/effectlists.csv","ID 1",2,"data/gamedata/abilities.csv",3380,3327,0.9843,0.9581,"1 = Ard Noggin; 2 = Big Claw; 3 = Bounce"
"data/gamedata/effectlists.csv","ID 1",2,"data/gamedata/anim_db.csv",3380,3210,0.9497,0.0910,"1 = null-inloop; 2 = DEM_Un_Int_wobble; 3 = aim"
"data/gamedata/effectlists.csv","ID 1",2,"data/gamedata/effectnifs.csv",3380,3172,0.9385,0.9997,"1 = empty; 2 = vfx_orc_CastAuraLoop; 3 = vfx_Cast_GS_Staff"
"data/gamedata/effectlists.csv","ID 1",2,"data/gamedata/items.csv",3380,3172,0.9385,0.9889,"1 = WORLD OBJ QI_Dw_coffin01; 2 = WORLD OBJ or_roadwall_pillar; 3 = WORLD OBJ dw_mine_wallsupport"
"data/gamedata/effectlists.csv","ID 1",2,"data/gamedata/effects.csv",3380,3057,0.9044,0.8188,"1 = Ard Noggin; 2 = Big Claw; 3 = Bounce"
"data/gamedata/objects.csv","#",2,"data/gamedata/itemdata.csv",3351,3351,1.0000,1.0000,"1 = 4111; 2 = 0; 3 = 0"
"data/gamedata/objects.csv","#",2,"data/gamedata/packages.csv",3351,3351,1.0000,1.0000,"1 = 0; 2 = 0; 3 = 0"
"data/gamedata/objects.csv","#",2,"data/strings/english/abilitydesc.txt",3351,3351,1.0000,1.0000,"1 = A powerful attack that deals {COM_0_VAL0_DAMAGE} and reduces the threat generated by your pet's next attack.; 2 = You force your Battle Squig to claw at your target, dealing {COM_0_VAL0_TOD_DAMAGE} over {COM_0_DURA_SECONDS} and snaring them by {COM_1_VAL0}% over {COM_1_DURA_SECONDS}.; 3 = You cause your Battle Squig to bounce, dealing {COM_0_VAL0_DAMAGE} and knocking your target down for {COM_1_DURA_SECONDS}."
"data/gamedata/objects.csv","#",2,"data/strings/english/abilitynames.txt",3351,3351,1.0000,1.0000,"1 = Ard Noggin^n; 2 = Big Claw^n; 3 = Bounce^n"
"data/gamedata/objects.csv","#",2,"data/strings/english/componenteffects.txt",3351,3351,1.0000,1.0000,"10 = Attempting to Resurrect.; 20 = Periodically recovering <<1>> Health.; 41 = Inflicting <<1>>% Damage to everyone but taunter."
"data/gamedata/objects.csv","#",2,"data/strings/english/objectivenames.txt",3351,3351,1.0000,0.7072,"1 = Cannon Battery; 2 = The Lookout; 3 = Sharpthorn Wud"
"data/gamedata/objects.csv","#",2,"data/strings/english/packageinfo.txt",3351,3351,1.0000,1.0000,"601 = Increases Strength by 3; 602 = Increases Strength by 9; 603 = Increases Strength by 18"
"data/gamedata/objects.csv","#",2,"data/strings/english/packagenames.txt",3351,3351,1.0000,1.0000,"1 = Me Ol' Choppa; 2 = Me Ol' Shield; 3 = Dis Ol' Choppa"
"data/gamedata/objects.csv","#",2,"data/strings/english/scenariolobby.txt",3351,3351,1.0000,1.0000,"2000 = Capture the Gate Switch, Supply Room, and the Ammunitions Cache located on the upper floors of the gate.  Most important, kill all enemies you find!; 2001 = Find the Mourkain artifact and seize it for your realm. Killing the enemy while carrying the Mourkain Artifact will yield more points, but slaying the artifact bearer also yields increased rewards. Carrying the Artifact will inflict damage to the carrier over time.; 2002 = Blackfire Basin features a shared Capture the Flag mechanic. Earn points by killing other players and capturing the single shared flag in the middle of the frozen lake! Carrying the flag for too long will eventually snare the flag carrier and eventually drain your will to fight."
"data/gamedata/objects.csv","#",2,"data/strings/english/scenarioscore.txt",3351,3351,1.0000,1.0000,"2000 = Capture the Gate Switch, Supply Room, and the Ammunitions Cache located on the upper floors of the gate.  Most important, kill all enemies you find!; 2001 = Find the Mourkain artifact and seize it for your realm. Killing the enemy while carrying the Mourkain Artifact will yield more points, but slaying the artifact bearer also yields increased rewards. Carrying the Artifact will inflict damage to the carrier over time.; 2002 = Blackfire Basin features a shared Capture the Flag mechanic. Earn points by killing other players and capturing the single shared flag in the middle of the frozen lake! Carrying the flag for too long will eventually snare the flag carrier and eventually drain your will to fight."
"data/gamedata/objects.csv","#",2,"data/gamedata/items.csv",3351,3350,0.9997,0.9889,"1 = WORLD OBJ QI_Dw_coffin01; 2 = WORLD OBJ or_roadwall_pillar; 3 = WORLD OBJ dw_mine_wallsupport"
"data/gamedata/objects.csv","#",2,"data/gamedata/effectdef.csv",3351,3328,0.9931,0.9938,"1 = standard bloodsplat hit; 2 = spark hit; 3 = flash hit with spiky bits"
"data/gamedata/objects.csv","#",2,"data/gamedata/effectnifs.csv",3351,3310,0.9878,0.9997,"1 = empty; 2 = vfx_orc_CastAuraLoop; 3 = vfx_Cast_GS_Staff"
"data/gamedata/objects.csv","#",2,"data/gamedata/abilities.csv",3351,3289,0.9815,0.9581,"1 = Ard Noggin; 2 = Big Claw; 3 = Bounce"
"data/gamedata/objects.csv","#",2,"data/gamedata/effectlists.csv",3351,3194,0.9531,0.9977,"1 = standard bloodsplat hit; 2 = spark hit; 3 = flash hit with spiky bits"
"data/gamedata/objects.csv","#",2,"data/gamedata/anim_db.csv",3351,3146,0.9388,0.0910,"1 = null-inloop; 2 = DEM_Un_Int_wobble; 3 = aim"
"data/gamedata/objects.csv","#",2,"data/gamedata/effects.csv",3351,3135,0.9355,0.8188,"1 = Ard Noggin; 2 = Big Claw; 3 = Bounce"
"data/gamedata/itemdata.csv","icon",1,"data/strings/english/abilitydesc.txt",2664,2664,1.0000,1.0000,"1 = A powerful attack that deals {COM_0_VAL0_DAMAGE} and reduces the threat generated by your pet's next attack.; 122 = AE Root; 123 = Cone AE"
"data/gamedata/itemdata.csv","icon",1,"data/strings/english/abilitynames.txt",2664,2664,1.0000,1.0000,"1 = Ard Noggin^n; 20 = ; TEST Engineer Pets^n; 110 = Hammerer Console Test 2^n"
"data/gamedata/itemdata.csv","icon",1,"data/strings/english/componenteffects.txt",2664,2664,1.0000,1.0000,"20 = Periodically recovering <<1>> Health.; 357 = Immune to Stun, Knockdown, Disarm, and Silence effects.; 361 = Build Times are reduced by <<1>> %."
"data/gamedata/itemdata.csv","icon",1,"data/strings/english/packageinfo.txt",2664,2664,1.0000,1.0000,"632 = Increases Weapon Skill by 9; 633 = Increases Weapon Skill by 18; 634 = Increases Weapon Skill by 30"
"data/gamedata/itemdata.csv","icon",1,"data/strings/english/packagenames.txt",2664,2664,1.0000,1.0000,"1 = Me Ol' Choppa; 20 = Me Softest Shirt; 110 = Expert Shield Talent"
"data/gamedata/itemdata.csv","icon",1,"data/gamedata/objects.csv",2664,2663,0.9996,1.0000,"1 = WORLD OBJ QI_Dw_coffin01; 20 = WORLD OBJ QI_ge_crypt01; 110 = WORLD OBJ QI_Placeholder01"
"data/gamedata/itemdata.csv","icon",1,"data/gamedata/packages.csv",2664,2663,0.9996,1.0000,"1 = 0; 20 = 0; 110 = 0"
"data/gamedata/itemdata.csv","icon",1,"data/strings/english/objectivenames.txt",2664,2662,0.9992,0.7072,"1 = Cannon Battery; 20 = Marghaz Bloodtoof Ritual; 110 = Gobbo Carvas"
"data/gamedata/itemdata.csv","icon",1,"data/strings/english/scenariolobby.txt",2664,2661,0.9989,1.0000,"2000 = Capture the Gate Switch, Supply Room, and the Ammunitions Cache located on the upper floors of the gate.  Most important, kill all enemies you find!; 2001 = Find the Mourkain artifact and seize it for your realm. Killing the enemy while carrying the Mourkain Artifact will yield more points, but slaying the artifact bearer also yields increased rewards. Carrying the Artifact will inflict damage to the carrier over time.; 2002 = Blackfire Basin features a shared Capture the Flag mechanic. Earn points by killing other players and capturing the single shared flag in the middle of the frozen lake! Carrying the flag for too long will eventually snare the flag carrier and eventually drain your will to fight."
"data/gamedata/itemdata.csv","icon",1,"data/strings/english/scenarioscore.txt",2664,2661,0.9989,1.0000,"2000 = Capture the Gate Switch, Supply Room, and the Ammunitions Cache located on the upper floors of the gate.  Most important, kill all enemies you find!; 2001 = Find the Mourkain artifact and seize it for your realm. Killing the enemy while carrying the Mourkain Artifact will yield more points, but slaying the artifact bearer also yields increased rewards. Carrying the Artifact will inflict damage to the carrier over time.; 2002 = Blackfire Basin features a shared Capture the Flag mechanic. Earn points by killing other players and capturing the single shared flag in the middle of the frozen lake! Carrying the flag for too long will eventually snare the flag carrier and eventually drain your will to fight."
"data/gamedata/itemdata.csv","icon",1,"data/gamedata/abilities.csv",2664,2612,0.9805,0.9581,"1 = Ard Noggin; 20 = Chow Time!; 110 = Endless Knowledge"
"data/gamedata/itemdata.csv","icon",1,"data/gamedata/effectdef.csv",2664,2580,0.9685,0.9938,"1 = standard bloodsplat hit; 20 = Cast Life FINISH; 110 = Hit Flash with dirt impact"
"data/gamedata/itemdata.csv","icon",1,"data/gamedata/anim_db.csv",2664,2524,0.9474,0.0910,"1 = null-inloop; 20 = Disc_Atk_Aggro-in; 110 = Or_Th_Cor_Fall"
"data/gamedata/itemdata.csv","icon",1,"data/gamedata/items.csv",2664,2501,0.9388,0.9889,"1 = WORLD OBJ QI_Dw_coffin01; 20 = WORLD OBJ QI_ge_crypt01; 110 = WORLD OBJ QI_Placeholder01"
"data/gamedata/itemdata.csv","icon",1,"data/gamedata/effectnifs.csv",2664,2482,0.9317,0.9997,"1 = empty; 20 = vfx_TEMP_BloodPierce_Hit; 110 = vfx_AOE_orc_Buff1"
"data/gamedata/itemdata.csv","icon",1,"data/gamedata/effects.csv",2664,2430,0.9122,0.8188,"1 = Ard Noggin; 20 = Chow Time!; 110 = Endless Knowledge"
"data/gamedata/itemdata.csv","icon",1,"data/gamedata/effectlists.csv",2664,2412,0.9054,0.9977,"1 = standard bloodsplat hit; 20 = Cast Life FINISH; 110 = dwarf grenade projectile"
"data/gamedata/abilities.csv","Icon",4,"data/gamedata/itemdata.csv",1472,1472,1.0000,1.0000,"1 = 4111; 80 = 2306; 81 = 2307"
"data/gamedata/abilities.csv","Icon",5,"data/gamedata/itemdata.csv",1472,1472,1.0000,1.0000,"1 = 4111; 80 = 2306; 81 = 2307"
"data/gamedata/abilities.csv","Icon",4,"data/strings/english/abilitydesc.txt",1472,1373,0.9327,1.0000,"1 = A powerful attack that deals {COM_0_VAL0_DAMAGE} and reduces the threat generated by your pet's next attack.; 360 = You build an upgrade into your Gun Turret.  The Turret will now be able to blast the target with an armor-destroying round, dealing {ABIL_21_COM_0_VAL0_DAMAGE} and reducing their Armor by {ABIL_21_COM_1_VAL0} for {ABIL_21_COM_1_DURA_SECONDS}.; 366 = Your Pink Horror flings daemonic fire at it's target, burning them for {ABIL_54_COM_0_VAL0_ELEMENTALDAMAGE} and reducing Elemental Resistance by {ABIL_54_COM_1_VAL0} for the next {ABIL_54_COM_1_DURA_SECONDS}."
"data/gamedata/abilities.csv","Icon",4,"data/strings/english/abilitynames.txt",1472,1373,0.9327,1.0000,"1 = Ard Noggin^n; 26 = Bomb Turret GFXMOD Autoattack Override^n; 80 = Test Stacking^n"
"data/gamedata/abilities.csv","Icon",4,"data/strings/english/componenteffects.txt",1472,1373,0.9327,1.0000,"81 = Periodically taking <<1>> Damage.; 82 = Periodically taking <<1>> Damage.; 357 = Immune to Stun, Knockdown, Disarm, and Silence effects."
"data/gamedata/abilities.csv","Icon",5,"data/strings/english/abilitydesc.txt",1472,1373,0.9327,1.0000,"1 = A powerful attack that deals {COM_0_VAL0_DAMAGE} and reduces the threat generated by your pet's next attack.; 360 = You build an upgrade into your Gun Turret.  The Turret will now be able to blast the target with an armor-destroying round, dealing {ABIL_21_COM_0_VAL0_DAMAGE} and reducing their Armor by {ABIL_21_COM_1_VAL0} for {ABIL_21_COM_1_DURA_SECONDS}.; 366 = Your Pink Horror flings daemonic fire at it's target, burning them for {ABIL_54_COM_0_VAL0_ELEMENTALDAMAGE} and reducing Elemental Resistance by {ABIL_54_COM_1_VAL0} for the next {ABIL_54_COM_1_DURA_SECONDS}."
"data/gamedata/abilities.csv","Icon",5,"data/strings/english/abilitynames.txt",1472,1373,0.9327,1.0000,"1 = Ard Noggin^n; 26 = Bomb Turret GFXMOD Autoattack Override^n; 80 = Test Stacking^n"
"data/gamedata/abilities.csv","Icon",5,"data/strings/english/componenteffects.txt",1472,1373,0.9327,1.0000,"81 = Periodically taking <<1>> Damage.; 82 = Periodically taking <<1>> Damage.; 357 = Immune to Stun, Knockdown, Disarm, and Silence effects."
"data/gamedata/effectvfx.csv","Id",3,"data/gamedata/effectlists.csv",1469,1469,1.0000,0.9977,"1 = standard bloodsplat hit; 2 = spark hit; 5 = Big Heal"
"data/gamedata/effectvfx.csv","Id",3,"data/gamedata/effectnifs.csv",1469,1469,1.0000,0.9997,"1 = empty; 2 = vfx_orc_CastAuraLoop; 5 = vfx_orc_CastingLoop_L2"
"data/gamedata/effectvfx.csv","Id",3,"data/gamedata/itemdata.csv",1469,1469,1.0000,1.0000,"1 = 4111; 2 = 0; 5 = 2488"
"data/gamedata/effectvfx.csv","Id",3,"data/gamedata/objects.csv",1469,1469,1.0000,1.0000,"1 = WORLD OBJ QI_Dw_coffin01; 2 = WORLD OBJ or_roadwall_pillar; 5 = WORLD OBJ QI_dw_pick"
"data/gamedata/effectvfx.csv","Id",3,"data/gamedata/packages.csv",1469,1469,1.0000,1.0000,"1 = 0; 2 = 0; 5 = 0"
"data/gamedata/effectvfx.csv","Id",3,"data/strings/english/abilitydesc.txt",1469,1469,1.0000,1.0000,"1 = A powerful attack that deals {COM_0_VAL0_DAMAGE} and reduces the threat generated by your pet's next attack.; 2 = You force your Battle Squig to claw at your target, dealing {COM_0_VAL0_TOD_DAMAGE} over {COM_0_DURA_SECONDS} and snaring them by {COM_1_VAL0}% over {COM_1_DURA_SECONDS}.; 5 = Your Battle Squig explodes, causing you to be launched upward out of your Squiggy armor. All enemies within {COM_1_RADI_FEET} take {COM_3_VAL0_DAMAGE} and are knocked back."
"data/gamedata/effectvfx.csv","Id",3,"data/strings/english/abilitynames.txt",1469,1469,1.0000,1.0000,"1 = Ard Noggin^n; 2 = Big Claw^n; 5 = KABOOM!^n"
"data/gamedata/effectvfx.csv","Id",3,"data/strings/english/componenteffects.txt",1469,1469,1.0000,1.0000,"10 = Attempting to Resurrect.; 41 = Inflicting <<1>>% Damage to everyone but taunter.; 45 = Inflicting <<1>>% Damage to everyone but taunter."
"data/gamedata/effectvfx.csv","Id",3,"data/strings/english/objectivenames.txt",1469,1469,1.0000,0.7072,"1 = Cannon Battery; 2 = The Lookout; 5 = Sharpthorn Rock Mine"
"data/gamedata/effectvfx.csv","Id",3,"data/strings/english/packageinfo.txt",1469,1469,1.0000,1.0000,"605 = Increases Strength by 42; 607 = Increases Willpower by 3; 613 = Increases Toughness by 3"
"data/gamedata/effectvfx.csv","Id",3,"data/strings/english/packagenames.txt",1469,1469,1.0000,1.0000,"1 = Me Ol' Choppa; 2 = Me Ol' Shield; 5 = Me Ol' Prodda"
"data/gamedata/effectvfx.csv","Id",3,"data/strings/english/scenariolobby.txt",1469,1469,1.0000,1.0000,"2004 = Gromril Crossing is a true Tug of WAR! Several capture locations are scattered through-out the Scenario but only one is open at a time and progresses towards the enemy base depending on who captured them!; 2005 = This Scenario has several locations to capture through out the rocky terrain of Thunder Valley.  Capturing these locations will grant more points towards winning the Scenario as well as grant points over time. Capturing the Gyrocopter Hangar will allow your Realm to bombard capture locations!; 2012 = The Altdorf Warquarters features many Scenario mechanics in one Scenario. Capture the Fountain by proximity and capture the Warquarters or Militiaquarters by controlling their sub capture points. Nullify the enemy control over the Wings zones by successfully bombing them, but escape before the explosion lays waste to anyone in the area!"
"data/gamedata/effectvfx.csv","Id",3,"data/strings/english/scenarioscore.txt",1469,1469,1.0000,1.0000,"2004 = Gromril Crossing is a true Tug of WAR! Several capture locations are scattered through-out the Scenario but only one is open at a time and progresses towards the enemy base depending on who captured them!; 2005 = This Scenario has several locations to capture through out the rocky terrain of Thunder Valley.  Capturing these locations will grant more points towards winning the Scenario as well as grant points over time. Capturing the Gyrocopter Hangar will allow your Realm to bombard capture locations!; 2012 = The Altdorf Warquarters features many Scenario mechanics in one Scenario. Capture the Fountain by proximity and capture the Warquarters or Militiaquarters by controlling their sub capture points. Nullify the enemy control over the Wings zones by successfully bombing them, but escape before the explosion lays waste to anyone in the area!"
"data/gamedata/effectvfx.csv","Id",3,"data/gamedata/effectdef.csv",1469,1462,0.9952,0.9938,"1 = standard bloodsplat hit; 2 = spark hit; 5 = Big Heal"
"data/gamedata/effectvfx.csv","Id",3,"data/gamedata/items.csv",1469,1449,0.9864,0.9889,"1 = WORLD OBJ QI_Dw_coffin01; 2 = WORLD OBJ or_roadwall_pillar; 5 = WORLD OBJ QI_dw_pick"
"data/gamedata/effectvfx.csv","Id",3,"data/gamedata/abilities.csv",1469,1445,0.9837,0.9581,"1 = Ard Noggin; 2 = Big Claw; 5 = KABOOM!"
"data/gamedata/effectvfx.csv","Id",3,"data/gamedata/effects.csv",1469,1399,0.9523,0.8188,"1 = Ard Noggin; 2 = Big Claw; 5 = KABOOM!"
"data/gamedata/effectvfx.csv","Id",3,"data/gamedata/anim_db.csv",1469,1361,0.9265,0.0910,"1 = null-inloop; 2 = DEM_Un_Int_wobble; 5 = orc_sprint"
"data/gamedata/monsters.csv","Set",5,"data/gamedata/effectnifs.csv",1301,1301,1.0000,0.9997,"1 = empty; 2 = vfx_orc_CastAuraLoop; 3 = vfx_Cast_GS_Staff"
"data/gamedata/monsters.csv","Set",5,"data/gamedata/itemdata.csv",1301,1301,1.0000,1.0000,"1 = 4111; 2 = 0; 3 = 0"
"data/gamedata/monsters.csv","Set",5,"data/gamedata/objects.csv",1301,1301,1.0000,1.0000,"1 = WORLD OBJ QI_Dw_coffin01; 2 = WORLD OBJ or_roadwall_pillar; 3 = WORLD OBJ dw_mine_wallsupport"
"data/gamedata/monsters.csv","Set",5,"data/gamedata/packages.csv",1301,1301,1.0000,1.0000,"1 = 0; 2 = 0; 3 = 0"
"data/gamedata/monsters.csv","Set",5,"data/strings/english/abilitydesc.txt",1301,1301,1.0000,1.0000,"1 = A powerful attack that deals {COM_0_VAL0_DAMAGE} and reduces the threat generated by your pet's next attack.; 2 = You force your Battle Squig to claw at your target, dealing {COM_0_VAL0_TOD_DAMAGE} over {COM_0_DURA_SECONDS} and snaring them by {COM_1_VAL0}% over {COM_1_DURA_SECONDS}.; 3 = You cause your Battle Squig to bounce, dealing {COM_0_VAL0_DAMAGE} and knocking your target down for {COM_1_DURA_SECONDS}."
"data/gamedata/monsters.csv","Set",5,"data/strings/english/abilitynames.txt",1301,1301,1.0000,1.0000,"1 = Ard Noggin^n; 2 = Big Claw^n; 3 = Bounce^n"
"data/gamedata/monsters.csv","Set",5,"data/strings/english/componenteffects.txt",1301,1301,1.0000,1.0000,"10 = Attempting to Resurrect.; 20 = Periodically recovering <<1>> Health.; 41 = Inflicting <<1>>% Damage to everyone but taunter."
"data/gamedata/monsters.csv","Set",5,"data/strings/english/objectivenames.txt",1301,1301,1.0000,0.7072,"1 = Cannon Battery; 2 = The Lookout; 3 = Sharpthorn Wud"
"data/gamedata/monsters.csv","Set",5,"data/strings/english/packageinfo.txt",1301,1301,1.0000,1.0000,""
"data/gamedata/monsters.csv","Set",5,"data/strings/english/packagenames.txt",1301,1301,1.0000,1.0000,"1 = Me Ol' Choppa; 2 = Me Ol' Shield; 3 = Dis Ol' Choppa"
"data/gamedata/monsters.csv","Set",5,"data/strings/english/scenariolobby.txt",1301,1301,1.0000,1.0000,""
"data/gamedata/monsters.csv","Set",5,"data/strings/english/scenarionames.txt",1301,1301,1.0000,1.0000,""
"data/gamedata/monsters.csv","Set",5,"data/strings/english/scenarioscore.txt",1301,1301,1.0000,1.0000,""
"data/gamedata/monsters.csv","Set",5,"data/gamedata/effectlists.csv",1301,1298,0.9977,0.9977,"1 = standard bloodsplat hit; 2 = spark hit; 3 = flash hit with spiky bits"
"data/gamedata/monsters.csv","Set",5,"data/gamedata/effectdef.csv",1301,1291,0.9923,0.9938,"1 = standard bloodsplat hit; 2 = spark hit; 3 = flash hit with spiky bits"
"data/gamedata/monsters.csv","Set",5,"data/gamedata/abilities.csv",1301,1285,0.9877,0.9581,"1 = Ard Noggin; 2 = Big Claw; 3 = Bounce"
"data/gamedata/monsters.csv","Set",5,"data/gamedata/items.csv",1301,1260,0.9685,0.9889,"1 = WORLD OBJ QI_Dw_coffin01; 2 = WORLD OBJ or_roadwall_pillar; 3 = WORLD OBJ dw_mine_wallsupport"
"data/gamedata/monsters.csv","Set",5,"data/gamedata/effects.csv",1301,1216,0.9347,0.8188,"1 = Ard Noggin; 2 = Big Claw; 3 = Bounce"
"data/gamedata/monsters.csv","Set",5,"data/gamedata/monnifs.csv",1301,1200,0.9224,0.6964,"101 = Snotling Common; 102 = Placeholder nude; 103 = Placeholder nude"
"data/gamedata/monsters.csv","#",2,"data/gamedata/itemdata.csv",1270,1270,1.0000,1.0000,"101 = 1079; 102 = 1082; 103 = 1046"
"data/gamedata/monsters.csv","#",2,"data/gamedata/objects.csv",1270,1270,1.0000,1.0000,"101 = WORLD OBJ Qi_Torch01; 102 = WORLD OBJ QI_dw_blackpowderKeg01; 103 = WORLD OBJ QI_dw_Thunderers_strongbox01"
"data/gamedata/monsters.csv","#",2,"data/gamedata/packages.csv",1270,1270,1.0000,1.0000,"101 = 0; 102 = 0; 103 = 0"
"data/gamedata/monsters.csv","#",2,"data/strings/english/abilitydesc.txt",1270,1270,1.0000,1.0000,"122 = AE Root; 123 = Cone AE; 124 = Silence and Disarm"
"data/gamedata/monsters.csv","#",2,"data/strings/english/abilitynames.txt",1270,1270,1.0000,1.0000,"101 = Black Orc Console Test 2^n; 102 = Black Orc Console Test 3^n; 103 = Choppa Console Test 1^n"
"data/gamedata/monsters.csv","#",2,"data/strings/english/componenteffects.txt",1270,1270,1.0000,1.0000,"314 = AP Regen is halted.; 323 = Roots fade faster.; 326 = Immune to Stagger, Knockdown, Disarm, and Silence effects."
"data/gamedata/monsters.csv","#",2,"data/strings/english/objectivenames.txt",1270,1270,1.0000,0.7072,"101 = Goblin Artillery Range; 102 = Baradum; 103 = Burnbeard's Oath"
"data/gamedata/monsters.csv","#",2,"data/strings/english/packageinfo.txt",1270,1270,1.0000,1.0000,""
"data/gamedata/monsters.csv","#",2,"data/strings/english/packagenames.txt",1270,1270,1.0000,1.0000,"101 = Sword Talent; 102 = Axe Talent; 103 = Hammer Talent"
"data/gamedata/monsters.csv","#",2,"data/strings/english/scenariolobby.txt",1270,1270,1.0000,1.0000,""
"data/gamedata/monsters.csv","#",2,"data/strings/english/scenarionames.txt",1270,1270,1.0000,1.0000,""
"data/gamedata/monsters.csv","#",2,"data/strings/english/scenarioscore.txt",1270,1270,1.0000,1.0000,""
"data/gamedata/monsters.csv","#",2,"data/gamedata/effectnifs.csv",1270,1269,0.9992,0.9997,"101 = vfx_ICON_QuestGrey; 102 = vfx_ICON_QuestGreen; 103 = vfx_ICON_QuestGrey"
"data/gamedata/monsters.csv","#",2,"data/gamedata/monnifs.csv",1270,1269,0.9992,0.6964,"101 = Snotling Common; 102 = Placeholder nude; 103 = Placeholder nude"
"data/gamedata/monsters.csv","#",2,"data/gamedata/effectlists.csv",1270,1266,0.9969,0.9977,"101 = ROOT_EM_KnightRoot; 102 = dwarf Morale Damage PBAOE; 103 = dwarf Morale Stun PBAOE"
"data/gamedata/monsters.csv","#",2,"data/gamedata/abilities.csv",1270,1254,0.9874,0.9581,"104 = Immovable; 105 = Unstoppable; 106 = Taunt VFX Dummy"
"data/gamedata/monsters.csv","#",2,"data/gamedata/effectdef.csv",1270,1247,0.9819,0.9938,"101 = Dark AOE cloud; 102 = Blue morale build up 1; 103 = Blue morale build up 2"
"data/gamedata/monsters.csv","#",2,"data/gamedata/items.csv",1270,1229,0.9677,0.9889,"101 = WORLD OBJ vfx_QI_WaterLeak_WoodPatch; 102 = WORLD OBJ QI_dw_blackpowderKeg01; 103 = WORLD OBJ QI_dw_Thunderers_strongbox01"
"data/gamedata/monsters.csv","#",2,"data/gamedata/effects.csv",1270,1170,0.9213,0.8188,"104 = Immovable; 105 = Unstoppable; 106 = Taunt VFX"
"data/gamedata/effects.csv","REF",9,"data/gamedata/effectlists.csv",1003,1003,1.0000,0.9977,"1 = standard bloodsplat hit; 5 = Big Heal; 6 = Green skin ZAP"
"data/gamedata/effects.csv","REF",9,"data/gamedata/effectnifs.csv",1003,1003,1.0000,0.9997,"1 = empty; 5 = vfx_orc_CastingLoop_L2; 6 = vfx_orc_CastingLoop_Heals"
"data/gamedata/effects.csv","REF",9,"data/gamedata/itemdata.csv",1003,1003,1.0000,1.0000,"1 = 4111; 5 = 2488; 6 = 0"
"data/gamedata/effects.csv","REF",9,"data/gamedata/objects.csv",1003,1003,1.0000,1.0000,"1 = WORLD OBJ QI_Dw_coffin01; 5 = WORLD OBJ QI_dw_pick; 6 = WORLD OBJ mo_ruins_marsh_smlbrickpile"
"data/gamedata/effects.csv","REF",9,"data/gamedata/packages.csv",1003,1003,1.0000,1.0000,"1 = 0; 5 = 0; 6 = 0"
"data/gamedata/effects.csv","REF",9,"data/strings/english/abilitydesc.txt",1003,1003,1.0000,1.0000,"1 = A powerful attack that deals {COM_0_VAL0_DAMAGE} and reduces the threat generated by your pet's next attack.; 5 = Your Battle Squig explodes, causing you to be launched upward out of your Squiggy armor. All enemies within {COM_1_RADI_FEET} take {COM_3_VAL0_DAMAGE} and are knocked back.; 6 = Your Squig bounces on it's target dealing {COM_2_VAL0_DAMAGE}, and knocking them down for {COM_0_DURA_SECONDS}."
"data/gamedata/effects.csv","REF",9,"data/strings/english/abilitynames.txt",1003,1003,1.0000,1.0000,"1 = Ard Noggin^n; 5 = KABOOM!^n; 6 = Death From Above^n"
"data/gamedata/effects.csv","REF",9,"data/strings/english/componenteffects.txt",1003,1003,1.0000,1.0000,"41 = Inflicting <<1>>% Damage to everyone but taunter.; 45 = Inflicting <<1>>% Damage to everyone but taunter.; 46 = Inflicting <<1>>% Damage to de-taunter."
"data/gamedata/effects.csv","REF",9,"data/strings/english/objectivenames.txt",1003,1003,1.0000,0.7072,"1 = Cannon Battery; 5 = Sharpthorn Rock Mine; 6 = Ironclaw Camp"
"data/gamedata/effects.csv","REF",9,"data/strings/english/packageinfo.txt",1003,1003,1.0000,1.0000,"605 = Increases Strength by 42; 607 = Increases Willpower by 3; 613 = Increases Toughness by 3"
"data/gamedata/effects.csv","REF",9,"data/strings/english/packagenames.txt",1003,1003,1.0000,1.0000,"1 = Me Ol' Choppa; 5 = Me Ol' Prodda; 6 = Me Ol' Arrer Shoota"
"data/gamedata/effects.csv","REF",9,"data/strings/english/scenariolobby.txt",1003,1003,1.0000,1.0000,"2012 = The Altdorf Warquarters features many Scenario mechanics in one Scenario. Capture the Fountain by proximity and capture the Warquarters or Militiaquarters by controlling their sub capture points. Nullify the enemy control over the Wings zones by successfully bombing them, but escape before the explosion lays waste to anyone in the area!; 2015 = From the port at Barak Varr, Dwarf ironclads, full of blood-mad Slayer privateers, set sail to seek battle and plunder upon the high seas of the Old World. But Orc sea-hulks from the Black Gulf shipyards, their decks crammed with Choppa freebooters, have ambushed the Dwarfs, in a bid to slaughter their hated foes. Seize the Engine Room, Central Gangway, and Upper Deck to achieve victory amid a sea of blood!; 2100 = This Scenario takes place in the critical beachhead of Nordenwatch.  The battle rages around the Lighthouse, Barracks and Fortress.  Take and hold these objectives while killing any enemies you find!"
"data/gamedata/effects.csv","REF",9,"data/strings/english/scenarioscore.txt",1003,1003,1.0000,1.0000,"2012 = The Altdorf Warquarters features many Scenario mechanics in one Scenario. Capture the Fountain by proximity and capture the Warquarters or Militiaquarters by controlling their sub capture points. Nullify the enemy control over the Wings zones by successfully bombing them, but escape before the explosion lays waste to anyone in the area!; 2015 = From the port at Barak Varr, Dwarf ironclads, full of blood-mad Slayer privateers, set sail to seek battle and plunder upon the high seas of the Old World. But Orc sea-hulks from the Black Gulf shipyards, their decks crammed with Choppa freebooters, have ambushed the Dwarfs, in a bid to slaughter their hated foes. Seize the Engine Room, Central Gangway, and Upper Deck to achieve victory amid a sea of blood!; 2100 = This Scenario takes place in the critical beachhead of Nordenwatch.  The battle rages around the Lighthouse, Barracks and Fortress.  Take and hold these objectives while killing any enemies you find!"
"data/gamedata/effects.csv","REF",9,"data/gamedata/effectdef.csv",1003,997,0.9940,0.9938,"1 = standard bloodsplat hit; 5 = Big Heal; 6 = Defense Bubble"
"data/gamedata/effects.csv","REF",9,"data/gamedata/items.csv",1003,990,0.9870,0.9889,"1 = WORLD OBJ QI_Dw_coffin01; 5 = WORLD OBJ QI_dw_pick; 6 = WORLD OBJ mo_ruins_marsh_smlbrickpile"
"data/gamedata/effects.csv","REF",9,"data/gamedata/abilities.csv",1003,987,0.9840,0.9581,"1 = Ard Noggin; 5 = KABOOM!; 6 = ;/end"
"data/gamedata/effects.csv","REF",9,"data/gamedata/anim_db.csv",1003,935,0.9322,0.0910,"1 = null-inloop; 5 = orc_sprint; 6 = orc_walk_lower"
"data/gamedata/effects.csv","Effect",3,"data/gamedata/effectlists.csv",608,608,1.0000,0.9977,"2 = spark hit; 7 = Feel Betta; 9 = Lil Heal"
"data/gamedata/effects.csv","Effect",3,"data/gamedata/effectnifs.csv",608,608,1.0000,0.9997,"2 = vfx_orc_CastAuraLoop; 7 = vfx_orc_T1_GoodHeal; 9 = vfx_orc_T3_GoodHeal"
"data/gamedata/effects.csv","Effect",3,"data/gamedata/itemdata.csv",608,608,1.0000,1.0000,"2 = 0; 7 = 0; 9 = 20"
"data/gamedata/effects.csv","Effect",3,"data/gamedata/objects.csv",608,608,1.0000,1.0000,"2 = WORLD OBJ or_roadwall_pillar; 7 = WORLD OBJ dw_dead01_skeleton; 9 = WORLD OBJ or_banner06"
"data/gamedata/effects.csv","Effect",3,"data/gamedata/packages.csv",608,608,1.0000,1.0000,"2 = 0; 7 = 0; 9 = 0"
"data/gamedata/effects.csv","Effect",3,"data/strings/english/abilitydesc.txt",608,608,1.0000,1.0000,"2 = You force your Battle Squig to claw at your target, dealing {COM_0_VAL0_TOD_DAMAGE} over {COM_0_DURA_SECONDS} and snaring them by {COM_1_VAL0}% over {COM_1_DURA_SECONDS}.; 7 = Your Squig flings deadly spines at it's target, dealing {COM_1_VAL0_DAMAGE} every second for {COM_0_DURA_SECONDS}.; 9 = Your Squig gores its target, dealing {COM_0_VAL0_DAMAGE} and an additional {ABIL_3881_COM_0_VAL0_TOD_DAMAGE} over {ABIL_3881_COM_0_DURA_SECONDS}."
"data/gamedata/effects.csv","Effect",3,"data/strings/english/abilitynames.txt",608,608,1.0000,1.0000,"2 = Big Claw^n; 7 = Spine Fling^n; 9 = Gore^n"
"data/gamedata/effects.csv","Effect",3,"data/strings/english/componenteffects.txt",608,608,1.0000,1.0000,"10 = Attempting to Resurrect.; 81 = Periodically taking <<1>> Damage.; 323 = Roots fade faster."
"data/gamedata/effects.csv","Effect",3,"data/strings/english/objectivenames.txt",608,608,1.0000,0.7072,"2 = The Lookout; 7 = null; 9 = Kron Komar Gap"
"data/gamedata/effects.csv","Effect",3,"data/strings/english/packageinfo.txt",608,608,1.0000,1.0000,"601 = Increases Strength by 3; 603 = Increases Strength by 18; 620 = Increases Wounds by 6"
"data/gamedata/effects.csv","Effect",3,"data/strings/english/packagenames.txt",608,608,1.0000,1.0000,"2 = Me Ol' Shield; 7 = Me Ol' Stick; 9 = Me Ancestor's Ol' Shield"
"data/gamedata/effects.csv","Effect",3,"data/strings/english/scenariolobby.txt",608,608,1.0000,1.0000,"2006 = Logrin's Forge is a dual capture location Scenario! Capturing both the Anvil and Hammer will grant your Realm points!; 2012 = The Altdorf Warquarters features many Scenario mechanics in one Scenario. Capture the Fountain by proximity and capture the Warquarters or Militiaquarters by controlling their sub capture points. Nullify the enemy control over the Wings zones by successfully bombing them, but escape before the explosion lays waste to anyone in the area!; 2101 = Stone Troll Crossing features a ""flag runner"" capture mechanic.  Pick up the Troll Pacifier and take it to each of the three capture locations to subdue the Trolls and earn points for your Realm!"
"data/gamedata/effects.csv","Effect",3,"data/strings/english/scenarioscore.txt",608,608,1.0000,1.0000,"2006 = Logrin's Forge is a dual capture location Scenario! Capturing both the Anvil and Hammer will grant your Realm points!; 2012 = The Altdorf Warquarters features many Scenario mechanics in one Scenario. Capture the Fountain by proximity and capture the Warquarters or Militiaquarters by controlling their sub capture points. Nullify the enemy control over the Wings zones by successfully bombing them, but escape before the explosion lays waste to anyone in the area!; 2101 = Stone Troll Crossing features a ""flag runner"" capture mechanic.  Pick up the Troll Pacifier and take it to each of the three capture locations to subdue the Trolls and earn points for your Realm!"
"data/gamedata/effects.csv","Effect",3,"data/gamedata/effectdef.csv",608,607,0.9984,0.9938,"2 = spark hit; 7 = Feel Betta; 9 = Lil Heal"
"data/gamedata/effects.csv","Effect",3,"data/gamedata/items.csv",608,602,0.9901,0.9889,"2 = WORLD OBJ or_roadwall_pillar; 7 = WORLD OBJ dw_dead01_skeleton; 9 = WORLD OBJ or_banner06"
"data/gamedata/effects.csv","Effect",3,"data/gamedata/abilities.csv",608,594,0.9770,0.9581,"2 = Big Claw; 7 = Death From Above; 9 = Poisoned Spine"
"data/gamedata/effects.csv","Effect",3,"data/gamedata/anim_db.csv",608,567,0.9326,0.0910,"2 = DEM_Un_Int_wobble; 7 = ROOT_53down; 9 = Root_R45"
"data/gamedata/effects.csv","Effect",6,"data/gamedata/effectlists.csv",588,588,1.0000,0.9977,"1 = standard bloodsplat hit; 2 = spark hit; 3 = flash hit with spiky bits"
"data/gamedata/effects.csv","Effect",6,"data/gamedata/itemdata.csv",588,588,1.0000,1.0000,"1 = 4111; 2 = 0; 3 = 0"
"data/gamedata/effects.csv","Effect",6,"data/gamedata/objects.csv",588,588,1.0000,1.0000,"1 = WORLD OBJ QI_Dw_coffin01; 2 = WORLD OBJ or_roadwall_pillar; 3 = WORLD OBJ dw_mine_wallsupport"
"data/gamedata/effects.csv","Effect",6,"data/gamedata/packages.csv",588,588,1.0000,1.0000,"1 = 0; 2 = 0; 3 = 0"
"data/gamedata/effects.csv","Effect",6,"data/strings/english/abilitydesc.txt",588,588,1.0000,1.0000,"1 = A powerful attack that deals {COM_0_VAL0_DAMAGE} and reduces the threat generated by your pet's next attack.; 2 = You force your Battle Squig to claw at your target, dealing {COM_0_VAL0_TOD_DAMAGE} over {COM_0_DURA_SECONDS} and snaring them by {COM_1_VAL0}% over {COM_1_DURA_SECONDS}.; 3 = You cause your Battle Squig to bounce, dealing {COM_0_VAL0_DAMAGE} and knocking your target down for {COM_1_DURA_SECONDS}."
"data/gamedata/effects.csv","Effect",6,"data/strings/english/abilitynames.txt",588,588,1.0000,1.0000,"1 = Ard Noggin^n; 2 = Big Claw^n; 3 = Bounce^n"
"data/gamedata/effects.csv","Effect",6,"data/strings/english/componenteffects.txt",588,588,1.0000,1.0000,"42 = Inflicting <<1>>% Damage to de-taunter.; 45 = Inflicting <<1>>% Damage to everyone but taunter.; 47 = Inflicting <<1>>% Damage to everyone but taunter."
"data/gamedata/effects.csv","Effect",6,"data/strings/english/objectivenames.txt",588,588,1.0000,0.7072,"1 = Cannon Battery; 2 = The Lookout; 3 = Sharpthorn Wud"
"data/gamedata/effects.csv","Effect",6,"data/strings/english/packageinfo.txt",588,588,1.0000,1.0000,"605 = Increases Strength by 42; 623 = Increases Wounds by 21; 625 = Increases Initiative by 3"
"data/gamedata/effects.csv","Effect",6,"data/strings/english/packagenames.txt",588,588,1.0000,1.0000,"1 = Me Ol' Choppa; 2 = Me Ol' Shield; 3 = Dis Ol' Choppa"
"data/gamedata/effects.csv","Effect",6,"data/strings/english/scenariolobby.txt",588,588,1.0000,1.0000,"2001 = Find the Mourkain artifact and seize it for your realm. Killing the enemy while carrying the Mourkain Artifact will yield more points, but slaying the artifact bearer also yields increased rewards. Carrying the Artifact will inflict damage to the carrier over time.; 2002 = Blackfire Basin features a shared Capture the Flag mechanic. Earn points by killing other players and capturing the single shared flag in the middle of the frozen lake! Carrying the flag for too long will eventually snare the flag carrier and eventually drain your will to fight.; 2004 = Gromril Crossing is a true Tug of WAR! Several capture locations are scattered through-out the Scenario but only one is open at a time and progresses towards the enemy base depending on who captured them!"
"data/gamedata/effects.csv","Effect",6,"data/strings/english/scenarioscore.txt",588,588,1.0000,1.0000,"2001 = Find the Mourkain artifact and seize it for your realm. Killing the enemy while carrying the Mourkain Artifact will yield more points, but slaying the artifact bearer also yields increased rewards. Carrying the Artifact will inflict damage to the carrier over time.; 2002 = Blackfire Basin features a shared Capture the Flag mechanic. Earn points by killing other players and capturing the single shared flag in the middle of the frozen lake! Carrying the flag for too long will eventually snare the flag carrier and eventually drain your will to fight.; 2004 = Gromril Crossing is a true Tug of WAR! Several capture locations are scattered through-out the Scenario but only one is open at a time and progresses towards the enemy base depending on who captured them!"
"data/gamedata/effects.csv","Effect",6,"data/gamedata/effectnifs.csv",588,587,0.9983,0.9997,"1 = empty; 2 = vfx_orc_CastAuraLoop; 3 = vfx_Cast_GS_Staff"
"data/gamedata/effects.csv","Effect",6,"data/gamedata/effectdef.csv",588,586,0.9966,0.9938,"1 = standard bloodsplat hit; 2 = spark hit; 3 = flash hit with spiky bits"
"data/gamedata/effects.csv","Effect",6,"data/gamedata/items.csv",588,583,0.9915,0.9889,"1 = WORLD OBJ QI_Dw_coffin01; 2 = WORLD OBJ or_roadwall_pillar; 3 = WORLD OBJ dw_mine_wallsupport"
"data/gamedata/effects.csv","Effect",6,"data/gamedata/abilities.csv",588,572,0.9728,0.9581,"1 = Ard Noggin; 2 = Big Claw; 3 = Bounce"
"data/gamedata/effects.csv","Effect",6,"data/gamedata/anim_db.csv",588,536,0.9116,0.0910,"1 = null-inloop; 2 = DEM_Un_Int_wobble; 3 = aim"
"data/gamedata/objects.csv","Icon 1",16,"data/gamedata/itemdata.csv",409,409,1.0000,1.0000,"55 = 1006; 64 = 1040; 70 = 1034"
"data/gamedata/objects.csv","Icon 1",16,"data/gamedata/packages.csv",409,409,1.0000,1.0000,"12 = 0; 13 = 0; 35 = 0"
"data/gamedata/objects.csv","Icon 1",16,"data/strings/english/abilitydesc.txt",409,409,1.0000,1.0000,"12 = Your Squig expels noxious spores towards an enemy, briefly sickening the victim and all other enemies within {COM_0_RADI_FEET} of them, dealing {COM_0_VAL0_DAMAGE}. Any of your Squigs, including your Battle Squig, within the radius will be healed for {COM_1_VAL0_HEALTH}.; 41 = Deals {COM_0_VAL0_DAMAGE} to the target.; 44 = Your Lion roars and taunts an enemy, making the enemy hate your pet much more, forcing monsters to target your pet,  and causing the enemy to deal {COM_0_VAL0}% less damage to everyone else other than your Lion for {COM_0_DURA_SECONDS}."
"data/gamedata/objects.csv","Icon 1",16,"data/strings/english/abilitynames.txt",409,409,1.0000,1.0000,"12 = Spore Cloud^n; 13 = Gas Squig Autoattack^n; 35 = Runes Of Warding^n"
"data/gamedata/objects.csv","Icon 1",16,"data/strings/english/componenteffects.txt",409,409,1.0000,1.0000,"41 = Inflicting <<1>>% Damage to everyone but taunter.; 44 = Inflicting <<1>>% Damage to de-taunter.; 909 = Snared."
"data/gamedata/objects.csv","Icon 1",16,"data/strings/english/packageinfo.txt",409,409,1.0000,1.0000,"603 = Increases Strength by 18; 617 = Increases Toughness by 42; 619 = Increases Wounds by 3"
"data/gamedata/objects.csv","Icon 1",16,"data/strings/english/packagenames.txt",409,409,1.0000,1.0000,"12 = Me Ancestor's Ol' Spanner; 13 = Me Ancestor's Ol' Staff; 35 = ;E/C Starting Gear"
"data/gamedata/jumppoints.csv","col4",4,"data/gamedata/itemdata.csv",331,331,1.0000,1.0000,"800 = 767; 1021 = 357; 4056 = 1951"
"data/gamedata/jumppoints.csv","col3",3,"data/gamedata/itemdata.csv",330,330,1.0000,1.0000,"835 = 804; 1528 = 2491; 1594 = 664"
"data/gamedata/jumppoints.csv","col5",5,"data/gamedata/itemdata.csv",313,313,1.0000,1.0000,"3715 = 2487; 3732 = 2368; 3752 = 1028"
"data/gamedata/jumppoints.csv","col5",5,"data/strings/english/abilitydesc.txt",313,313,1.0000,1.0000,"3715 = Your Critical Shot has left you Unsteady. Your next attack will take 1.5 seconds longer to build; 7218 = Heals for {COM_0_VAL0} every {COM_0_FREQ_SECONDS}, for {COM_0_DURA_SECONDS}.; 7312 = Increases Strength by {COM_0_VAL0} for 5 minutes."
"data/gamedata/jumppoints.csv","col5",5,"data/strings/english/abilitynames.txt",313,313,1.0000,1.0000,"3040 = Essence Lash - Soul Essence +15^n; 3285 = Git To Da Choppa^n; 3668 = Sweeping Impact^n"
"data/gamedata/jumppoints.csv","col5",5,"data/strings/english/componenteffects.txt",313,313,1.0000,1.0000,"3285 = Hate generated decreased by <<1>>%.; 3715 = Knocked down!; 3768 = Toughness increased by <<1>>."
"data/gamedata/jumppoints.csv","col5",5,"data/strings/english/packageinfo.txt",313,299,0.9553,1.0000,"9920 = Increases Initiative by 4; 9928 = Increases Intelligence by 22 (Total increase of 38); 9936 = Increases Willpower by 48 (Total increase of 120)"
"data/gamedata/jumppoints.csv","col5",5,"data/strings/english/packagenames.txt",313,299,0.9553,1.0000,"2800 = 0; 2878 = Embrace the Pain; 2915 = Addling Shot"
"data/gamedata/effectlists.csv","ID 2",3,"data/gamedata/effectdef.csv",261,261,1.0000,0.9938,"2 = spark hit; 9 = Lil Heal; 10 = Med Heal"
"data/gamedata/effectlists.csv","ID 2",3,"data/gamedata/itemdata.csv",261,261,1.0000,1.0000,"2 = 0; 9 = 20; 10 = 1149"
"data/gamedata/effectlists.csv","ID 2",3,"data/gamedata/objects.csv",261,261,1.0000,1.0000,"2 = WORLD OBJ or_roadwall_pillar; 9 = WORLD OBJ or_banner06; 10 = WORLD OBJ em_crate_01"
"data/gamedata/effectlists.csv","ID 2",3,"data/gamedata/packages.csv",261,261,1.0000,1.0000,"2 = 0; 9 = 0; 10 = 0"
"data/gamedata/effectlists.csv","ID 2",3,"data/strings/english/abilitydesc.txt",261,261,1.0000,1.0000,"2 = You force your Battle Squig to claw at your target, dealing {COM_0_VAL0_TOD_DAMAGE} over {COM_0_DURA_SECONDS} and snaring them by {COM_1_VAL0}% over {COM_1_DURA_SECONDS}.; 9 = Your Squig gores its target, dealing {COM_0_VAL0_DAMAGE} and an additional {ABIL_3881_COM_0_VAL0_TOD_DAMAGE} over {ABIL_3881_COM_0_DURA_SECONDS}.; 10 = Your Squig slams it's head in to it's target, dealing {COM_0_VAL0_DAMAGE} and knocking them back."
"data/gamedata/effectlists.csv","ID 2",3,"data/strings/english/abilitynames.txt",261,261,1.0000,1.0000,"2 = Big Claw^n; 9 = Gore^n; 10 = Head Butt^n"
"data/gamedata/effectlists.csv","ID 2",3,"data/strings/english/componenteffects.txt",261,261,1.0000,1.0000,"10 = Attempting to Resurrect.; 82 = Periodically taking <<1>> Damage.; 86 = Periodically taking <<1>> Damage."
"data/gamedata/effectlists.csv","ID 2",3,"data/strings/english/objectivenames.txt",261,261,1.0000,0.7072,"2 = The Lookout; 9 = Kron Komar Gap; 10 = Sacred Grove"
"data/gamedata/effectlists.csv","ID 2",3,"data/strings/english/packageinfo.txt",261,261,1.0000,1.0000,"625 = Increases Initiative by 3; 659 = Increases Initiative and Ballistic Skill by 21; 697 = Increases Armor by 9%"
"data/gamedata/effectlists.csv","ID 2",3,"data/strings/english/packagenames.txt",261,261,1.0000,1.0000,"2 = Me Ol' Shield; 9 = Me Ancestor's Ol' Shield; 10 = Me Ancestor's Ol' Hammer"
"data/gamedata/effectlists.csv","ID 2",3,"data/strings/english/scenariolobby.txt",261,261,1.0000,1.0000,""
"data/gamedata/effectlists.csv","ID 2",3,"data/strings/english/scenarioscore.txt",261,261,1.0000,1.0000,""
"data/gamedata/effectlists.csv","ID 2",3,"data/gamedata/abilities.csv",261,257,0.9847,0.9581,"2 = Big Claw; 9 = Poisoned Spine; 10 = Gore"
"data/gamedata/effectlists.csv","ID 2",3,"data/gamedata/effectnifs.csv",261,252,0.9655,0.9997,"2 = vfx_orc_CastAuraLoop; 9 = vfx_orc_T3_GoodHeal; 10 = vfx_orc_T4_GoodHeal"
"data/gamedata/effectlists.csv","ID 2",3,"data/gamedata/anim_db.csv",261,248,0.9502,0.0910,"2 = DEM_Un_Int_wobble; 9 = Root_R45; 10 = orc_run_upper"
"data/gamedata/effectlists.csv","ID 2",3,"data/gamedata/items.csv",261,244,0.9349,0.9889,"2 = WORLD OBJ or_roadwall_pillar; 9 = WORLD OBJ or_banner06; 10 = WORLD OBJ em_crate_01"
"data/gamedata/effectlists.csv","ID 2",3,"data/gamedata/effects.csv",261,242,0.9272,0.8188,"2 = Big Claw; 9 = Poisoned Spine; 10 = Gore"
"data/gamedata/effects.csv","Effect",4,"data/gamedata/effectlists.csv",243,243,1.0000,0.9977,"3 = flash hit with spiky bits; 5 = Big Heal; 6 = Green skin ZAP"
"data/gamedata/effects.csv","Effect",4,"data/gamedata/effectnifs.csv",243,243,1.0000,0.9997,"3 = vfx_Cast_GS_Staff; 5 = vfx_orc_CastingLoop_L2; 6 = vfx_orc_CastingLoop_Heals"
"data/gamedata/effects.csv","Effect",4,"data/gamedata/itemdata.csv",243,243,1.0000,1.0000,"3 = 0; 5 = 2488; 6 = 0"
"data/gamedata/effects.csv","Effect",4,"data/gamedata/objects.csv",243,243,1.0000,1.0000,"3 = WORLD OBJ dw_mine_wallsupport; 5 = WORLD OBJ QI_dw_pick; 6 = WORLD OBJ mo_ruins_marsh_smlbrickpile"
"data/gamedata/effects.csv","Effect",4,"data/gamedata/packages.csv",243,243,1.0000,1.0000,"3 = 0; 5 = 0; 6 = 0"
"data/gamedata/effects.csv","Effect",4,"data/strings/english/abilitydesc.txt",243,243,1.0000,1.0000,"3 = You cause your Battle Squig to bounce, dealing {COM_0_VAL0_DAMAGE} and knocking your target down for {COM_1_DURA_SECONDS}.; 5 = Your Battle Squig explodes, causing you to be launched upward out of your Squiggy armor. All enemies within {COM_1_RADI_FEET} take {COM_3_VAL0_DAMAGE} and are knocked back.; 6 = Your Squig bounces on it's target dealing {COM_2_VAL0_DAMAGE}, and knocking them down for {COM_0_DURA_SECONDS}."
"data/gamedata/effects.csv","Effect",4,"data/strings/english/abilitynames.txt",243,243,1.0000,1.0000,"3 = Bounce^n; 5 = KABOOM!^n; 6 = Death From Above^n"
"data/gamedata/effects.csv","Effect",4,"data/strings/english/componenteffects.txt",243,243,1.0000,1.0000,"361 = Build Times are reduced by <<1>> %.; 385 = Periodically recovering <<1>> AP.; 436 = Can not be rooted."
"data/gamedata/effects.csv","Effect",4,"data/strings/english/objectivenames.txt",243,243,1.0000,0.7072,"3 = Sharpthorn Wud; 5 = Sharpthorn Rock Mine; 6 = Ironclaw Camp"
"data/gamedata/effects.csv","Effect",4,"data/strings/english/packageinfo.txt",243,243,1.0000,1.0000,"614 = Increases Toughness by 9; 635 = Increases Weapon Skill by 42; 637 = Increases Ballistic Skill by 3"
"data/gamedata/effects.csv","Effect",4,"data/strings/english/packagenames.txt",243,243,1.0000,1.0000,"3 = Dis Ol' Choppa; 5 = Me Ol' Prodda; 6 = Me Ol' Arrer Shoota"
"data/gamedata/effects.csv","Effect",4,"data/strings/english/scenariolobby.txt",243,243,1.0000,1.0000,"2108 = Reikland Factory features several capture locations which offer points over time as well as points per capture.  Capturing the Steamtank will earn you the most points per capture, but capturing the Landing, Warehouse and Machine Shop will give you more points over time!; 2110 = The city is under siege. Gather your allies and join the battle!; 2205 = Dragon's Bane is a power struggle between three capture locations. Capture and hold these locations for points over time.  To aid the recapturing of these objectives, deliver the Black Dragon or Sun Dragon Beacons to the capture locations to call down aid from above!"
"data/gamedata/effects.csv","Effect",4,"data/strings/english/scenarioscore.txt",243,243,1.0000,1.0000,"2108 = Reikland Factory features several capture locations which offer points over time as well as points per capture.  Capturing the Steamtank will earn you the most points per capture, but capturing the Landing, Warehouse and Machine Shop will give you more points over time!; 2110 = The city is under siege. Gather your allies and join the battle!; 2205 = Dragon's Bane is a power struggle between three capture locations. Capture and hold these locations for points over time.  To aid the recapturing of these objectives, deliver the Black Dragon or Sun Dragon Beacons to the capture locations to call down aid from above!"
"data/gamedata/effects.csv","Effect",4,"data/gamedata/items.csv",243,242,0.9959,0.9889,"3 = WORLD OBJ dw_mine_wallsupport; 5 = WORLD OBJ QI_dw_pick; 6 = WORLD OBJ mo_ruins_marsh_smlbrickpile"
"data/gamedata/effects.csv","Effect",4,"data/gamedata/effectdef.csv",243,239,0.9835,0.9938,"3 = flash hit with spiky bits; 5 = Big Heal; 6 = Defense Bubble"
"data/gamedata/effects.csv","Effect",4,"data/gamedata/abilities.csv",243,236,0.9712,0.9581,"3 = Bounce; 5 = KABOOM!; 6 = ;/end"
"data/gamedata/effects.csv","Effect",4,"data/gamedata/anim_db.csv",243,225,0.9259,0.0910,"3 = aim; 5 = orc_sprint; 6 = orc_walk_lower"
"data/gamedata/anim_statedef.csv","Anim ID",4,"data/gamedata/abilities.csv",221,221,1.0000,0.9581,"1 = Ard Noggin; 2 = Big Claw; 3 = Bounce"
"data/gamedata/anim_statedef.csv","Anim ID",4,"data/gamedata/anim_scripts.csv",221,221,1.0000,1.0000,"1 = Fidget; 2 = Aggro; 3 = die"
"data/gamedata/anim_statedef.csv","Anim ID",4,"data/gamedata/effectlists.csv",221,221,1.0000,0.9977,"1 = standard bloodsplat hit; 2 = spark hit; 3 = flash hit with spiky bits"
"data/gamedata/anim_statedef.csv","Anim ID",4,"data/gamedata/itemdata.csv",221,221,1.0000,1.0000,"1 = 4111; 2 = 0; 3 = 0"
"data/gamedata/anim_statedef.csv","Anim ID",4,"data/gamedata/items.csv",221,221,1.0000,0.9889,"1 = WORLD OBJ QI_Dw_coffin01; 2 = WORLD OBJ or_roadwall_pillar; 3 = WORLD OBJ dw_mine_wallsupport"
"data/gamedata/anim_statedef.csv","Anim ID",4,"data/gamedata/jumppoints.csv",221,221,1.0000,1.0000,"1 = MountBloodhorn; 2 = MarshesofMadness; 3 = Badlands"
"data/gamedata/anim_statedef.csv","Anim ID",4,"data/gamedata/objects.csv",221,221,1.0000,1.0000,"1 = WORLD OBJ QI_Dw_coffin01; 2 = WORLD OBJ or_roadwall_pillar; 3 = WORLD OBJ dw_mine_wallsupport"
"data/gamedata/anim_statedef.csv","Anim ID",4,"data/gamedata/packages.csv",221,221,1.0000,1.0000,"1 = 0; 2 = 0; 3 = 0"
"data/gamedata/anim_statedef.csv","Anim ID",4,"data/gamedata/pregame_features.csv",221,221,1.0000,1.0000,"1 = MALE; 2 = MALE; 3 = MALE"
"data/gamedata/anim_statedef.csv","Anim ID",4,"data/strings/english/abilitydesc.txt",221,221,1.0000,1.0000,"1 = A powerful attack that deals {COM_0_VAL0_DAMAGE} and reduces the threat generated by your pet's next attack.; 2 = You force your Battle Squig to claw at your target, dealing {COM_0_VAL0_TOD_DAMAGE} over {COM_0_DURA_SECONDS} and snaring them by {COM_1_VAL0}% over {COM_1_DURA_SECONDS}.; 3 = You cause your Battle Squig to bounce, dealing {COM_0_VAL0_DAMAGE} and knocking your target down for {COM_1_DURA_SECONDS}."
"data/gamedata/anim_statedef.csv","Anim ID",4,"data/strings/english/abilitynames.txt",221,221,1.0000,1.0000,"1 = Ard Noggin^n; 2 = Big Claw^n; 3 = Bounce^n"
"data/gamedata/anim_statedef.csv","Anim ID",4,"data/strings/english/bindlocations.txt",221,221,1.0000,1.0000,"1 = Skarzag's Stompin Grounds; 2 = Da War Maker; 3 = Kron Komar"
"data/gamedata/anim_statedef.csv","Anim ID",4,"data/strings/english/componenteffects.txt",221,221,1.0000,1.0000,"10 = Attempting to Resurrect.; 20 = Periodically recovering <<1>> Health.; 41 = Inflicting <<1>>% Damage to everyone but taunter."
"data/gamedata/anim_statedef.csv","Anim ID",4,"data/strings/english/dyenames.txt",221,221,1.0000,1.0000,"1 = Dark Sky Blue; 2 = Medium Sky Blue; 3 = Sky Blue"
"data/gamedata/anim_statedef.csv","Anim ID",4,"data/strings/english/emotes.txt",221,221,1.0000,1.0000,"1 = wave; 2 = You wave.; 3 = You wave to <<A:2>>."
"data/gamedata/anim_statedef.csv","Anim ID",4,"data/strings/english/objectivenames.txt",221,221,1.0000,0.7072,"1 = Cannon Battery; 2 = The Lookout; 3 = Sharpthorn Wud"
"data/gamedata/anim_statedef.csv","Anim ID",4,"data/strings/english/packageinfo.txt",221,221,1.0000,1.0000,""
"data/gamedata/anim_statedef.csv","Anim ID",4,"data/strings/english/packagenames.txt",221,221,1.0000,1.0000,"1 = Me Ol' Choppa; 2 = Me Ol' Shield; 3 = Dis Ol' Choppa"
"data/gamedata/anim_statedef.csv","Anim ID",4,"data/strings/english/scenariolobby.txt",221,221,1.0000,1.0000,""
"data/gamedata/anim_statedef.csv","Anim ID",4,"data/strings/english/scenarionames.txt",221,221,1.0000,1.0000,""
"data/gamedata/anim_statedef.csv","Anim ID",4,"data/strings/english/scenarioscore.txt",221,221,1.0000,1.0000,""
"data/gamedata/anim_statedef.csv","Anim ID",4,"data/gamedata/effectnifs.csv",221,220,0.9955,0.9997,"1 = empty; 2 = vfx_orc_CastAuraLoop; 3 = vfx_Cast_GS_Staff"
"data/gamedata/anim_statedef.csv","Anim ID",4,"data/gamedata/anim_db.csv",221,218,0.9864,0.0910,"1 = null-inloop; 2 = DEM_Un_Int_wobble; 3 = aim"
"data/gamedata/anim_statedef.csv","Anim ID",4,"data/gamedata/monsters.csv",221,217,0.9819,0.6706,"1 = PLACEHOLDER - Snotling Common; 2 = Placeholder nude; 3 = Placeholder nude"
"data/gamedata/anim_statedef.csv","Anim ID",4,"data/gamedata/effectdef.csv",221,209,0.9457,0.9938,"1 = standard bloodsplat hit; 2 = spark hit; 3 = flash hit with spiky bits"
"data/gamedata/anim_statedef.csv","Anim ID",4,"data/gamedata/effects.csv",221,205,0.9276,0.8188,"1 = Ard Noggin; 2 = Big Claw; 3 = Bounce"
"data/gamedata/anim_statedef.csv","Anim ID",4,"data/strings/english/abilityeffect.txt",221,203,0.9186,1.0000,"100 = You are not Berserk; 102 = You must be wielding a shield; 103 = That is a passive ability"
"data/gamedata/anim_statedef.csv","Anim ID",7,"data/gamedata/abilities.csv",210,210,1.0000,0.9581,"1 = Ard Noggin; 2 = Big Claw; 3 = Bounce"
"data/gamedata/anim_statedef.csv","Anim ID",7,"data/gamedata/anim_scripts.csv",210,210,1.0000,1.0000,"1 = Fidget; 2 = Aggro; 3 = die"
"data/gamedata/anim_statedef.csv","Anim ID",7,"data/gamedata/effectlists.csv",210,210,1.0000,0.9977,"1 = standard bloodsplat hit; 2 = spark hit; 3 = flash hit with spiky bits"
"data/gamedata/anim_statedef.csv","Anim ID",7,"data/gamedata/itemdata.csv",210,210,1.0000,1.0000,"1 = 4111; 2 = 0; 3 = 0"
"data/gamedata/anim_statedef.csv","Anim ID",7,"data/gamedata/items.csv",210,210,1.0000,0.9889,"1 = WORLD OBJ QI_Dw_coffin01; 2 = WORLD OBJ or_roadwall_pillar; 3 = WORLD OBJ dw_mine_wallsupport"
"data/gamedata/anim_statedef.csv","Anim ID",7,"data/gamedata/jumppoints.csv",210,210,1.0000,1.0000,"1 = MountBloodhorn; 2 = MarshesofMadness; 3 = Badlands"
"data/gamedata/anim_statedef.csv","Anim ID",7,"data/gamedata/objects.csv",210,210,1.0000,1.0000,"1 = WORLD OBJ QI_Dw_coffin01; 2 = WORLD OBJ or_roadwall_pillar; 3 = WORLD OBJ dw_mine_wallsupport"
"data/gamedata/anim_statedef.csv","Anim ID",7,"data/gamedata/packages.csv",210,210,1.0000,1.0000,"1 = 0; 2 = 0; 3 = 0"
"data/gamedata/anim_statedef.csv","Anim ID",7,"data/gamedata/pregame_features.csv",210,210,1.0000,1.0000,"1 = MALE; 2 = MALE; 3 = MALE"
"data/gamedata/anim_statedef.csv","Anim ID",7,"data/strings/english/abilitydesc.txt",210,210,1.0000,1.0000,"1 = A powerful attack that deals {COM_0_VAL0_DAMAGE} and reduces the threat generated by your pet's next attack.; 2 = You force your Battle Squig to claw at your target, dealing {COM_0_VAL0_TOD_DAMAGE} over {COM_0_DURA_SECONDS} and snaring them by {COM_1_VAL0}% over {COM_1_DURA_SECONDS}.; 3 = You cause your Battle Squig to bounce, dealing {COM_0_VAL0_DAMAGE} and knocking your target down for {COM_1_DURA_SECONDS}."
"data/gamedata/anim_statedef.csv","Anim ID",7,"data/strings/english/abilitynames.txt",210,210,1.0000,1.0000,"1 = Ard Noggin^n; 2 = Big Claw^n; 3 = Bounce^n"
"data/gamedata/anim_statedef.csv","Anim ID",7,"data/strings/english/bindlocations.txt",210,210,1.0000,1.0000,"1 = Skarzag's Stompin Grounds; 2 = Da War Maker; 3 = Kron Komar"
"data/gamedata/anim_statedef.csv","Anim ID",7,"data/strings/english/componenteffects.txt",210,210,1.0000,1.0000,"10 = Attempting to Resurrect.; 20 = Periodically recovering <<1>> Health.; 41 = Inflicting <<1>>% Damage to everyone but taunter."
"data/gamedata/anim_statedef.csv","Anim ID",7,"data/strings/english/dyenames.txt",210,210,1.0000,1.0000,"1 = Dark Sky Blue; 2 = Medium Sky Blue; 3 = Sky Blue"
"data/gamedata/anim_statedef.csv","Anim ID",7,"data/strings/english/emotes.txt",210,210,1.0000,1.0000,"1 = wave; 2 = You wave.; 3 = You wave to <<A:2>>."
"data/gamedata/anim_statedef.csv","Anim ID",7,"data/strings/english/objectivenames.txt",210,210,1.0000,0.7072,"1 = Cannon Battery; 2 = The Lookout; 3 = Sharpthorn Wud"
"data/gamedata/anim_statedef.csv","Anim ID",7,"data/strings/english/packageinfo.txt",210,210,1.0000,1.0000,""
"data/gamedata/anim_statedef.csv","Anim ID",7,"data/strings/english/packagenames.txt",210,210,1.0000,1.0000,"1 = Me Ol' Choppa; 2 = Me Ol' Shield; 3 = Dis Ol' Choppa"
"data/gamedata/anim_statedef.csv","Anim ID",7,"data/strings/english/scenariolobby.txt",210,210,1.0000,1.0000,""
"data/gamedata/anim_statedef.csv","Anim ID",7,"data/strings/english/scenarionames.txt",210,210,1.0000,1.0000,""
"data/gamedata/anim_statedef.csv","Anim ID",7,"data/strings/english/scenarioscore.txt",210,210,1.0000,1.0000,""
"data/gamedata/anim_statedef.csv","Anim ID",7,"data/gamedata/effectnifs.csv",210,209,0.9952,0.9997,"1 = empty; 2 = vfx_orc_CastAuraLoop; 3 = vfx_Cast_GS_Staff"
"data/gamedata/anim_statedef.csv","Anim ID",7,"data/gamedata/anim_db.csv",210,207,0.9857,0.0910,"1 = null-inloop; 2 = DEM_Un_Int_wobble; 3 = aim"
"data/gamedata/anim_statedef.csv","Anim ID",7,"data/gamedata/monsters.csv",210,205,0.9762,0.6706,"1 = PLACEHOLDER - Snotling Common; 2 = Placeholder nude; 3 = Placeholder nude"
"data/gamedata/anim_statedef.csv","Anim ID",7,"data/gamedata/effects.csv",210,199,0.9476,0.8188,"1 = Ard Noggin; 2 = Big Claw; 3 = Bounce"
"data/gamedata/anim_statedef.csv","Anim ID",7,"data/gamedata/effectdef.csv",210,198,0.9429,0.9938,"1 = standard bloodsplat hit; 2 = spark hit; 3 = flash hit with spiky bits"
"data/gamedata/anim_statedef.csv","Anim ID",7,"data/strings/english/abilityeffect.txt",210,193,0.9190,1.0000,"100 = You are not Berserk; 101 = You need more Waaagh!; 102 = You must be wielding a shield"
"data/gamedata/anim_statedef.csv","Anim ID",7,"data/gamedata/tintpalette_equipment.csv",210,189,0.9000,0.8223,"1 = Dark Sky Blue (O); 2 = Medium Sky Blue (O); 3 = Sky Blue (O)"
"data/gamedata/emotedata.csv","StringTable Id",4,"data/gamedata/anim_scripts.csv",208,208,1.0000,1.0000,"2 = Aggro; 7 = Kick 'em While They're Down; 12 = Scavanger"
"data/gamedata/emotedata.csv","StringTable Id",4,"data/gamedata/itemdata.csv",208,208,1.0000,1.0000,"2 = 0; 7 = 0; 52 = 1066"
"data/gamedata/emotedata.csv","StringTable Id",4,"data/gamedata/objects.csv",208,208,1.0000,1.0000,"2 = WORLD OBJ or_roadwall_pillar; 7 = WORLD OBJ dw_dead01_skeleton; 12 = WORLD OBJ or_banner04"
"data/gamedata/emotedata.csv","StringTable Id",4,"data/gamedata/packages.csv",208,208,1.0000,1.0000,"2 = 0; 7 = 0; 12 = 0"
"data/gamedata/emotedata.csv","StringTable Id",4,"data/strings/english/abilitydesc.txt",208,208,1.0000,1.0000,"2 = You force your Battle Squig to claw at your target, dealing {COM_0_VAL0_TOD_DAMAGE} over {COM_0_DURA_SECONDS} and snaring them by {COM_1_VAL0}% over {COM_1_DURA_SECONDS}.; 7 = Your Squig flings deadly spines at it's target, dealing {COM_1_VAL0_DAMAGE} every second for {COM_0_DURA_SECONDS}.; 12 = Your Squig expels noxious spores towards an enemy, briefly sickening the victim and all other enemies within {COM_0_RADI_FEET} of them, dealing {COM_0_VAL0_DAMAGE}. Any of your Squigs, including your Battle Squig, within the radius will be healed for {COM_1_VAL0_HEALTH}."
"data/gamedata/emotedata.csv","StringTable Id",4,"data/strings/english/abilitynames.txt",208,208,1.0000,1.0000,"2 = Big Claw^n; 7 = Spine Fling^n; 12 = Spore Cloud^n"
"data/gamedata/emotedata.csv","StringTable Id",4,"data/strings/english/componenteffects.txt",208,208,1.0000,1.0000,"42 = Inflicting <<1>>% Damage to de-taunter.; 47 = Inflicting <<1>>% Damage to everyone but taunter.; 82 = Periodically taking <<1>> Damage."
"data/gamedata/emotedata.csv","StringTable Id",4,"data/strings/english/emotes.txt",208,208,1.0000,1.0000,"2 = You wave.; 7 = You bow.; 12 = You beg.  Have you no shame?"
"data/gamedata/emotedata.csv","StringTable Id",4,"data/strings/english/objectivenames.txt",208,208,1.0000,0.7072,"2 = The Lookout; 7 = null; 12 = Broketoof Camp"
"data/gamedata/emotedata.csv","StringTable Id",4,"data/strings/english/packageinfo.txt",208,208,1.0000,1.0000,"602 = Increases Strength by 9; 607 = Increases Willpower by 3; 617 = Increases Toughness by 42"
"data/gamedata/emotedata.csv","StringTable Id",4,"data/strings/english/packagenames.txt",208,208,1.0000,1.0000,"2 = Me Ol' Shield; 7 = Me Ol' Stick; 12 = Me Ancestor's Ol' Spanner"
"data/gamedata/emotedata.csv","StringTable Id",4,"data/strings/english/scenariolobby.txt",208,208,1.0000,1.0000,""
"data/gamedata/emotedata.csv","StringTable Id",4,"data/strings/english/scenarionames.txt",208,208,1.0000,1.0000,""
"data/gamedata/emotedata.csv","StringTable Id",4,"data/strings/english/scenarioscore.txt",208,208,1.0000,1.0000,""
"data/gamedata/emotedata.csv","StringTable Id",5,"data/gamedata/anim_scripts.csv",208,208,1.0000,1.0000,"3 = die; 8 = Shoot 'em, Zap 'em, Make 'em Pay; 13 = Channel"
"data/gamedata/emotedata.csv","StringTable Id",5,"data/gamedata/effectnifs.csv",208,208,1.0000,0.9997,"3 = vfx_Cast_GS_Staff; 8 = vfx_orc_T2_GoodHeal; 13 = vfx_orc_T3_QuickHealing"
"data/gamedata/emotedata.csv","StringTable Id",5,"data/gamedata/itemdata.csv",208,208,1.0000,1.0000,"3 = 0; 8 = 359; 53 = 1067"
"data/gamedata/emotedata.csv","StringTable Id",5,"data/gamedata/objects.csv",208,208,1.0000,1.0000,"3 = WORLD OBJ dw_mine_wallsupport; 8 = WORLD OBJ qi_mo_powerdevice_gems_red; 13 = WORLD OBJ qi_em_monument_statue_destroyed"
"data/gamedata/emotedata.csv","StringTable Id",5,"data/gamedata/packages.csv",208,208,1.0000,1.0000,"3 = 0; 8 = 0; 13 = 0"
"data/gamedata/emotedata.csv","StringTable Id",5,"data/strings/english/abilitydesc.txt",208,208,1.0000,1.0000,"3 = You cause your Battle Squig to bounce, dealing {COM_0_VAL0_DAMAGE} and knocking your target down for {COM_1_DURA_SECONDS}.; 8 = Your Squig injects a deadly poison in to it's target, dealing {COM_0_VAL0_TOD_DAMAGE} over {COM_0_DURA_SECONDS} and reducing their chance to critically hit by  {COM_1_VAL1}% for {COM_1_DURA_SECONDS}.; 28 = Opens the Turret's safety-release valves for up to {COM_0_DURA_SECONDS}, repeatedly dealing  {COM_1_VAL0_CORPOREALDAMAGE} every {COM_0_FREQ_SECONDS} to all targets within {COM_1_RADI_FEET}."
"data/gamedata/emotedata.csv","StringTable Id",5,"data/strings/english/abilitynames.txt",208,208,1.0000,1.0000,"3 = Bounce^n; 8 = Poisoned Spine^n; 13 = Gas Squig Autoattack^n"
"data/gamedata/emotedata.csv","StringTable Id",5,"data/strings/english/componenteffects.txt",208,208,1.0000,1.0000,"43 = Inflicting <<1>>% Damage to everyone but taunter.; 48 = Inflicting <<1>>% Damage to de-taunter.; 83 = Periodically taking <<1>> Damage."
"data/gamedata/emotedata.csv","StringTable Id",5,"data/strings/english/emotes.txt",208,208,1.0000,1.0000,"3 = You wave to <<A:2>>.; 8 = You bow before <<A:2>>.; 13 = You beg <<A:2>>.  Have you no shame?"
"data/gamedata/emotedata.csv","StringTable Id",5,"data/strings/english/objectivenames.txt",208,208,1.0000,0.7072,"3 = Sharpthorn Wud; 13 = Goldfist's Hole Recovery; 18 = Gyrocopter"
"data/gamedata/emotedata.csv","StringTable Id",5,"data/strings/english/packageinfo.txt",208,208,1.0000,1.0000,"603 = Increases Strength by 18; 608 = Increases Willpower by 9; 613 = Increases Toughness by 3"
"data/gamedata/emotedata.csv","StringTable Id",5,"data/strings/english/packagenames.txt",208,208,1.0000,1.0000,"3 = Dis Ol' Choppa; 8 = Me Ancestor's Ol' Axe; 13 = Me Ancestor's Ol' Staff"
"data/gamedata/emotedata.csv","StringTable Id",5,"data/strings/english/scenariolobby.txt",208,208,1.0000,1.0000,""
"data/gamedata/emotedata.csv","StringTable Id",5,"data/strings/english/scenarionames.txt",208,208,1.0000,1.0000,""
"data/gamedata/emotedata.csv","StringTable Id",5,"data/strings/english/scenarioscore.txt",208,208,1.0000,1.0000,""
"data/gamedata/emotedata.csv","StringTable Id",6,"data/gamedata/anim_scripts.csv",208,208,1.0000,1.0000,"4 = Cheer; 9 = Tauntin'; 14 = FauxMelee-Flinch"
"data/gamedata/emotedata.csv","StringTable Id",6,"data/gamedata/effectlists.csv",208,208,1.0000,0.9977,"4 = NULL; 9 = Lil Heal; 14 = Severing Slash"
"data/gamedata/emotedata.csv","StringTable Id",6,"data/gamedata/effectnifs.csv",208,208,1.0000,0.9997,"4 = vfx_orc_CastingLoop_L1; 9 = vfx_orc_T3_GoodHeal; 14 = vfx_orc_T4_QuickHealing"
"data/gamedata/emotedata.csv","StringTable Id",6,"data/gamedata/itemdata.csv",208,208,1.0000,1.0000,"4 = 2486; 9 = 20; 49 = 2131"
"data/gamedata/emotedata.csv","StringTable Id",6,"data/gamedata/objects.csv",208,208,1.0000,1.0000,"4 = WORLD OBJ dw_ropecoil01; 9 = WORLD OBJ or_banner06; 14 = WORLD OBJ em_monument_statue"
"data/gamedata/emotedata.csv","StringTable Id",6,"data/gamedata/packages.csv",208,208,1.0000,1.0000,"4 = 0; 9 = 0; 14 = 0"
"data/gamedata/emotedata.csv","StringTable Id",6,"data/strings/english/abilitydesc.txt",208,208,1.0000,1.0000,"9 = Your Squig gores its target, dealing {COM_0_VAL0_DAMAGE} and an additional {ABIL_3881_COM_0_VAL0_TOD_DAMAGE} over {ABIL_3881_COM_0_DURA_SECONDS}.; 24 = Fires a compact shot directly at the target which deals {COM_0_VAL0_CORPOREALDAMAGE}.; 44 = Your Lion roars and taunts an enemy, making the enemy hate your pet much more, forcing monsters to target your pet,  and causing the enemy to deal {COM_0_VAL0}% less damage to everyone else other than your Lion for {COM_0_DURA_SECONDS}."
"data/gamedata/emotedata.csv","StringTable Id",6,"data/strings/english/abilitynames.txt",208,208,1.0000,1.0000,"9 = Gore^n; 14 = Spiked Squig Autoattack^n; 19 = Chow Time!^n"
"data/gamedata/emotedata.csv","StringTable Id",6,"data/strings/english/componenteffects.txt",208,208,1.0000,1.0000,"44 = Inflicting <<1>>% Damage to de-taunter.; 84 = Periodically taking <<1>> Damage.; 89 = Periodically taking <<1>> Damage."
"data/gamedata/emotedata.csv","StringTable Id",6,"data/strings/english/emotes.txt",208,208,1.0000,1.0000,"4 = <<CA:1>> waves.; 9 = <<CA:1>> bows low.; 14 = <<CA:1>> begs from those nearby.  <<Cp:1>> disgraces <<r:1>>."
"data/gamedata/emotedata.csv","StringTable Id",6,"data/strings/english/objectivenames.txt",208,208,1.0000,0.7072,"4 = Ugrog's Rage; 9 = Kron Komar Gap; 14 = Murgluk's Gits"
"data/gamedata/emotedata.csv","StringTable Id",6,"data/strings/english/packageinfo.txt",208,208,1.0000,1.0000,"604 = Increases Strength by 30; 609 = Increases Willpower by 18; 614 = Increases Toughness by 9"
"data/gamedata/emotedata.csv","StringTable Id",6,"data/strings/english/packagenames.txt",208,208,1.0000,1.0000,"4 = Dat Ol' Choppa; 9 = Me Ancestor's Ol' Shield; 14 = Me Most Worn Shirt"
"data/gamedata/emotedata.csv","StringTable Id",6,"data/strings/english/scenariolobby.txt",208,208,1.0000,1.0000,""
"data/gamedata/emotedata.csv","StringTable Id",6,"data/strings/english/scenarionames.txt",208,208,1.0000,1.0000,""
"data/gamedata/emotedata.csv","StringTable Id",6,"data/strings/english/scenarioscore.txt",208,208,1.0000,1.0000,""
"data/gamedata/emotedata.csv","StringTable Id",7,"data/gamedata/anim_db.csv",208,208,1.0000,0.0910,"5 = orc_sprint; 10 = orc_run_upper; 15 = null-out"
"data/gamedata/emotedata.csv","StringTable Id",7,"data/gamedata/anim_scripts.csv",208,208,1.0000,1.0000,"5 = Walk-in-place; 10 = Threatenin'; 15 = FauxMelee-Creature"
"data/gamedata/emotedata.csv","StringTable Id",7,"data/gamedata/effectnifs.csv",208,208,1.0000,0.9997,"5 = vfx_orc_CastingLoop_L2; 10 = vfx_orc_T4_GoodHeal; 15 = vfx_SPELL_Debuff1"
"data/gamedata/emotedata.csv","StringTable Id",7,"data/gamedata/itemdata.csv",208,208,1.0000,1.0000,"5 = 2488; 10 = 1149; 20 = 396"
"data/gamedata/emotedata.csv","StringTable Id",7,"data/gamedata/objects.csv",208,208,1.0000,1.0000,"5 = WORLD OBJ QI_dw_pick; 10 = WORLD OBJ em_crate_01; 15 = WORLD OBJ em_bucket_01"
"data/gamedata/emotedata.csv","StringTable Id",7,"data/gamedata/packages.csv",208,208,1.0000,1.0000,"5 = 0; 10 = 0; 15 = 0"
"data/gamedata/emotedata.csv","StringTable Id",7,"data/strings/english/abilitydesc.txt",208,208,1.0000,1.0000,"5 = Your Battle Squig explodes, causing you to be launched upward out of your Squiggy armor. All enemies within {COM_1_RADI_FEET} take {COM_3_VAL0_DAMAGE} and are knocked back.; 10 = Your Squig slams it's head in to it's target, dealing {COM_0_VAL0_DAMAGE} and knocking them back.; 25 = Launches a grenade packed with explosives at the target, dealing {COM_1_VAL0_CORPOREALDAMAGE} to the victim and all enemies within {COM_1_RADI_FEET} of them."
"data/gamedata/emotedata.csv","StringTable Id",7,"data/strings/english/abilitynames.txt",208,208,1.0000,1.0000,"5 = KABOOM!^n; 10 = Head Butt^n; 15 = Farty Squig Sub^n"
"data/gamedata/emotedata.csv","StringTable Id",7,"data/strings/english/componenteffects.txt",208,208,1.0000,1.0000,"10 = Attempting to Resurrect.; 20 = Periodically recovering <<1>> Health.; 45 = Inflicting <<1>>% Damage to everyone but taunter."
"data/gamedata/emotedata.csv","StringTable Id",7,"data/strings/english/emotes.txt",208,208,1.0000,1.0000,"5 = <<CA:1>> waves to <<A:2>>.; 10 = <<CA:1>> bows before <<A:2>>.; 15 = <<CA:1>> begs from <<A:2>>.  <<Cp:1>> disgraces <<r:1>>."
"data/gamedata/emotedata.csv","StringTable Id",7,"data/strings/english/objectivenames.txt",208,208,1.0000,0.7072,"5 = Sharpthorn Rock Mine; 10 = Sacred Grove; 15 = Engine Number Nine"
"data/gamedata/emotedata.csv","StringTable Id",7,"data/strings/english/packageinfo.txt",208,208,1.0000,1.0000,"605 = Increases Strength by 42; 610 = Increases Willpower by 30; 615 = Increases Toughness by 18"
"data/gamedata/emotedata.csv","StringTable Id",7,"data/strings/english/packagenames.txt",208,208,1.0000,1.0000,"5 = Me Ol' Prodda; 10 = Me Ancestor's Ol' Hammer; 15 = Me Most Worn Pants"
"data/gamedata/emotedata.csv","StringTable Id",7,"data/strings/english/scenariolobby.txt",208,208,1.0000,1.0000,""
"data/gamedata/emotedata.csv","StringTable Id",7,"data/strings/english/scenarionames.txt",208,208,1.0000,1.0000,""
"data/gamedata/emotedata.csv","StringTable Id",7,"data/strings/english/scenarioscore.txt",208,208,1.0000,1.0000,""
"data/gamedata/emotedata.csv","StringTable Id",4,"data/gamedata/anim_db.csv",208,207,0.9952,0.0910,"2 = DEM_Un_Int_wobble; 7 = ROOT_53down; 12 = null-inloop"
"data/gamedata/emotedata.csv","StringTable Id",4,"data/gamedata/effectnifs.csv",208,207,0.9952,0.9997,"2 = vfx_orc_CastAuraLoop; 7 = vfx_orc_T1_GoodHeal; 12 = vfx_orc_T2_QuickHealing"
"data/gamedata/emotedata.csv","StringTable Id",5,"data/gamedata/anim_db.csv",208,207,0.9952,0.0910,"3 = aim; 8 = Root_L45; 13 = null-active"
"data/gamedata/emotedata.csv","StringTable Id",5,"data/gamedata/effectlists.csv",208,207,0.9952,0.9977,"3 = flash hit with spiky bits; 8 = Gash; 13 = Quick Cut"
"data/gamedata/emotedata.csv","StringTable Id",6,"data/gamedata/anim_db.csv",208,207,0.9952,0.0910,"4 = orc_idle_lower; 9 = Root_R45; 14 = null-activeloop"
"data/gamedata/emotedata.csv","StringTable Id",4,"data/gamedata/effectlists.csv",208,206,0.9904,0.9977,"2 = spark hit; 7 = Feel Betta; 12 = IMPACT_DE_MonsterousRending"
"data/gamedata/emotedata.csv","StringTable Id",7,"data/gamedata/effectlists.csv",208,206,0.9904,0.9977,"5 = Big Heal; 10 = Med Heal; 15 = MOR_EM_AOE_SolarFlare"
"data/gamedata/emotedata.csv","StringTable Id",4,"data/gamedata/abilities.csv",208,204,0.9808,0.9581,"2 = Big Claw; 7 = Death From Above; 12 = Goop Shootin'"
"data/gamedata/emotedata.csv","StringTable Id",5,"data/gamedata/abilities.csv",208,204,0.9808,0.9581,"3 = Bounce; 8 = Spine Fling; 13 = Spore Cloud"
"data/gamedata/emotedata.csv","StringTable Id",7,"data/gamedata/abilities.csv",208,204,0.9808,0.9581,"5 = KABOOM!; 10 = Gore; 15 = Spiked Squig Autoattack"
"data/gamedata/emotedata.csv","StringTable Id",7,"data/gamedata/effectdef.csv",208,204,0.9808,0.9938,"5 = Big Heal; 10 = Med Heal; 15 = Spell Stoppa"
"data/gamedata/emotedata.csv","StringTable Id",4,"data/gamedata/effectdef.csv",208,203,0.9760,0.9938,"2 = spark hit; 7 = Feel Betta; 12 = Power Chop"
"data/gamedata/emotedata.csv","StringTable Id",5,"data/gamedata/effectdef.csv",208,203,0.9760,0.9938,"3 = flash hit with spiky bits; 8 = Gash; 13 = Quick Cut"
"data/gamedata/emotedata.csv","StringTable Id",6,"data/gamedata/abilities.csv",208,203,0.9760,0.9581,"9 = Poisoned Spine; 14 = Gas Squig Autoattack; 19 = Git Em!"
"data/gamedata/emotedata.csv","StringTable Id",6,"data/gamedata/effectdef.csv",208,203,0.9760,0.9938,"4 = Waagh Shout; 9 = Lil Heal; 14 = Severing Slash"
"data/gamedata/emotedata.csv","StringTable Id",6,"data/strings/english/abilityeffect.txt",208,201,0.9663,1.0000,"104 = You must be wielding a hammer; 109 = You must be a member of a group; 114 = You must have a pet alive to use this ability"
"data/gamedata/emotedata.csv","StringTable Id",4,"data/gamedata/items.csv",208,200,0.9615,0.9889,"2 = WORLD OBJ or_roadwall_pillar; 7 = WORLD OBJ dw_dead01_skeleton; 12 = WORLD OBJ or_banner04"
"data/gamedata/emotedata.csv","StringTable Id",4,"data/strings/english/abilityeffect.txt",208,200,0.9615,1.0000,"102 = You must be wielding a shield; 107 = You can not Guard yourself; 112 = Your Oath Runes are already at their maximum amount"
"data/gamedata/emotedata.csv","StringTable Id",5,"data/gamedata/items.csv",208,200,0.9615,0.9889,"3 = WORLD OBJ dw_mine_wallsupport; 8 = WORLD OBJ qi_mo_powerdevice_gems_red; 13 = WORLD OBJ qi_em_monument_statue_destroyed"
"data/gamedata/emotedata.csv","StringTable Id",5,"data/strings/english/abilityeffect.txt",208,200,0.9615,1.0000,"103 = That is a passive ability; 108 = You must be wielding a Great Weapon; 113 = Your Master Runes are already at their maximum amount"
"data/gamedata/emotedata.csv","StringTable Id",7,"data/gamedata/items.csv",208,200,0.9615,0.9889,"5 = WORLD OBJ QI_dw_pick; 10 = WORLD OBJ em_crate_01; 15 = WORLD OBJ em_bucket_01"
"data/gamedata/emotedata.csv","StringTable Id",7,"data/strings/english/abilityeffect.txt",208,200,0.9615,1.0000,"100 = You are not Berserk; 105 = You must be Guarding your target; 110 = You have reached your limit on bombs"
"data/gamedata/emotedata.csv","StringTable Id",6,"data/gamedata/items.csv",208,199,0.9567,0.9889,"4 = WORLD OBJ dw_ropecoil01; 9 = WORLD OBJ or_banner06; 14 = WORLD OBJ em_monument_statue"
"data/gamedata/emotedata.csv","StringTable Id",4,"data/strings/english/abilityresults.txt",208,197,0.9471,0.9640,"102 = Requires Shield; 107 = You can not Guard yourself; 112 = Your Oath Runes are already at their maximum amount, or the target already has 2"
"data/gamedata/emotedata.csv","StringTable Id",5,"data/strings/english/abilityresults.txt",208,197,0.9471,0.9640,"103 = That is a passive ability; 108 = Requires Great Weapon; 113 = Your Master Runes are already at their maximum amount"
"data/gamedata/emotedata.csv","StringTable Id",6,"data/strings/english/abilityresults.txt",208,197,0.9471,0.9640,"104 = You must be wielding a hammer; 109 = You must be a member of a group; 114 = Requires an active pet"
"data/gamedata/emotedata.csv","StringTable Id",7,"data/strings/english/abilityresults.txt",208,197,0.9471,0.9640,"100 = You are not Berserk; 105 = You must be Guarding your target; 110 = You have reached your limit on bombs"
"data/gamedata/emotedata.csv","StringTable Id",6,"data/gamedata/effects.csv",208,194,0.9327,0.8188,"9 = Poisoned Spine; 14 = Gas Squig Autoattack; 19 = Git Em!"
"data/gamedata/emotedata.csv","StringTable Id",7,"data/gamedata/effects.csv",208,194,0.9327,0.8188,"5 = KABOOM!; 10 = Gore; 15 = Spiked Squig Autoattack"
"data/gamedata/emotedata.csv","StringTable Id",4,"data/gamedata/effects.csv",208,192,0.9231,0.8188,"2 = Big Claw; 7 = Death From Above; 12 = Goop Shootin'"
"data/gamedata/emotedata.csv","StringTable Id",5,"data/gamedata/effects.csv",208,188,0.9038,0.8188,"3 = Bounce; 8 = Spine Fling; 13 = Spore Cloud"
"data/gamedata/jumppoints.csv","col6",6,"data/gamedata/abilities.csv",193,193,1.0000,0.9581,"2 = Big Claw; 3 = Bounce; 5 = KABOOM!"
"data/gamedata/jumppoints.csv","col6",6,"data/gamedata/anim_scripts.csv",193,193,1.0000,1.0000,"2 = Aggro; 3 = die; 4 = Cheer"
"data/gamedata/jumppoints.csv","col6",6,"data/gamedata/anim_statedef.csv",193,193,1.0000,0.1627,"2 = Portrait-st; 3 = Die for Wyrd (164); 4 = Look"
"data/gamedata/jumppoints.csv","col6",6,"data/gamedata/itemdata.csv",193,193,1.0000,1.0000,"2 = 0; 3 = 0; 4 = 2486"
"data/gamedata/jumppoints.csv","col6",6,"data/gamedata/objects.csv",193,193,1.0000,1.0000,"2 = WORLD OBJ or_roadwall_pillar; 3 = WORLD OBJ dw_mine_wallsupport; 4 = WORLD OBJ dw_ropecoil01"
"data/gamedata/jumppoints.csv","col6",6,"data/gamedata/packages.csv",193,193,1.0000,1.0000,"2 = 0; 3 = 0; 4 = 0"
"data/gamedata/jumppoints.csv","col6",6,"data/strings/english/abilitydesc.txt",193,193,1.0000,1.0000,"2 = You force your Battle Squig to claw at your target, dealing {COM_0_VAL0_TOD_DAMAGE} over {COM_0_DURA_SECONDS} and snaring them by {COM_1_VAL0}% over {COM_1_DURA_SECONDS}.; 3 = You cause your Battle Squig to bounce, dealing {COM_0_VAL0_DAMAGE} and knocking your target down for {COM_1_DURA_SECONDS}.; 5 = Your Battle Squig explodes, causing you to be launched upward out of your Squiggy armor. All enemies within {COM_1_RADI_FEET} take {COM_3_VAL0_DAMAGE} and are knocked back."
"data/gamedata/jumppoints.csv","col6",6,"data/strings/english/abilitynames.txt",193,193,1.0000,1.0000,"2 = Big Claw^n; 3 = Bounce^n; 5 = KABOOM!^n"
"data/gamedata/jumppoints.csv","col6",6,"data/strings/english/componenteffects.txt",193,193,1.0000,1.0000,"10 = Attempting to Resurrect.; 20 = Periodically recovering <<1>> Health.; 42 = Inflicting <<1>>% Damage to de-taunter."
"data/gamedata/jumppoints.csv","col6",6,"data/strings/english/dyenames.txt",193,193,1.0000,1.0000,"2 = Medium Sky Blue; 3 = Sky Blue; 4 = Dark Navy Blue"
"data/gamedata/jumppoints.csv","col6",6,"data/strings/english/emotes.txt",193,193,1.0000,1.0000,"2 = You wave.; 3 = You wave to <<A:2>>.; 4 = <<CA:1>> waves."
"data/gamedata/jumppoints.csv","col6",6,"data/strings/english/objectivenames.txt",193,193,1.0000,0.7072,"2 = The Lookout; 3 = Sharpthorn Wud; 4 = Ugrog's Rage"
"data/gamedata/jumppoints.csv","col6",6,"data/strings/english/packageinfo.txt",193,193,1.0000,1.0000,""
"data/gamedata/jumppoints.csv","col6",6,"data/strings/english/packagenames.txt",193,193,1.0000,1.0000,"2 = Me Ol' Shield; 3 = Dis Ol' Choppa; 4 = Dat Ol' Choppa"
"data/gamedata/jumppoints.csv","col6",6,"data/strings/english/scenariolobby.txt",193,193,1.0000,1.0000,""
"data/gamedata/jumppoints.csv","col6",6,"data/strings/english/scenarionames.txt",193,193,1.0000,1.0000,""
"data/gamedata/jumppoints.csv","col6",6,"data/strings/english/scenarioscore.txt",193,193,1.0000,1.0000,""
"data/gamedata/jumppoints.csv","col6",6,"data/gamedata/effectlists.csv",193,192,0.9948,0.9977,"2 = spark hit; 3 = flash hit with spiky bits; 4 = NULL"
"data/gamedata/jumppoints.csv","col6",6,"data/gamedata/effectnifs.csv",193,192,0.9948,0.9997,"2 = vfx_orc_CastAuraLoop; 3 = vfx_Cast_GS_Staff; 4 = vfx_orc_CastingLoop_L1"
"data/gamedata/jumppoints.csv","col6",6,"data/gamedata/anim_db.csv",193,191,0.9896,0.0910,"2 = DEM_Un_Int_wobble; 3 = aim; 4 = orc_idle_lower"
"data/gamedata/jumppoints.csv","col6",6,"data/gamedata/monsters.csv",193,187,0.9689,0.6706,"2 = Placeholder nude; 3 = Placeholder nude; 4 = Placeholder nude"
"data/gamedata/jumppoints.csv","col6",6,"data/gamedata/effectdef.csv",193,186,0.9637,0.9938,"2 = spark hit; 3 = flash hit with spiky bits; 4 = Waagh Shout"
"data/gamedata/jumppoints.csv","col6",6,"data/strings/english/abilityeffect.txt",193,180,0.9326,1.0000,"100 = You are not Berserk; 102 = You must be wielding a shield; 103 = That is a passive ability"
"data/gamedata/heraldry_emblems.csv","",2,"data/gamedata/abilities.csv",176,176,1.0000,0.9581,"1 = Ard Noggin; 2 = Big Claw; 104 = Immovable"
"data/gamedata/heraldry_emblems.csv","",2,"data/gamedata/anim_db.csv",176,176,1.0000,0.0910,"1 = null-inloop; 2 = DEM_Un_Int_wobble; 101 = Or_Th_Cor_Draw"
"data/gamedata/heraldry_emblems.csv","",2,"data/gamedata/anim_scripts.csv",176,176,1.0000,1.0000,"1 = Fidget; 2 = Aggro; 100 = Drunk(OFF-LIMITS)"
"data/gamedata/heraldry_emblems.csv","",2,"data/gamedata/anim_statedef.csv",176,176,1.0000,0.1627,"1 = Portrait-un; 2 = Portrait-st; 100 = Content CowerLoop"
"data/gamedata/heraldry_emblems.csv","",2,"data/gamedata/effectlists.csv",176,176,1.0000,0.9977,"1 = standard bloodsplat hit; 2 = spark hit; 100 = Morale arrow barrage"
"data/gamedata/heraldry_emblems.csv","",2,"data/gamedata/heraldry_patterns.csv",176,176,1.0000,0.8900,"1 = Order; 2 = Destruction"
"data/gamedata/heraldry_emblems.csv","",2,"data/gamedata/itemdata.csv",176,176,1.0000,1.0000,"1 = 4111; 2 = 0; 100 = 1008"
"data/gamedata/heraldry_emblems.csv","",2,"data/gamedata/jumppoints.csv",176,176,1.0000,1.0000,"1 = MountBloodhorn; 2 = MarshesofMadness; 100 = JadeWizard"
"data/gamedata/heraldry_emblems.csv","",2,"data/gamedata/objects.csv",176,176,1.0000,1.0000,"1 = WORLD OBJ QI_Dw_coffin01; 2 = WORLD OBJ or_roadwall_pillar; 100 = WORLD OBJ qi_dw_dynamitecrate01"
"data/gamedata/heraldry_emblems.csv","",2,"data/gamedata/packages.csv",176,176,1.0000,1.0000,"1 = 0; 2 = 0; 100 = 0"
"data/gamedata/heraldry_emblems.csv","",2,"data/gamedata/pregame_features.csv",176,176,1.0000,1.0000,"1 = MALE; 2 = MALE; 100 = FEMALE"
"data/gamedata/heraldry_emblems.csv","",2,"data/strings/english/abilitydesc.txt",176,176,1.0000,1.0000,"1 = A powerful attack that deals {COM_0_VAL0_DAMAGE} and reduces the threat generated by your pet's next attack.; 2 = You force your Battle Squig to claw at your target, dealing {COM_0_VAL0_TOD_DAMAGE} over {COM_0_DURA_SECONDS} and snaring them by {COM_1_VAL0}% over {COM_1_DURA_SECONDS}.; 122 = AE Root"
"data/gamedata/heraldry_emblems.csv","",2,"data/strings/english/abilitynames.txt",176,176,1.0000,1.0000,"1 = Ard Noggin^n; 2 = Big Claw^n; 100 = Black Orc Console Test 1^n"
"data/gamedata/heraldry_emblems.csv","",2,"data/strings/english/bindlocations.txt",176,176,1.0000,1.0000,"1 = Skarzag's Stompin Grounds; 2 = Da War Maker; 100 = Well of Whispers"
"data/gamedata/heraldry_emblems.csv","",2,"data/strings/english/componenteffects.txt",176,176,1.0000,1.0000,""
"data/gamedata/heraldry_emblems.csv","",2,"data/strings/english/dyenames.txt",176,176,1.0000,1.0000,"1 = Dark Sky Blue; 2 = Medium Sky Blue; 100 = Dark Elf Crimson"
"data/gamedata/heraldry_emblems.csv","",2,"data/strings/english/emotes.txt",176,176,1.0000,1.0000,"1 = wave; 2 = You wave.; 100 = <<CA:1>> swears at <<A:2>>."
"data/gamedata/heraldry_emblems.csv","",2,"data/strings/english/objectivenames.txt",176,176,1.0000,0.7072,"1 = Cannon Battery; 2 = The Lookout; 100 = Bugman's Brewery"
"data/gamedata/heraldry_emblems.csv","",2,"data/strings/english/packageinfo.txt",176,176,1.0000,1.0000,""
"data/gamedata/heraldry_emblems.csv","",2,"data/strings/english/packagenames.txt",176,176,1.0000,1.0000,"1 = Me Ol' Choppa; 2 = Me Ol' Shield; 100 = 0"
"data/gamedata/heraldry_emblems.csv","",2,"data/strings/english/scenariolobby.txt",176,176,1.0000,1.0000,""
"data/gamedata/heraldry_emblems.csv","",2,"data/strings/english/scenarionames.txt",176,176,1.0000,1.0000,""
"data/gamedata/heraldry_emblems.csv","",2,"data/strings/english/scenarioscore.txt",176,176,1.0000,1.0000,""
"data/gamedata/heraldry_emblems.csv","",2,"data/gamedata/effectnifs.csv",176,175,0.9943,0.9997,"1 = empty; 2 = vfx_orc_CastAuraLoop; 100 = Test_TargetingArrow"
"data/gamedata/heraldry_emblems.csv","",2,"data/strings/english/abilityeffect.txt",176,174,0.9886,1.0000,"100 = You are not Berserk; 101 = You need more Waaagh!; 102 = You must be wielding a shield"
"data/gamedata/heraldry_emblems.csv","",2,"data/strings/english/abilityresults.txt",176,174,0.9886,0.9640,"100 = You are not Berserk; 101 = You need more Waaagh!; 102 = Requires Shield"
"data/gamedata/heraldry_emblems.csv","",2,"data/gamedata/monnifs.csv",176,172,0.9773,0.6964,"101 = Snotling Common; 102 = Placeholder nude; 103 = Placeholder nude"
"data/gamedata/heraldry_emblems.csv","",2,"data/gamedata/monsters.csv",176,171,0.9716,0.6706,"1 = PLACEHOLDER - Snotling Common; 2 = Placeholder nude; 100 = Mount - Cold One 01 Red"
"data/gamedata/heraldry_emblems.csv","",2,"data/gamedata/effectdef.csv",176,163,0.9261,0.9938,"1 = standard bloodsplat hit; 2 = spark hit; 100 = Yellow AOE ring"
"data/gamedata/heraldry_emblems.csv","",2,"data/gamedata/items.csv",176,161,0.9148,0.9889,"1 = WORLD OBJ QI_Dw_coffin01; 2 = WORLD OBJ or_roadwall_pillar; 100 = GS_Staff_2H_TE_01"
"data/gamedata/effects.csv","Effect",2,"data/gamedata/effectlists.csv",168,168,1.0000,0.9977,"1 = standard bloodsplat hit; 4 = NULL; 19 = Burning Waagh"
"data/gamedata/effects.csv","Effect",2,"data/gamedata/effectnifs.csv",168,168,1.0000,0.9997,"1 = empty; 4 = vfx_orc_CastingLoop_L1; 19 = vfx_SYMB_Waagh"
"data/gamedata/effects.csv","Effect",2,"data/gamedata/itemdata.csv",168,168,1.0000,1.0000,"1 = 4111; 4 = 2486; 57 = 1085"
"data/gamedata/effects.csv","Effect",2,"data/gamedata/objects.csv",168,168,1.0000,1.0000,"1 = WORLD OBJ QI_Dw_coffin01; 4 = WORLD OBJ dw_ropecoil01; 19 = WORLD OBJ dw_roadmarker01_sign02"
"data/gamedata/effects.csv","Effect",2,"data/gamedata/packages.csv",168,168,1.0000,1.0000,"1 = 0; 4 = 0; 19 = 0"
"data/gamedata/effects.csv","Effect",2,"data/strings/english/abilitydesc.txt",168,168,1.0000,1.0000,"1 = A powerful attack that deals {COM_0_VAL0_DAMAGE} and reduces the threat generated by your pet's next attack.; 21 = Blasts the target with an armor-destroying round, dealing {COM_0_VAL0_DAMAGE} and reducing their Armor by {COM_1_VAL0} for {COM_1_DURA_SECONDS}.; 22 = Fires a rapid series of shots at the target for up to {COM_0_DURA_SECONDS}, repeatedly dealing {COM_0_VAL0_DAMAGE} twice per second."
"data/gamedata/effects.csv","Effect",2,"data/strings/english/abilitynames.txt",168,168,1.0000,1.0000,"1 = Ard Noggin^n; 19 = Chow Time!^n; 21 = Penetrating Round^n"
"data/gamedata/effects.csv","Effect",2,"data/strings/english/componenteffects.txt",168,168,1.0000,1.0000,"86 = Periodically taking <<1>> Damage.; 328 = Immune to Stagger, Knockdown, Disarm, and Silence effects.; 334 = Immune to Stagger, Knockdown, Disarm, and Silence effects."
"data/gamedata/effects.csv","Effect",2,"data/strings/english/objectivenames.txt",168,168,1.0000,0.7072,"1 = Cannon Battery; 4 = Ugrog's Rage; 19 = Gutrot Mine"
"data/gamedata/effects.csv","Effect",2,"data/strings/english/packageinfo.txt",168,168,1.0000,1.0000,"608 = Increases Willpower by 9; 609 = Increases Willpower by 18; 610 = Increases Willpower by 30"
"data/gamedata/effects.csv","Effect",2,"data/strings/english/packagenames.txt",168,168,1.0000,1.0000,"1 = Me Ol' Choppa; 4 = Dat Ol' Choppa; 19 = Me Nicest Pants"
"data/gamedata/effects.csv","Effect",2,"data/strings/english/scenariolobby.txt",168,168,1.0000,1.0000,"2012 = The Altdorf Warquarters features many Scenario mechanics in one Scenario. Capture the Fountain by proximity and capture the Warquarters or Militiaquarters by controlling their sub capture points. Nullify the enemy control over the Wings zones by successfully bombing them, but escape before the explosion lays waste to anyone in the area!; 2013 = The Undercroft is a combination of several rulesets into one. Capture Corruptors Crown by proximity capture which then allows free movement towards the Khorne and Slaanesh areas of the Scenario.  Capture Khorne's Temple by capturing the upper and lower temples which then spawns a powerful Khorne Artifact.  Capture the Soulblight Stone to earn points and its sister capture locations to earn more!; 2202 = Tor Anroc is a struggle to gain control of the Brimstone Bauble.  Hold on to the Brimstone Bauble to earn points over time and more points per kill!  The longer you hold the Bauble, the more damage you will take however!"
"data/gamedata/effects.csv","Effect",2,"data/strings/english/scenarioscore.txt",168,168,1.0000,1.0000,"2012 = The Altdorf Warquarters features many Scenario mechanics in one Scenario. Capture the Fountain by proximity and capture the Warquarters or Militiaquarters by controlling their sub capture points. Nullify the enemy control over the Wings zones by successfully bombing them, but escape before the explosion lays waste to anyone in the area!; 2013 = The Undercroft is a combination of several rulesets into one. Capture Corruptors Crown by proximity capture which then allows free movement towards the Khorne and Slaanesh areas of the Scenario.  Capture Khorne's Temple by capturing the upper and lower temples which then spawns a powerful Khorne Artifact.  Capture the Soulblight Stone to earn points and its sister capture locations to earn more!; 2202 = Tor Anroc is a struggle to gain control of the Brimstone Bauble.  Hold on to the Brimstone Bauble to earn points over time and more points per kill!  The longer you hold the Bauble, the more damage you will take however!"
"data/gamedata/effects.csv","Effect",2,"data/gamedata/abilities.csv",168,167,0.9940,0.9581,"1 = Ard Noggin; 19 = Git Em!; 21 = Penetrating Round"
"data/gamedata/effects.csv","Effect",2,"data/gamedata/effectdef.csv",168,166,0.9881,0.9938,"1 = standard bloodsplat hit; 4 = Waagh Shout; 19 = Burning Waagh"
"data/gamedata/effects.csv","Effect",2,"data/gamedata/items.csv",168,164,0.9762,0.9889,"1 = WORLD OBJ QI_Dw_coffin01; 4 = WORLD OBJ dw_ropecoil01; 19 = WORLD OBJ dw_roadmarker01_sign02"
"data/gamedata/effects.csv","Effect",2,"data/gamedata/anim_db.csv",168,155,0.9226,0.0910,"1 = null-inloop; 4 = orc_idle_lower; 21 = Disc_Atk_Aggro"
"data/gamedata/anim_scripts.csv","Element 1",6,"data/gamedata/abilities.csv",167,167,1.0000,0.9581,"1 = Ard Noggin; 3 = Bounce; 7 = Death From Above"
"data/gamedata/anim_scripts.csv","Element 1",6,"data/gamedata/anim_db.csv",167,167,1.0000,0.0910,"1 = null-inloop; 3 = aim; 4 = orc_idle_lower"
"data/gamedata/anim_scripts.csv","Element 1",6,"data/gamedata/effectlists.csv",167,167,1.0000,0.9977,"1 = standard bloodsplat hit; 3 = flash hit with spiky bits; 4 = NULL"
"data/gamedata/anim_scripts.csv","Element 1",6,"data/gamedata/effectnifs.csv",167,167,1.0000,0.9997,"1 = empty; 3 = vfx_Cast_GS_Staff; 4 = vfx_orc_CastingLoop_L1"
"data/gamedata/anim_scripts.csv","Element 1",6,"data/gamedata/itemdata.csv",167,167,1.0000,1.0000,"1 = 4111; 3 = 0; 4 = 2486"
"data/gamedata/anim_scripts.csv","Element 1",6,"data/gamedata/items.csv",167,167,1.0000,0.9889,"1 = WORLD OBJ QI_Dw_coffin01; 3 = WORLD OBJ dw_mine_wallsupport; 4 = WORLD OBJ dw_ropecoil01"
"data/gamedata/anim_scripts.csv","Element 1",6,"data/gamedata/objects.csv",167,167,1.0000,1.0000,"1 = WORLD OBJ QI_Dw_coffin01; 3 = WORLD OBJ dw_mine_wallsupport; 4 = WORLD OBJ dw_ropecoil01"
"data/gamedata/anim_scripts.csv","Element 1",6,"data/gamedata/packages.csv",167,167,1.0000,1.0000,"1 = 0; 3 = 0; 4 = 0"
"data/gamedata/anim_scripts.csv","Element 1",6,"data/strings/english/abilitydesc.txt",167,167,1.0000,1.0000,"1 = A powerful attack that deals {COM_0_VAL0_DAMAGE} and reduces the threat generated by your pet's next attack.; 3 = You cause your Battle Squig to bounce, dealing {COM_0_VAL0_DAMAGE} and knocking your target down for {COM_1_DURA_SECONDS}.; 7 = Your Squig flings deadly spines at it's target, dealing {COM_1_VAL0_DAMAGE} every second for {COM_0_DURA_SECONDS}."
"data/gamedata/anim_scripts.csv","Element 1",6,"data/strings/english/abilitynames.txt",167,167,1.0000,1.0000,"1 = Ard Noggin^n; 3 = Bounce^n; 7 = Spine Fling^n"
"data/gamedata/anim_scripts.csv","Element 1",6,"data/strings/english/componenteffects.txt",167,167,1.0000,1.0000,"41 = Inflicting <<1>>% Damage to everyone but taunter.; 42 = Inflicting <<1>>% Damage to de-taunter.; 43 = Inflicting <<1>>% Damage to everyone but taunter."
"data/gamedata/anim_scripts.csv","Element 1",6,"data/strings/english/objectivenames.txt",167,167,1.0000,0.7072,"1 = Cannon Battery; 3 = Sharpthorn Wud; 4 = Ugrog's Rage"
"data/gamedata/anim_scripts.csv","Element 1",6,"data/strings/english/packageinfo.txt",167,167,1.0000,1.0000,""
"data/gamedata/anim_scripts.csv","Element 1",6,"data/strings/english/packagenames.txt",167,167,1.0000,1.0000,"1 = Me Ol' Choppa; 3 = Dis Ol' Choppa; 4 = Dat Ol' Choppa"
"data/gamedata/anim_scripts.csv","Element 1",6,"data/strings/english/scenariolobby.txt",167,167,1.0000,1.0000,""
"data/gamedata/anim_scripts.csv","Element 1",6,"data/strings/english/scenarionames.txt",167,167,1.0000,1.0000,""
"data/gamedata/anim_scripts.csv","Element 1",6,"data/strings/english/scenarioscore.txt",167,167,1.0000,1.0000,""
"data/gamedata/anim_grip_unarmed.csv","_Cor_Ready",4,"data/gamedata/anim_db.csv",167,166,0.9940,0.0910,"703 = Or_Un_Cor_Ready; 1103 = Go_Un_Cor_Ready; 2103 = DwM_Un_Cor_Ready"
"data/gamedata/anim_scripts.csv","Element 1",6,"data/gamedata/anim_statedef.csv",167,166,0.9940,0.1627,"1 = Portrait-un; 3 = Die for Wyrd (164); 4 = Look"
"data/gamedata/anim_scripts.csv","Element 1",6,"data/gamedata/effects.csv",167,165,0.9880,0.8188,"1 = Ard Noggin; 3 = Bounce; 7 = Death From Above"
"data/gamedata/anim_scripts.csv","Element 1",6,"data/gamedata/monsters.csv",167,162,0.9701,0.6706,"1 = PLACEHOLDER - Snotling Common; 3 = Placeholder nude; 4 = Placeholder nude"
"data/gamedata/anim_scripts.csv","Element 1",6,"data/strings/english/emotes.txt",167,161,0.9641,1.0000,"1 = wave; 3 = You wave to <<A:2>>.; 4 = <<CA:1>> waves."
"data/gamedata/anim_scripts.csv","Element 1",6,"data/gamedata/effectdef.csv",167,160,0.9581,0.9938,"1 = standard bloodsplat hit; 3 = flash hit with spiky bits; 4 = Waagh Shout"
"data/gamedata/anim_core.csv","Cor_Ready-lo",8,"data/gamedata/anim_db.csv",160,160,1.0000,0.0910,"603 = Or_Un_Cor_Ready-lo; 1003 = Go_Un_Cor_Ready-lo; 2003 = DwM_Un_Cor_Ready-lo"
"data/gamedata/anim_statedef.csv","Anim ID",10,"data/gamedata/abilities.csv",160,160,1.0000,0.9581,"1 = Ard Noggin; 3 = Bounce; 7 = Death From Above"
"data/gamedata/anim_statedef.csv","Anim ID",10,"data/gamedata/anim_scripts.csv",160,160,1.0000,1.0000,"1 = Fidget; 3 = die; 7 = Kick 'em While They're Down"
"data/gamedata/anim_statedef.csv","Anim ID",10,"data/gamedata/effectlists.csv",160,160,1.0000,0.9977,"1 = standard bloodsplat hit; 3 = flash hit with spiky bits; 7 = Feel Betta"
"data/gamedata/anim_statedef.csv","Anim ID",10,"data/gamedata/itemdata.csv",160,160,1.0000,1.0000,"1 = 4111; 3 = 0; 7 = 0"
"data/gamedata/anim_statedef.csv","Anim ID",10,"data/gamedata/items.csv",160,160,1.0000,0.9889,"1 = WORLD OBJ QI_Dw_coffin01; 3 = WORLD OBJ dw_mine_wallsupport; 7 = WORLD OBJ dw_dead01_skeleton"
"data/gamedata/anim_statedef.csv","Anim ID",10,"data/gamedata/jumppoints.csv",160,160,1.0000,1.0000,"1 = MountBloodhorn; 3 = Badlands; 7 = BlackfirePass"
"data/gamedata/anim_statedef.csv","Anim ID",10,"data/gamedata/objects.csv",160,160,1.0000,1.0000,"1 = WORLD OBJ QI_Dw_coffin01; 3 = WORLD OBJ dw_mine_wallsupport; 7 = WORLD OBJ dw_dead01_skeleton"
"data/gamedata/anim_statedef.csv","Anim ID",10,"data/gamedata/packages.csv",160,160,1.0000,1.0000,"1 = 0; 3 = 0; 7 = 0"
"data/gamedata/anim_statedef.csv","Anim ID",10,"data/gamedata/pregame_features.csv",160,160,1.0000,1.0000,"1 = MALE; 3 = MALE; 7 = MALE"
"data/gamedata/anim_statedef.csv","Anim ID",10,"data/strings/english/abilitydesc.txt",160,160,1.0000,1.0000,"1 = A powerful attack that deals {COM_0_VAL0_DAMAGE} and reduces the threat generated by your pet's next attack.; 3 = You cause your Battle Squig to bounce, dealing {COM_0_VAL0_DAMAGE} and knocking your target down for {COM_1_DURA_SECONDS}.; 7 = Your Squig flings deadly spines at it's target, dealing {COM_1_VAL0_DAMAGE} every second for {COM_0_DURA_SECONDS}."
"data/gamedata/anim_statedef.csv","Anim ID",10,"data/strings/english/abilitynames.txt",160,160,1.0000,1.0000,"1 = Ard Noggin^n; 3 = Bounce^n; 7 = Spine Fling^n"
"data/gamedata/anim_statedef.csv","Anim ID",10,"data/strings/english/bindlocations.txt",160,160,1.0000,1.0000,"1 = Skarzag's Stompin Grounds; 3 = Kron Komar; 7 = Rottoof's Mugz"
"data/gamedata/anim_statedef.csv","Anim ID",10,"data/strings/english/componenteffects.txt",160,160,1.0000,1.0000,"10 = Attempting to Resurrect.; 20 = Periodically recovering <<1>> Health.; 42 = Inflicting <<1>>% Damage to de-taunter."
"data/gamedata/anim_statedef.csv","Anim ID",10,"data/strings/english/dyenames.txt",160,160,1.0000,1.0000,"1 = Dark Sky Blue; 3 = Sky Blue; 7 = Dark Sea Blue"
"data/gamedata/anim_statedef.csv","Anim ID",10,"data/strings/english/emotes.txt",160,160,1.0000,1.0000,"1 = wave; 3 = You wave to <<A:2>>.; 7 = You bow."
"data/gamedata/anim_statedef.csv","Anim ID",10,"data/strings/english/objectivenames.txt",160,160,1.0000,0.7072,"1 = Cannon Battery; 3 = Sharpthorn Wud; 7 = null"
"data/gamedata/anim_statedef.csv","Anim ID",10,"data/strings/english/packageinfo.txt",160,160,1.0000,1.0000,""
"data/gamedata/anim_statedef.csv","Anim ID",10,"data/strings/english/packagenames.txt",160,160,1.0000,1.0000,"1 = Me Ol' Choppa; 3 = Dis Ol' Choppa; 7 = Me Ol' Stick"
"data/gamedata/anim_statedef.csv","Anim ID",10,"data/strings/english/scenariolobby.txt",160,160,1.0000,1.0000,""
"data/gamedata/anim_statedef.csv","Anim ID",10,"data/strings/english/scenarionames.txt",160,160,1.0000,1.0000,""
"data/gamedata/anim_statedef.csv","Anim ID",10,"data/strings/english/scenarioscore.txt",160,160,1.0000,1.0000,""
"data/gamedata/anim_statedef.csv","Anim ID",10,"data/gamedata/anim_db.csv",160,159,0.9938,0.0910,"1 = null-inloop; 3 = aim; 7 = ROOT_53down"
"data/gamedata/anim_statedef.csv","Anim ID",10,"data/gamedata/effectnifs.csv",160,159,0.9938,0.9997,"1 = empty; 3 = vfx_Cast_GS_Staff; 7 = vfx_orc_T1_GoodHeal"
"data/gamedata/anim_statedef.csv","Anim ID",10,"data/gamedata/monsters.csv",160,156,0.9750,0.6706,"1 = PLACEHOLDER - Snotling Common; 3 = Placeholder nude; 7 = Placeholder nude"
"data/gamedata/anim_statedef.csv","Anim ID",10,"data/gamedata/effectdef.csv",160,153,0.9563,0.9938,"1 = standard bloodsplat hit; 3 = flash hit with spiky bits; 7 = Feel Betta"
"data/gamedata/anim_statedef.csv","Anim ID",10,"data/gamedata/effects.csv",160,151,0.9438,0.8188,"1 = Ard Noggin; 3 = Bounce; 7 = Death From Above"
"data/gamedata/anim_statedef.csv","Anim ID",10,"data/strings/english/abilityeffect.txt",160,149,0.9313,1.0000,"100 = You are not Berserk; 101 = You need more Waaagh!; 102 = You must be wielding a shield"
"data/gamedata/anim_grip_unarmed.csv","_Cor_Run",8,"data/gamedata/anim_db.csv",159,158,0.9937,0.0910,"707 = Or_Un_Cor_Run; 1107 = Go_Un_Cor_Run; 2107 = DwM_Un_Cor_Run"
"data/gamedata/anim_core.csv","Cor_Run-lo",12,"data/gamedata/anim_db.csv",157,157,1.0000,0.0910,"1 = null-inloop; 607 = Or_Un_Cor_Run-lo; 1007 = Go_Un_Cor_Run-lo"
"data/gamedata/anim_grip_unarmed.csv","_Cor_Walk",6,"data/gamedata/anim_db.csv",150,149,0.9933,0.0910,"36 = Hover_Sink; 705 = Or_Un_Cor_Walk; 1105 = Go_Un_Cor_Walk"
"data/gamedata/effects.csv","Main",5,"data/gamedata/effectlists.csv",149,149,1.0000,0.9977,"32 = orc Waagh spell projectile(flies Striaght); 93 = orc Waagh spell projectile; 99 = Arrow Projectile"
"data/gamedata/effects.csv","Main",5,"data/gamedata/effectnifs.csv",149,149,1.0000,0.9997,"32 = Test_DefenseBubble_6.67LOOP; 93 = vfx_IMPACT_Arrow1; 99 = vfx_orc_WaaghProjectile"
"data/gamedata/effects.csv","Main",5,"data/gamedata/itemdata.csv",149,149,1.0000,1.0000,"93 = 2429; 99 = 1003; 110 = 1076"
"data/gamedata/effects.csv","Main",5,"data/gamedata/items.csv",149,149,1.0000,0.9889,"32 = DW_Hammer_2H_TE_01; 93 = GS_Axe_1H_T4_01; 99 = Or_Epic_2H_GreatAxe01"
"data/gamedata/effects.csv","Main",5,"data/gamedata/objects.csv",149,149,1.0000,1.0000,"32 = WORLD OBJ qi_go_lobber01_destroyed; 93 = WORLD OBJ vfx_MISC_CH_Herdstones_Switching; 99 = WORLD OBJ or_prop_logpile01"
"data/gamedata/effects.csv","Main",5,"data/gamedata/packages.csv",149,149,1.0000,1.0000,"32 = 0; 93 = 0; 99 = 0"
"data/gamedata/effects.csv","Main",5,"data/strings/english/abilitydesc.txt",149,149,1.0000,1.0000,"444 = Your Pink Horror forces daemonic power into it's target, lowering the target's chance to critically hit by {ABIL_55_COM_1_VAL1}% and dealing {ABIL_55_COM_0_VAL0_TOD_ELEMENTALDAMAGE} over {ABIL_55_COM_0_DURA_SECONDS}.; 508 = Each time you block an enemy's attack, low damage is dealt back to them.; 591 = Any time an enemy disrupts your attacks, you will regain 50 action points."
"data/gamedata/effects.csv","Main",5,"data/strings/english/abilitynames.txt",149,149,1.0000,1.0000,"32 = Bugman's Brew^n; 93 = Rune of Purging^n; 99 = Channel Test: Multi Swing^n"
"data/gamedata/effects.csv","Main",5,"data/strings/english/componenteffects.txt",149,149,1.0000,1.0000,"399 = Generating more hate against your taunt target.; 414 = Guarding an ally, splitting their Damage and hate.; 508 = Oath Friend is building grudges when you are hit."
"data/gamedata/effects.csv","Main",5,"data/strings/english/objectivenames.txt",149,149,1.0000,0.7072,"32 = Burn Rock Tower; 93 = Plague Mist Vale; 99 = Valley of the Rangers"
"data/gamedata/effects.csv","Main",5,"data/strings/english/packageinfo.txt",149,149,1.0000,1.0000,"735 = Killing greenskins will restore a small amount of health."
"data/gamedata/effects.csv","Main",5,"data/strings/english/packagenames.txt",149,149,1.0000,1.0000,"32 = Simple Runic Pants; 93 = White Lion starting gear - Boot; 99 = Me Ol' Choppa"
"data/gamedata/effects.csv","Main",5,"data/strings/english/scenariolobby.txt",149,149,1.0000,1.0000,"2105 = Within the farthest reaches of the Chaos Wastes resides the enigmatic Twisting Tower. Battle for control over both the Atrium and the Loft to secure the tower and earn points for your realm. Controlling the tower will reveal the Oculus of Change which your realm can seize to earn extra points but beware of the Changers Gaze!; 2107 = This Scenario takes place in an underground warren. Work together to bypass the enemy's defenses and bomb their machinery! Holding the bomb too long will result in your death!; 2109 = Reikland Hills is a rotating King of the Hill match! Battle over the fallen Bridge at first, but soon the focus of the battle will shift to the Mill or Factory shortly after. Stay on your toes and keep moving as the capture locations open and close!"
"data/gamedata/effects.csv","Main",5,"data/strings/english/scenarioscore.txt",149,149,1.0000,1.0000,"2105 = Within the farthest reaches of the Chaos Wastes resides the enigmatic Twisting Tower. Battle for control over both the Atrium and the Loft to secure the tower and earn points for your realm. Controlling the tower will reveal the Oculus of Change which your realm can seize to earn extra points but beware of the Changers Gaze!; 2107 = This Scenario takes place in an underground warren. Work together to bypass the enemy's defenses and bomb their machinery! Holding the bomb too long will result in your death!; 2109 = Reikland Hills is a rotating King of the Hill match! Battle over the fallen Bridge at first, but soon the focus of the battle will shift to the Mill or Factory shortly after. Stay on your toes and keep moving as the capture locations open and close!"
"data/gamedata/effects.csv","Main",5,"data/gamedata/abilities.csv",149,147,0.9866,0.9581,"93 = Quick Reload; 110 = Endless Knowledge; 128 = Maul"
"data/gamedata/effects.csv","Main",5,"data/gamedata/anim_db.csv",149,147,0.9866,0.0910,"32 = spine_L40; 93 = Disc_Sprint-lo; 99 = Hover_Holster-root"
"data/gamedata/effects.csv","Main",5,"data/gamedata/effectdef.csv",149,147,0.9866,0.9938,"32 = T1 Good Heal; 93 = orc Waagh spell projectile; 99 = Arrow Projectile"
"data/gamedata/anim_core.csv","Cor_Walk-lo",10,"data/gamedata/anim_db.csv",146,146,1.0000,0.0910,"605 = Or_Un_Cor_Walk-lo; 1005 = Go_Un_Cor_Walk-lo; 2005 = DwM_Un_Cor_Walk-lo"
"data/gamedata/objects.csv","Icon 2",17,"data/gamedata/itemdata.csv",141,141,1.0000,1.0000,"110 = 1076; 156 = 1042; 164 = 1131"
"data/gamedata/objects.csv","Icon 2",17,"data/gamedata/packages.csv",141,141,1.0000,1.0000,"34 = 0; 39 = 0; 110 = 0"
"data/gamedata/objects.csv","Icon 2",17,"data/strings/english/abilitydesc.txt",141,141,1.0000,1.0000,"867 = Removes all hostile effects from your entire group.; 868 = Increases your chance to disrupt enemy spells by 50% for 10 seconds.; 884 = Your target and any other enemies within 30 feet of them suffer very high damage over 3 seconds."
"data/gamedata/objects.csv","Icon 2",17,"data/strings/english/abilitynames.txt",141,141,1.0000,1.0000,"34 = Runes Of Warding^n; 110 = Hammerer Console Test 2^n; 156 = Effect Test^n"
"data/gamedata/objects.csv","Icon 2",17,"data/strings/english/componenteffects.txt",141,141,1.0000,1.0000,"1484 = You have an active Flame Turret.; 1519 = All attacks have a 25% chance to briefly increase Magic resistance.; 1537 = Periodically taking <<1>> Damage."
"data/gamedata/objects.csv","Icon 2",17,"data/strings/english/packageinfo.txt",141,141,1.0000,1.0000,""
"data/gamedata/objects.csv","Icon 2",17,"data/strings/english/packagenames.txt",141,141,1.0000,1.0000,"34 = Ale Totin' Belt; 39 = Bright Wizard Staff; 110 = Expert Shield Talent"
"data/gamedata/anim_grip_unarmed.csv","_Cor_Flinch",13,"data/gamedata/anim_db.csv",138,137,0.9928,0.0910,"712 = Or_Un_Cor_Flinch; 1112 = Go_Un_Cor_Flinch; 2112 = DwM_Un_Cor_Flinch"
"data/gamedata/anim_core.csv","Cor_Die-in",32,"data/gamedata/anim_db.csv",136,136,1.0000,0.0910,"721 = Or_Un_Cor_Die-in; 1121 = Go_Un_Cor_Die-in; 2121 = DwM_Un_Cor_Die-in"
"data/gamedata/tintpalette_equipment.csv","Red",2,"data/gamedata/abilities.csv",136,136,1.0000,0.9581,"18 = Squig Squeal; 24 = Cannon Shot; 25 = High-Explosive Grenade"
"data/gamedata/tintpalette_equipment.csv","Red",2,"data/gamedata/anim_scripts.csv",136,136,1.0000,1.0000,"18 = Duel_attacker-melee; 24 = (OFF-LIMITS)FauxRanged-ChaosMagic; 25 = (OFF-LIMITS)FauxRanged-EmpireMagic"
"data/gamedata/tintpalette_equipment.csv","Red",2,"data/gamedata/effectlists.csv",136,136,1.0000,0.9977,"18 = Get Up; 24 = BUFF_LOOP_BladeEnchant_EliteTraining; 25 = Muzzle Fire"
"data/gamedata/tintpalette_equipment.csv","Red",2,"data/gamedata/effectnifs.csv",136,136,1.0000,0.9997,"18 = vfx_STAT_Stun; 24 = vfx_TEMP_SelectionCircleRed; 25 = vfx_TEMP_SpikesFlash_Hit"
"data/gamedata/tintpalette_equipment.csv","Red",2,"data/gamedata/itemdata.csv",136,136,1.0000,1.0000,"49 = 2131; 50 = 1016; 51 = 1022"
"data/gamedata/tintpalette_equipment.csv","Red",2,"data/gamedata/items.csv",136,136,1.0000,0.9889,"18 = WORLD OBJ dw_crate_ammo06; 24 = WORLD OBJ Qi_dw_Chest01; 25 = WORLD OBJ Qi_Dw_shipVent01"
"data/gamedata/tintpalette_equipment.csv","Red",2,"data/gamedata/jumppoints.csv",136,136,1.0000,1.0000,"18 = TheMaw; 24 = Reikland; 25 = D-Reikwald"
"data/gamedata/tintpalette_equipment.csv","Red",2,"data/gamedata/objects.csv",136,136,1.0000,1.0000,"18 = WORLD OBJ dw_crate_ammo06; 24 = WORLD OBJ mo_ruins_marsh_lrgestonepile; 25 = WORLD OBJ mo_ruins_marsh01"
"data/gamedata/tintpalette_equipment.csv","Red",2,"data/gamedata/packages.csv",136,136,1.0000,1.0000,"18 = 0; 24 = 0; 25 = 0"
"data/gamedata/tintpalette_equipment.csv","Red",2,"data/gamedata/pregame_features.csv",136,136,1.0000,1.0000,"18 = MALE; 24 = MALE; 25 = MALE"
"data/gamedata/tintpalette_equipment.csv","Red",2,"data/strings/english/abilitydesc.txt",136,136,1.0000,1.0000,"24 = Fires a compact shot directly at the target which deals {COM_0_VAL0_CORPOREALDAMAGE}.; 25 = Launches a grenade packed with explosives at the target, dealing {COM_1_VAL0_CORPOREALDAMAGE} to the victim and all enemies within {COM_1_RADI_FEET} of them.; 27 = Releases a searing gout of flame, dealing {COM_0_VAL0_DAMAGE} to all targets in front of the Turret up to {COM_0_RADI_FEET} away."
"data/gamedata/tintpalette_equipment.csv","Red",2,"data/strings/english/abilitynames.txt",136,136,1.0000,1.0000,"18 = Git Em!^n; 24 = Shock Grenade^n; 25 = High-Explosive Grenade^n"
"data/gamedata/tintpalette_equipment.csv","Red",2,"data/strings/english/bindlocations.txt",136,136,1.0000,1.0000,"18 = Da Scrappin' Camp; 24 = Redhammer Brewery; 25 = Kron Komar"
"data/gamedata/tintpalette_equipment.csv","Red",2,"data/strings/english/componenteffects.txt",136,136,1.0000,1.0000,"41 = Inflicting <<1>>% Damage to everyone but taunter.; 42 = Inflicting <<1>>% Damage to de-taunter.; 43 = Inflicting <<1>>% Damage to everyone but taunter."
"data/gamedata/tintpalette_equipment.csv","Red",2,"data/strings/english/dyenames.txt",136,136,1.0000,1.0000,"18 = Light Olive; 24 = Light Tan; 25 = Dark Peach"
"data/gamedata/tintpalette_equipment.csv","Red",2,"data/strings/english/emotes.txt",136,136,1.0000,1.0000,"18 = You point at <<A:2>>.; 24 = <<CA:1>> talks to <<r:1>>.  <<Cp:1>>'s an odd one.; 25 = <<CA:1>> blathers on to <<A:2>>.  <<Cp:2>> might need some help getting out of that conversation."
"data/gamedata/tintpalette_equipment.csv","Red",2,"data/strings/english/objectivenames.txt",136,136,1.0000,0.7072,"18 = Gyrocopter; 24 = [Unnamed]; 25 = [Unnamed]"
"data/gamedata/tintpalette_equipment.csv","Red",2,"data/strings/english/packageinfo.txt",136,136,1.0000,1.0000,""
"data/gamedata/tintpalette_equipment.csv","Red",2,"data/strings/english/packagenames.txt",136,136,1.0000,1.0000,"18 = Me Nicest Shirt; 24 = Tough Workin' Boots; 25 = Rough Workin' Shirt"
"data/gamedata/tintpalette_equipment.csv","Red",2,"data/strings/english/scenariolobby.txt",136,136,1.0000,1.0000,""
"data/gamedata/tintpalette_equipment.csv","Red",2,"data/strings/english/scenarionames.txt",136,136,1.0000,1.0000,""
"data/gamedata/tintpalette_equipment.csv","Red",2,"data/strings/english/scenarioscore.txt",136,136,1.0000,1.0000,""
"data/gamedata/tintpalette_equipment.csv","Red",2,"data/gamedata/anim_db.csv",136,135,0.9926,0.0910,"24 = EMM_dor_hover-in; 25 = EMM_dor_hover-active; 27 = Disc_StrafeL-lo"
"data/gamedata/tintpalette_equipment.csv","Red",2,"data/gamedata/anim_statedef.csv",136,135,0.9926,0.1627,"18 = RootHop; 24 = HWTurnL; 25 = HWTurnR"
"data/gamedata/tintpalette_equipment.csv","Red",2,"data/strings/english/abilityeffect.txt",136,135,0.9926,1.0000,"100 = You are not Berserk; 102 = You must be wielding a shield; 103 = That is a passive ability"
"data/gamedata/tintpalette_equipment.csv","Red",2,"data/gamedata/monsters.csv",136,132,0.9706,0.6706,"18 = Dwarf Slayer Male Nude; 24 = Chaos Chosen Nude; 25 = Chaos Marauder Nude"
"data/gamedata/tintpalette_equipment.csv","Red",2,"data/gamedata/emotedata.csv",136,128,0.9412,1.0000,"18 = 0; 24 = 116; 25 = 121"
"data/gamedata/tintpalette_equipment.csv","Red",2,"data/gamedata/effectdef.csv",136,127,0.9338,0.9938,"18 = Get Up; 24 = BUFF_LOOP_BladeEnchant_EliteTraining; 25 = Muzzle Fire"
"data/gamedata/tintpalette_equipment.csv","Red",2,"data/gamedata/effects.csv",136,127,0.9338,0.8188,"18 = Squig Squeal; 24 = Shock Grenade; 25 = High-Explosive Grenade"
"data/gamedata/tintpalette_equipment.csv","Green",3,"data/gamedata/abilities.csv",134,134,1.0000,0.9581,"6 = ;/end; 11 = Head Butt; 17 = Bad Breath Sub"
"data/gamedata/tintpalette_equipment.csv","Green",3,"data/gamedata/anim_scripts.csv",134,134,1.0000,1.0000,"6 = Run-in-place; 11 = Ritual; 17 = FauxRanged-Blackpowder"
"data/gamedata/tintpalette_equipment.csv","Green",3,"data/gamedata/effectlists.csv",134,134,1.0000,0.9977,"6 = Green skin ZAP; 11 = Pierce; 17 = MOR_EM_IMPACT_SolarFlare"
"data/gamedata/tintpalette_equipment.csv","Green",3,"data/gamedata/effectnifs.csv",134,134,1.0000,0.9997,"6 = vfx_orc_CastingLoop_Heals; 11 = vfx_orc_T1_QuickHealing; 17 = vfx_SPELL_orc_Moral"
"data/gamedata/tintpalette_equipment.csv","Green",3,"data/gamedata/itemdata.csv",134,134,1.0000,1.0000,"6 = 0; 11 = 110; 20 = 396"
"data/gamedata/tintpalette_equipment.csv","Green",3,"data/gamedata/items.csv",134,134,1.0000,0.9889,"6 = WORLD OBJ mo_ruins_marsh_smlbrickpile; 11 = WORLD OBJ or_pile_dung01; 17 = WORLD OBJ dw_gyrocopter_prop"
"data/gamedata/tintpalette_equipment.csv","Green",3,"data/gamedata/jumppoints.csv",134,134,1.0000,1.0000,"6 = BarakVarr; 11 = Butcherspass; 17 = ChaosWastes"
"data/gamedata/tintpalette_equipment.csv","Green",3,"data/gamedata/objects.csv",134,134,1.0000,1.0000,"6 = WORLD OBJ mo_ruins_marsh_smlbrickpile; 11 = WORLD OBJ or_pile_dung01; 17 = WORLD OBJ dw_gyrocopter_prop"
"data/gamedata/tintpalette_equipment.csv","Green",3,"data/gamedata/packages.csv",134,134,1.0000,1.0000,"6 = 0; 11 = 0; 17 = 0"
"data/gamedata/tintpalette_equipment.csv","Green",3,"data/gamedata/pregame_features.csv",134,134,1.0000,1.0000,"6 = MALE; 11 = MALE; 17 = MALE"
"data/gamedata/tintpalette_equipment.csv","Green",3,"data/strings/english/abilitydesc.txt",134,134,1.0000,1.0000,"6 = Your Squig bounces on it's target dealing {COM_2_VAL0_DAMAGE}, and knocking them down for {COM_0_DURA_SECONDS}.; 11 = Your Squig sprays out corrosive slime towards an enemy, dealing {COM_0_VAL0_DAMAGE} to all targets within {COM_0_RADI_FEET} of the victim.; 17 = A grating squeal that Taunts the enemy, making the enemy hate your pet much more, forcing monsters to attack your pet, and causing the enemy to deal {COM_0_VAL0}% less damage to everyone else other than the Squig for {COM_0_DURA_SECONDS}."
"data/gamedata/tintpalette_equipment.csv","Green",3,"data/strings/english/abilitynames.txt",134,134,1.0000,1.0000,"6 = Death From Above^n; 11 = Goop Shootin'^n; 17 = Squig Squeal^n"
"data/gamedata/tintpalette_equipment.csv","Green",3,"data/strings/english/bindlocations.txt",134,134,1.0000,1.0000,"6 = Bonerender's Bash; 11 = Trug's Hut; 17 = Hot Foot Boyz"
"data/gamedata/tintpalette_equipment.csv","Green",3,"data/strings/english/componenteffects.txt",134,134,1.0000,1.0000,"20 = Periodically recovering <<1>> Health.; 41 = Inflicting <<1>>% Damage to everyone but taunter.; 42 = Inflicting <<1>>% Damage to de-taunter."
"data/gamedata/tintpalette_equipment.csv","Green",3,"data/strings/english/dyenames.txt",134,134,1.0000,1.0000,"6 = Light Navy Blue; 11 = Medium Seafoam; 17 = Medium Olive"
"data/gamedata/tintpalette_equipment.csv","Green",3,"data/strings/english/emotes.txt",134,134,1.0000,1.0000,"6 = bow; 11 = beg; 17 = You point."
"data/gamedata/tintpalette_equipment.csv","Green",3,"data/strings/english/objectivenames.txt",134,134,1.0000,0.7072,"6 = Ironclaw Camp; 11 = Raider's Haven; 17 = The Siege of Komar"
"data/gamedata/tintpalette_equipment.csv","Green",3,"data/strings/english/packageinfo.txt",134,134,1.0000,1.0000,""
"data/gamedata/tintpalette_equipment.csv","Green",3,"data/strings/english/packagenames.txt",134,134,1.0000,1.0000,"6 = Me Ol' Arrer Shoota; 11 = Me Ancestor's Ol' Handgun; 17 = Me Well Worn Pants"
"data/gamedata/tintpalette_equipment.csv","Green",3,"data/strings/english/scenariolobby.txt",134,134,1.0000,1.0000,""
"data/gamedata/tintpalette_equipment.csv","Green",3,"data/strings/english/scenarionames.txt",134,134,1.0000,1.0000,""
"data/gamedata/tintpalette_equipment.csv","Green",3,"data/strings/english/scenarioscore.txt",134,134,1.0000,1.0000,""
"data/gamedata/tintpalette_equipment.csv","Green",3,"data/gamedata/anim_statedef.csv",134,133,0.9925,0.1627,"6 = inspect; 11 = Un-Strafe R90; 17 = Sink"
"data/gamedata/tintpalette_equipment.csv","Green",3,"data/gamedata/anim_db.csv",134,132,0.9851,0.0910,"6 = orc_walk_lower; 11 = null-in; 20 = Disc_Atk_Aggro-in"
"data/gamedata/tintpalette_equipment.csv","Green",3,"data/gamedata/emotedata.csv",134,132,0.9851,1.0000,"6 = 26; 11 = 51; 17 = 81"
"data/gamedata/tintpalette_equipment.csv","Green",3,"data/gamedata/effects.csv",134,131,0.9776,0.8188,"6 = ;/end; 11 = Head Butt; 17 = Bad Breath Sub"
"data/gamedata/tintpalette_equipment.csv","Green",3,"data/strings/english/abilityeffect.txt",134,131,0.9776,1.0000,"101 = You need more Waaagh!; 103 = That is a passive ability; 105 = You must be Guarding your target"
"data/gamedata/tintpalette_equipment.csv","Green",3,"data/gamedata/monsters.csv",134,130,0.9701,0.6706,"6 = Placeholder nude; 11 = Dark Elf Disciple Female Nude; 17 = Dwarf Ironbreaker Female Nude"
"data/gamedata/tintpalette_equipment.csv","Green",3,"data/gamedata/effectdef.csv",134,129,0.9627,0.9938,"6 = Defense Bubble; 11 = Pierce; 17 = Big Brains"
"data/gamedata/tintpalette_equipment.csv","Green",3,"data/strings/english/npctitles.txt",134,121,0.9030,1.0000,"6 = Cultivator; 11 = Armor Merchant; 17 = Rally Master"
"data/gamedata/anim_grip_unarmed.csv","_Rude_Shout-in",66,"data/gamedata/anim_db.csv",133,132,0.9925,0.0910,"113 = Or_Th_Cor_fidget; 765 = Or_Un_Int_Rude_Shout-In; 1165 = Go_Un_Int_Rude_Shout-In"
"data/gamedata/anim_grip_unarmed.csv","_Rude_Shout-inloop",67,"data/gamedata/anim_db.csv",133,132,0.9925,0.0910,"114 = Or_Th_Cor_Fidget2; 766 = Or_Un_Int_Rude_Shout-Inloop; 1166 = Go_Un_Int_Rude_Shout-Inloop"
"data/gamedata/anim_grip_unarmed.csv","_Rude_Shout-Active",68,"data/gamedata/anim_db.csv",133,132,0.9925,0.0910,"115 = Or_Th_Cor_Stun-in; 767 = Or_Un_Int_Rude_Shout-Active; 1167 = Go_Un_Int_Rude_Shout-Active"
"data/gamedata/anim_grip_unarmed.csv","_Rude_Shout-ActiveLoop",69,"data/gamedata/anim_db.csv",133,132,0.9925,0.0910,"116 = Or_Th_Cor_Stun; 768 = Or_Un_Int_Rude_Shout-ActiveLoop; 1168 = Go_Un_Int_Rude_Shout-ActiveLoop"
"data/gamedata/anim_grip_unarmed.csv","_Rude_Shout-Out",70,"data/gamedata/anim_db.csv",133,132,0.9925,0.0910,"117 = Or_Th_Cor_Stun-out; 769 = Or_Un_Int_Rude_Shout-Out; 1169 = Go_Un_Int_Rude_Shout-Out"
"data/gamedata/anim_grip_unarmed.csv","_Rude_Stomp-in",71,"data/gamedata/anim_db.csv",133,132,0.9925,0.0910,"118 = Or_Th_Cor_Down-in; 770 = Or_Un_Int_Rude_Stomp-In; 1170 = Go_Un_Int_Rude_Stomp-In"
"data/gamedata/anim_grip_unarmed.csv","_Rude_Stomp-inloop",72,"data/gamedata/anim_db.csv",133,132,0.9925,0.0910,"119 = Or_Th_Cor_Down; 771 = Or_Un_Int_Rude_Stomp-Inloop; 1171 = Go_Un_Int_Rude_Stomp-Inloop"
"data/gamedata/anim_grip_unarmed.csv","_Rude_Stomp-Active",73,"data/gamedata/anim_db.csv",133,132,0.9925,0.0910,"120 = Or_Th_Cor_Down-out; 772 = Or_Un_Int_Rude_Stomp-Active; 1172 = Go_Un_Int_Rude_Stomp-Active"
"data/gamedata/anim_grip_unarmed.csv","_Rude_Stomp-ActiveLoop",74,"data/gamedata/anim_db.csv",133,132,0.9925,0.0910,"121 = Or_Th_Cor_Die-in; 773 = Or_Un_Int_Rude_Stomp-ActiveLoop; 1173 = Go_Un_Int_Rude_Stomp-ActiveLoop"
"data/gamedata/anim_grip_unarmed.csv","_Rude_Stomp-Out",75,"data/gamedata/anim_db.csv",133,132,0.9925,0.0910,"122 = Or_Th_Cor_Die; 774 = Or_Un_Int_Rude_Stomp-Out; 1174 = Go_Un_Int_Rude_Stomp-Out"
"data/gamedata/anim_grip_unarmed.csv","_Cor_fidget",14,"data/gamedata/anim_db.csv",132,131,0.9924,0.0910,"713 = Or_Un_Cor_fidget; 1113 = Go_Un_Cor_fidget; 2113 = DwM_Un_Cor_fidget"
"data/gamedata/anim_grip_unarmed.csv","_Cor_fidget2",15,"data/gamedata/anim_db.csv",132,131,0.9924,0.0910,"714 = Or_Un_Cor_Fidget2; 1114 = Go_Un_Cor_Fidget2; 2114 = DwM_Un_Cor_Fidget2"
"data/gamedata/anim_grip_unarmed.csv","_Spl_Base_T-in",59,"data/gamedata/anim_db.csv",132,131,0.9924,0.0910,"106 = Or_Th_Cor_Back; 150 = Or_Th_Atk_DB; 250 = Or_Dw_Atk_DB"
"data/gamedata/helptips.csv","ToK Unlock ID",1,"data/gamedata/anim_statedef.csv",131,131,1.0000,0.1627,"11800 = Swim_un-Draw; 11801 = Swim_un-Holster; 11802 = Swim_un-Ready"
"data/gamedata/helptips.csv","ToK Unlock ID",1,"data/gamedata/itemdata.csv",131,131,1.0000,1.0000,"11801 = 437; 11802 = 1926; 11901 = 387"
"data/gamedata/helptips.csv","ToK Unlock ID",1,"data/strings/english/abilitydesc.txt",131,131,1.0000,1.0000,""
"data/gamedata/helptips.csv","ToK Unlock ID",1,"data/strings/english/abilitynames.txt",131,131,1.0000,1.0000,""
"data/gamedata/helptips.csv","ToK Unlock ID",1,"data/strings/english/componenteffects.txt",131,131,1.0000,1.0000,"11805 = Unable to act.; 11806 = Periodically taking <<1>> Damage.; 11807 = Incoming heals reduced by 50%."
"data/gamedata/helptips.csv","ToK Unlock ID",1,"data/strings/english/packageinfo.txt",131,131,1.0000,1.0000,""
"data/gamedata/helptips.csv","ToK Unlock ID",1,"data/strings/english/packagenames.txt",131,131,1.0000,1.0000,""
"data/gamedata/anim_grip_unarmed.csv","_Spl_Base_S-in",54,"data/gamedata/anim_db.csv",131,130,0.9924,0.0910,"101 = Or_Th_Cor_Draw; 250 = Or_Dw_Atk_DB; 753 = Or_Un_Spl_Base_S-In"
"data/gamedata/anim_grip_unarmed.csv","_Spl_Base_S-inloop",55,"data/gamedata/anim_db.csv",131,130,0.9924,0.0910,"102 = Or_Th_Cor_Holster; 250 = Or_Dw_Atk_DB; 754 = Or_Un_Spl_Base_S-Inloop"
"data/gamedata/anim_grip_unarmed.csv","_Spl_Base_S-Active",56,"data/gamedata/anim_db.csv",131,130,0.9924,0.0910,"103 = Or_Th_Cor_Ready; 250 = Or_Dw_Atk_DB; 755 = Or_Un_Spl_Base_S-Active"
"data/gamedata/anim_grip_unarmed.csv","_Spl_Base_S-ActiveLoop",57,"data/gamedata/anim_db.csv",131,130,0.9924,0.0910,"104 = Or_Th_Cor_Slow; 250 = Or_Dw_Atk_DB; 756 = Or_Un_Spl_Base_S-ActiveLoop"
"data/gamedata/anim_grip_unarmed.csv","_Spl_Base_S-Out",58,"data/gamedata/anim_db.csv",131,130,0.9924,0.0910,"105 = Or_Th_Cor_Walk; 250 = Or_Dw_Atk_DB; 757 = Or_Un_Spl_Base_S-Out"
"data/gamedata/anim_grip_unarmed.csv","_Spl_Base_T-inloop",60,"data/gamedata/anim_db.csv",131,130,0.9924,0.0910,"107 = Or_Th_Cor_Run; 250 = Or_Dw_Atk_DB; 759 = Or_Un_Spl_Base_T-Inloop"
"data/gamedata/anim_grip_unarmed.csv","_Spl_Base_T-Active",61,"data/gamedata/anim_db.csv",131,130,0.9924,0.0910,"108 = Or_Th_Cor_Sprint; 250 = Or_Dw_Atk_DB; 760 = Or_Un_Spl_Base_T-Active"
"data/gamedata/anim_grip_unarmed.csv","_Spl_Base_T-ActiveLoop",62,"data/gamedata/anim_db.csv",131,130,0.9924,0.0910,"109 = Or_Th_Cor_Jump; 250 = Or_Dw_Atk_DB; 761 = Or_Un_Spl_Base_T-ActiveLoop"
"data/gamedata/anim_grip_unarmed.csv","_Spl_Base_T-Out",63,"data/gamedata/anim_db.csv",131,130,0.9924,0.0910,"110 = Or_Th_Cor_Fall; 250 = Or_Dw_Atk_DB; 762 = Or_Un_Spl_Base_T-Out"
"data/gamedata/anim_core.csv","Cor_Die",33,"data/gamedata/anim_db.csv",130,130,1.0000,0.0910,"722 = Or_Un_Cor_Die; 1122 = Go_Un_Cor_Die; 2122 = DwM_Un_Cor_Die"
"data/gamedata/anim_script_elements.csv","Anim",2,"data/gamedata/abilities.csv",130,130,1.0000,0.9581,"1 = Ard Noggin; 2 = Big Claw; 22 = Machine Gun"
"data/gamedata/anim_script_elements.csv","Anim",2,"data/gamedata/anim_db.csv",130,130,1.0000,0.0910,"1 = null-inloop; 2 = DEM_Un_Int_wobble; 4 = orc_idle_lower"
"data/gamedata/anim_script_elements.csv","Anim",2,"data/gamedata/anim_scripts.csv",130,130,1.0000,1.0000,"1 = Fidget; 2 = Aggro; 4 = Cheer"
"data/gamedata/anim_script_elements.csv","Anim",2,"data/gamedata/anim_statedef.csv",130,130,1.0000,0.1627,"1 = Portrait-un; 2 = Portrait-st; 4 = Look"
"data/gamedata/anim_script_elements.csv","Anim",2,"data/gamedata/effectlists.csv",130,130,1.0000,0.9977,"1 = standard bloodsplat hit; 2 = spark hit; 4 = NULL"
"data/gamedata/anim_script_elements.csv","Anim",2,"data/gamedata/effectnifs.csv",130,130,1.0000,0.9997,"1 = empty; 2 = vfx_orc_CastAuraLoop; 4 = vfx_orc_CastingLoop_L1"
"data/gamedata/anim_script_elements.csv","Anim",2,"data/gamedata/itemdata.csv",130,130,1.0000,1.0000,"1 = 4111; 2 = 0; 4 = 2486"
"data/gamedata/anim_script_elements.csv","Anim",2,"data/gamedata/items.csv",130,130,1.0000,0.9889,"1 = WORLD OBJ QI_Dw_coffin01; 2 = WORLD OBJ or_roadwall_pillar; 4 = WORLD OBJ dw_ropecoil01"
"data/gamedata/anim_script_elements.csv","Anim",2,"data/gamedata/jumppoints.csv",130,130,1.0000,1.0000,"1 = MountBloodhorn; 2 = MarshesofMadness; 4 = BlackCrag"
"data/gamedata/anim_script_elements.csv","Anim",2,"data/gamedata/objects.csv",130,130,1.0000,1.0000,"1 = WORLD OBJ QI_Dw_coffin01; 2 = WORLD OBJ or_roadwall_pillar; 4 = WORLD OBJ dw_ropecoil01"
"data/gamedata/anim_script_elements.csv","Anim",2,"data/gamedata/packages.csv",130,130,1.0000,1.0000,"1 = 0; 2 = 0; 4 = 0"
"data/gamedata/anim_script_elements.csv","Anim",2,"data/gamedata/pregame_features.csv",130,130,1.0000,1.0000,"1 = MALE; 2 = MALE; 4 = MALE"
"data/gamedata/anim_script_elements.csv","Anim",2,"data/strings/english/abilitydesc.txt",130,130,1.0000,1.0000,"1 = A powerful attack that deals {COM_0_VAL0_DAMAGE} and reduces the threat generated by your pet's next attack.; 2 = You force your Battle Squig to claw at your target, dealing {COM_0_VAL0_TOD_DAMAGE} over {COM_0_DURA_SECONDS} and snaring them by {COM_1_VAL0}% over {COM_1_DURA_SECONDS}.; 22 = Fires a rapid series of shots at the target for up to {COM_0_DURA_SECONDS}, repeatedly dealing {COM_0_VAL0_DAMAGE} twice per second."
"data/gamedata/anim_script_elements.csv","Anim",2,"data/strings/english/abilitynames.txt",130,130,1.0000,1.0000,"1 = Ard Noggin^n; 2 = Big Claw^n; 22 = Machine Gun^n"
"data/gamedata/anim_script_elements.csv","Anim",2,"data/strings/english/bindlocations.txt",130,130,1.0000,1.0000,"1 = Skarzag's Stompin Grounds; 2 = Da War Maker; 4 = Dis Gorgor's Smash"
"data/gamedata/anim_script_elements.csv","Anim",2,"data/strings/english/componenteffects.txt",130,130,1.0000,1.0000,"41 = Inflicting <<1>>% Damage to everyone but taunter.; 47 = Inflicting <<1>>% Damage to everyone but taunter.; 48 = Inflicting <<1>>% Damage to de-taunter."
"data/gamedata/anim_script_elements.csv","Anim",2,"data/strings/english/dyenames.txt",130,130,1.0000,1.0000,"1 = Dark Sky Blue; 2 = Medium Sky Blue; 4 = Dark Navy Blue"
"data/gamedata/anim_script_elements.csv","Anim",2,"data/strings/english/emotes.txt",130,130,1.0000,1.0000,"1 = wave; 2 = You wave.; 4 = <<CA:1>> waves."
"data/gamedata/anim_script_elements.csv","Anim",2,"data/strings/english/objectivenames.txt",130,130,1.0000,0.7072,"1 = Cannon Battery; 2 = The Lookout; 4 = Ugrog's Rage"
"data/gamedata/anim_script_elements.csv","Anim",2,"data/strings/english/packageinfo.txt",130,130,1.0000,1.0000,""
"data/gamedata/anim_script_elements.csv","Anim",2,"data/strings/english/packagenames.txt",130,130,1.0000,1.0000,"1 = Me Ol' Choppa; 2 = Me Ol' Shield; 4 = Dat Ol' Choppa"
"data/gamedata/anim_script_elements.csv","Anim",2,"data/strings/english/scenariolobby.txt",130,130,1.0000,1.0000,""
"data/gamedata/anim_script_elements.csv","Anim",2,"data/strings/english/scenarionames.txt",130,130,1.0000,1.0000,""
"data/gamedata/anim_script_elements.csv","Anim",2,"data/strings/english/scenarioscore.txt",130,130,1.0000,1.0000,""
"data/gamedata/anim_script_elements.csv","Anim",2,"data/strings/english/abilityeffect.txt",130,127,0.9769,1.0000,"101 = You need more Waaagh!; 102 = You must be wielding a shield; 103 = That is a passive ability"
"data/gamedata/anim_script_elements.csv","Anim",2,"data/gamedata/monsters.csv",130,126,0.9692,0.6706,"1 = PLACEHOLDER - Snotling Common; 2 = Placeholder nude; 4 = Placeholder nude"
"data/gamedata/anim_script_elements.csv","Anim",2,"data/gamedata/effectdef.csv",130,121,0.9308,0.9938,"1 = standard bloodsplat hit; 2 = spark hit; 4 = Waagh Shout"
"data/gamedata/anim_core.csv","Cor_Die-out",34,"data/gamedata/anim_db.csv",127,127,1.0000,0.0910,"723 = Or_Un_Cor_Die-out; 1123 = Go_Un_Cor_Die-out; 2123 = DwM_Un_Cor_Die-out"
"data/gamedata/anim_grip_unarmed.csv","_Cor_Back",7,"data/gamedata/anim_db.csv",126,125,0.9921,0.0910,"37 = Disc_Root; 706 = Or_Un_Cor_Back; 1106 = Go_Un_Cor_Back"
"data/gamedata/anim_core.csv","Cor_Back-lo",11,"data/gamedata/anim_db.csv",125,125,1.0000,0.0910,"37 = Disc_Root; 606 = Or_Un_Cor_Back-lo; 1006 = Go_Un_Cor_Back-lo"
"data/gamedata/emotedata.csv","StringTable Id",1,"data/gamedata/anim_db.csv",125,125,1.0000,0.0910,"1 = null-inloop; 6 = orc_walk_lower; 11 = null-in"
"data/gamedata/emotedata.csv","StringTable Id",1,"data/gamedata/anim_scripts.csv",125,125,1.0000,1.0000,"1 = Fidget; 6 = Run-in-place; 11 = Ritual"
"data/gamedata/emotedata.csv","StringTable Id",1,"data/gamedata/effectlists.csv",125,125,1.0000,0.9977,"1 = standard bloodsplat hit; 6 = Green skin ZAP; 11 = Pierce"
"data/gamedata/emotedata.csv","StringTable Id",1,"data/gamedata/effectnifs.csv",125,125,1.0000,0.9997,"1 = empty; 6 = vfx_orc_CastingLoop_Heals; 11 = vfx_orc_T1_QuickHealing"
"data/gamedata/emotedata.csv","StringTable Id",1,"data/gamedata/itemdata.csv",125,125,1.0000,1.0000,"1 = 4111; 6 = 0; 11 = 110"
"data/gamedata/emotedata.csv","StringTable Id",1,"data/gamedata/objects.csv",125,125,1.0000,1.0000,"1 = WORLD OBJ QI_Dw_coffin01; 6 = WORLD OBJ mo_ruins_marsh_smlbrickpile; 11 = WORLD OBJ or_pile_dung01"
"data/gamedata/emotedata.csv","StringTable Id",1,"data/gamedata/packages.csv",125,125,1.0000,1.0000,"1 = 0; 6 = 0; 11 = 0"
"data/gamedata/emotedata.csv","StringTable Id",1,"data/strings/english/abilitydesc.txt",125,125,1.0000,1.0000,"1 = A powerful attack that deals {COM_0_VAL0_DAMAGE} and reduces the threat generated by your pet's next attack.; 6 = Your Squig bounces on it's target dealing {COM_2_VAL0_DAMAGE}, and knocking them down for {COM_0_DURA_SECONDS}.; 11 = Your Squig sprays out corrosive slime towards an enemy, dealing {COM_0_VAL0_DAMAGE} to all targets within {COM_0_RADI_FEET} of the victim."
"data/gamedata/emotedata.csv","StringTable Id",1,"data/strings/english/abilitynames.txt",125,125,1.0000,1.0000,"1 = Ard Noggin^n; 6 = Death From Above^n; 11 = Goop Shootin'^n"
"data/gamedata/emotedata.csv","StringTable Id",1,"data/strings/english/componenteffects.txt",125,125,1.0000,1.0000,"41 = Inflicting <<1>>% Damage to everyone but taunter.; 46 = Inflicting <<1>>% Damage to de-taunter.; 81 = Periodically taking <<1>> Damage."
"data/gamedata/emotedata.csv","StringTable Id",1,"data/strings/english/emotes.txt",125,125,1.0000,1.0000,"1 = wave; 6 = bow; 11 = beg"
"data/gamedata/emotedata.csv","StringTable Id",1,"data/strings/english/objectivenames.txt",125,125,1.0000,0.7072,"1 = Cannon Battery; 6 = Ironclaw Camp; 11 = Raider's Haven"
"data/gamedata/emotedata.csv","StringTable Id",1,"data/strings/english/packageinfo.txt",125,125,1.0000,1.0000,"776 = Killing High Elves will double your AP regen rate 10% of the time.; 781 = You receive an additional 5% morale gain for every Chaos in your group.; 786 = You inflict 2% more damage against greenskins in PvP"
"data/gamedata/emotedata.csv","StringTable Id",1,"data/strings/english/packagenames.txt",125,125,1.0000,1.0000,"1 = Me Ol' Choppa; 6 = Me Ol' Arrer Shoota; 11 = Me Ancestor's Ol' Handgun"
"data/gamedata/emotedata.csv","StringTable Id",1,"data/strings/english/scenariolobby.txt",125,125,1.0000,1.0000,""
"data/gamedata/emotedata.csv","StringTable Id",1,"data/strings/english/scenarionames.txt",125,125,1.0000,1.0000,""
"data/gamedata/emotedata.csv","StringTable Id",1,"data/strings/english/scenarioscore.txt",125,125,1.0000,1.0000,""
"data/gamedata/emotedata.csv","StringTable Id",1,"data/gamedata/abilities.csv",125,121,0.9680,0.9581,"1 = Ard Noggin; 6 = ;/end; 11 = Head Butt"
"data/gamedata/emotedata.csv","StringTable Id",1,"data/gamedata/effectdef.csv",125,121,0.9680,0.9938,"1 = standard bloodsplat hit; 6 = Defense Bubble; 11 = Pierce"
"data/gamedata/emotedata.csv","StringTable Id",1,"data/strings/english/abilityresults.txt",125,118,0.9440,0.9640,"101 = You need more Waaagh!; 106 = Must target dead ally; 111 = You may only have 1 active pet"
"data/gamedata/emotedata.csv","StringTable Id",1,"data/gamedata/items.csv",125,117,0.9360,0.9889,"1 = WORLD OBJ QI_Dw_coffin01; 6 = WORLD OBJ mo_ruins_marsh_smlbrickpile; 11 = WORLD OBJ or_pile_dung01"
"data/gamedata/emotedata.csv","StringTable Id",1,"data/strings/english/abilityeffect.txt",125,117,0.9360,1.0000,"101 = You need more Waaagh!; 106 = Your target is not dead; 111 = You may only have 1 active pet"
"data/gamedata/tintpalette_equipment.csv","Blue",4,"data/gamedata/abilities.csv",121,121,1.0000,0.9581,"2 = Big Claw; 12 = Goop Shootin'; 17 = Bad Breath Sub"
"data/gamedata/tintpalette_equipment.csv","Blue",4,"data/gamedata/anim_scripts.csv",121,121,1.0000,1.0000,"2 = Aggro; 12 = Scavanger; 17 = FauxRanged-Blackpowder"
"data/gamedata/tintpalette_equipment.csv","Blue",4,"data/gamedata/effectlists.csv",121,121,1.0000,0.9977,"2 = spark hit; 12 = IMPACT_DE_MonsterousRending; 17 = MOR_EM_IMPACT_SolarFlare"
"data/gamedata/tintpalette_equipment.csv","Blue",4,"data/gamedata/effectnifs.csv",121,121,1.0000,0.9997,"2 = vfx_orc_CastAuraLoop; 12 = vfx_orc_T2_QuickHealing; 17 = vfx_SPELL_orc_Moral"
"data/gamedata/tintpalette_equipment.csv","Blue",4,"data/gamedata/itemdata.csv",121,121,1.0000,1.0000,"2 = 0; 49 = 2131; 50 = 1016"
"data/gamedata/tintpalette_equipment.csv","Blue",4,"data/gamedata/items.csv",121,121,1.0000,0.9889,"2 = WORLD OBJ or_roadwall_pillar; 12 = WORLD OBJ or_banner04; 17 = WORLD OBJ dw_gyrocopter_prop"
"data/gamedata/tintpalette_equipment.csv","Blue",4,"data/gamedata/jumppoints.csv",121,121,1.0000,1.0000,"2 = MarshesofMadness; 12 = Norsca; 17 = ChaosWastes"
"data/gamedata/tintpalette_equipment.csv","Blue",4,"data/gamedata/objects.csv",121,121,1.0000,1.0000,"2 = WORLD OBJ or_roadwall_pillar; 12 = WORLD OBJ or_banner04; 17 = WORLD OBJ dw_gyrocopter_prop"
"data/gamedata/tintpalette_equipment.csv","Blue",4,"data/gamedata/packages.csv",121,121,1.0000,1.0000,"2 = 0; 12 = 0; 17 = 0"
"data/gamedata/tintpalette_equipment.csv","Blue",4,"data/gamedata/pregame_features.csv",121,121,1.0000,1.0000,"2 = MALE; 12 = MALE; 17 = MALE"
"data/gamedata/tintpalette_equipment.csv","Blue",4,"data/strings/english/abilitydesc.txt",121,121,1.0000,1.0000,"2 = You force your Battle Squig to claw at your target, dealing {COM_0_VAL0_TOD_DAMAGE} over {COM_0_DURA_SECONDS} and snaring them by {COM_1_VAL0}% over {COM_1_DURA_SECONDS}.; 12 = Your Squig expels noxious spores towards an enemy, briefly sickening the victim and all other enemies within {COM_0_RADI_FEET} of them, dealing {COM_0_VAL0_DAMAGE}. Any of your Squigs, including your Battle Squig, within the radius will be healed for {COM_1_VAL0_HEALTH}.; 17 = A grating squeal that Taunts the enemy, making the enemy hate your pet much more, forcing monsters to attack your pet, and causing the enemy to deal {COM_0_VAL0}% less damage to everyone else other than the Squig for {COM_0_DURA_SECONDS}."
"data/gamedata/tintpalette_equipment.csv","Blue",4,"data/strings/english/abilitynames.txt",121,121,1.0000,1.0000,"2 = Big Claw^n; 12 = Spore Cloud^n; 17 = Squig Squeal^n"
"data/gamedata/tintpalette_equipment.csv","Blue",4,"data/strings/english/bindlocations.txt",121,121,1.0000,1.0000,"2 = Da War Maker; 12 = Drok's Fist; 17 = Hot Foot Boyz"
"data/gamedata/tintpalette_equipment.csv","Blue",4,"data/strings/english/componenteffects.txt",121,121,1.0000,1.0000,"41 = Inflicting <<1>>% Damage to everyone but taunter.; 42 = Inflicting <<1>>% Damage to de-taunter.; 43 = Inflicting <<1>>% Damage to everyone but taunter."
"data/gamedata/tintpalette_equipment.csv","Blue",4,"data/strings/english/dyenames.txt",121,121,1.0000,1.0000,"2 = Medium Sky Blue; 12 = Light Seafoam; 17 = Medium Olive"
"data/gamedata/tintpalette_equipment.csv","Blue",4,"data/strings/english/emotes.txt",121,121,1.0000,1.0000,"2 = You wave.; 12 = You beg.  Have you no shame?; 17 = You point."
"data/gamedata/tintpalette_equipment.csv","Blue",4,"data/strings/english/objectivenames.txt",121,121,1.0000,0.7072,"2 = The Lookout; 12 = Broketoof Camp; 17 = The Siege of Komar"
"data/gamedata/tintpalette_equipment.csv","Blue",4,"data/strings/english/packageinfo.txt",121,121,1.0000,1.0000,""
"data/gamedata/tintpalette_equipment.csv","Blue",4,"data/strings/english/packagenames.txt",121,121,1.0000,1.0000,"2 = Me Ol' Shield; 12 = Me Ancestor's Ol' Spanner; 17 = Me Well Worn Pants"
"data/gamedata/tintpalette_equipment.csv","Blue",4,"data/strings/english/scenariolobby.txt",121,121,1.0000,1.0000,""
"data/gamedata/tintpalette_equipment.csv","Blue",4,"data/strings/english/scenarionames.txt",121,121,1.0000,1.0000,""
"data/gamedata/tintpalette_equipment.csv","Blue",4,"data/strings/english/scenarioscore.txt",121,121,1.0000,1.0000,""
"data/gamedata/tintpalette_equipment.csv","Blue",4,"data/gamedata/anim_statedef.csv",121,120,0.9917,0.1627,"2 = Portrait-st; 12 = Un-Strafe BL; 17 = Sink"
"data/gamedata/tintpalette_equipment.csv","Blue",4,"data/gamedata/effects.csv",121,119,0.9835,0.8188,"2 = Big Claw; 12 = Goop Shootin'; 17 = Bad Breath Sub"
"data/gamedata/tintpalette_equipment.csv","Blue",4,"data/gamedata/anim_db.csv",121,118,0.9752,0.0910,"2 = DEM_Un_Int_wobble; 12 = null-inloop; 21 = Disc_Atk_Aggro"
"data/gamedata/tintpalette_equipment.csv","Blue",4,"data/gamedata/emotedata.csv",121,118,0.9752,1.0000,"2 = 6; 12 = 0; 17 = 81"
"data/gamedata/tintpalette_equipment.csv","Blue",4,"data/gamedata/monsters.csv",121,118,0.9752,0.6706,"2 = Placeholder nude; 12 = Greenskin Black Orc Nude; 17 = Dwarf Ironbreaker Female Nude"
"data/gamedata/tintpalette_equipment.csv","Blue",4,"data/strings/english/abilityeffect.txt",121,117,0.9669,1.0000,"100 = You are not Berserk; 102 = You must be wielding a shield; 103 = That is a passive ability"
"data/gamedata/tintpalette_equipment.csv","Blue",4,"data/gamedata/effectdef.csv",121,116,0.9587,0.9938,"2 = spark hit; 12 = Power Chop; 17 = Big Brains"
"data/gamedata/tintpalette_equipment.csv","Blue",4,"data/strings/english/npctitles.txt",121,112,0.9256,1.0000,"2 = Career Trainer; 12 = Weapon Merchant; 17 = Rally Master"
"data/gamedata/tintpalette_equipment.csv","Blue",4,"data/gamedata/siegeweapondata.csv",121,110,0.9091,1.0000,"2 = Tier 2 Empire Oil; 12 = Tier 2 Dwarf Cannon; 17 = Tier 2 High Elf Ram"
"data/gamedata/tintpalette_equipment.csv","Blue",4,"data/strings/english/helptipdesc.txt",121,110,0.9091,1.0000,"2 = To use an ability, click on its icon in the Action Bar. Most abilities will assist you in combat.; 12 = Battlefield Objectives grant Victory Points to whichever realm controls them. Capturing Battlefield Objectives helps your realm gain victory in the campaign! Open your map (M) to see the location of this zone's Battlefield Objectives.; 17 = Buzzing flies above a dead monster show that you can now harvest that monster using the butchering skill."
"data/gamedata/tintpalette_equipment.csv","Blue",4,"data/strings/english/helptipdescalt.txt",121,110,0.9091,1.0000,"17 = Buzzing flies above a dead monster show that you can harvest that monster using the butchering skill.; 30 = A crafter with the Apothecary skill can use ingredients to create potions.; 31 = Players with the Cultivating skill can grow seeds and spores into Apothecary ingredients."
"data/gamedata/tintpalette_equipment.csv","Blue",4,"data/strings/english/helptipnames.txt",121,110,0.9091,1.0000,"2 = Action Bar; 12 = Battlefield Objectives; 17 = Butchering II"
"data/gamedata/anim_core.csv","Spinetwist",20,"data/gamedata/anim_db.csv",119,119,1.0000,0.0910,"615 = Or_Un_Cor_Spinetwist; 1015 = Go_Un_Cor_Spinetwist; 2015 = DwM_Un_Cor_Spinetwist"
"data/gamedata/anim_grip_unarmed.csv","Un_Atk_Stab",125,"data/gamedata/anim_db.csv",115,114,0.9913,0.0910,"703 = Or_Un_Cor_Ready; 1103 = Go_Un_Cor_Ready; 2103 = DwM_Un_Cor_Ready"
"data/gamedata/anim_grip_unarmed.csv","Un_Atk_Chop",126,"data/gamedata/anim_db.csv",115,114,0.9913,0.0910,"703 = Or_Un_Cor_Ready; 1103 = Go_Un_Cor_Ready; 2103 = DwM_Un_Cor_Ready"
"data/gamedata/anim_grip_unarmed.csv","Un_Atk_Stab",125,"data/gamedata/itemdata.csv",115,113,0.9826,1.0000,"100 = 1008; 200 = 1060; 703 = 670"
"data/gamedata/anim_grip_unarmed.csv","Un_Atk_Chop",126,"data/gamedata/itemdata.csv",115,113,0.9826,1.0000,"100 = 1008; 200 = 1060; 703 = 670"
"data/gamedata/anim_coregg.csv","Cor_Ready-lo",8,"data/gamedata/anim_db.csv",113,113,1.0000,0.0910,"603 = Or_Un_Cor_Ready-lo; 1003 = Go_Un_Cor_Ready-lo; 2003 = DwM_Un_Cor_Ready-lo"
"data/gamedata/anim_coregg.csv","Cor_Ready-lo",8,"data/gamedata/itemdata.csv",113,113,1.0000,1.0000,"1003 = 796; 6003 = 1274; 7003 = 1873"
"data/gamedata/anim_grip_unarmed.csv","_Rude_Brandish-inloop",77,"data/gamedata/anim_db.csv",113,112,0.9912,0.0910,"124 = Or_Th_Cor_Rez; 776 = Or_Un_Int_Rude_brandish-Inloop; 1176 = Go_Un_Int_Rude_brandish-Inloop"
"data/gamedata/anim_coregg.csv","Cor_Run-lo",12,"data/gamedata/anim_db.csv",112,112,1.0000,0.0910,"1 = null-inloop; 607 = Or_Un_Cor_Run-lo; 1007 = Go_Un_Cor_Run-lo"
"data/gamedata/anim_coregg.csv","Cor_Run-lo",12,"data/gamedata/itemdata.csv",112,112,1.0000,1.0000,"1 = 4111; 1007 = 382; 6007 = 1176"
"data/gamedata/anim_mount_unarmed.csv","Cor_Run-lo",19,"data/gamedata/anim_db.csv",112,112,1.0000,0.0910,"718 = Or_Un_Cor_Down-in; 1118 = Go_Un_Cor_Down-in; 2118 = DwM_Un_Cor_Down-in"
"data/gamedata/anim_grip_unarmed.csv","_Rude_Brandish-in",76,"data/gamedata/anim_db.csv",112,111,0.9911,0.0910,"25 = EMM_dor_hover-active; 123 = Or_Th_Cor_Die-out; 775 = Or_Un_Int_Rude_brandish-In"
"data/gamedata/anim_grip_unarmed.csv","_Rude_Brandish-Active",78,"data/gamedata/anim_db.csv",112,111,0.9911,0.0910,"125 = Or_Th_Cor_Rez2; 777 = Or_Un_Int_Rude_brandish-Active; 1177 = Go_Un_Int_Rude_brandish-Active"
"data/gamedata/anim_mount_unarmed.csv","Cor_Run-lo",19,"data/gamedata/itemdata.csv",112,103,0.9196,1.0000,"718 = 685; 1118 = 423; 6118 = 1276"
"data/gamedata/anim_grip_unarmed.csv","_Rude_Brandish-ActiveLoop",79,"data/gamedata/anim_db.csv",111,110,0.9910,0.0910,"126 = Or_Th_Atk_Aggro-in; 778 = Or_Un_Int_Rude_brandish-ActiveLoop; 1178 = Go_Un_Int_Rude_brandish-ActiveLoop"
"data/gamedata/anim_grip_unarmed.csv","_Rude_Brandish-Out",80,"data/gamedata/anim_db.csv",111,110,0.9910,0.0910,"127 = Or_Th_Atk_Aggro; 779 = Or_Un_Int_Rude_brandish-Out; 1179 = Go_Un_Int_Rude_brandish-Out"
"data/gamedata/anim_grip_unarmed.csv","_Rude_Beckon-in",81,"data/gamedata/anim_db.csv",111,110,0.9910,0.0910,"128 = Or_Th_Atk_Aggro-out; 780 = Or_Un_Int_Rude_Beckon-In; 1180 = Go_Un_Int_Rude_Beckon-In"
"data/gamedata/anim_grip_unarmed.csv","_Rude_Beckon-inloop",82,"data/gamedata/anim_db.csv",111,110,0.9910,0.0910,"129 = Or_Th_Atk_A-in; 781 = Or_Un_Int_Rude_Beckon-Inloop; 1181 = Go_Un_Int_Rude_Beckon-Inloop"
"data/gamedata/anim_grip_unarmed.csv","_Rude_Beckon-Active",83,"data/gamedata/anim_db.csv",111,110,0.9910,0.0910,"130 = Or_Th_Atk_A-Build; 782 = Or_Un_Int_Rude_Beckon-Active; 1182 = Go_Un_Int_Rude_Beckon-Active"
"data/gamedata/anim_grip_unarmed.csv","_Rude_Beckon-ActiveLoop",84,"data/gamedata/anim_db.csv",111,110,0.9910,0.0910,"131 = Or_Th_Atk_AA; 783 = Or_Un_Int_Rude_Beckon-ActiveLoop; 1183 = Go_Un_Int_Rude_Beckon-ActiveLoop"
"data/gamedata/anim_grip_unarmed.csv","_Rude_Beckon-Out",85,"data/gamedata/anim_db.csv",111,110,0.9910,0.0910,"132 = Or_Th_Atk_AB; 784 = Or_Un_Int_Rude_Beckon-Out; 1184 = Go_Un_Int_Rude_Beckon-Out"
"data/gamedata/anim_coregg.csv","Cor_Die-in",32,"data/gamedata/anim_db.csv",110,110,1.0000,0.0910,"721 = Or_Un_Cor_Die-in; 1121 = Go_Un_Cor_Die-in; 2121 = DwM_Un_Cor_Die-in"
"data/gamedata/anim_coregg.csv","Cor_Die-in",32,"data/gamedata/itemdata.csv",110,110,1.0000,1.0000,"721 = 688; 1121 = 1279; 6121 = 1160"
"data/gamedata/anim_grip_unarmed.csv","_Atk_Aggro",28,"data/gamedata/anim_db.csv",110,109,0.9909,0.0910,"727 = Or_Un_Atk_Aggro; 1127 = Go_Un_Atk_Aggro; 2127 = DwM_Un_Atk_Aggro"
"data/gamedata/anim_coregg.csv","Cor_Die-out",34,"data/gamedata/anim_db.csv",107,107,1.0000,0.0910,"723 = Or_Un_Cor_Die-out; 1123 = Go_Un_Cor_Die-out; 2123 = DwM_Un_Cor_Die-out"
"data/gamedata/anim_coregg.csv","Cor_Die-out",34,"data/gamedata/itemdata.csv",107,107,1.0000,1.0000,"723 = 690; 1123 = 405; 6123 = 1220"
"data/gamedata/anim_mount_unarmedsdf.csv","Cor_Run-lo",19,"data/gamedata/anim_db.csv",107,107,1.0000,0.0910,"718 = Or_Un_Cor_Down-in; 1118 = Go_Un_Cor_Down-in; 2118 = DwM_Un_Cor_Down-in"
"data/gamedata/anim_grip_unarmed.csv","_Atk_Auto1",64,"data/gamedata/anim_db.csv",107,106,0.9907,0.0910,"111 = Or_Th_Cor_Land; 763 = Or_Un_Atk_Auto1; 1163 = Go_Un_Atk_Auto1"
"data/gamedata/anim_mount_unarmedsdf.csv","Cor_Run-lo",19,"data/gamedata/itemdata.csv",107,104,0.9720,1.0000,"718 = 685; 1118 = 423; 6118 = 1276"
"data/gamedata/anim_grip_unarmed.csv","_Cor_Die-in",22,"data/gamedata/anim_db.csv",106,105,0.9906,0.0910,"721 = Or_Un_Cor_Die-in; 1121 = Go_Un_Cor_Die-in; 2121 = DwM_Un_Cor_Die-in"
"data/gamedata/anim_grip_unarmed.csv","_Atk_Auto2",65,"data/gamedata/anim_db.csv",106,105,0.9906,0.0910,"112 = Or_Th_Cor_Flinch; 764 = Or_Un_Atk_Auto2; 1164 = Go_Un_Atk_Auto2"
"data/gamedata/anim_coregg.csv","Cor_Die",33,"data/gamedata/anim_db.csv",105,105,1.0000,0.0910,"722 = Or_Un_Cor_Die; 1122 = Go_Un_Cor_Die; 2122 = DwM_Un_Cor_Die"
"data/gamedata/anim_coregg.csv","Cor_Die",33,"data/gamedata/itemdata.csv",105,105,1.0000,1.0000,"722 = 689; 1122 = 397; 6122 = 1184"
"data/gamedata/anim_statedef.csv","Anim ID",13,"data/gamedata/abilities.csv",105,105,1.0000,0.9581,"1 = Ard Noggin; 9 = Poisoned Spine; 11 = Head Butt"
"data/gamedata/anim_statedef.csv","Anim ID",13,"data/gamedata/anim_db.csv",105,105,1.0000,0.0910,"1 = null-inloop; 4 = orc_idle_lower; 9 = Root_R45"
"data/gamedata/anim_statedef.csv","Anim ID",13,"data/gamedata/anim_scripts.csv",105,105,1.0000,1.0000,"1 = Fidget; 4 = Cheer; 9 = Tauntin'"
"data/gamedata/anim_statedef.csv","Anim ID",13,"data/gamedata/effectlists.csv",105,105,1.0000,0.9977,"1 = standard bloodsplat hit; 4 = NULL; 9 = Lil Heal"
"data/gamedata/anim_statedef.csv","Anim ID",13,"data/gamedata/effectnifs.csv",105,105,1.0000,0.9997,"1 = empty; 4 = vfx_orc_CastingLoop_L1; 9 = vfx_orc_T3_GoodHeal"
"data/gamedata/anim_statedef.csv","Anim ID",13,"data/gamedata/itemdata.csv",105,105,1.0000,1.0000,"1 = 4111; 4 = 2486; 9 = 20"
"data/gamedata/anim_statedef.csv","Anim ID",13,"data/gamedata/items.csv",105,105,1.0000,0.9889,"1 = WORLD OBJ QI_Dw_coffin01; 4 = WORLD OBJ dw_ropecoil01; 9 = WORLD OBJ or_banner06"
"data/gamedata/anim_statedef.csv","Anim ID",13,"data/gamedata/jumppoints.csv",105,105,1.0000,1.0000,"1 = MountBloodhorn; 4 = BlackCrag; 9 = Stonewatch"
"data/gamedata/anim_statedef.csv","Anim ID",13,"data/gamedata/objects.csv",105,105,1.0000,1.0000,"1 = WORLD OBJ QI_Dw_coffin01; 4 = WORLD OBJ dw_ropecoil01; 9 = WORLD OBJ or_banner06"
"data/gamedata/anim_statedef.csv","Anim ID",13,"data/gamedata/packages.csv",105,105,1.0000,1.0000,"1 = 0; 4 = 0; 9 = 0"
"data/gamedata/anim_statedef.csv","Anim ID",13,"data/gamedata/pregame_features.csv",105,105,1.0000,1.0000,"1 = MALE; 4 = MALE; 9 = MALE"
"data/gamedata/anim_statedef.csv","Anim ID",13,"data/strings/english/abilitydesc.txt",105,105,1.0000,1.0000,"1 = A powerful attack that deals {COM_0_VAL0_DAMAGE} and reduces the threat generated by your pet's next attack.; 9 = Your Squig gores its target, dealing {COM_0_VAL0_DAMAGE} and an additional {ABIL_3881_COM_0_VAL0_TOD_DAMAGE} over {ABIL_3881_COM_0_DURA_SECONDS}.; 11 = Your Squig sprays out corrosive slime towards an enemy, dealing {COM_0_VAL0_DAMAGE} to all targets within {COM_0_RADI_FEET} of the victim."
"data/gamedata/anim_statedef.csv","Anim ID",13,"data/strings/english/abilitynames.txt",105,105,1.0000,1.0000,"1 = Ard Noggin^n; 9 = Gore^n; 11 = Goop Shootin'^n"
"data/gamedata/anim_statedef.csv","Anim ID",13,"data/strings/english/bindlocations.txt",105,105,1.0000,1.0000,"1 = Skarzag's Stompin Grounds; 4 = Dis Gorgor's Smash; 9 = Mobash's Place"
"data/gamedata/anim_statedef.csv","Anim ID",13,"data/strings/english/componenteffects.txt",105,105,1.0000,1.0000,"43 = Inflicting <<1>>% Damage to everyone but taunter.; 44 = Inflicting <<1>>% Damage to de-taunter.; 45 = Inflicting <<1>>% Damage to everyone but taunter."
"data/gamedata/anim_statedef.csv","Anim ID",13,"data/strings/english/dyenames.txt",105,105,1.0000,1.0000,"1 = Dark Sky Blue; 4 = Dark Navy Blue; 9 = Light Sea Blue"
"data/gamedata/anim_statedef.csv","Anim ID",13,"data/strings/english/emotes.txt",105,105,1.0000,1.0000,"1 = wave; 4 = <<CA:1>> waves.; 9 = <<CA:1>> bows low."
"data/gamedata/anim_statedef.csv","Anim ID",13,"data/strings/english/objectivenames.txt",105,105,1.0000,0.7072,"1 = Cannon Battery; 4 = Ugrog's Rage; 9 = Kron Komar Gap"
"data/gamedata/anim_statedef.csv","Anim ID",13,"data/strings/english/packageinfo.txt",105,105,1.0000,1.0000,""
"data/gamedata/anim_statedef.csv","Anim ID",13,"data/strings/english/packagenames.txt",105,105,1.0000,1.0000,"1 = Me Ol' Choppa; 4 = Dat Ol' Choppa; 9 = Me Ancestor's Ol' Shield"
"data/gamedata/anim_statedef.csv","Anim ID",13,"data/strings/english/scenariolobby.txt",105,105,1.0000,1.0000,""
"data/gamedata/anim_statedef.csv","Anim ID",13,"data/strings/english/scenarionames.txt",105,105,1.0000,1.0000,""
"data/gamedata/anim_statedef.csv","Anim ID",13,"data/strings/english/scenarioscore.txt",105,105,1.0000,1.0000,""
"data/gamedata/anim_statedef.csv","Anim ID",13,"data/gamedata/effectdef.csv",105,103,0.9810,0.9938,"1 = standard bloodsplat hit; 4 = Waagh Shout; 9 = Lil Heal"
"data/gamedata/anim_statedef.csv","Anim ID",13,"data/gamedata/monsters.csv",105,102,0.9714,0.6706,"1 = PLACEHOLDER - Snotling Common; 4 = Placeholder nude; 9 = Placeholder nude"
"data/gamedata/anim_statedef.csv","Anim ID",13,"data/gamedata/effects.csv",105,99,0.9429,0.8188,"1 = Ard Noggin; 9 = Poisoned Spine; 11 = Head Butt"
"data/gamedata/anim_statedef.csv","Anim ID",13,"data/strings/english/abilityeffect.txt",105,98,0.9333,1.0000,"100 = You are not Berserk; 102 = You must be wielding a shield; 103 = That is a passive ability"
"data/gamedata/anim_grip_unarmed.csv","_Rude_Halt-in",86,"data/gamedata/anim_db.csv",104,103,0.9904,0.0910,"133 = Or_Th_Atk_AC; 785 = Or_Un_Int_Rude_Halt-In; 1185 = Go_Un_Int_Rude_Halt-In"
"data/gamedata/anim_grip_unarmed.csv","_Rude_Halt-inloop",87,"data/gamedata/anim_db.csv",104,103,0.9904,0.0910,"134 = Or_Th_Atk_A-out; 786 = Or_Un_Int_Rude_Halt-Inloop; 1186 = Go_Un_Int_Rude_Halt-Inloop"
"data/gamedata/anim_grip_unarmed.csv","_Rude_Halt-Active",88,"data/gamedata/anim_db.csv",104,103,0.9904,0.0910,"135 = Or_Th_Atk_B-in; 787 = Or_Un_Int_Rude_Halt-Active; 1187 = Go_Un_Int_Rude_Halt-Active"
"data/gamedata/anim_grip_unarmed.csv","_Rude_Halt-ActiveLoop",89,"data/gamedata/anim_db.csv",104,103,0.9904,0.0910,"136 = Or_Th_Atk_B-Build; 788 = Or_Un_Int_Rude_Halt-ActiveLoop; 1188 = Go_Un_Int_Rude_Halt-ActiveLoop"
"data/gamedata/anim_grip_unarmed.csv","_Rude_Halt-Out",90,"data/gamedata/anim_db.csv",104,103,0.9904,0.0910,"137 = Or_Th_Atk_BB; 789 = Or_Un_Int_Rude_Halt-Out; 1189 = Go_Un_Int_Rude_Halt-Out"
"data/gamedata/anim_mount_unarmed.csv","Cor_Run-lo",213,"data/gamedata/anim_db.csv",104,103,0.9904,0.0910,"718 = Or_Un_Cor_Down-in; 1118 = Go_Un_Cor_Down-in; 2118 = DwM_Un_Cor_Down-in"
"data/gamedata/anim_mount_unarmed.csv","Cor_Run-lo",213,"data/gamedata/itemdata.csv",104,97,0.9327,1.0000,"718 = 685; 1118 = 423; 6118 = 1276"
"data/gamedata/anim_mount_unarmed.csv","Cor_Walk-lo",17,"data/gamedata/anim_db.csv",102,102,1.0000,0.0910,"716 = Or_Un_Cor_Stun; 1116 = Go_Un_Cor_Stun; 2116 = DwM_Un_Cor_Stun"
"data/gamedata/anim_grip_unarmed.csv","_Cor_Die-out",24,"data/gamedata/anim_db.csv",102,101,0.9902,0.0910,"723 = Or_Un_Cor_Die-out; 1123 = Go_Un_Cor_Die-out; 2123 = DwM_Un_Cor_Die-out"
"data/gamedata/anim_grip_unarmed.csv","_Atk_Aggro-in",27,"data/gamedata/anim_db.csv",102,101,0.9902,0.0910,"726 = Or_Un_Atk_Aggro-in; 1126 = Go_Un_Atk_Aggro-in; 2126 = DwM_Un_Atk_Aggro-in"
"data/gamedata/anim_grip_unarmed.csv","_Atk_Aggro-out",29,"data/gamedata/anim_db.csv",102,101,0.9902,0.0910,"728 = Or_Un_Atk_Aggro-out; 1128 = Go_Un_Atk_Aggro-out; 2128 = DwM_Un_Atk_Aggro-out"
"data/gamedata/anim_mount_unarmed.csv","Cor_Walk-lo",17,"data/gamedata/itemdata.csv",102,93,0.9118,1.0000,"100 = 1008; 716 = 683; 1116 = 405"
"data/gamedata/anim_coregg.csv","Cor_Walk-lo",10,"data/gamedata/anim_db.csv",101,101,1.0000,0.0910,"605 = Or_Un_Cor_Walk-lo; 1005 = Go_Un_Cor_Walk-lo; 2005 = DwM_Un_Cor_Walk-lo"
"data/gamedata/anim_coregg.csv","Cor_Walk-lo",10,"data/gamedata/itemdata.csv",101,101,1.0000,1.0000,"100 = 1008; 1005 = 955; 6005 = 1280"
"data/gamedata/anim_grip_handweapons.csv","Cor_Die-in",253,"data/gamedata/anim_db.csv",100,100,1.0000,0.0910,"721 = Or_Un_Cor_Die-in; 1121 = Go_Un_Cor_Die-in; 2121 = DwM_Un_Cor_Die-in"
"data/gamedata/anim_grip_staff.csv","Cor_Die-in",253,"data/gamedata/anim_db.csv",100,100,1.0000,0.0910,"721 = Or_Un_Cor_Die-in; 1121 = Go_Un_Cor_Die-in; 2121 = DwM_Un_Cor_Die-in"
"data/gamedata/anim_grip_unarmed.csv","_Cor_Die",23,"data/gamedata/anim_db.csv",100,100,1.0000,0.0910,"50 = disc_stomp-inloop; 150 = Or_Th_Atk_DB; 250 = Or_Dw_Atk_DB"
"data/gamedata/anim_grip_unarmed.csv","_Cor_Jump",10,"data/gamedata/anim_db.csv",100,99,0.9900,0.0910,"20 = Disc_Atk_Aggro-in; 25 = EMM_dor_hover-active; 709 = Or_Un_Cor_Jump"
"data/gamedata/anim_grip_handweapons.csv","Cor_Die-in",253,"data/gamedata/itemdata.csv",100,98,0.9800,1.0000,"721 = 688; 1121 = 1279; 6121 = 1160"
"data/gamedata/anim_grip_staff.csv","Cor_Die-in",253,"data/gamedata/itemdata.csv",100,98,0.9800,1.0000,"721 = 688; 1121 = 1279; 6121 = 1160"
"data/gamedata/anim_coregg.csv","Spinetwist",20,"data/gamedata/anim_db.csv",99,99,1.0000,0.0910,"615 = Or_Un_Cor_Spinetwist; 1015 = Go_Un_Cor_Spinetwist; 2015 = DwM_Un_Cor_Spinetwist"
"data/gamedata/anim_coregg.csv","Spinetwist",20,"data/gamedata/itemdata.csv",99,99,1.0000,1.0000,"1015 = 387; 6015 = 1273; 7015 = 1874"
"data/gamedata/anim_grip_thrown.csv","Cor_Die-in",253,"data/gamedata/anim_db.csv",99,99,1.0000,0.0910,"721 = Or_Un_Cor_Die-in; 1121 = Go_Un_Cor_Die-in; 2121 = DwM_Un_Cor_Die-in"
"data/gamedata/anim_grip_thrown.csv","Cor_Die-in",253,"data/gamedata/itemdata.csv",99,99,1.0000,1.0000,"721 = 688; 1121 = 1279; 6121 = 1160"
"data/gamedata/anim_grip_unarmed.csv","_Cor_Land",12,"data/gamedata/anim_db.csv",99,98,0.9899,0.0910,"711 = Or_Un_Cor_Land; 1111 = Go_Un_Cor_Land; 2111 = DwM_Un_Cor_Land"
"data/gamedata/anim_grip_dualdagger.csv","Cor_Die-in",253,"data/gamedata/anim_db.csv",98,98,1.0000,0.0910,"721 = Or_Un_Cor_Die-in; 1121 = Go_Un_Cor_Die-in; 2121 = DwM_Un_Cor_Die-in"
"data/gamedata/anim_grip_dualdagger.csv","Cor_Die-in",253,"data/gamedata/itemdata.csv",98,98,1.0000,1.0000,"721 = 688; 1121 = 1279; 6121 = 1160"
"data/gamedata/anim_grip_pole.csv","Cor_Die-in",253,"data/gamedata/anim_db.csv",98,98,1.0000,0.0910,"721 = Or_Un_Cor_Die-in; 1121 = Go_Un_Cor_Die-in; 2121 = DwM_Un_Cor_Die-in"
"data/gamedata/anim_grip_pole.csv","Cor_Die-in",253,"data/gamedata/itemdata.csv",98,98,1.0000,1.0000,"721 = 688; 1121 = 1279; 6121 = 1160"
"data/gamedata/anim_grip_rifle.csv","Cor_Die-in",253,"data/gamedata/anim_db.csv",98,98,1.0000,0.0910,"721 = Or_Un_Cor_Die-in; 1121 = Go_Un_Cor_Die-in; 2121 = DwM_Un_Cor_Die-in"
"data/gamedata/anim_grip_rifle.csv","Cor_Die-in",253,"data/gamedata/itemdata.csv",98,98,1.0000,1.0000,"721 = 688; 1121 = 1279; 6121 = 1160"
"data/gamedata/anim_grip_unarmed.csv","Cor_Die-in",253,"data/gamedata/anim_db.csv",98,98,1.0000,0.0910,"721 = Or_Un_Cor_Die-in; 1121 = Go_Un_Cor_Die-in; 2121 = DwM_Un_Cor_Die-in"
"data/gamedata/anim_grip_unarmed.csv","_Cor_Fall",11,"data/gamedata/anim_db.csv",98,97,0.9898,0.0910,"710 = Or_Un_Cor_Fall; 1110 = Go_Un_Cor_Fall; 2110 = DwM_Un_Cor_Fall"
"data/gamedata/anim_grip_unarmed.csv","Cor_Die-in",253,"data/gamedata/itemdata.csv",98,96,0.9796,1.0000,"721 = 688; 1121 = 1279; 6121 = 1160"
"data/gamedata/anim_grip_dagger.csv","Cor_Die-in",253,"data/gamedata/anim_db.csv",97,97,1.0000,0.0910,"721 = Or_Un_Cor_Die-in; 1121 = Go_Un_Cor_Die-in; 2121 = DwM_Un_Cor_Die-in"
"data/gamedata/anim_grip_dagger.csv","Cor_Die-in",253,"data/gamedata/itemdata.csv",97,97,1.0000,1.0000,"721 = 688; 1121 = 1279; 6121 = 1160"
"data/gamedata/anim_grip_daggerfetish.csv","Cor_Die-in",253,"data/gamedata/anim_db.csv",97,97,1.0000,0.0910,"721 = Or_Un_Cor_Die-in; 1121 = Go_Un_Cor_Die-in; 2121 = DwM_Un_Cor_Die-in"
"data/gamedata/anim_grip_daggerfetish.csv","Cor_Die-in",253,"data/gamedata/itemdata.csv",97,97,1.0000,1.0000,"721 = 688; 1121 = 1279; 6121 = 1160"
"data/gamedata/anim_grip_dualwield.csv","Cor_Die-in",253,"data/gamedata/anim_db.csv",97,97,1.0000,0.0910,"721 = Or_Un_Cor_Die-in; 1121 = Go_Un_Cor_Die-in; 2121 = DwM_Un_Cor_Die-in"
"data/gamedata/anim_grip_handweaponpistol.csv","Cor_Die-in",253,"data/gamedata/anim_db.csv",97,97,1.0000,0.0910,"721 = Or_Un_Cor_Die-in; 1121 = Go_Un_Cor_Die-in; 2121 = DwM_Un_Cor_Die-in"
"data/gamedata/anim_grip_handweaponpistol.csv","Cor_Die-in",253,"data/gamedata/itemdata.csv",97,97,1.0000,1.0000,"721 = 688; 1121 = 1279; 6121 = 1160"
"data/gamedata/anim_grip_handweaponshield.csv","Cor_Die-in",253,"data/gamedata/anim_db.csv",97,97,1.0000,0.0910,"721 = Or_Un_Cor_Die-in; 1121 = Go_Un_Cor_Die-in; 2121 = DwM_Un_Cor_Die-in"
"data/gamedata/anim_grip_handweaponshield.csv","Cor_Die-in",253,"data/gamedata/itemdata.csv",97,97,1.0000,1.0000,"721 = 688; 1121 = 1279; 6121 = 1160"
"data/gamedata/anim_grip_spearshield.csv","Cor_Die-in",253,"data/gamedata/anim_db.csv",97,97,1.0000,0.0910,"721 = Or_Un_Cor_Die-in; 1121 = Go_Un_Cor_Die-in; 2121 = DwM_Un_Cor_Die-in"
"data/gamedata/anim_grip_spearshield.csv","Cor_Die-in",253,"data/gamedata/itemdata.csv",97,97,1.0000,1.0000,"721 = 688; 1121 = 1279; 6121 = 1160"
"data/gamedata/anim_grip_unarmed.csv","_Cor_Down-out",21,"data/gamedata/anim_db.csv",97,97,1.0000,0.0910,"25 = EMM_dor_hover-active; 720 = Or_Un_Cor_Down-out; 1120 = Go_Un_Cor_Down-out"
"data/gamedata/anim_mount_unarmedsdf.csv","Cor_Walk-lo",17,"data/gamedata/anim_db.csv",97,97,1.0000,0.0910,"716 = Or_Un_Cor_Stun; 1116 = Go_Un_Cor_Stun; 2116 = DwM_Un_Cor_Stun"
"data/gamedata/anim_grip_dualwield.csv","Cor_Die-in",253,"data/gamedata/itemdata.csv",97,96,0.9897,1.0000,"721 = 688; 1121 = 1279; 6121 = 1160"
"data/gamedata/anim_mount_unarmedsdf.csv","Cor_Walk-lo",17,"data/gamedata/itemdata.csv",97,94,0.9691,1.0000,"100 = 1008; 716 = 683; 1116 = 405"
"data/gamedata/anim_core.csv","Cor_Jump-lo",14,"data/gamedata/anim_db.csv",96,96,1.0000,0.0910,"20 = Disc_Atk_Aggro-in; 609 = Or_Un_Cor_Jump-lo; 1009 = Go_Un_Cor_Jump-lo"
"data/gamedata/anim_core.csv","Cor_Fall-lo",15,"data/gamedata/anim_db.csv",96,96,1.0000,0.0910,"25 = EMM_dor_hover-active; 610 = Or_Un_Cor_Fall-lo; 1010 = Go_Un_Cor_Fall-lo"
"data/gamedata/anim_core.csv","Cor_Land-lo",16,"data/gamedata/anim_db.csv",96,96,1.0000,0.0910,"611 = Or_Un_Cor_Land-lo; 1011 = Go_Un_Cor_Land-lo; 2011 = DwM_Un_Cor_Land-lo"
"data/gamedata/anim_grip_unarmed.csv","_Cor_Stun-in",16,"data/gamedata/anim_db.csv",96,96,1.0000,0.0910,"50 = disc_stomp-inloop; 715 = Or_Un_Cor_Stun-in; 1115 = Go_Un_Cor_Stun-in"
"data/gamedata/anim_grip_unarmed.csv","_Cor_Stun-out",18,"data/gamedata/anim_db.csv",96,96,1.0000,0.0910,"150 = Or_Th_Atk_DB; 717 = Or_Un_Cor_Stun-out; 1117 = Go_Un_Cor_Stun-out"
"data/gamedata/anim_grip_unarmed.csv","_Cor_Down-in",19,"data/gamedata/anim_db.csv",96,96,1.0000,0.0910,"718 = Or_Un_Cor_Down-in; 1118 = Go_Un_Cor_Down-in; 2118 = DwM_Un_Cor_Down-in"
"data/gamedata/anim_grip_unarmed.csv","_Cor_Down",20,"data/gamedata/anim_db.csv",96,96,1.0000,0.0910,"719 = Or_Un_Cor_Down; 1119 = Go_Un_Cor_Down; 2119 = DwM_Un_Cor_Down"
"data/gamedata/anim_grip_greataxe.csv","Cor_Die-in",253,"data/gamedata/anim_db.csv",95,95,1.0000,0.0910,"721 = Or_Un_Cor_Die-in; 1121 = Go_Un_Cor_Die-in; 2121 = DwM_Un_Cor_Die-in"
"data/gamedata/anim_grip_greataxe.csv","Cor_Die-in",253,"data/gamedata/itemdata.csv",95,95,1.0000,1.0000,"721 = 688; 1121 = 1279; 6121 = 1160"
"data/gamedata/anim_grip_greatsword.csv","Cor_Die-in",253,"data/gamedata/anim_db.csv",95,95,1.0000,0.0910,"721 = Or_Un_Cor_Die-in; 1121 = Go_Un_Cor_Die-in; 2121 = DwM_Un_Cor_Die-in"
"data/gamedata/anim_grip_greatsword.csv","Cor_Die-in",253,"data/gamedata/itemdata.csv",95,95,1.0000,1.0000,"721 = 688; 1121 = 1279; 6121 = 1160"
"data/gamedata/anim_grip_handweapons.csv","Cor_Die",254,"data/gamedata/anim_db.csv",95,95,1.0000,0.0910,"722 = Or_Un_Cor_Die; 1122 = Go_Un_Cor_Die; 2122 = DwM_Un_Cor_Die"
"data/gamedata/anim_grip_staff.csv","Cor_Die",254,"data/gamedata/anim_db.csv",95,95,1.0000,0.0910,"722 = Or_Un_Cor_Die; 1122 = Go_Un_Cor_Die; 2122 = DwM_Un_Cor_Die"
"data/gamedata/anim_grip_unarmed.csv","_Cor_Stun",17,"data/gamedata/anim_db.csv",95,95,1.0000,0.0910,"716 = Or_Un_Cor_Stun; 1116 = Go_Un_Cor_Stun; 2116 = DwM_Un_Cor_Stun"
"data/gamedata/jumppoints.csv","col2",2,"data/gamedata/abilities.csv",95,95,1.0000,0.9581,"1 = Ard Noggin; 2 = Big Claw; 3 = Bounce"
"data/gamedata/jumppoints.csv","col2",2,"data/gamedata/anim_db.csv",95,95,1.0000,0.0910,"1 = null-inloop; 2 = DEM_Un_Int_wobble; 3 = aim"
"data/gamedata/jumppoints.csv","col2",2,"data/gamedata/anim_scripts.csv",95,95,1.0000,1.0000,"1 = Fidget; 2 = Aggro; 3 = die"
"data/gamedata/jumppoints.csv","col2",2,"data/gamedata/effectlists.csv",95,95,1.0000,0.9977,"1 = standard bloodsplat hit; 2 = spark hit; 3 = flash hit with spiky bits"
"data/gamedata/jumppoints.csv","col2",2,"data/gamedata/itemdata.csv",95,95,1.0000,1.0000,"1 = 4111; 2 = 0; 3 = 0"
"data/gamedata/jumppoints.csv","col2",2,"data/gamedata/objects.csv",95,95,1.0000,1.0000,"1 = WORLD OBJ QI_Dw_coffin01; 2 = WORLD OBJ or_roadwall_pillar; 3 = WORLD OBJ dw_mine_wallsupport"
"data/gamedata/jumppoints.csv","col2",2,"data/gamedata/packages.csv",95,95,1.0000,1.0000,"1 = 0; 2 = 0; 3 = 0"
"data/gamedata/jumppoints.csv","col2",2,"data/strings/english/abilitydesc.txt",95,95,1.0000,1.0000,"1 = A powerful attack that deals {COM_0_VAL0_DAMAGE} and reduces the threat generated by your pet's next attack.; 2 = You force your Battle Squig to claw at your target, dealing {COM_0_VAL0_TOD_DAMAGE} over {COM_0_DURA_SECONDS} and snaring them by {COM_1_VAL0}% over {COM_1_DURA_SECONDS}.; 3 = You cause your Battle Squig to bounce, dealing {COM_0_VAL0_DAMAGE} and knocking your target down for {COM_1_DURA_SECONDS}."
"data/gamedata/jumppoints.csv","col2",2,"data/strings/english/abilitynames.txt",95,95,1.0000,1.0000,"1 = Ard Noggin^n; 2 = Big Claw^n; 3 = Bounce^n"
"data/gamedata/jumppoints.csv","col2",2,"data/strings/english/componenteffects.txt",95,95,1.0000,1.0000,"10 = Attempting to Resurrect.; 43 = Inflicting <<1>>% Damage to everyone but taunter.; 44 = Inflicting <<1>>% Damage to de-taunter."
"data/gamedata/jumppoints.csv","col2",2,"data/strings/english/dyenames.txt",95,95,1.0000,1.0000,"1 = Dark Sky Blue; 2 = Medium Sky Blue; 3 = Sky Blue"
"data/gamedata/jumppoints.csv","col2",2,"data/strings/english/emotes.txt",95,95,1.0000,1.0000,"1 = wave; 2 = You wave.; 3 = You wave to <<A:2>>."
"data/gamedata/jumppoints.csv","col2",2,"data/strings/english/objectivenames.txt",95,95,1.0000,0.7072,"1 = Cannon Battery; 2 = The Lookout; 3 = Sharpthorn Wud"
"data/gamedata/jumppoints.csv","col2",2,"data/strings/english/packageinfo.txt",95,95,1.0000,1.0000,""
"data/gamedata/jumppoints.csv","col2",2,"data/strings/english/packagenames.txt",95,95,1.0000,1.0000,"1 = Me Ol' Choppa; 2 = Me Ol' Shield; 3 = Dis Ol' Choppa"
"data/gamedata/jumppoints.csv","col2",2,"data/strings/english/scenariolobby.txt",95,95,1.0000,1.0000,""
"data/gamedata/jumppoints.csv","col2",2,"data/strings/english/scenarionames.txt",95,95,1.0000,1.0000,""
"data/gamedata/jumppoints.csv","col2",2,"data/strings/english/scenarioscore.txt",95,95,1.0000,1.0000,""
"data/gamedata/jumppoints.csv","col2",2,"data/gamedata/effectnifs.csv",95,94,0.9895,0.9997,"1 = empty; 2 = vfx_orc_CastAuraLoop; 3 = vfx_Cast_GS_Staff"
"data/gamedata/anim_grip_handweapons.csv","Cor_Die",254,"data/gamedata/itemdata.csv",95,93,0.9789,1.0000,"722 = 689; 1122 = 397; 6122 = 1184"
"data/gamedata/anim_grip_staff.csv","Cor_Die",254,"data/gamedata/itemdata.csv",95,93,0.9789,1.0000,"722 = 689; 1122 = 397; 6122 = 1184"
"data/gamedata/jumppoints.csv","col2",2,"data/gamedata/anim_statedef.csv",95,93,0.9789,0.1627,"1 = Portrait-un; 2 = Portrait-st; 3 = Die for Wyrd (164)"
"data/gamedata/jumppoints.csv","col2",2,"data/gamedata/pregame_features.csv",95,93,0.9789,1.0000,"1 = MALE; 2 = MALE; 3 = MALE"
"data/gamedata/jumppoints.csv","col2",2,"data/gamedata/effectdef.csv",95,91,0.9579,0.9938,"1 = standard bloodsplat hit; 2 = spark hit; 3 = flash hit with spiky bits"
"data/gamedata/jumppoints.csv","col2",2,"data/gamedata/monsters.csv",95,91,0.9579,0.6706,"1 = PLACEHOLDER - Snotling Common; 2 = Placeholder nude; 3 = Placeholder nude"
"data/gamedata/jumppoints.csv","col2",2,"data/gamedata/items.csv",95,89,0.9368,0.9889,"1 = WORLD OBJ QI_Dw_coffin01; 2 = WORLD OBJ or_roadwall_pillar; 3 = WORLD OBJ dw_mine_wallsupport"
"data/gamedata/jumppoints.csv","col2",2,"data/strings/english/bindlocations.txt",95,88,0.9263,1.0000,"1 = Skarzag's Stompin Grounds; 2 = Da War Maker; 3 = Kron Komar"
"data/gamedata/anim_core.csv","Cor_Sprint-lo",13,"data/gamedata/anim_db.csv",94,94,1.0000,0.0910,"608 = Or_Un_Cor_Sprint-lo; 1008 = Go_Un_Cor_Sprint-lo; 2008 = DwM_Un_Cor_Sprint-lo"
"data/gamedata/anim_grip_handweaponfetish.csv","Cor_Die-in",253,"data/gamedata/anim_db.csv",94,94,1.0000,0.0910,"721 = Or_Un_Cor_Die-in; 1121 = Go_Un_Cor_Die-in; 2121 = DwM_Un_Cor_Die-in"
"data/gamedata/anim_grip_handweaponfetish.csv","Cor_Die-in",253,"data/gamedata/itemdata.csv",94,94,1.0000,1.0000,"721 = 688; 1121 = 1279; 6121 = 1160"
"data/gamedata/anim_grip_thrown.csv","Cor_Die",254,"data/gamedata/anim_db.csv",94,94,1.0000,0.0910,"722 = Or_Un_Cor_Die; 1122 = Go_Un_Cor_Die; 2122 = DwM_Un_Cor_Die"
"data/gamedata/anim_grip_thrown.csv","Cor_Die",254,"data/gamedata/itemdata.csv",94,94,1.0000,1.0000,"722 = 689; 1122 = 397; 6122 = 1184"
"data/gamedata/anim_grip_unarmed.csv","_Cor_Slow",5,"data/gamedata/anim_db.csv",94,94,1.0000,0.0910,"704 = Or_Un_Cor_Slow; 1104 = Go_Un_Cor_slow; 2104 = DwM_Un_Cor_Slow"
"data/gamedata/anim_grip_unarmed.csv","_Cor_Sprint",9,"data/gamedata/anim_db.csv",94,94,1.0000,0.0910,"708 = Or_Un_Cor_Sprint; 1108 = Go_Un_Cor_Sprint; 2108 = DwM_Un_Cor_Sprint"
"data/gamedata/anim_mount_unarmed.csv","Cor_Walk-lo",211,"data/gamedata/anim_db.csv",94,93,0.9894,0.0910,"716 = Or_Un_Cor_Stun; 1116 = Go_Un_Cor_Stun; 2116 = DwM_Un_Cor_Stun"
"data/gamedata/anim_mount_unarmed.csv","Cor_Walk-lo",211,"data/gamedata/itemdata.csv",94,87,0.9255,1.0000,"100 = 1008; 716 = 683; 1116 = 405"
"data/gamedata/anim_grip_dualdagger.csv","Cor_Die",254,"data/gamedata/anim_db.csv",93,93,1.0000,0.0910,"722 = Or_Un_Cor_Die; 1122 = Go_Un_Cor_Die; 2122 = DwM_Un_Cor_Die"
"data/gamedata/anim_grip_dualdagger.csv","Cor_Die",254,"data/gamedata/itemdata.csv",93,93,1.0000,1.0000,"722 = 689; 1122 = 397; 6122 = 1184"
"data/gamedata/anim_grip_pole.csv","Cor_Die",254,"data/gamedata/anim_db.csv",93,93,1.0000,0.0910,"722 = Or_Un_Cor_Die; 1122 = Go_Un_Cor_Die; 2122 = DwM_Un_Cor_Die"
"data/gamedata/anim_grip_pole.csv","Cor_Die",254,"data/gamedata/itemdata.csv",93,93,1.0000,1.0000,"722 = 689; 1122 = 397; 6122 = 1184"
"data/gamedata/anim_grip_rifle.csv","Cor_Die",254,"data/gamedata/anim_db.csv",93,93,1.0000,0.0910,"722 = Or_Un_Cor_Die; 1122 = Go_Un_Cor_Die; 2122 = DwM_Un_Cor_Die"
"data/gamedata/anim_grip_rifle.csv","Cor_Die",254,"data/gamedata/itemdata.csv",93,93,1.0000,1.0000,"722 = 689; 1122 = 397; 6122 = 1184"
"data/gamedata/anim_grip_unarmed.csv","Cor_Die",254,"data/gamedata/anim_db.csv",93,93,1.0000,0.0910,"722 = Or_Un_Cor_Die; 1122 = Go_Un_Cor_Die; 2122 = DwM_Un_Cor_Die"
"data/gamedata/anim_grip_unarmed.csv","Cor_Die",254,"data/gamedata/itemdata.csv",93,91,0.9785,1.0000,"722 = 689; 1122 = 397; 6122 = 1184"
"data/gamedata/anim_core.csv","Cor_Slow-lo",9,"data/gamedata/anim_db.csv",92,92,1.0000,0.0910,"604 = Or_Un_Cor_Slow-lo; 1004 = Go_Un_Cor_Slow-lo; 2004 = DwM_Un_Cor_Slow-lo"
"data/gamedata/anim_grip_dagger.csv","Cor_Die",254,"data/gamedata/anim_db.csv",92,92,1.0000,0.0910,"722 = Or_Un_Cor_Die; 1122 = Go_Un_Cor_Die; 2122 = DwM_Un_Cor_Die"
"data/gamedata/anim_grip_dagger.csv","Cor_Die",254,"data/gamedata/itemdata.csv",92,92,1.0000,1.0000,"722 = 689; 1122 = 397; 6122 = 1184"
"data/gamedata/anim_grip_daggerfetish.csv","Cor_Die",254,"data/gamedata/anim_db.csv",92,92,1.0000,0.0910,"722 = Or_Un_Cor_Die; 1122 = Go_Un_Cor_Die; 2122 = DwM_Un_Cor_Die"
"data/gamedata/anim_grip_daggerfetish.csv","Cor_Die",254,"data/gamedata/itemdata.csv",92,92,1.0000,1.0000,"722 = 689; 1122 = 397; 6122 = 1184"
"data/gamedata/anim_grip_dualwield.csv","Cor_Die",254,"data/gamedata/anim_db.csv",92,92,1.0000,0.0910,"722 = Or_Un_Cor_Die; 1122 = Go_Un_Cor_Die; 2122 = DwM_Un_Cor_Die"
"data/gamedata/anim_grip_handweaponfetish.csv","Cor_Die",254,"data/gamedata/anim_db.csv",92,92,1.0000,0.0910,"722 = Or_Un_Cor_Die; 1122 = Go_Un_Cor_Die; 2122 = DwM_Un_Cor_Die"
"data/gamedata/anim_grip_handweaponfetish.csv","Cor_Die",254,"data/gamedata/itemdata.csv",92,92,1.0000,1.0000,"722 = 689; 1122 = 397; 6122 = 1184"
"data/gamedata/anim_grip_handweaponpistol.csv","Cor_Die",254,"data/gamedata/anim_db.csv",92,92,1.0000,0.0910,"722 = Or_Un_Cor_Die; 1122 = Go_Un_Cor_Die; 2122 = DwM_Un_Cor_Die"
"data/gamedata/anim_grip_handweaponpistol.csv","Cor_Die",254,"data/gamedata/itemdata.csv",92,92,1.0000,1.0000,"722 = 689; 1122 = 397; 6122 = 1184"
"data/gamedata/anim_grip_handweaponshield.csv","Cor_Die",254,"data/gamedata/anim_db.csv",92,92,1.0000,0.0910,"722 = Or_Un_Cor_Die; 1122 = Go_Un_Cor_Die; 2122 = DwM_Un_Cor_Die"
"data/gamedata/anim_grip_handweaponshield.csv","Cor_Die",254,"data/gamedata/itemdata.csv",92,92,1.0000,1.0000,"722 = 689; 1122 = 397; 6122 = 1184"
"data/gamedata/anim_grip_pistol.csv","Cor_Die-in",253,"data/gamedata/anim_db.csv",92,92,1.0000,0.0910,"721 = Or_Un_Cor_Die-in; 1121 = Go_Un_Cor_Die-in; 2121 = DwM_Un_Cor_Die-in"
"data/gamedata/anim_grip_pistol.csv","Cor_Die-in",253,"data/gamedata/itemdata.csv",92,92,1.0000,1.0000,"721 = 688; 1121 = 1279; 6121 = 1160"
"data/gamedata/anim_grip_spearshield.csv","Cor_Die",254,"data/gamedata/anim_db.csv",92,92,1.0000,0.0910,"722 = Or_Un_Cor_Die; 1122 = Go_Un_Cor_Die; 2122 = DwM_Un_Cor_Die"
"data/gamedata/anim_grip_spearshield.csv","Cor_Die",254,"data/gamedata/itemdata.csv",92,92,1.0000,1.0000,"722 = 689; 1122 = 397; 6122 = 1184"
"data/gamedata/anim_grip_dualwield.csv","Cor_Die",254,"data/gamedata/itemdata.csv",92,91,0.9891,1.0000,"722 = 689; 1122 = 397; 6122 = 1184"
"data/gamedata/anim_core.csv","Cor_Stun-in",26,"data/gamedata/anim_db.csv",90,90,1.0000,0.0910,"715 = Or_Un_Cor_Stun-in; 1115 = Go_Un_Cor_Stun-in; 2115 = DwM_Un_Cor_Stun-in"
"data/gamedata/anim_core.csv","Cor_Stun",27,"data/gamedata/anim_db.csv",90,90,1.0000,0.0910,"716 = Or_Un_Cor_Stun; 1116 = Go_Un_Cor_Stun; 2116 = DwM_Un_Cor_Stun"
"data/gamedata/anim_core.csv","Cor_Stun-out",28,"data/gamedata/anim_db.csv",90,90,1.0000,0.0910,"717 = Or_Un_Cor_Stun-out; 1117 = Go_Un_Cor_Stun-out; 2117 = DwM_Un_Cor_Stun-out"
"data/gamedata/anim_core.csv","Cor_Down-in",29,"data/gamedata/anim_db.csv",90,90,1.0000,0.0910,"718 = Or_Un_Cor_Down-in; 1118 = Go_Un_Cor_Down-in; 2118 = DwM_Un_Cor_Down-in"
"data/gamedata/anim_core.csv","Cor_Down",30,"data/gamedata/anim_db.csv",90,90,1.0000,0.0910,"719 = Or_Un_Cor_Down; 1119 = Go_Un_Cor_Down; 2119 = DwM_Un_Cor_Down"
"data/gamedata/anim_core.csv","Cor_Down-out",31,"data/gamedata/anim_db.csv",90,90,1.0000,0.0910,"720 = Or_Un_Cor_Down-out; 1120 = Go_Un_Cor_Down-out; 2120 = DwM_Un_Cor_Down-out"
"data/gamedata/anim_grip_greataxe.csv","Cor_Die",254,"data/gamedata/anim_db.csv",90,90,1.0000,0.0910,"722 = Or_Un_Cor_Die; 1122 = Go_Un_Cor_Die; 2122 = DwM_Un_Cor_Die"
"data/gamedata/anim_grip_greataxe.csv","Cor_Die",254,"data/gamedata/itemdata.csv",90,90,1.0000,1.0000,"722 = 689; 1122 = 397; 6122 = 1184"
"data/gamedata/anim_grip_greatsword.csv","Cor_Die",254,"data/gamedata/anim_db.csv",90,90,1.0000,0.0910,"722 = Or_Un_Cor_Die; 1122 = Go_Un_Cor_Die; 2122 = DwM_Un_Cor_Die"
"data/gamedata/anim_grip_greatsword.csv","Cor_Die",254,"data/gamedata/itemdata.csv",90,90,1.0000,1.0000,"722 = 689; 1122 = 397; 6122 = 1184"
"data/gamedata/objects.csv","Icon",15,"data/gamedata/itemdata.csv",90,90,1.0000,1.0000,"70 = 1034; 110 = 1076; 126 = 2314"
"data/gamedata/objects.csv","Icon",15,"data/gamedata/packages.csv",90,90,1.0000,1.0000,"13 = 0; 34 = 0; 35 = 0"
"data/gamedata/objects.csv","Icon",15,"data/strings/english/abilitydesc.txt",90,90,1.0000,1.0000,"868 = Increases your chance to disrupt enemy spells by 50% for 10 seconds.; 988 = Damages all enemies in front of you, up to 65 feet away.; 1590 = Heals for {COM_0_VAL0_TOD} life over {COM_0_DURA_SECONDS}"
"data/gamedata/objects.csv","Icon",15,"data/strings/english/abilitynames.txt",90,90,1.0000,1.0000,"13 = Gas Squig Autoattack^n; 34 = Runes Of Warding^n; 35 = Runes Of Warding^n"
"data/gamedata/objects.csv","Icon",15,"data/strings/english/componenteffects.txt",90,90,1.0000,1.0000,"1594 = Periodically suffering <<1>> Damage.; 1746 = Periodically taking <<1>> Damage.; 1748 = Armor increased by <<1>>."
"data/gamedata/objects.csv","Icon",15,"data/strings/english/packageinfo.txt",90,90,1.0000,1.0000,"603 = Increases Strength by 18"
"data/gamedata/objects.csv","Icon",15,"data/strings/english/packagenames.txt",90,90,1.0000,1.0000,"13 = Me Ancestor's Ol' Staff; 34 = Ale Totin' Belt; 35 = ;E/C Starting Gear"
"data/gamedata/objects.csv","Icon",15,"data/strings/english/objectivenames.txt",90,88,0.9778,0.7072,"13 = Goldfist's Hole Recovery; 34 = Assault on Coal Ridge Depot; 35 = Marsh Conquest"
"data/gamedata/objects.csv","Icon",15,"data/strings/english/scenariolobby.txt",90,85,0.9444,1.0000,""
"data/gamedata/objects.csv","Icon",15,"data/strings/english/scenarioscore.txt",90,85,0.9444,1.0000,""
"data/gamedata/objects.csv","Icon",15,"data/gamedata/abilities.csv",90,84,0.9333,0.9581,"13 = Spore Cloud; 34 = Bite; 35 = Claw Sweep"
"data/gamedata/anim_core.csv","Cor_Flinch-mask",19,"data/gamedata/anim_db.csv",89,89,1.0000,0.0910,"50 = disc_stomp-inloop; 614 = Or_Un_Cor_flinch-mask; 1014 = Go_Un_Cor_flinch-mask"
"data/gamedata/anim_grip_archery.csv","Cor_Die-in",253,"data/gamedata/anim_db.csv",89,89,1.0000,0.0910,"721 = Or_Un_Cor_Die-in; 1121 = Go_Un_Cor_Die-in; 2121 = DwM_Un_Cor_Die-in"
"data/gamedata/anim_grip_archery.csv","Cor_Die-in",253,"data/gamedata/itemdata.csv",89,89,1.0000,1.0000,"721 = 688; 1121 = 1279; 6121 = 1160"
"data/gamedata/anim_grip_spear.csv","Cor_Die-in",246,"data/gamedata/anim_db.csv",89,89,1.0000,0.0910,"721 = Or_Un_Cor_Die-in; 1121 = Go_Un_Cor_Die-in; 2121 = DwM_Un_Cor_Die-in"
"data/gamedata/anim_mount_handweapon.csv","Cor_Walk-lo",17,"data/gamedata/anim_db.csv",89,89,1.0000,0.0910,"3116 = EmM_Un_Cor_Stun; 13012 = Cre_Squig_Boss_Hw_Cor_TurnL-lo; 13312 = cre_GdK_hw_Cor_TurnL-lo"
"data/gamedata/anim_grip_spear.csv","Cor_Die-in",246,"data/gamedata/itemdata.csv",89,88,0.9888,1.0000,"721 = 688; 1121 = 1279; 6121 = 1160"
"data/gamedata/anim_mount_handweapon.csv","Cor_Walk-lo",17,"data/gamedata/itemdata.csv",89,84,0.9438,1.0000,"100 = 1008; 13012 = 2571; 13612 = 3294"
"data/gamedata/anim_mount_handweapon.csv","Cor_Run-lo",19,"data/gamedata/anim_db.csv",88,88,1.0000,0.0910,"3118 = EmM_Un_Cor_Down-in; 13014 = Cre_Squig_Boss_Hw_Cor_flinch-mask; 13314 = cre_GdK_hw_Cor_flinch-mask"
"data/gamedata/anim_mount_unarmed.csv","Cor_Back-lo",18,"data/gamedata/anim_db.csv",88,88,1.0000,0.0910,"717 = Or_Un_Cor_Stun-out; 1117 = Go_Un_Cor_Stun-out; 2117 = DwM_Un_Cor_Stun-out"
"data/gamedata/anim_mount_handweapon.csv","Cor_Run-lo",19,"data/gamedata/itemdata.csv",88,83,0.9432,1.0000,"13014 = 3573; 13614 = 3305; 14068 = 2515"
"data/gamedata/anim_grip_pistol.csv","Cor_Die",254,"data/gamedata/anim_db.csv",87,87,1.0000,0.0910,"722 = Or_Un_Cor_Die; 1122 = Go_Un_Cor_Die; 2122 = DwM_Un_Cor_Die"
"data/gamedata/anim_grip_pistol.csv","Cor_Die",254,"data/gamedata/itemdata.csv",87,87,1.0000,1.0000,"722 = 689; 1122 = 397; 6122 = 1184"
"data/gamedata/anim_mount_greataxe.csv","Cor_Walk-lo",17,"data/gamedata/anim_db.csv",87,87,1.0000,0.0910,"3116 = EmM_Un_Cor_Stun; 13012 = Cre_Squig_Boss_Hw_Cor_TurnL-lo; 13312 = cre_GdK_hw_Cor_TurnL-lo"
"data/gamedata/anim_mount_spear.csv","Cor_Walk-lo",17,"data/gamedata/anim_db.csv",87,87,1.0000,0.0910,"3116 = EmM_Un_Cor_Stun; 13012 = Cre_Squig_Boss_Hw_Cor_TurnL-lo; 13312 = cre_GdK_hw_Cor_TurnL-lo"
"data/gamedata/anim_statedef.csv","Anim ID",16,"data/gamedata/abilities.csv",87,87,1.0000,0.9581,"10 = Gore; 14 = Gas Squig Autoattack; 15 = Spiked Squig Autoattack"
"data/gamedata/anim_statedef.csv","Anim ID",16,"data/gamedata/anim_db.csv",87,87,1.0000,0.0910,"10 = orc_run_upper; 14 = null-activeloop; 15 = null-out"
"data/gamedata/anim_statedef.csv","Anim ID",16,"data/gamedata/anim_scripts.csv",87,87,1.0000,1.0000,"10 = Threatenin'; 14 = FauxMelee-Flinch; 15 = FauxMelee-Creature"
"data/gamedata/anim_statedef.csv","Anim ID",16,"data/gamedata/effectlists.csv",87,87,1.0000,0.9977,"10 = Med Heal; 14 = Severing Slash; 15 = MOR_EM_AOE_SolarFlare"
"data/gamedata/anim_statedef.csv","Anim ID",16,"data/gamedata/itemdata.csv",87,87,1.0000,1.0000,"10 = 1149; 50 = 1016; 52 = 1066"
"data/gamedata/anim_statedef.csv","Anim ID",16,"data/gamedata/items.csv",87,87,1.0000,0.9889,"10 = WORLD OBJ em_crate_01; 14 = WORLD OBJ em_monument_statue; 15 = WORLD OBJ em_bucket_01"
"data/gamedata/anim_statedef.csv","Anim ID",16,"data/gamedata/jumppoints.csv",87,87,1.0000,1.0000,"10 = ThunderMountain; 14 = TrollCountry; 15 = TrollCountry2"
"data/gamedata/anim_statedef.csv","Anim ID",16,"data/gamedata/objects.csv",87,87,1.0000,1.0000,"10 = WORLD OBJ em_crate_01; 14 = WORLD OBJ em_monument_statue; 15 = WORLD OBJ em_bucket_01"
"data/gamedata/anim_statedef.csv","Anim ID",16,"data/gamedata/packages.csv",87,87,1.0000,1.0000,"10 = 0; 14 = 0; 15 = 0"
"data/gamedata/anim_statedef.csv","Anim ID",16,"data/gamedata/pregame_features.csv",87,87,1.0000,1.0000,"10 = MALE; 14 = MALE; 15 = MALE"
"data/gamedata/anim_statedef.csv","Anim ID",16,"data/strings/english/abilitydesc.txt",87,87,1.0000,1.0000,"10 = Your Squig slams it's head in to it's target, dealing {COM_0_VAL0_DAMAGE} and knocking them back.; 27 = Releases a searing gout of flame, dealing {COM_0_VAL0_DAMAGE} to all targets in front of the Turret up to {COM_0_RADI_FEET} away.; 28 = Opens the Turret's safety-release valves for up to {COM_0_DURA_SECONDS}, repeatedly dealing  {COM_1_VAL0_CORPOREALDAMAGE} every {COM_0_FREQ_SECONDS} to all targets within {COM_1_RADI_FEET}."
"data/gamedata/anim_statedef.csv","Anim ID",16,"data/strings/english/abilitynames.txt",87,87,1.0000,1.0000,"10 = Head Butt^n; 14 = Spiked Squig Autoattack^n; 15 = Farty Squig Sub^n"
"data/gamedata/anim_statedef.csv","Anim ID",16,"data/strings/english/bindlocations.txt",87,87,1.0000,1.0000,"10 = Moogz' Brawl; 14 = Da Big Burn; 15 = Red Dust Camp"
"data/gamedata/anim_statedef.csv","Anim ID",16,"data/strings/english/componenteffects.txt",87,87,1.0000,1.0000,"10 = Attempting to Resurrect.; 43 = Inflicting <<1>>% Damage to everyone but taunter.; 44 = Inflicting <<1>>% Damage to de-taunter."
"data/gamedata/anim_statedef.csv","Anim ID",16,"data/strings/english/dyenames.txt",87,87,1.0000,1.0000,"10 = Dark Seafoam; 14 = Medium Sage; 15 = Light Sage"
"data/gamedata/anim_statedef.csv","Anim ID",16,"data/strings/english/emotes.txt",87,87,1.0000,1.0000,"10 = <<CA:1>> bows before <<A:2>>.; 14 = <<CA:1>> begs from those nearby.  <<Cp:1>> disgraces <<r:1>>.; 15 = <<CA:1>> begs from <<A:2>>.  <<Cp:1>> disgraces <<r:1>>."
"data/gamedata/anim_statedef.csv","Anim ID",16,"data/strings/english/objectivenames.txt",87,87,1.0000,0.7072,"10 = Sacred Grove; 14 = Murgluk's Gits; 15 = Engine Number Nine"
"data/gamedata/anim_statedef.csv","Anim ID",16,"data/strings/english/packageinfo.txt",87,87,1.0000,1.0000,""
"data/gamedata/anim_statedef.csv","Anim ID",16,"data/strings/english/packagenames.txt",87,87,1.0000,1.0000,"10 = Me Ancestor's Ol' Hammer; 14 = Me Most Worn Shirt; 15 = Me Most Worn Pants"
"data/gamedata/anim_statedef.csv","Anim ID",16,"data/strings/english/scenariolobby.txt",87,87,1.0000,1.0000,""
"data/gamedata/anim_statedef.csv","Anim ID",16,"data/strings/english/scenarionames.txt",87,87,1.0000,1.0000,""
"data/gamedata/anim_statedef.csv","Anim ID",16,"data/strings/english/scenarioscore.txt",87,87,1.0000,1.0000,""
"data/gamedata/anim_grip_unarmed.csv","_Atk_A-in",30,"data/gamedata/anim_db.csv",87,86,0.9885,0.0910,"50 = disc_stomp-inloop; 150 = Or_Th_Atk_DB; 250 = Or_Dw_Atk_DB"
"data/gamedata/anim_grip_unarmed.csv","_Atk_BB",38,"data/gamedata/anim_db.csv",87,86,0.9885,0.0910,"50 = disc_stomp-inloop; 150 = Or_Th_Atk_DB; 250 = Or_Dw_Atk_DB"
"data/gamedata/anim_grip_unarmed.csv","_Atk_BA",39,"data/gamedata/anim_db.csv",87,86,0.9885,0.0910,"50 = disc_stomp-inloop; 150 = Or_Th_Atk_DB; 250 = Or_Dw_Atk_DB"
"data/gamedata/anim_grip_unarmed.csv","_Atk_BD",40,"data/gamedata/anim_db.csv",87,86,0.9885,0.0910,"50 = disc_stomp-inloop; 150 = Or_Th_Atk_DB; 250 = Or_Dw_Atk_DB"
"data/gamedata/anim_statedef.csv","Anim ID",16,"data/gamedata/effectnifs.csv",87,86,0.9885,0.9997,"10 = vfx_orc_T4_GoodHeal; 14 = vfx_orc_T4_QuickHealing; 15 = vfx_SPELL_Debuff1"
"data/gamedata/anim_statedef.csv","Anim ID",16,"data/gamedata/monsters.csv",87,85,0.9770,0.6706,"10 = Placeholder nude; 14 = Greenskin Shaman Nude; 15 = Greenskin Squig Herder Nude"
"data/gamedata/anim_mount_greataxe.csv","Cor_Walk-lo",17,"data/gamedata/itemdata.csv",87,84,0.9655,1.0000,"100 = 1008; 13012 = 2571; 13612 = 3294"
"data/gamedata/anim_statedef.csv","Anim ID",16,"data/gamedata/effectdef.csv",87,84,0.9655,0.9938,"10 = Med Heal; 14 = Severing Slash; 15 = Spell Stoppa"
"data/gamedata/anim_mount_spear.csv","Cor_Walk-lo",17,"data/gamedata/itemdata.csv",87,83,0.9540,1.0000,"100 = 1008; 13012 = 2571; 13612 = 3294"
"data/gamedata/anim_statedef.csv","Anim ID",16,"data/gamedata/effects.csv",87,83,0.9540,0.8188,"10 = Gore; 14 = Gas Squig Autoattack; 15 = Spiked Squig Autoattack"
"data/gamedata/anim_statedef.csv","Anim ID",16,"data/strings/english/abilityeffect.txt",87,83,0.9540,1.0000,"102 = You must be wielding a shield; 103 = That is a passive ability; 104 = You must be wielding a hammer"
"data/gamedata/anim_grip_unarmed.csv","_Cor_Rez",25,"data/gamedata/anim_db.csv",86,86,1.0000,0.0910,"724 = Or_Un_Cor_Rez; 1124 = Go_Un_Cor_Rez; 2124 = DwM_Un_Cor_Rez"
"data/gamedata/anim_mount_greataxe.csv","Cor_Run-lo",19,"data/gamedata/anim_db.csv",86,86,1.0000,0.0910,"3118 = EmM_Un_Cor_Down-in; 13014 = Cre_Squig_Boss_Hw_Cor_flinch-mask; 13314 = cre_GdK_hw_Cor_flinch-mask"
"data/gamedata/anim_mount_spear.csv","Cor_Run-lo",19,"data/gamedata/anim_db.csv",86,86,1.0000,0.0910,"3118 = EmM_Un_Cor_Down-in; 13014 = Cre_Squig_Boss_Hw_Cor_flinch-mask; 13314 = cre_GdK_hw_Cor_flinch-mask"
"data/gamedata/flypath.csv","x",10,"data/gamedata/itemdata.csv",86,86,1.0000,1.0000,"908 = 398; 8100 = 3688; 8914 = 475"
"data/gamedata/flypath.csv","y",11,"data/gamedata/itemdata.csv",86,86,1.0000,1.0000,"664 = 0; 1242 = 1264; 6469 = 3305"
"data/gamedata/anim_grip_unarmed.csv","_Atk_A-Build",31,"data/gamedata/anim_db.csv",86,85,0.9884,0.0910,"50 = disc_stomp-inloop; 150 = Or_Th_Atk_DB; 250 = Or_Dw_Atk_DB"
"data/gamedata/anim_grip_unarmed.csv","_Atk_AA",32,"data/gamedata/anim_db.csv",86,85,0.9884,0.0910,"50 = disc_stomp-inloop; 150 = Or_Th_Atk_DB; 250 = Or_Dw_Atk_DB"
"data/gamedata/anim_grip_unarmed.csv","_Atk_AB",33,"data/gamedata/anim_db.csv",86,85,0.9884,0.0910,"50 = disc_stomp-inloop; 150 = Or_Th_Atk_DB; 250 = Or_Dw_Atk_DB"
"data/gamedata/anim_grip_unarmed.csv","_Atk_A-out",35,"data/gamedata/anim_db.csv",86,85,0.9884,0.0910,"50 = disc_stomp-inloop; 150 = Or_Th_Atk_DB; 250 = Or_Dw_Atk_DB"
"data/gamedata/anim_grip_unarmed.csv","_Atk_B-in",36,"data/gamedata/anim_db.csv",86,85,0.9884,0.0910,"50 = disc_stomp-inloop; 150 = Or_Th_Atk_DB; 250 = Or_Dw_Atk_DB"
"data/gamedata/anim_grip_unarmed.csv","_Atk_B-Build",37,"data/gamedata/anim_db.csv",86,85,0.9884,0.0910,"50 = disc_stomp-inloop; 150 = Or_Th_Atk_DB; 250 = Or_Dw_Atk_DB"
"data/gamedata/anim_grip_unarmed.csv","_Atk_B-out",41,"data/gamedata/anim_db.csv",86,85,0.9884,0.0910,"50 = disc_stomp-inloop; 150 = Or_Th_Atk_DB; 250 = Or_Dw_Atk_DB"
"data/gamedata/anim_grip_unarmed.csv","_Atk_D-in",48,"data/gamedata/anim_db.csv",86,85,0.9884,0.0910,"50 = disc_stomp-inloop; 150 = Or_Th_Atk_DB; 250 = Or_Dw_Atk_DB"
"data/gamedata/anim_grip_unarmed.csv","_Atk_D-Build",49,"data/gamedata/anim_db.csv",86,85,0.9884,0.0910,"50 = disc_stomp-inloop; 150 = Or_Th_Atk_DB; 250 = Or_Dw_Atk_DB"
"data/gamedata/anim_grip_unarmed.csv","_Atk_DD",50,"data/gamedata/anim_db.csv",86,85,0.9884,0.0910,"50 = disc_stomp-inloop; 150 = Or_Th_Atk_DB; 250 = Or_Dw_Atk_DB"
"data/gamedata/anim_grip_unarmed.csv","_Atk_DB",51,"data/gamedata/anim_db.csv",86,85,0.9884,0.0910,"50 = disc_stomp-inloop; 150 = Or_Th_Atk_DB; 250 = Or_Dw_Atk_DB"
"data/gamedata/anim_grip_unarmed.csv","_Atk_D-out",53,"data/gamedata/anim_db.csv",86,85,0.9884,0.0910,"50 = disc_stomp-inloop; 150 = Or_Th_Atk_DB; 250 = Or_Dw_Atk_DB"
"data/gamedata/anim_mount_greataxe.csv","Cor_Run-lo",19,"data/gamedata/itemdata.csv",86,83,0.9651,1.0000,"13014 = 3573; 13614 = 3305; 14068 = 2515"
"data/gamedata/anim_mount_spear.csv","Cor_Run-lo",19,"data/gamedata/itemdata.csv",86,82,0.9535,1.0000,"13014 = 3573; 13614 = 3305; 14068 = 2515"
"data/gamedata/anim_grip_unarmed.csv","_Atk_AC",34,"data/gamedata/anim_db.csv",85,85,1.0000,0.0910,"50 = disc_stomp-inloop; 150 = Or_Th_Atk_DB; 250 = Or_Dw_Atk_DB"
"data/gamedata/anim_grip_unarmed.csv","_Atk_C-in",42,"data/gamedata/anim_db.csv",85,85,1.0000,0.0910,"50 = disc_stomp-inloop; 150 = Or_Th_Atk_DB; 250 = Or_Dw_Atk_DB"
"data/gamedata/anim_grip_unarmed.csv","_Atk_C-Build",43,"data/gamedata/anim_db.csv",85,85,1.0000,0.0910,"50 = disc_stomp-inloop; 150 = Or_Th_Atk_DB; 250 = Or_Dw_Atk_DB"
"data/gamedata/anim_grip_unarmed.csv","_Atk_CC",44,"data/gamedata/anim_db.csv",85,85,1.0000,0.0910,"50 = disc_stomp-inloop; 150 = Or_Th_Atk_DB; 250 = Or_Dw_Atk_DB"
"data/gamedata/anim_grip_unarmed.csv","_Atk_CA",45,"data/gamedata/anim_db.csv",85,85,1.0000,0.0910,"50 = disc_stomp-inloop; 150 = Or_Th_Atk_DB; 250 = Or_Dw_Atk_DB"
"data/gamedata/anim_grip_unarmed.csv","_Atk_CD",46,"data/gamedata/anim_db.csv",85,85,1.0000,0.0910,"50 = disc_stomp-inloop; 150 = Or_Th_Atk_DB; 250 = Or_Dw_Atk_DB"
"data/gamedata/anim_grip_unarmed.csv","_Atk_C-out",47,"data/gamedata/anim_db.csv",85,85,1.0000,0.0910,"50 = disc_stomp-inloop; 150 = Or_Th_Atk_DB; 250 = Or_Dw_Atk_DB"
"data/gamedata/anim_grip_unarmed.csv","_Atk_DC",52,"data/gamedata/anim_db.csv",85,85,1.0000,0.0910,"50 = disc_stomp-inloop; 150 = Or_Th_Atk_DB; 250 = Or_Dw_Atk_DB"
"data/gamedata/anim_grip_archery.csv","Cor_Die",254,"data/gamedata/anim_db.csv",84,84,1.0000,0.0910,"722 = Or_Un_Cor_Die; 1122 = Go_Un_Cor_Die; 2122 = DwM_Un_Cor_Die"
"data/gamedata/anim_grip_archery.csv","Cor_Die",254,"data/gamedata/itemdata.csv",84,84,1.0000,1.0000,"722 = 689; 1122 = 397; 6122 = 1184"
"data/gamedata/anim_grip_spear.csv","Cor_Die",247,"data/gamedata/anim_db.csv",84,84,1.0000,0.0910,"722 = Or_Un_Cor_Die; 1122 = Go_Un_Cor_Die; 2122 = DwM_Un_Cor_Die"
"data/gamedata/anim_grip_spear.csv","Cor_Die",247,"data/gamedata/itemdata.csv",84,83,0.9881,1.0000,"722 = 689; 1122 = 397; 6122 = 1184"
"data/gamedata/anim_grip_unarmed.csv","_Cor_Draw",2,"data/gamedata/anim_db.csv",83,83,1.0000,0.0910,"50 = disc_stomp-inloop; 701 = Or_Un_Cor_Draw; 1101 = Go_Un_Cor_Draw"
"data/gamedata/anim_mount_unarmedsdf.csv","Cor_Back-lo",18,"data/gamedata/anim_db.csv",83,83,1.0000,0.0910,"717 = Or_Un_Cor_Stun-out; 1117 = Go_Un_Cor_Stun-out; 2117 = DwM_Un_Cor_Stun-out"
"data/gamedata/anim_mount_unarmedsdf.csv","Cor_Back-lo",18,"data/gamedata/itemdata.csv",83,80,0.9639,1.0000,"717 = 684; 1117 = 405; 6117 = 1266"
"data/gamedata/anim_grip_unarmed.csv","_Cor_Holster",3,"data/gamedata/anim_db.csv",82,82,1.0000,0.0910,"702 = Or_Un_Cor_Holster; 1102 = Go_Un_Cor_Holster; 2102 = DwM_Un_Cor_Holster"
"data/gamedata/anim_coregg.csv","Cor_Back-lo",11,"data/gamedata/anim_db.csv",81,81,1.0000,0.0910,"37 = Disc_Root; 606 = Or_Un_Cor_Back-lo; 1006 = Go_Un_Cor_Back-lo"
"data/gamedata/anim_coregg.csv","Cor_Back-lo",11,"data/gamedata/itemdata.csv",81,81,1.0000,1.0000,"1006 = 452; 6006 = 1155; 7006 = 1389"
"data/gamedata/anim_coregg.csv","Cor_Jump-lo",14,"data/gamedata/anim_db.csv",81,81,1.0000,0.0910,"3 = aim; 20 = Disc_Atk_Aggro-in; 609 = Or_Un_Cor_Jump-lo"
"data/gamedata/anim_coregg.csv","Cor_Jump-lo",14,"data/gamedata/itemdata.csv",81,81,1.0000,1.0000,"3 = 0; 20 = 396; 1009 = 388"
"data/gamedata/flypath.csv","",16,"data/gamedata/itemdata.csv",81,81,1.0000,1.0000,"4010 = 1062; 6409 = 3299; 8100 = 3688"
"data/gamedata/anim_coregg.csv","Cor_Fall-lo",15,"data/gamedata/anim_db.csv",80,80,1.0000,0.0910,"25 = EMM_dor_hover-active; 610 = Or_Un_Cor_Fall-lo; 1010 = Go_Un_Cor_Fall-lo"
"data/gamedata/anim_coregg.csv","Cor_Fall-lo",15,"data/gamedata/itemdata.csv",80,80,1.0000,1.0000,"1010 = 392; 6010 = 1232; 7010 = 482"
"data/gamedata/anim_pose.csv","Aggro",23,"data/gamedata/itemdata.csv",80,80,1.0000,1.0000,"56 = 1080; 550 = 2140; 850 = 819"
"data/gamedata/anim_pose.csv","Aggro",23,"data/strings/english/abilitydesc.txt",80,80,1.0000,1.0000,"56 = Your Blue Horror spews out a cone of daemonic energy that inflicts {COM_0_VAL0_SPIRITDAMAGE} to targets up to {COM_0_RADI_FEET} in front of Horror.; 550 = If an enemy blocks, dodges, or parries any of your attacks, their chances to block, dodge, and parry will be reduced by {ABIL_3880_COM_0_VAL0}% for {ABIL_3880_COM_0_DURA_SECONDS}.; 1450 = For the next {COM_0_DURA_SECONDS}, each time you are hit with an attack you will do {COM_1_VAL0_DAMAGE} back to the attacker. This effect can only be triggered once every second."
"data/gamedata/anim_pose.csv","Aggro",23,"data/strings/english/abilitynames.txt",80,80,1.0000,1.0000,"56 = Warping Energy^n; 550 = Pierce Defenses^n; 1050 = ; TEST Career Passives^n"
"data/gamedata/anim_pose.csv","Aggro",23,"data/strings/english/componenteffects.txt",80,80,1.0000,1.0000,"1250 = Strength and Intelligence increased by <<1>>.; 1450 = Periodically taking <<1>> Damage.; 2050 = Staggered - unable to move or act."
"data/gamedata/anim_pose.csv","Aggro",23,"data/strings/english/packageinfo.txt",80,80,1.0000,1.0000,""
"data/gamedata/anim_pose.csv","Aggro",23,"data/strings/english/packagenames.txt",80,80,1.0000,1.0000,"56 = Bright Wizard Starting Clothes - Shirt; 550 = Penetrating Round; 850 = 0"
"data/gamedata/flypath.csv","z",12,"data/gamedata/itemdata.csv",80,80,1.0000,1.0000,"5004 = 1067; 5025 = 2307; 5077 = 2439"
"data/gamedata/flypath.csv","z",12,"data/strings/english/abilitydesc.txt",80,80,1.0000,1.0000,"7263 = Heals for {COM_0_VAL0} every {COM_0_FREQ_SECONDS}, for {COM_0_DURA_SECONDS}.; 7310 = Increases Strength by {COM_0_VAL0} for 30 minutes.; 7424 = Increases Ballistic Skill by {COM_0_VAL0} for 5 minutes."
"data/gamedata/flypath.csv","z",12,"data/strings/english/abilitynames.txt",80,80,1.0000,1.0000,"4466 = Chris^n; 4705 = Corporeal Mass Disarm^n; 5004 = Phlegmatic Spore^n"
"data/gamedata/flypath.csv","z",12,"data/strings/english/componenteffects.txt",80,80,1.0000,1.0000,"4466 = A frontal cleave that deals <<1>> damage.; 4705 = You are taking damage; 4769 = You are being charged!"
"data/gamedata/flypath.csv","",14,"data/gamedata/itemdata.csv",80,80,1.0000,1.0000,"5124 = 2382; 6380 = 1367; 6696 = 1813"
"data/gamedata/flypath.csv","",17,"data/gamedata/itemdata.csv",80,80,1.0000,1.0000,"6088 = 1218; 6449 = 3276; 7068 = 1880"
"data/gamedata/objects.csv","Shaman",51,"data/gamedata/itemdata.csv",80,80,1.0000,1.0000,"1562 = 2022; 1563 = 2199; 1564 = 2079"
"data/gamedata/stateeffects.csv","IMA Swap",5,"data/gamedata/abilities.csv",80,80,1.0000,0.9581,"1 = Ard Noggin; 2 = Big Claw; 3 = Bounce"
"data/gamedata/stateeffects.csv","IMA Swap",5,"data/gamedata/anim_scripts.csv",80,80,1.0000,1.0000,"1 = Fidget; 2 = Aggro; 3 = die"
"data/gamedata/stateeffects.csv","IMA Swap",5,"data/gamedata/effectdef.csv",80,80,1.0000,0.9938,"1 = standard bloodsplat hit; 2 = spark hit; 3 = flash hit with spiky bits"
"data/gamedata/stateeffects.csv","IMA Swap",5,"data/gamedata/effectlists.csv",80,80,1.0000,0.9977,"1 = standard bloodsplat hit; 2 = spark hit; 3 = flash hit with spiky bits"
"data/gamedata/stateeffects.csv","IMA Swap",5,"data/gamedata/effectnifs.csv",80,80,1.0000,0.9997,"1 = empty; 2 = vfx_orc_CastAuraLoop; 3 = vfx_Cast_GS_Staff"
"data/gamedata/stateeffects.csv","IMA Swap",5,"data/gamedata/effects.csv",80,80,1.0000,0.8188,"1 = Ard Noggin; 2 = Big Claw; 3 = Bounce"
"data/gamedata/stateeffects.csv","IMA Swap",5,"data/gamedata/emotedata.csv",80,80,1.0000,1.0000,"1 = 1; 2 = 6; 3 = 11"
"data/gamedata/stateeffects.csv","IMA Swap",5,"data/gamedata/helptips.csv",80,80,1.0000,1.0000,"1 = 11800; 2 = 11927; 3 = 11801"
"data/gamedata/stateeffects.csv","IMA Swap",5,"data/gamedata/imaswap.csv",80,80,1.0000,1.0000,"1 = Destruction Chicken; 2 = Order Chicken; 3 = Squig Armor"
"data/gamedata/stateeffects.csv","IMA Swap",5,"data/gamedata/itemdata.csv",80,80,1.0000,1.0000,"1 = 4111; 2 = 0; 3 = 0"
"data/gamedata/stateeffects.csv","IMA Swap",5,"data/gamedata/items.csv",80,80,1.0000,0.9889,"1 = WORLD OBJ QI_Dw_coffin01; 2 = WORLD OBJ or_roadwall_pillar; 3 = WORLD OBJ dw_mine_wallsupport"
"data/gamedata/stateeffects.csv","IMA Swap",5,"data/gamedata/jumppoints.csv",80,80,1.0000,1.0000,"1 = MountBloodhorn; 2 = MarshesofMadness; 3 = Badlands"
"data/gamedata/stateeffects.csv","IMA Swap",5,"data/gamedata/monsters.csv",80,80,1.0000,0.6706,"1 = PLACEHOLDER - Snotling Common; 2 = Placeholder nude; 3 = Placeholder nude"
"data/gamedata/stateeffects.csv","IMA Swap",5,"data/gamedata/objects.csv",80,80,1.0000,1.0000,"1 = WORLD OBJ QI_Dw_coffin01; 2 = WORLD OBJ or_roadwall_pillar; 3 = WORLD OBJ dw_mine_wallsupport"
"data/gamedata/stateeffects.csv","IMA Swap",5,"data/gamedata/packages.csv",80,80,1.0000,1.0000,"1 = 0; 2 = 0; 3 = 0"
"data/gamedata/stateeffects.csv","IMA Swap",5,"data/gamedata/pregame_features.csv",80,80,1.0000,1.0000,"1 = MALE; 2 = MALE; 3 = MALE"
"data/gamedata/stateeffects.csv","IMA Swap",5,"data/gamedata/siegeweapondata.csv",80,80,1.0000,1.0000,"1 = Tier 2 Empire Ram; 2 = Tier 2 Empire Oil; 3 = Tier 2 Empire Ballista"
"data/gamedata/stateeffects.csv","IMA Swap",5,"data/gamedata/tintpalette_equipment.csv",80,80,1.0000,0.8223,"1 = Dark Sky Blue (O); 2 = Medium Sky Blue (O); 3 = Sky Blue (O)"
"data/gamedata/stateeffects.csv","IMA Swap",5,"data/strings/english/abilitydesc.txt",80,80,1.0000,1.0000,"1 = A powerful attack that deals {COM_0_VAL0_DAMAGE} and reduces the threat generated by your pet's next attack.; 2 = You force your Battle Squig to claw at your target, dealing {COM_0_VAL0_TOD_DAMAGE} over {COM_0_DURA_SECONDS} and snaring them by {COM_1_VAL0}% over {COM_1_DURA_SECONDS}.; 3 = You cause your Battle Squig to bounce, dealing {COM_0_VAL0_DAMAGE} and knocking your target down for {COM_1_DURA_SECONDS}."
"data/gamedata/stateeffects.csv","IMA Swap",5,"data/strings/english/abilitynames.txt",80,80,1.0000,1.0000,"1 = Ard Noggin^n; 2 = Big Claw^n; 3 = Bounce^n"
"data/gamedata/stateeffects.csv","IMA Swap",5,"data/strings/english/bindlocations.txt",80,80,1.0000,1.0000,"1 = Skarzag's Stompin Grounds; 2 = Da War Maker; 3 = Kron Komar"
"data/gamedata/stateeffects.csv","IMA Swap",5,"data/strings/english/careernames_f.txt",80,80,1.0000,1.0000,"12 = Ironbreaker^f; 13 = Slayer^f; 14 = Runepriest^f"
"data/gamedata/stateeffects.csv","IMA Swap",5,"data/strings/english/careernames_m.txt",80,80,1.0000,1.0000,"12 = Ironbreaker^m; 13 = Slayer^m; 14 = Runepriest^m"
"data/gamedata/stateeffects.csv","IMA Swap",5,"data/strings/english/componenteffects.txt",80,80,1.0000,1.0000,"10 = Attempting to Resurrect.; 20 = Periodically recovering <<1>> Health.; 41 = Inflicting <<1>>% Damage to everyone but taunter."
"data/gamedata/stateeffects.csv","IMA Swap",5,"data/strings/english/dyenames.txt",80,80,1.0000,1.0000,"1 = Dark Sky Blue; 2 = Medium Sky Blue; 3 = Sky Blue"
"data/gamedata/stateeffects.csv","IMA Swap",5,"data/strings/english/emotes.txt",80,80,1.0000,1.0000,"1 = wave; 2 = You wave.; 3 = You wave to <<A:2>>."
"data/gamedata/stateeffects.csv","IMA Swap",5,"data/strings/english/helptipdesc.txt",80,80,1.0000,1.0000,"1 = When you learn new Abilities from a Trainer, they appear in your Abilities window. Open it to drag Abilities onto an Action Bar.; 2 = To use an ability, click on its icon in the Action Bar. Most abilities will assist you in combat.; 6 = You've learned the Apothecary skill, which allows you to create potions. Visit a Craft Supply Merchant for ingredients to begin brewing. To open your Apothecary interface, click on the Abilities window (V), open the General tab, and click on the Apothecary icon. This icon can be dragged to an Action Bar."
"data/gamedata/stateeffects.csv","IMA Swap",5,"data/strings/english/helptipdescalt.txt",80,80,1.0000,1.0000,"6 = The Apothecary skill allows you to create potions. Visit a Craft Supply Merchant for ingredients to begin brewing. To open your Apothecary interface, click on the Abilities window (V), open the General tab, and click on the Apothecary icon. This icon can be dragged to an Action Bar.; 13 = Warbands allow multiple parties to work together towards a common goal, such as a difficult Public Quest, but it's important to remember that many aspects of the game, such as experience points and quest items still function on a party by party basis.; 16 = The Butchering skill allows you to harvest items from dead monsters and animals. Many of the harvested items can be used by Apothecaries to make potions."
"data/gamedata/stateeffects.csv","IMA Swap",5,"data/strings/english/helptipnames.txt",80,80,1.0000,1.0000,"1 = Abilities; 2 = Action Bar; 6 = Apothecary"
"data/gamedata/stateeffects.csv","IMA Swap",5,"data/strings/english/npctitles.txt",80,80,1.0000,1.0000,"1 = Trainer; 2 = Career Trainer; 3 = Renown Trainer"
"data/gamedata/stateeffects.csv","IMA Swap",5,"data/strings/english/objectivenames.txt",80,80,1.0000,0.7072,"1 = Cannon Battery; 2 = The Lookout; 3 = Sharpthorn Wud"
"data/gamedata/stateeffects.csv","IMA Swap",5,"data/strings/english/packageinfo.txt",80,80,1.0000,1.0000,""
"data/gamedata/stateeffects.csv","IMA Swap",5,"data/strings/english/packagenames.txt",80,80,1.0000,1.0000,"1 = Me Ol' Choppa; 2 = Me Ol' Shield; 3 = Dis Ol' Choppa"
"data/gamedata/stateeffects.csv","IMA Swap",5,"data/strings/english/scenariolobby.txt",80,80,1.0000,1.0000,""
"data/gamedata/stateeffects.csv","IMA Swap",5,"data/strings/english/scenarionames.txt",80,80,1.0000,1.0000,""
"data/gamedata/stateeffects.csv","IMA Swap",5,"data/strings/english/scenarioscore.txt",80,80,1.0000,1.0000,""
"data/gamedata/anim_mount_unarmed.csv","Cor_Back-lo",212,"data/gamedata/anim_db.csv",80,79,0.9875,0.0910,"717 = Or_Un_Cor_Stun-out; 1117 = Go_Un_Cor_Stun-out; 2117 = DwM_Un_Cor_Stun-out"
"data/gamedata/stateeffects.csv","IMA Swap",5,"data/gamedata/anim_statedef.csv",80,79,0.9875,0.1627,"1 = Portrait-un; 2 = Portrait-st; 3 = Die for Wyrd (164)"
"data/gamedata/stateeffects.csv","IMA Swap",5,"data/gamedata/anim_db.csv",80,77,0.9625,0.0910,"1 = null-inloop; 2 = DEM_Un_Int_wobble; 3 = aim"
"data/gamedata/anim_mount_unarmed.csv","Cor_Back-lo",212,"data/gamedata/itemdata.csv",80,73,0.9125,1.0000,"717 = 684; 1117 = 405; 6117 = 1266"
"data/gamedata/stateeffects.csv","IMA Swap",5,"data/strings/english/specializationpathdescriptions.txt",80,72,0.9000,1.0000,"1 = A Mastery path focused on offense.<BR><BR>You will begin gaining mastery points <icon41> at rank 11, and will gain a total of 25 points by Rank 40.; 2 = A Mastery path focused on defense and protection.<BR><BR>You will begin gaining mastery points <icon41> at rank 11, and will gain a total of 25 points by Rank 40.; 3 = A Mastery path focused on supporting and bolstering you and your allies.<BR><BR>You will begin gaining mastery points <icon41> at rank 11, and will gain a total of 25 points by Rank 40."
"data/gamedata/stateeffects.csv","IMA Swap",5,"data/strings/english/specializationpathnames.txt",80,72,0.9000,1.0000,"1 = Vengeance; 2 = Stone; 3 = Brotherhood"
"data/gamedata/anim_coregg.csv","Cor_Sprint-lo",13,"data/gamedata/anim_db.csv",79,79,1.0000,0.0910,"608 = Or_Un_Cor_Sprint-lo; 1008 = Go_Un_Cor_Sprint-lo; 2008 = DwM_Un_Cor_Sprint-lo"
"data/gamedata/anim_coregg.csv","Cor_Sprint-lo",13,"data/gamedata/itemdata.csv",79,79,1.0000,1.0000,"800 = 767; 1008 = 387; 6008 = 1264"
"data/gamedata/anim_coregg.csv","Cor_Land-lo",16,"data/gamedata/anim_db.csv",79,79,1.0000,0.0910,"611 = Or_Un_Cor_Land-lo; 1011 = Go_Un_Cor_Land-lo; 2011 = DwM_Un_Cor_Land-lo"
"data/gamedata/anim_coregg.csv","Cor_Land-lo",16,"data/gamedata/itemdata.csv",79,79,1.0000,1.0000,"1011 = 395; 6011 = 1280; 7011 = 3355"
"data/gamedata/objects.csv","Squig Herder",53,"data/gamedata/itemdata.csv",79,79,1.0000,1.0000,"1598 = 2502; 1599 = 2488; 1600 = 715"
"data/gamedata/anim_core.csv","racial-active",228,"data/gamedata/anim_db.csv",78,78,1.0000,0.0910,"25 = EMM_dor_hover-active; 3127 = EmM_Un_Atk_Aggro; 14127 = Cre_Hydra_Un_Atk_Aggro"
"data/gamedata/anim_core.csv","racial-active2",229,"data/gamedata/anim_db.csv",78,78,1.0000,0.0910,"3163 = EmM_Un_Atk_Auto1; 14163 = Cre_Hydra_Un_Atk_Auto1; 15163 = Mnt_Wolf_Un_Atk_Auto1"
"data/gamedata/anim_grip_unarmed.csv","_Cor_Die-plead",26,"data/gamedata/anim_db.csv",78,78,1.0000,0.0910,"50 = disc_stomp-inloop; 150 = Or_Th_Atk_DB; 250 = Or_Dw_Atk_DB"
"data/gamedata/objects.csv","Magus",69,"data/gamedata/itemdata.csv",78,78,1.0000,1.0000,"3501 = 390; 3502 = 395; 3503 = 391"
"data/gamedata/anim_core.csv","Racial-in",227,"data/gamedata/anim_db.csv",77,77,1.0000,0.0910,"24 = EMM_dor_hover-in; 50 = disc_stomp-inloop; 3126 = EmM_Un_Atk_Aggro-in"
"data/gamedata/anim_coregg.csv","Cor_Slow-lo",9,"data/gamedata/anim_db.csv",77,77,1.0000,0.0910,"604 = Or_Un_Cor_Slow-lo; 1004 = Go_Un_Cor_Slow-lo; 2004 = DwM_Un_Cor_Slow-lo"
"data/gamedata/anim_coregg.csv","Cor_Slow-lo",9,"data/gamedata/itemdata.csv",77,77,1.0000,1.0000,"1004 = 481; 6004 = 1232; 7004 = 482"
"data/gamedata/flypath.csv","",13,"data/gamedata/itemdata.csv",77,77,1.0000,1.0000,"5121 = 2439; 7316 = 1077; 7619 = 2865"
"data/gamedata/flypath.csv","",15,"data/gamedata/itemdata.csv",77,77,1.0000,1.0000,"6020 = 1263; 6220 = 1868; 6654 = 1932"
"data/gamedata/flypath.csv","",18,"data/gamedata/itemdata.csv",77,77,1.0000,1.0000,"3624 = 420; 6020 = 1263; 6654 = 1932"
"data/gamedata/objects.csv","Iron Breaker",39,"data/gamedata/itemdata.csv",77,77,1.0000,1.0000,"3501 = 390; 3502 = 395; 3503 = 391"
"data/gamedata/objects.csv","Black Orc",47,"data/gamedata/itemdata.csv",77,77,1.0000,1.0000,"1502 = 2070; 1503 = 1232; 1504 = 1178"
"data/gamedata/anim_swim_unarmed.csv","_Cor_Jump",10,"data/gamedata/anim_db.csv",77,76,0.9870,0.0910,"20 = Disc_Atk_Aggro-in; 709 = Or_Un_Cor_Jump; 1109 = Go_Un_Cor_Jump"
"data/gamedata/flypath.csv","",15,"data/strings/english/abilitydesc.txt",77,76,0.9870,1.0000,"7310 = Increases Strength by {COM_0_VAL0} for 30 minutes.; 7446 = Increases Toughness by {COM_0_VAL0} for 10 minutes.; 7500 = Increases Spirit Resistance by {COM_0_VAL0} for 60 minutes."
"data/gamedata/flypath.csv","",15,"data/strings/english/abilitynames.txt",77,76,0.9870,1.0000,"4479 = Chris^n; 4498 = Chris^n; 4813 = Tick Tick Boom^n"
"data/gamedata/flypath.csv","",15,"data/strings/english/componenteffects.txt",77,76,0.9870,1.0000,"5162 = Damage dealt increased by <<1>>%.; 5163 = Damage dealt increased by <<1>>%.; 5450 = Increases damage taken by <<1>>%."
"data/gamedata/flypath.csv","",18,"data/strings/english/abilitydesc.txt",77,76,0.9870,1.0000,"7386 = Increases Intelligence by {COM_0_VAL0} for 30 minutes.; 7496 = Increases Spirit Resistance by {COM_0_VAL0} for 5 minutes.; 7674 = Magic spikes cover your armor and for the next 60 minutes any opponent hitting you in melee receives {COM_1_VAL0_DAMAGE} whenever they strike you."
"data/gamedata/flypath.csv","",18,"data/strings/english/abilitynames.txt",77,76,0.9870,1.0000,"3624 = Witchbrew^n; 4327 = Reaping Bolt^n; 4471 = Chris^n"
"data/gamedata/flypath.csv","",18,"data/strings/english/componenteffects.txt",77,76,0.9870,1.0000,"3624 = Unable to use Magic; 4745 = <<1>> Damage delt every second; 5163 = Damage dealt increased by <<1>>%."
"data/gamedata/objects.csv","Rune Priest",43,"data/gamedata/itemdata.csv",76,76,1.0000,1.0000,"3501 = 390; 3502 = 395; 3503 = 391"
"data/gamedata/objects.csv","Choppa",49,"data/gamedata/itemdata.csv",76,76,1.0000,1.0000,"1526 = 2008; 1527 = 1270; 1528 = 2491"
"data/gamedata/anim_grip_unarmed.csv","AA-activeloop",91,"data/gamedata/anim_db.csv",76,75,0.9868,0.0910,"138 = Or_Th_Atk_BA; 790 = Or_Un_Atk_AA-activeloop; 1190 = go_un_Atk_AA-activeloop"
"data/gamedata/anim_grip_unarmed.csv","AA-out",92,"data/gamedata/anim_db.csv",76,75,0.9868,0.0910,"139 = Or_Th_Atk_BD; 791 = Or_Un_Atk_AA-out; 1191 = go_un_Atk_AA-out"
"data/gamedata/anim_grip_unarmed.csv","BB-activeloop",93,"data/gamedata/anim_db.csv",76,75,0.9868,0.0910,"140 = Or_Th_Atk_B-out; 792 = Or_Un_Atk_BB-activeloop; 1192 = go_un_Atk_BB-activeloop"
"data/gamedata/anim_grip_unarmed.csv","BB-out",94,"data/gamedata/anim_db.csv",76,75,0.9868,0.0910,"141 = Or_Th_Atk_C-in; 793 = Or_Un_Atk_BB-out; 1193 = go_un_Atk_BB-out"
"data/gamedata/anim_grip_unarmed.csv","CC-activeloop",95,"data/gamedata/anim_db.csv",76,75,0.9868,0.0910,"142 = Or_Th_Atk_C-Build; 794 = Or_Un_Atk_CC-activeloop; 1194 = go_un_Atk_CC-activeloop"
"data/gamedata/anim_grip_unarmed.csv","CC-out",96,"data/gamedata/anim_db.csv",76,75,0.9868,0.0910,"143 = Or_Th_Atk_CC; 795 = Or_Un_Atk_CC-out; 1195 = go_un_Atk_CC-out"
"data/gamedata/anim_grip_unarmed.csv","DD-activeloop",97,"data/gamedata/anim_db.csv",76,75,0.9868,0.0910,"144 = Or_Th_Atk_CA; 796 = Or_Un_Atk_DD-activeloop; 1196 = go_un_Atk_DD-activeloop"
"data/gamedata/anim_grip_unarmed.csv","DD-out",98,"data/gamedata/anim_db.csv",76,75,0.9868,0.0910,"145 = Or_Th_Atk_CD; 797 = Or_Un_Atk_DD-out; 1197 = go_un_Atk_DD-out"
"data/gamedata/anim_swim_unarmed.csv","_Cor_Fall",11,"data/gamedata/anim_db.csv",76,75,0.9868,0.0910,"710 = Or_Un_Cor_Fall; 1110 = Go_Un_Cor_Fall; 2110 = DwM_Un_Cor_Fall"
"data/gamedata/anim_swim_unarmed.csv","_Cor_Land",12,"data/gamedata/anim_db.csv",76,75,0.9868,0.0910,"711 = Or_Un_Cor_Land; 1111 = Go_Un_Cor_Land; 2111 = DwM_Un_Cor_Land"
"data/gamedata/anim_core.csv","TurnR-lower",18,"data/gamedata/anim_db.csv",75,75,1.0000,0.0910,"25 = EMM_dor_hover-active; 613 = Or_Un_Cor_TurnR-lo; 1013 = Go_Un_Cor_TurnR-lo"
"data/gamedata/objects.csv","Bright Wizard",59,"data/gamedata/itemdata.csv",75,75,1.0000,1.0000,"3501 = 390; 3502 = 395; 3503 = 391"
"data/gamedata/objects.csv","Swordmaster",71,"data/gamedata/itemdata.csv",75,75,1.0000,1.0000,"3501 = 390; 3502 = 395; 3503 = 391"
"data/gamedata/objects.csv","Shadow Warrior",73,"data/gamedata/itemdata.csv",75,75,1.0000,1.0000,"3501 = 390; 3502 = 395; 3503 = 391"
"data/gamedata/anim_core.csv","TurnL-lower",17,"data/gamedata/anim_db.csv",74,74,1.0000,0.0910,"612 = Or_Un_Cor_TurnL-lo; 1012 = Go_Un_Cor_TurnL-lo; 2012 = DwM_Un_Cor_TurnL-lo"
"data/gamedata/anim_core.csv","Cor_Rez",35,"data/gamedata/anim_db.csv",74,74,1.0000,0.0910,"50 = disc_stomp-inloop; 724 = Or_Un_Cor_Rez; 1124 = Go_Un_Cor_Rez"
"data/gamedata/anim_mount_handweapon.csv","Cor_Back-lo",18,"data/gamedata/anim_db.csv",74,74,1.0000,0.0910,"3117 = EmM_Un_Cor_Stun-out; 13013 = Cre_Squig_Boss_Hw_Cor_TurnR-lo; 13313 = cre_GdK_hw_Cor_TurnR-lo"
"data/gamedata/monsters.csv","Tall",4,"data/gamedata/abilities.csv",74,74,1.0000,0.9581,"1 = Ard Noggin; 17 = Bad Breath Sub; 20 = Chow Time!"
"data/gamedata/monsters.csv","Tall",4,"data/gamedata/anim_scripts.csv",74,74,1.0000,1.0000,"1 = Fidget; 17 = FauxRanged-Blackpowder; 20 = (OFF-LIMITS)FauxRanged-Blackpowder"
"data/gamedata/monsters.csv","Tall",4,"data/gamedata/effectlists.csv",74,74,1.0000,0.9977,"1 = standard bloodsplat hit; 17 = MOR_EM_IMPACT_SolarFlare; 20 = Cast Life FINISH"
"data/gamedata/monsters.csv","Tall",4,"data/gamedata/effectnifs.csv",74,74,1.0000,0.9997,"1 = empty; 17 = vfx_SPELL_orc_Moral; 20 = vfx_TEMP_BloodPierce_Hit"
"data/gamedata/monsters.csv","Tall",4,"data/gamedata/itemdata.csv",74,74,1.0000,1.0000,"1 = 4111; 20 = 396; 50 = 1016"
"data/gamedata/monsters.csv","Tall",4,"data/gamedata/items.csv",74,74,1.0000,0.9889,"1 = WORLD OBJ QI_Dw_coffin01; 17 = WORLD OBJ dw_gyrocopter_prop; 20 = WORLD OBJ QI_ge_crypt01"
"data/gamedata/monsters.csv","Tall",4,"data/gamedata/objects.csv",74,74,1.0000,1.0000,"1 = WORLD OBJ QI_Dw_coffin01; 17 = WORLD OBJ dw_gyrocopter_prop; 20 = WORLD OBJ QI_ge_crypt01"
"data/gamedata/monsters.csv","Tall",4,"data/gamedata/packages.csv",74,74,1.0000,1.0000,"1 = 0; 17 = 0; 20 = 0"
"data/gamedata/monsters.csv","Tall",4,"data/strings/english/abilitydesc.txt",74,74,1.0000,1.0000,"1 = A powerful attack that deals {COM_0_VAL0_DAMAGE} and reduces the threat generated by your pet's next attack.; 17 = A grating squeal that Taunts the enemy, making the enemy hate your pet much more, forcing monsters to attack your pet, and causing the enemy to deal {COM_0_VAL0}% less damage to everyone else other than the Squig for {COM_0_DURA_SECONDS}.; 42 = Deals {COM_0_VAL0_DAMAGE} to all enemies in front of your War Lion, up to {COM_0_RADI_FEET} away."
"data/gamedata/monsters.csv","Tall",4,"data/strings/english/abilitynames.txt",74,74,1.0000,1.0000,"1 = Ard Noggin^n; 17 = Squig Squeal^n; 20 = ; TEST Engineer Pets^n"
"data/gamedata/monsters.csv","Tall",4,"data/strings/english/componenteffects.txt",74,74,1.0000,1.0000,"20 = Periodically recovering <<1>> Health.; 42 = Inflicting <<1>>% Damage to de-taunter.; 45 = Inflicting <<1>>% Damage to everyone but taunter."
"data/gamedata/monsters.csv","Tall",4,"data/strings/english/emotes.txt",74,74,1.0000,1.0000,"1 = wave; 17 = You point.; 20 = <<CA:1>> points at <<A:2>>."
"data/gamedata/monsters.csv","Tall",4,"data/strings/english/objectivenames.txt",74,74,1.0000,0.7072,"1 = Cannon Battery; 17 = The Siege of Komar; 20 = Marghaz Bloodtoof Ritual"
"data/gamedata/monsters.csv","Tall",4,"data/strings/english/packageinfo.txt",74,74,1.0000,1.0000,"650 = Increases Strength and Weapon Skill by 6"
"data/gamedata/monsters.csv","Tall",4,"data/strings/english/packagenames.txt",74,74,1.0000,1.0000,"1 = Me Ol' Choppa; 17 = Me Well Worn Pants; 20 = Me Softest Shirt"
"data/gamedata/monsters.csv","Tall",4,"data/strings/english/scenariolobby.txt",74,74,1.0000,1.0000,""
"data/gamedata/monsters.csv","Tall",4,"data/strings/english/scenarionames.txt",74,74,1.0000,1.0000,""
"data/gamedata/monsters.csv","Tall",4,"data/strings/english/scenarioscore.txt",74,74,1.0000,1.0000,""
"data/gamedata/objects.csv","Archmage",77,"data/gamedata/itemdata.csv",74,74,1.0000,1.0000,"3501 = 390; 3502 = 395; 3503 = 391"
"data/gamedata/objects.csv","Sorcerer",85,"data/gamedata/itemdata.csv",74,74,1.0000,1.0000,"3501 = 390; 3502 = 395; 3503 = 391"
"data/gamedata/anim_grip_unarmed.csv","_Cor_Holster-Loop",99,"data/gamedata/anim_db.csv",74,73,0.9865,0.0910,"146 = Or_Th_Atk_C-out; 798 = Or_Un_Cor_Holster-Active; 1198 = Go_Un_Cor_Holster-Active"
"data/gamedata/anim_grip_unarmed.csv","_Cor_Holster-Out",100,"data/gamedata/anim_db.csv",74,73,0.9865,0.0910,"147 = Or_Th_Atk_D-in; 799 = Or_Un_Cor_Holster-out; 1199 = Go_Un_Cor_Holster-out"
"data/gamedata/monsters.csv","Tall",4,"data/gamedata/anim_db.csv",74,73,0.9865,0.0910,"1 = null-inloop; 20 = Disc_Atk_Aggro-in; 30 = Root_R90"
"data/gamedata/monsters.csv","Tall",4,"data/gamedata/effects.csv",74,72,0.9730,0.8188,"1 = Ard Noggin; 17 = Bad Breath Sub; 20 = Chow Time!"
"data/gamedata/monsters.csv","Tall",4,"data/strings/english/abilityeffect.txt",74,72,0.9730,1.0000,"100 = You are not Berserk; 105 = You must be Guarding your target; 108 = You must be wielding a Great Weapon"
"data/gamedata/monsters.csv","Tall",4,"data/gamedata/effectdef.csv",74,71,0.9595,0.9938,"1 = standard bloodsplat hit; 17 = Big Brains; 20 = Cast Life FINISH"
"data/gamedata/monsters.csv","Tall",4,"data/strings/english/dyenames.txt",74,70,0.9459,1.0000,"1 = Dark Sky Blue; 17 = Medium Olive; 20 = Medium Yellow"
"data/gamedata/anim_mount_handweapon.csv","Cor_Back-lo",18,"data/gamedata/itemdata.csv",74,69,0.9324,1.0000,"13013 = 3529; 13613 = 1861; 14106 = 2489"
"data/gamedata/monsters.csv","Tall",4,"data/gamedata/anim_statedef.csv",74,68,0.9189,0.1627,"1 = Portrait-un; 17 = Sink; 20 = flinch-MASK"
"data/gamedata/monsters.csv","Tall",4,"data/gamedata/jumppoints.csv",74,67,0.9054,1.0000,"1 = MountBloodhorn; 17 = ChaosWastes; 20 = Nordland"
"data/gamedata/anim_core.csv","Cor_Rez1",36,"data/gamedata/anim_db.csv",73,73,1.0000,0.0910,"50 = disc_stomp-inloop; 150 = Or_Th_Atk_DB; 725 = Or_Un_Cor_Rez2"
"data/gamedata/anim_pose.csv","Auto1",68,"data/gamedata/itemdata.csv",73,73,1.0000,1.0000,"876 = 845; 1076 = 425; 1276 = 1180"
"data/gamedata/anim_pose.csv","Auto1",68,"data/strings/english/abilitydesc.txt",73,73,1.0000,1.0000,"1476 = All attacks will generate {COM_0_VAL1}% less hate.; 1776 = You frantically lash out at everything nearby for up to {COM_0_DURA_SECONDS}, dealing {COM_1_VAL0_DAMAGE} every 2 seconds to all enemies within {COM_1_RADI_FEET}. Each time you deal damage, you'll randomly pull one of the victims in towards you.; 7252 = Heals for {COM_0_VAL0} every {COM_0_FREQ_SECONDS}, for {COM_0_DURA_SECONDS}."
"data/gamedata/anim_pose.csv","Auto1",68,"data/strings/english/abilitynames.txt",73,73,1.0000,1.0000,"1476 = Got No Time For You^n; 1776 = Git To Da Choppa^n; 4923 = Theogonist's Smite^n"
"data/gamedata/anim_pose.csv","Auto1",68,"data/strings/english/componenteffects.txt",73,73,1.0000,1.0000,"1176 = Increases Wounds by <<1>>%.; 1376 = Armor reduced by <<1>>.; 1476 = You have an active Bombardment Turret."
"data/gamedata/anim_pose.csv","Auto1",68,"data/strings/english/packageinfo.txt",73,73,1.0000,1.0000,""
"data/gamedata/anim_pose.csv","Auto1",68,"data/strings/english/packagenames.txt",73,73,1.0000,1.0000,"2076 = 0; 2176 = Unleash the Winds; 2276 = 0"
"data/gamedata/anim_pose.csv","Auto2",69,"data/gamedata/itemdata.csv",73,73,1.0000,1.0000,"877 = 846; 1077 = 394; 1277 = 1153"
"data/gamedata/anim_pose.csv","Auto2",69,"data/strings/english/abilitydesc.txt",73,73,1.0000,1.0000,"1377 = You become filled with unstoppable power, removing all snaring, rooting, silencing, and disarming effects.; 1477 = Your autoattack speed is increased by 25% while you are Furious and 50% while you are Berserk.; 7253 = Heals for {COM_0_VAL0} every {COM_0_FREQ_SECONDS}, for {COM_0_DURA_SECONDS}."
"data/gamedata/anim_pose.csv","Auto2",69,"data/strings/english/abilitynames.txt",73,73,1.0000,1.0000,"1377 = Juggernaut^n; 1477 = Push For More^n; 1777 = ; TEST Choppa Tactics^n"
"data/gamedata/anim_pose.csv","Auto2",69,"data/strings/english/componenteffects.txt",73,73,1.0000,1.0000,"1177 = Increases Damage by <<1>>%.; 1377 = Armor reduced by <<1>>.; 1477 = Rooted in place."
"data/gamedata/anim_pose.csv","Auto2",69,"data/strings/english/packageinfo.txt",73,73,1.0000,1.0000,""
"data/gamedata/anim_pose.csv","Auto2",69,"data/strings/english/packagenames.txt",73,73,1.0000,1.0000,"2077 = 0; 2177 = Misdirection; 2277 = 0"
"data/gamedata/objects.csv","Engineer",45,"data/gamedata/itemdata.csv",73,73,1.0000,1.0000,"1519 = 1275; 3501 = 390; 3502 = 395"
"data/gamedata/objects.csv","Chosen",63,"data/gamedata/itemdata.csv",73,73,1.0000,1.0000,"3501 = 390; 3502 = 395; 3503 = 391"
"data/gamedata/objects.csv","Zealot",67,"data/gamedata/itemdata.csv",73,73,1.0000,1.0000,"3501 = 390; 3502 = 395; 3503 = 391"
"data/gamedata/objects.csv","Blackguard",79,"data/gamedata/itemdata.csv",73,73,1.0000,1.0000,"3501 = 390; 3502 = 395; 3503 = 391"
"data/gamedata/objects.csv","Zealot",67,"data/gamedata/anim_db.csv",73,68,0.9315,0.0910,"950 = Or_HwS_Atk_DB; 951 = Or_HwS_Atk_DC; 952 = Or_HwS_Atk_D-out"
"data/gamedata/anim_coregg.csv","Cor_Stun-in",26,"data/gamedata/anim_db.csv",72,72,1.0000,0.0910,"715 = Or_Un_Cor_Stun-in; 1115 = Go_Un_Cor_Stun-in; 2115 = DwM_Un_Cor_Stun-in"
"data/gamedata/anim_coregg.csv","Cor_Stun-in",26,"data/gamedata/itemdata.csv",72,72,1.0000,1.0000,"715 = 682; 1115 = 405; 6115 = 1182"
"data/gamedata/anim_coregg.csv","Cor_Stun",27,"data/gamedata/anim_db.csv",72,72,1.0000,0.0910,"716 = Or_Un_Cor_Stun; 1116 = Go_Un_Cor_Stun; 2116 = DwM_Un_Cor_Stun"
"data/gamedata/anim_coregg.csv","Cor_Stun",27,"data/gamedata/itemdata.csv",72,72,1.0000,1.0000,"716 = 683; 1116 = 405; 6116 = 1222"
"data/gamedata/anim_coregg.csv","Cor_Stun-out",28,"data/gamedata/anim_db.csv",72,72,1.0000,0.0910,"717 = Or_Un_Cor_Stun-out; 1117 = Go_Un_Cor_Stun-out; 2117 = DwM_Un_Cor_Stun-out"
"data/gamedata/anim_coregg.csv","Cor_Stun-out",28,"data/gamedata/itemdata.csv",72,72,1.0000,1.0000,"717 = 684; 1117 = 405; 6117 = 1266"
"data/gamedata/anim_coregg.csv","Cor_Down-in",29,"data/gamedata/anim_db.csv",72,72,1.0000,0.0910,"718 = Or_Un_Cor_Down-in; 1118 = Go_Un_Cor_Down-in; 2118 = DwM_Un_Cor_Down-in"
"data/gamedata/anim_coregg.csv","Cor_Down-in",29,"data/gamedata/itemdata.csv",72,72,1.0000,1.0000,"718 = 685; 1118 = 423; 6118 = 1276"
"data/gamedata/anim_coregg.csv","Cor_Down",30,"data/gamedata/anim_db.csv",72,72,1.0000,0.0910,"719 = Or_Un_Cor_Down; 1119 = Go_Un_Cor_Down; 2119 = DwM_Un_Cor_Down"
"data/gamedata/anim_coregg.csv","Cor_Down",30,"data/gamedata/itemdata.csv",72,72,1.0000,1.0000,"719 = 686; 1119 = 415; 6119 = 1236"
"data/gamedata/anim_coregg.csv","Cor_Down-out",31,"data/gamedata/anim_db.csv",72,72,1.0000,0.0910,"720 = Or_Un_Cor_Down-out; 1120 = Go_Un_Cor_Down-out; 2120 = DwM_Un_Cor_Down-out"
"data/gamedata/anim_coregg.csv","Cor_Down-out",31,"data/gamedata/itemdata.csv",72,72,1.0000,1.0000,"720 = 687; 1120 = 422; 6120 = 1286"
"data/gamedata/anim_grip_handweapons.csv","Cor_Die-out",255,"data/gamedata/anim_db.csv",72,72,1.0000,0.0910,"723 = Or_Un_Cor_Die-out; 1123 = Go_Un_Cor_Die-out; 2123 = DwM_Un_Cor_Die-out"
"data/gamedata/anim_grip_staff.csv","Cor_Die-out",255,"data/gamedata/anim_db.csv",72,72,1.0000,0.0910,"723 = Or_Un_Cor_Die-out; 1123 = Go_Un_Cor_Die-out; 2123 = DwM_Un_Cor_Die-out"
"data/gamedata/anim_mount_greataxe.csv","Cor_Back-lo",18,"data/gamedata/anim_db.csv",72,72,1.0000,0.0910,"3117 = EmM_Un_Cor_Stun-out; 13013 = Cre_Squig_Boss_Hw_Cor_TurnR-lo; 13313 = cre_GdK_hw_Cor_TurnR-lo"
"data/gamedata/anim_mount_spear.csv","Cor_Back-lo",18,"data/gamedata/anim_db.csv",72,72,1.0000,0.0910,"3117 = EmM_Un_Cor_Stun-out; 13013 = Cre_Squig_Boss_Hw_Cor_TurnR-lo; 13313 = cre_GdK_hw_Cor_TurnR-lo"
"data/gamedata/imaswap.csv","IMA",2,"data/gamedata/abilities.csv",72,72,1.0000,0.9581,"11 = Head Butt; 12 = Goop Shootin'; 13 = Spore Cloud"
"data/gamedata/imaswap.csv","IMA",2,"data/gamedata/effectlists.csv",72,72,1.0000,0.9977,"11 = Pierce; 12 = IMPACT_DE_MonsterousRending; 13 = Quick Cut"
"data/gamedata/imaswap.csv","IMA",2,"data/gamedata/effectnifs.csv",72,72,1.0000,0.9997,"11 = vfx_orc_T1_QuickHealing; 12 = vfx_orc_T2_QuickHealing; 13 = vfx_orc_T3_QuickHealing"
"data/gamedata/imaswap.csv","IMA",2,"data/gamedata/itemdata.csv",72,72,1.0000,1.0000,"11 = 110; 20 = 396; 49 = 2131"
"data/gamedata/imaswap.csv","IMA",2,"data/gamedata/items.csv",72,72,1.0000,0.9889,"11 = WORLD OBJ or_pile_dung01; 12 = WORLD OBJ or_banner04; 13 = WORLD OBJ qi_em_monument_statue_destroyed"
"data/gamedata/imaswap.csv","IMA",2,"data/gamedata/monsters.csv",72,72,1.0000,0.6706,"11 = Dark Elf Disciple Female Nude; 12 = Greenskin Black Orc Nude; 13 = Greenskin Choppa Nude"
"data/gamedata/imaswap.csv","IMA",2,"data/gamedata/objects.csv",72,72,1.0000,1.0000,"11 = WORLD OBJ or_pile_dung01; 12 = WORLD OBJ or_banner04; 13 = WORLD OBJ qi_em_monument_statue_destroyed"
"data/gamedata/imaswap.csv","IMA",2,"data/gamedata/packages.csv",72,72,1.0000,1.0000,"11 = 0; 12 = 0; 13 = 0"
"data/gamedata/imaswap.csv","IMA",2,"data/strings/english/abilitydesc.txt",72,72,1.0000,1.0000,"11 = Your Squig sprays out corrosive slime towards an enemy, dealing {COM_0_VAL0_DAMAGE} to all targets within {COM_0_RADI_FEET} of the victim.; 12 = Your Squig expels noxious spores towards an enemy, briefly sickening the victim and all other enemies within {COM_0_RADI_FEET} of them, dealing {COM_0_VAL0_DAMAGE}. Any of your Squigs, including your Battle Squig, within the radius will be healed for {COM_1_VAL0_HEALTH}.; 21 = Blasts the target with an armor-destroying round, dealing {COM_0_VAL0_DAMAGE} and reducing their Armor by {COM_1_VAL0} for {COM_1_DURA_SECONDS}."
"data/gamedata/imaswap.csv","IMA",2,"data/strings/english/abilitynames.txt",72,72,1.0000,1.0000,"11 = Goop Shootin'^n; 12 = Spore Cloud^n; 13 = Gas Squig Autoattack^n"
"data/gamedata/imaswap.csv","IMA",2,"data/strings/english/componenteffects.txt",72,72,1.0000,1.0000,"20 = Periodically recovering <<1>> Health.; 42 = Inflicting <<1>>% Damage to de-taunter.; 43 = Inflicting <<1>>% Damage to everyone but taunter."
"data/gamedata/imaswap.csv","IMA",2,"data/strings/english/objectivenames.txt",72,72,1.0000,0.7072,"11 = Raider's Haven; 12 = Broketoof Camp; 13 = Goldfist's Hole Recovery"
"data/gamedata/imaswap.csv","IMA",2,"data/strings/english/packageinfo.txt",72,72,1.0000,1.0000,""
"data/gamedata/imaswap.csv","IMA",2,"data/strings/english/packagenames.txt",72,72,1.0000,1.0000,"11 = Me Ancestor's Ol' Handgun; 12 = Me Ancestor's Ol' Spanner; 13 = Me Ancestor's Ol' Staff"
"data/gamedata/imaswap.csv","IMA",2,"data/strings/english/scenariolobby.txt",72,72,1.0000,1.0000,""
"data/gamedata/imaswap.csv","IMA",2,"data/strings/english/scenarionames.txt",72,72,1.0000,1.0000,""
"data/gamedata/imaswap.csv","IMA",2,"data/strings/english/scenarioscore.txt",72,72,1.0000,1.0000,""
"data/gamedata/objects.csv","Marauder",65,"data/gamedata/itemdata.csv",72,72,1.0000,1.0000,"3501 = 390; 3502 = 395; 3503 = 391"
"data/gamedata/objects.csv","White Lion",75,"data/gamedata/itemdata.csv",72,72,1.0000,1.0000,"3501 = 390; 3502 = 395; 3503 = 391"
"data/gamedata/objects.csv","Witch Elf",81,"data/gamedata/itemdata.csv",72,72,1.0000,1.0000,"3501 = 390; 3502 = 395; 3503 = 391"
"data/gamedata/objects.csv","Disciple",83,"data/gamedata/itemdata.csv",72,72,1.0000,1.0000,"3501 = 390; 3502 = 395; 3503 = 391"
"data/gamedata/imaswap.csv","IMA",2,"data/gamedata/effectdef.csv",72,71,0.9861,0.9938,"11 = Pierce; 12 = Power Chop; 13 = Quick Cut"
"data/gamedata/imaswap.csv","IMA",2,"data/gamedata/effects.csv",72,71,0.9861,0.8188,"11 = Head Butt; 12 = Goop Shootin'; 13 = Spore Cloud"
"data/gamedata/anim_grip_handweapons.csv","Cor_Die-out",255,"data/gamedata/itemdata.csv",72,70,0.9722,1.0000,"723 = 690; 1123 = 405; 6123 = 1220"
"data/gamedata/anim_grip_staff.csv","Cor_Die-out",255,"data/gamedata/itemdata.csv",72,70,0.9722,1.0000,"723 = 690; 1123 = 405; 6123 = 1220"
"data/gamedata/imaswap.csv","IMA",2,"data/gamedata/anim_db.csv",72,70,0.9722,0.0910,"11 = null-in; 12 = null-inloop; 13 = null-active"
"data/gamedata/anim_mount_greataxe.csv","Cor_Back-lo",18,"data/gamedata/itemdata.csv",72,69,0.9583,1.0000,"13013 = 3529; 13613 = 1861; 14106 = 2489"
"data/gamedata/anim_mount_spear.csv","Cor_Back-lo",18,"data/gamedata/itemdata.csv",72,68,0.9444,1.0000,"13013 = 3529; 13613 = 1861; 14106 = 2489"
"data/gamedata/objects.csv","Marauder",65,"data/gamedata/anim_db.csv",72,67,0.9306,0.0910,"950 = Or_HwS_Atk_DB; 951 = Or_HwS_Atk_DC; 952 = Or_HwS_Atk_D-out"
"data/gamedata/objects.csv","White Lion",75,"data/gamedata/anim_db.csv",72,67,0.9306,0.0910,"950 = Or_HwS_Atk_DB; 951 = Or_HwS_Atk_DC; 952 = Or_HwS_Atk_D-out"
"data/gamedata/imaswap.csv","IMA",2,"data/gamedata/anim_statedef.csv",72,66,0.9167,0.1627,"11 = Un-Strafe R90; 12 = Un-Strafe BL; 13 = Un-Strafe BR"
"data/gamedata/imaswap.csv","IMA",2,"data/strings/english/abilityresults.txt",72,65,0.9028,0.9640,"120 = Your target may not gain another Mark yet; 121 = Your Marks of Chaos are already at their maximum amount; 122 = You have reached your limit on turrets"
"data/gamedata/abilities.csv","Animation",7,"data/gamedata/anim_db.csv",71,71,1.0000,0.0910,"21 = Disc_Atk_Aggro; 23 = Disc_Flinch; 24 = EMM_dor_hover-in"
"data/gamedata/abilities.csv","Animation",7,"data/gamedata/anim_scripts.csv",71,71,1.0000,1.0000,"21 = (OFF-LIMITS)FauxRanged-Archery; 23 = (OFF-LIMITS)FauxRanged-DwarfMagic; 24 = (OFF-LIMITS)FauxRanged-ChaosMagic"
"data/gamedata/abilities.csv","Animation",7,"data/gamedata/anim_statedef.csv",71,71,1.0000,0.1627,"21 = SpineTILT; 23 = toast; 24 = HWTurnL"
"data/gamedata/abilities.csv","Animation",7,"data/gamedata/effectlists.csv",71,71,1.0000,0.9977,"21 = Casting Shadow LOOP; 23 = Cast Dark LOOP; 24 = BUFF_LOOP_BladeEnchant_EliteTraining"
"data/gamedata/abilities.csv","Animation",7,"data/gamedata/effectnifs.csv",71,71,1.0000,0.9997,"21 = vfx_TEMP_DwGenericBuildup; 23 = vfx_TEMP_GenericDebuff1; 24 = vfx_TEMP_SelectionCircleRed"
"data/gamedata/abilities.csv","Animation",7,"data/gamedata/itemdata.csv",71,71,1.0000,1.0000,"49 = 2131; 52 = 1066; 54 = 1004"
"data/gamedata/abilities.csv","Animation",7,"data/gamedata/items.csv",71,71,1.0000,0.9889,"21 = WORLD OBJ qi_mo_powerdevice01; 23 = WORLD OBJ or_dwarfpike01; 24 = WORLD OBJ Qi_dw_Chest01"
"data/gamedata/abilities.csv","Animation",7,"data/gamedata/jumppoints.csv",71,71,1.0000,1.0000,"21 = Nordland2; 23 = Talabecland; 24 = Reikland"
"data/gamedata/abilities.csv","Animation",7,"data/gamedata/objects.csv",71,71,1.0000,1.0000,"21 = WORLD OBJ qi_mo_powerdevice01; 23 = WORLD OBJ dw_ship_ironclad01; 24 = WORLD OBJ mo_ruins_marsh_lrgestonepile"
"data/gamedata/abilities.csv","Animation",7,"data/gamedata/packages.csv",71,71,1.0000,1.0000,"21 = 0; 23 = 0; 24 = 0"
"data/gamedata/abilities.csv","Animation",7,"data/gamedata/pregame_features.csv",71,71,1.0000,1.0000,"21 = MALE; 23 = MALE; 24 = MALE"
"data/gamedata/abilities.csv","Animation",7,"data/strings/english/abilitydesc.txt",71,71,1.0000,1.0000,"21 = Blasts the target with an armor-destroying round, dealing {COM_0_VAL0_DAMAGE} and reducing their Armor by {COM_1_VAL0} for {COM_1_DURA_SECONDS}.; 24 = Fires a compact shot directly at the target which deals {COM_0_VAL0_CORPOREALDAMAGE}.; 25 = Launches a grenade packed with explosives at the target, dealing {COM_1_VAL0_CORPOREALDAMAGE} to the victim and all enemies within {COM_1_RADI_FEET} of them."
"data/gamedata/abilities.csv","Animation",7,"data/strings/english/abilityeffect.txt",71,71,1.0000,1.0000,"105 = You must be Guarding your target; 112 = Your Oath Runes are already at their maximum amount; 113 = Your Master Runes are already at their maximum amount"
"data/gamedata/abilities.csv","Animation",7,"data/strings/english/abilitynames.txt",71,71,1.0000,1.0000,"21 = Penetrating Round^n; 23 = Gun Turret GFXMOD Autoattack Override^n; 24 = Shock Grenade^n"
"data/gamedata/abilities.csv","Animation",7,"data/strings/english/bindlocations.txt",71,71,1.0000,1.0000,"21 = Ug's Warband; 23 = Mordrin's Anvil; 24 = Redhammer Brewery"
"data/gamedata/abilities.csv","Animation",7,"data/strings/english/componenteffects.txt",71,71,1.0000,1.0000,"43 = Inflicting <<1>>% Damage to everyone but taunter.; 44 = Inflicting <<1>>% Damage to de-taunter.; 45 = Inflicting <<1>>% Damage to everyone but taunter."
"data/gamedata/abilities.csv","Animation",7,"data/strings/english/dyenames.txt",71,71,1.0000,1.0000,"21 = Light Yellow; 23 = Medium Tan; 24 = Light Tan"
"data/gamedata/abilities.csv","Animation",7,"data/strings/english/emotes.txt",71,71,1.0000,1.0000,"21 = talk; 23 = You talk <<A:2>>'s ear off.  <<Co:2>> eyes are starting to glaze over.; 24 = <<CA:1>> talks to <<r:1>>.  <<Cp:1>>'s an odd one."
"data/gamedata/abilities.csv","Animation",7,"data/strings/english/objectivenames.txt",71,71,1.0000,0.7072,"21 = Traitor's Watch; 23 = disabled Fuel for War; 24 = [Unnamed]"
"data/gamedata/abilities.csv","Animation",7,"data/strings/english/packageinfo.txt",71,71,1.0000,1.0000,""
"data/gamedata/abilities.csv","Animation",7,"data/strings/english/packagenames.txt",71,71,1.0000,1.0000,"21 = Me Softest Pants; 23 = Tough Workin' Pants; 24 = Tough Workin' Boots"
"data/gamedata/abilities.csv","Animation",7,"data/strings/english/scenariolobby.txt",71,71,1.0000,1.0000,""
"data/gamedata/abilities.csv","Animation",7,"data/strings/english/scenarionames.txt",71,71,1.0000,1.0000,""
"data/gamedata/abilities.csv","Animation",7,"data/strings/english/scenarioscore.txt",71,71,1.0000,1.0000,""
"data/gamedata/anim_coregg.csv","Cor_Flinch-mask",19,"data/gamedata/anim_db.csv",71,71,1.0000,0.0910,"50 = disc_stomp-inloop; 614 = Or_Un_Cor_flinch-mask; 1014 = Go_Un_Cor_flinch-mask"
"data/gamedata/anim_coregg.csv","Cor_Flinch-mask",19,"data/gamedata/itemdata.csv",71,71,1.0000,1.0000,"50 = 1016; 1014 = 395; 6014 = 1264"
"data/gamedata/anim_grip_thrown.csv","Cor_Die-out",255,"data/gamedata/anim_db.csv",71,71,1.0000,0.0910,"723 = Or_Un_Cor_Die-out; 1123 = Go_Un_Cor_Die-out; 2123 = DwM_Un_Cor_Die-out"
"data/gamedata/anim_grip_thrown.csv","Cor_Die-out",255,"data/gamedata/itemdata.csv",71,71,1.0000,1.0000,"723 = 690; 1123 = 405; 6123 = 1220"
"data/gamedata/anim_pose.csv","Rude_Shout",70,"data/gamedata/itemdata.csv",71,71,1.0000,1.0000,"1078 = 382; 1278 = 1180; 2578 = 1222"
"data/gamedata/anim_pose.csv","Rude_Shout",70,"data/strings/english/abilitydesc.txt",71,71,1.0000,1.0000,"1378 = You focus your defenses against enemy fire, increasing your chances to dodge and disrupt by {COM_0_VAL0}% for {COM_0_DURA_SECONDS}. You will also defend all allies behind you, up to {COM_1_RADI_FEET} away, increasing their chances to dodge and disrupt by {COM_1_VAL0}% as long as they remain at your back. Allies may have this effect stacked on them up to 3 times.<BR>This effect will end if you break your concentration, or run out of action points.; 1478 = Reduces the cost of Spine Crusher and Deathblow by {COM_0_VAL1}%.; 1778 = Increases your Strength and Weapon Skill by {COM_0_VAL0}, but reduces your Toughness by {COM_1_VAL0}."
"data/gamedata/anim_pose.csv","Rude_Shout",70,"data/strings/english/abilitynames.txt",71,71,1.0000,1.0000,"1378 = Hold The Line!^n; 1478 = The Bigger They Are...^n; 1778 = Don't Wanna Live Foreva^n"
"data/gamedata/anim_pose.csv","Rude_Shout",70,"data/strings/english/componenteffects.txt",71,71,1.0000,1.0000,"1378 = Armor reduced by <<1>>.; 1478 = Block and Dodge chances reduced by <<1>>%.; 5075 = Target is stunned."
"data/gamedata/anim_pose.csv","Rude_Shout",70,"data/strings/english/packageinfo.txt",71,71,1.0000,1.0000,""
"data/gamedata/anim_pose.csv","Rude_Shout",70,"data/strings/english/packagenames.txt",71,71,1.0000,1.0000,"2078 = 0; 2178 = Focused Mind; 2278 = 0"
"data/gamedata/anim_pose.csv","Rude_Stomp",71,"data/gamedata/itemdata.csv",71,71,1.0000,1.0000,"879 = 0; 1079 = 413; 1279 = 1265"
"data/gamedata/anim_pose.csv","Rude_Stomp",71,"data/strings/english/abilitydesc.txt",71,71,1.0000,1.0000,"1479 = Each time you take critical damage, your Strength is increased by {COM_1_VAL0_COM_0_VAL0} for {COM_1_VAL0_COM_0_DURA_SECONDS}.; 1779 = Cooldowns on your Exhaustive Blows are reduced by {COM_0_VAL0}%.; 7255 = Heals for {COM_0_VAL0} every {COM_0_FREQ_SECONDS}, for {COM_0_DURA_SECONDS}."
"data/gamedata/anim_pose.csv","Rude_Stomp",71,"data/strings/english/abilitynames.txt",71,71,1.0000,1.0000,"1379 = ; TEST Ironbreaker Spec Abilities^n; 1479 = Embrace the Pain^n; 1779 = Finish 'Em Faster^n"
"data/gamedata/anim_pose.csv","Rude_Stomp",71,"data/strings/english/componenteffects.txt",71,71,1.0000,1.0000,"1379 = Armor reduced by <<1>>.; 5357 = The Thunder Stout is potent, yet refreshing.  All stats increased by <<1>>.; 7079 = Strength increased by <<1>>."
"data/gamedata/anim_pose.csv","Rude_Stomp",71,"data/strings/english/packageinfo.txt",71,71,1.0000,1.0000,""
"data/gamedata/anim_pose.csv","Rude_Stomp",71,"data/strings/english/packagenames.txt",71,71,1.0000,1.0000,"2079 = 0; 2179 = Shimmering Cloak; 2279 = ;Empire Tactics"
"data/gamedata/objects.csv","Witch Hunter",55,"data/gamedata/itemdata.csv",71,71,1.0000,1.0000,"1595 = 2514; 3501 = 390; 3502 = 395"
"data/gamedata/objects.csv","Knight",57,"data/gamedata/itemdata.csv",71,71,1.0000,1.0000,"1595 = 2514; 1602 = 2503; 3501 = 390"
"data/gamedata/abilities.csv","Animation",7,"data/gamedata/effectdef.csv",71,70,0.9859,0.9938,"21 = Casting Shadow LOOP; 23 = Cast Dark LOOP; 24 = BUFF_LOOP_BladeEnchant_EliteTraining"
"data/gamedata/abilities.csv","Animation",7,"data/gamedata/monsters.csv",71,70,0.9859,0.6706,"21 = Dwarf Engineer Female Nude; 23 = Dwarf Runepriest Female Nude; 24 = Chaos Chosen Nude"
"data/gamedata/anim_mount_unarmed.csv","Cor_Ready-lo",16,"data/gamedata/anim_db.csv",71,70,0.9859,0.0910,"715 = Or_Un_Cor_Stun-in; 1115 = Go_Un_Cor_Stun-in; 2115 = DwM_Un_Cor_Stun-in"
"data/gamedata/abilities.csv","Animation",7,"data/gamedata/effects.csv",71,68,0.9577,0.8188,"21 = Penetrating Round; 23 = Gun Turret GFXMOD Autoattack Override; 24 = Shock Grenade"
"data/gamedata/abilities.csv","Animation",7,"data/gamedata/emotedata.csv",71,67,0.9437,1.0000,"21 = 101; 23 = 111; 24 = 116"
"data/gamedata/abilities.csv","Animation",7,"data/gamedata/tintpalette_equipment.csv",71,67,0.9437,0.8223,"21 = Light Yellow (O); 23 = Medium Tan (O); 24 = Light Tan (O)"
"data/gamedata/objects.csv","Witch Hunter",55,"data/gamedata/anim_db.csv",71,66,0.9296,0.0910,"950 = Or_HwS_Atk_DB; 953 = Or_HwS_Spl_Base_S-In; 954 = Or_HwS_Spl_Base_S-Inloop"
"data/gamedata/anim_grip_dualdagger.csv","Cor_Die-out",255,"data/gamedata/anim_db.csv",70,70,1.0000,0.0910,"723 = Or_Un_Cor_Die-out; 1123 = Go_Un_Cor_Die-out; 2123 = DwM_Un_Cor_Die-out"
"data/gamedata/anim_grip_dualdagger.csv","Cor_Die-out",255,"data/gamedata/itemdata.csv",70,70,1.0000,1.0000,"723 = 690; 1123 = 405; 6123 = 1220"
"data/gamedata/anim_grip_pole.csv","Cor_Die-out",255,"data/gamedata/anim_db.csv",70,70,1.0000,0.0910,"723 = Or_Un_Cor_Die-out; 1123 = Go_Un_Cor_Die-out; 2123 = DwM_Un_Cor_Die-out"
"data/gamedata/anim_grip_pole.csv","Cor_Die-out",255,"data/gamedata/itemdata.csv",70,70,1.0000,1.0000,"723 = 690; 1123 = 405; 6123 = 1220"
"data/gamedata/anim_grip_rifle.csv","Cor_Die-out",255,"data/gamedata/anim_db.csv",70,70,1.0000,0.0910,"723 = Or_Un_Cor_Die-out; 1123 = Go_Un_Cor_Die-out; 2123 = DwM_Un_Cor_Die-out"
"data/gamedata/anim_grip_rifle.csv","Cor_Die-out",255,"data/gamedata/itemdata.csv",70,70,1.0000,1.0000,"723 = 690; 1123 = 405; 6123 = 1220"
"data/gamedata/anim_grip_unarmed.csv","_Rude_Shout-ActiveLoop",237,"data/gamedata/itemdata.csv",70,70,1.0000,1.0000,"116 = 1028; 768 = 735; 8968 = 0"
"data/gamedata/anim_grip_unarmed.csv","_Rude_Shout-Out",238,"data/gamedata/itemdata.csv",70,70,1.0000,1.0000,"117 = 1126; 769 = 736; 8969 = 0"
"data/gamedata/anim_grip_unarmed.csv","_Rude_Stomp-in",239,"data/gamedata/itemdata.csv",70,70,1.0000,1.0000,"118 = 2252; 770 = 737; 8970 = 0"
"data/gamedata/anim_grip_unarmed.csv","_Rude_Stomp-inloop",240,"data/gamedata/itemdata.csv",70,70,1.0000,1.0000,"119 = 2253; 771 = 738; 8971 = 3935"
"data/gamedata/anim_grip_unarmed.csv","Cor_Die-out",255,"data/gamedata/anim_db.csv",70,70,1.0000,0.0910,"723 = Or_Un_Cor_Die-out; 1123 = Go_Un_Cor_Die-out; 2123 = DwM_Un_Cor_Die-out"
"data/gamedata/objects.csv","Warrior Priest",61,"data/gamedata/itemdata.csv",70,70,1.0000,1.0000,"3501 = 390; 3502 = 395; 3503 = 391"
"data/gamedata/anim_grip_unarmed.csv","_Rude_Shout-in",234,"data/gamedata/anim_db.csv",70,69,0.9857,0.0910,"113 = Or_Th_Cor_fidget; 765 = Or_Un_Int_Rude_Shout-In; 1165 = Go_Un_Int_Rude_Shout-In"
"data/gamedata/anim_grip_unarmed.csv","_Rude_Shout-in",234,"data/gamedata/itemdata.csv",70,69,0.9857,1.0000,"113 = 1046; 765 = 732; 8965 = 0"
"data/gamedata/anim_grip_unarmed.csv","_Rude_Shout-inloop",235,"data/gamedata/anim_db.csv",70,69,0.9857,0.0910,"114 = Or_Th_Cor_Fidget2; 766 = Or_Un_Int_Rude_Shout-Inloop; 1166 = Go_Un_Int_Rude_Shout-Inloop"
"data/gamedata/anim_grip_unarmed.csv","_Rude_Shout-inloop",235,"data/gamedata/itemdata.csv",70,69,0.9857,1.0000,"114 = 1047; 766 = 733; 8966 = 2747"
"data/gamedata/anim_grip_unarmed.csv","_Rude_Shout-Active",236,"data/gamedata/anim_db.csv",70,69,0.9857,0.0910,"115 = Or_Th_Cor_Stun-in; 767 = Or_Un_Int_Rude_Shout-Active; 1167 = Go_Un_Int_Rude_Shout-Active"
"data/gamedata/anim_grip_unarmed.csv","_Rude_Shout-Active",236,"data/gamedata/itemdata.csv",70,69,0.9857,1.0000,"115 = 1011; 767 = 734; 8967 = 2748"
"data/gamedata/anim_grip_unarmed.csv","_Rude_Shout-ActiveLoop",237,"data/gamedata/anim_db.csv",70,69,0.9857,0.0910,"116 = Or_Th_Cor_Stun; 768 = Or_Un_Int_Rude_Shout-ActiveLoop; 1168 = Go_Un_Int_Rude_Shout-ActiveLoop"
"data/gamedata/anim_grip_unarmed.csv","_Rude_Shout-Out",238,"data/gamedata/anim_db.csv",70,69,0.9857,0.0910,"45 = EmM_Un_Int_book-in; 117 = Or_Th_Cor_Stun-out; 769 = Or_Un_Int_Rude_Shout-Out"
"data/gamedata/anim_grip_unarmed.csv","_Rude_Stomp-in",239,"data/gamedata/anim_db.csv",70,69,0.9857,0.0910,"46 = EmM_Un_Int_book-active; 118 = Or_Th_Cor_Down-in; 770 = Or_Un_Int_Rude_Stomp-In"
"data/gamedata/anim_grip_unarmed.csv","_Rude_Stomp-inloop",240,"data/gamedata/anim_db.csv",70,69,0.9857,0.0910,"47 = EmM_Un_Int_book-out; 119 = Or_Th_Cor_Down; 771 = Or_Un_Int_Rude_Stomp-Inloop"
"data/gamedata/anim_grip_unarmed.csv","Cor_Die-out",255,"data/gamedata/itemdata.csv",70,68,0.9714,1.0000,"723 = 690; 1123 = 405; 6123 = 1220"
"data/gamedata/objects.csv","Warrior Priest",61,"data/gamedata/anim_db.csv",70,65,0.9286,0.0910,"950 = Or_HwS_Atk_DB; 951 = Or_HwS_Atk_DC; 952 = Or_HwS_Atk_D-out"
"data/gamedata/anim_grip_dagger.csv","Cor_Die-out",255,"data/gamedata/anim_db.csv",69,69,1.0000,0.0910,"723 = Or_Un_Cor_Die-out; 1123 = Go_Un_Cor_Die-out; 2123 = DwM_Un_Cor_Die-out"
"data/gamedata/anim_grip_dagger.csv","Cor_Die-out",255,"data/gamedata/itemdata.csv",69,69,1.0000,1.0000,"723 = 690; 1123 = 405; 6123 = 1220"
"data/gamedata/anim_grip_daggerfetish.csv","Cor_Die-out",255,"data/gamedata/anim_db.csv",69,69,1.0000,0.0910,"723 = Or_Un_Cor_Die-out; 1123 = Go_Un_Cor_Die-out; 2123 = DwM_Un_Cor_Die-out"
"data/gamedata/anim_grip_daggerfetish.csv","Cor_Die-out",255,"data/gamedata/itemdata.csv",69,69,1.0000,1.0000,"723 = 690; 1123 = 405; 6123 = 1220"
"data/gamedata/anim_grip_dualwield.csv","Cor_Die-out",255,"data/gamedata/anim_db.csv",69,69,1.0000,0.0910,"723 = Or_Un_Cor_Die-out; 1123 = Go_Un_Cor_Die-out; 2123 = DwM_Un_Cor_Die-out"
"data/gamedata/anim_grip_handweaponfetish.csv","Cor_Die-out",255,"data/gamedata/anim_db.csv",69,69,1.0000,0.0910,"723 = Or_Un_Cor_Die-out; 1123 = Go_Un_Cor_Die-out; 2123 = DwM_Un_Cor_Die-out"
"data/gamedata/anim_grip_handweaponfetish.csv","Cor_Die-out",255,"data/gamedata/itemdata.csv",69,69,1.0000,1.0000,"723 = 690; 1123 = 405; 6123 = 1220"
"data/gamedata/anim_grip_handweaponpistol.csv","Cor_Die-out",255,"data/gamedata/anim_db.csv",69,69,1.0000,0.0910,"723 = Or_Un_Cor_Die-out; 1123 = Go_Un_Cor_Die-out; 2123 = DwM_Un_Cor_Die-out"
"data/gamedata/anim_grip_handweaponpistol.csv","Cor_Die-out",255,"data/gamedata/itemdata.csv",69,69,1.0000,1.0000,"723 = 690; 1123 = 405; 6123 = 1220"
"data/gamedata/anim_grip_handweaponshield.csv","Cor_Die-out",255,"data/gamedata/anim_db.csv",69,69,1.0000,0.0910,"723 = Or_Un_Cor_Die-out; 1123 = Go_Un_Cor_Die-out; 2123 = DwM_Un_Cor_Die-out"
"data/gamedata/anim_grip_handweaponshield.csv","Cor_Die-out",255,"data/gamedata/itemdata.csv",69,69,1.0000,1.0000,"723 = 690; 1123 = 405; 6123 = 1220"
"data/gamedata/anim_grip_spearshield.csv","Cor_Die-out",255,"data/gamedata/anim_db.csv",69,69,1.0000,0.0910,"723 = Or_Un_Cor_Die-out; 1123 = Go_Un_Cor_Die-out; 2123 = DwM_Un_Cor_Die-out"
"data/gamedata/anim_grip_spearshield.csv","Cor_Die-out",255,"data/gamedata/itemdata.csv",69,69,1.0000,1.0000,"723 = 690; 1123 = 405; 6123 = 1220"
"data/gamedata/anim_grip_unarmed.csv","_Rude_Stomp-Active",241,"data/gamedata/itemdata.csv",69,69,1.0000,1.0000,"120 = 2254; 772 = 739; 9172 = 3071"
"data/gamedata/anim_grip_unarmed.csv","_Rude_Stomp-ActiveLoop",242,"data/gamedata/itemdata.csv",69,69,1.0000,1.0000,"121 = 2255; 773 = 740; 9173 = 3072"
"data/gamedata/anim_grip_unarmed.csv","_Rude_Stomp-Out",243,"data/gamedata/itemdata.csv",69,69,1.0000,1.0000,"122 = 2256; 774 = 741; 9174 = 3073"
"data/gamedata/anim_grip_dualwield.csv","Cor_Die-out",255,"data/gamedata/itemdata.csv",69,68,0.9855,1.0000,"723 = 690; 1123 = 405; 6123 = 1220"
"data/gamedata/anim_grip_unarmed.csv","_Rude_Stomp-Active",241,"data/gamedata/anim_db.csv",69,68,0.9855,0.0910,"120 = Or_Th_Cor_Down-out; 772 = Or_Un_Int_Rude_Stomp-Active; 1172 = Go_Un_Int_Rude_Stomp-Active"
"data/gamedata/anim_grip_unarmed.csv","_Rude_Stomp-ActiveLoop",242,"data/gamedata/anim_db.csv",69,68,0.9855,0.0910,"121 = Or_Th_Cor_Die-in; 773 = Or_Un_Int_Rude_Stomp-ActiveLoop; 1173 = Go_Un_Int_Rude_Stomp-ActiveLoop"
"data/gamedata/anim_grip_unarmed.csv","_Rude_Stomp-Out",243,"data/gamedata/anim_db.csv",69,68,0.9855,0.0910,"122 = Or_Th_Cor_Die; 774 = Or_Un_Int_Rude_Stomp-Out; 1174 = Go_Un_Int_Rude_Stomp-Out"
"data/gamedata/anim_mount_unarmed.csv","_Cor_Ready",4,"data/gamedata/anim_db.csv",68,67,0.9853,0.0910,"9 = Root_R45; 703 = Or_Un_Cor_Ready; 1103 = Go_Un_Cor_Ready"
"data/gamedata/anim_mount_unarmed.csv","_Cor_fidget",14,"data/gamedata/anim_db.csv",68,67,0.9853,0.0910,"713 = Or_Un_Cor_fidget; 1113 = Go_Un_Cor_fidget; 2113 = DwM_Un_Cor_fidget"
"data/gamedata/anim_mount_unarmed.csv","_Cor_fidget2",15,"data/gamedata/anim_db.csv",68,67,0.9853,0.0910,"714 = Or_Un_Cor_Fidget2; 1114 = Go_Un_Cor_Fidget2; 2114 = DwM_Un_Cor_Fidget2"
"data/gamedata/anim_grip_greataxe.csv","Cor_Die-out",255,"data/gamedata/anim_db.csv",67,67,1.0000,0.0910,"723 = Or_Un_Cor_Die-out; 1123 = Go_Un_Cor_Die-out; 2123 = DwM_Un_Cor_Die-out"
"data/gamedata/anim_grip_greataxe.csv","Cor_Die-out",255,"data/gamedata/itemdata.csv",67,67,1.0000,1.0000,"723 = 690; 1123 = 405; 6123 = 1220"
"data/gamedata/anim_grip_greatsword.csv","Cor_Die-out",255,"data/gamedata/anim_db.csv",67,67,1.0000,0.0910,"723 = Or_Un_Cor_Die-out; 1123 = Go_Un_Cor_Die-out; 2123 = DwM_Un_Cor_Die-out"
"data/gamedata/anim_grip_greatsword.csv","Cor_Die-out",255,"data/gamedata/itemdata.csv",67,67,1.0000,1.0000,"723 = 690; 1123 = 405; 6123 = 1220"
"data/gamedata/flypath.csv","cam x",6,"data/gamedata/itemdata.csv",67,67,1.0000,1.0000,"7994 = 3740; 8257 = 410; 9320 = 2426"
"data/gamedata/flypath.csv","cam y",7,"data/gamedata/itemdata.csv",67,67,1.0000,1.0000,"3871 = 1096; 6936 = 482; 8616 = 425"
"data/gamedata/flypath.csv","cam z",8,"data/gamedata/itemdata.csv",67,67,1.0000,1.0000,"3614 = 388; 6133 = 1237; 6496 = 3297"
"data/gamedata/flypath.csv","cam z",8,"data/strings/english/abilitydesc.txt",67,67,1.0000,1.0000,"1795 = When you die, you have a 25% chance of ressurecting at 25% health and unleashing a blow to all enemies within {ABIL_3194_COM_0_RADI_FEET} and dealing {ABIL_3194_COM_0_VAL0_DAMAGE}.; 3614 = Remove this effect to resurrect yourself after death.; 7227 = Heals for {COM_0_VAL0} every {COM_0_FREQ_SECONDS}, for {COM_0_DURA_SECONDS}."
"data/gamedata/flypath.csv","cam z",8,"data/strings/english/abilitynames.txt",67,67,1.0000,1.0000,"1795 = Keep It Comin'^n; 3614 = Remaking^n; 3990 = Sacrificial Stab^n"
"data/gamedata/flypath.csv","cam z",8,"data/strings/english/componenteffects.txt",67,67,1.0000,1.0000,"4638 = You feel mutinous.; 5340 = The Yhetee permeates an aura of cold, slowing your attacks and spellcasting, and reducing healing done to you by 25%; 5511 = AOE damage delt every 3 seconds"
"data/gamedata/anim_mount_unarmed.csv","_Cor_Walk",6,"data/gamedata/anim_db.csv",67,66,0.9851,0.0910,"705 = Or_Un_Cor_Walk; 1105 = Go_Un_Cor_Walk; 2105 = DwM_Un_Cor_Walk"
"data/gamedata/anim_mount_unarmed.csv","_Cor_Back",7,"data/gamedata/anim_db.csv",67,66,0.9851,0.0910,"706 = Or_Un_Cor_Back; 914 = Or_HwS_Cor_Fidget2; 1106 = Go_Un_Cor_Back"
"data/gamedata/anim_mount_unarmed.csv","_Cor_Run",8,"data/gamedata/anim_db.csv",67,66,0.9851,0.0910,"707 = Or_Un_Cor_Run; 1107 = Go_Un_Cor_Run; 2107 = DwM_Un_Cor_Run"
"data/gamedata/anim_swim_unarmed.csv","_Cor_Jump",114,"data/gamedata/anim_db.csv",67,66,0.9851,0.0910,"20 = Disc_Atk_Aggro-in; 709 = Or_Un_Cor_Jump; 1109 = Go_Un_Cor_Jump"
"data/gamedata/anim_swim_unarmed.csv","_Cor_Jump",114,"data/gamedata/itemdata.csv",67,65,0.9701,1.0000,"20 = 396; 100 = 1008; 709 = 676"
"data/gamedata/anim_pose.csv","Spl_S_Base",72,"data/gamedata/itemdata.csv",66,66,1.0000,1.0000,"880 = 1208; 1080 = 1232; 1280 = 2194"
"data/gamedata/anim_pose.csv","Spl_S_Base",72,"data/strings/english/abilitydesc.txt",66,66,1.0000,1.0000,"1380 = Strengthens the ties between you and your Oath Friend, increasing Initiative by {COM_0_VAL0} and chance to parry by {COM_2_VAL0}% for {COM_0_DURA_SECONDS}. Your Oath Friend is affected as well if they're within {COM_1_RADI_FEET} of you.; 1780 = All your Exhaustive Blows have a 25% chance to restore {ABIL_3307_COM_0_VAL0} hit points.; 8277 = Attacks which generate Righteous Fury will now generate 10 additional points."
"data/gamedata/anim_pose.csv","Spl_S_Base",72,"data/strings/english/abilitynames.txt",66,66,1.0000,1.0000,"1380 = Oathbound^n; 1780 = Bloodlust^n; 4925 = Rebirth^n"
"data/gamedata/anim_pose.csv","Spl_S_Base",72,"data/strings/english/componenteffects.txt",66,66,1.0000,1.0000,"1380 = Weapon Skill increased by <<1>>.; 1480 = Ballistic Skill increased by <<1>>.; 1780 = Armor increased by <<1>>."
"data/gamedata/anim_pose.csv","Spl_S_Base",72,"data/strings/english/packageinfo.txt",66,66,1.0000,1.0000,""
"data/gamedata/anim_pose.csv","Spl_S_Base",72,"data/strings/english/packagenames.txt",66,66,1.0000,1.0000,"2080 = 0; 2180 = Warp Mind; 2280 = Sigmar's Favor"
"data/gamedata/anim_mount_unarmed.csv","_Cor_Jump",10,"data/gamedata/anim_db.csv",66,65,0.9848,0.0910,"709 = Or_Un_Cor_Jump; 1109 = Go_Un_Cor_Jump; 2109 = DwM_Un_Cor_Jump"
"data/gamedata/anim_mount_unarmed.csv","_Cor_Fall",11,"data/gamedata/anim_db.csv",66,65,0.9848,0.0910,"710 = Or_Un_Cor_Fall; 1110 = Go_Un_Cor_Fall; 2110 = DwM_Un_Cor_Fall"
"data/gamedata/anim_mount_unarmed.csv","_Cor_Land",12,"data/gamedata/anim_db.csv",66,65,0.9848,0.0910,"711 = Or_Un_Cor_Land; 1111 = Go_Un_Cor_Land; 2111 = DwM_Un_Cor_Land"
"data/gamedata/anim_pose.csv","Spl_T_Base",73,"data/gamedata/itemdata.csv",65,65,1.0000,1.0000,"185 = 2439; 881 = 0; 1081 = 406"
"data/gamedata/anim_pose.csv","Spl_T_Base",73,"data/strings/english/abilitydesc.txt",65,65,1.0000,1.0000,"1381 = A decisive final strike that deals {COM_0_VAL0_DAMAGE} to your enemy.  If the target dies immediately after being hit by this attack, then you will regain {COM_2_VAL0_COM_0_VAL0_HEALTH}, and your Oath Friend will be affected as well if they're within {ABIL_3825_COM_1_RADI_FEET} of you.; 1781 = Increases the duration of Come An' Git It and Try An' Hurt Me by 5 seconds.; 8278 = Increases your chance to Disrupt enemy spells by {COM_0_VAL0}%."
"data/gamedata/anim_pose.csv","Spl_T_Base",73,"data/strings/english/abilitynames.txt",65,65,1.0000,1.0000,"185 = Test T3R8 Attack^n; 881 = ; TEST Greenskin - Orc Morale^n; 1381 = Avenging the Debt^n"
"data/gamedata/anim_pose.csv","Spl_T_Base",73,"data/strings/english/componenteffects.txt",65,65,1.0000,1.0000,"1381 = Oath Friend will gain action points when you strike an enemy.; 1481 = Run speed reduced by <<1>>%.; 1781 = All resist increased by <<1>>."
"data/gamedata/anim_pose.csv","Spl_T_Base",73,"data/strings/english/packageinfo.txt",65,65,1.0000,1.0000,""
"data/gamedata/anim_pose.csv","Spl_T_Base",73,"data/strings/english/packagenames.txt",65,65,1.0000,1.0000,"185 = ;Engineer Pets; 2081 = 0; 2181 = 0"
"data/gamedata/anim_swim_unarmed.csv","_Cor_Land",116,"data/gamedata/itemdata.csv",65,65,1.0000,1.0000,"100 = 1008; 711 = 678; 1111 = 423"
"data/gamedata/anim_swim_unarmed.csv","_Cor_Land",116,"data/gamedata/anim_db.csv",65,64,0.9846,0.0910,"711 = Or_Un_Cor_Land; 1111 = Go_Un_Cor_Land; 2111 = DwM_Un_Cor_Land"
"data/gamedata/anim_grip_handweapons.csv","_Cor_Back",7,"data/gamedata/anim_db.csv",64,64,1.0000,0.0910,"37 = Disc_Root; 806 = Or_Hw_Cor_Back; 914 = Or_HwS_Cor_Fidget2"
"data/gamedata/anim_grip_pistol.csv","Cor_Die-out",255,"data/gamedata/anim_db.csv",64,64,1.0000,0.0910,"723 = Or_Un_Cor_Die-out; 1123 = Go_Un_Cor_Die-out; 2123 = DwM_Un_Cor_Die-out"
"data/gamedata/anim_grip_pistol.csv","Cor_Die-out",255,"data/gamedata/itemdata.csv",64,64,1.0000,1.0000,"723 = 690; 1123 = 405; 6123 = 1220"
"data/gamedata/anim_mount_unarmed.csv","_Cor_Draw",2,"data/gamedata/anim_db.csv",64,64,1.0000,0.0910,"29 = Root_L90; 701 = Or_Un_Cor_Draw; 1101 = Go_Un_Cor_Draw"
"data/gamedata/anim_pose.csv","Rude_Brandish",74,"data/gamedata/itemdata.csv",64,64,1.0000,1.0000,"186 = 2440; 882 = 0; 1082 = 405"
"data/gamedata/anim_pose.csv","Rude_Brandish",74,"data/strings/english/abilitydesc.txt",64,64,1.0000,1.0000,"882 = A close-range magical attack that deals heavy damage and knocks your target away.; 1382 = You declare that this is where you're making your stand, and nothing will make you change your mind. You are almost guaranteed to block up to the next 4 attacks made against you within {COM_0_DURA_SECONDS}, and you will deal {COM_2_VAL0_COM_0_VAL0_DAMAGE} back to the attacker each time you block.<BR><BR> With 25 Grudges: Deals {COM_2_VAL0_COM_1_VAL0_DAMAGE} back to the attacker.<BR> With 50 Grudges: Deals {COM_2_VAL0_COM_2_VAL0_DAMAGE} back to the attacker.<BR> With 75 Grudges: Deals {COM_2_VAL0_COM_3_VAL0_DAMAGE} back to the attacker.<BR> With 100 Grudges: Deals {COM_2_VAL0_COM_4_VAL0_DAMAGE} back to the attacker.; 1482 = Exhaustive Blows will no longer remove your Rage."
"data/gamedata/anim_pose.csv","Rude_Brandish",74,"data/strings/english/abilitynames.txt",64,64,1.0000,1.0000,"186 = Test T3R9 Attack^n; 882 = 'Ead Butt^n; 1382 = Oathstone^n"
"data/gamedata/anim_pose.csv","Rude_Brandish",74,"data/strings/english/componenteffects.txt",64,64,1.0000,1.0000,"1382 = Initiative increased by <<1>>.; 1482 = Knocked down!; 5075 = Target is stunned."
"data/gamedata/anim_pose.csv","Rude_Brandish",74,"data/strings/english/packageinfo.txt",64,64,1.0000,1.0000,""
"data/gamedata/anim_pose.csv","Rude_Brandish",74,"data/strings/english/packagenames.txt",64,64,1.0000,1.0000,"186 = Penetrating Round; 2082 = 0; 2182 = 0"
"data/gamedata/anim_pose.csv","Rude_Beckon",75,"data/gamedata/itemdata.csv",64,64,1.0000,1.0000,"187 = 2441; 883 = 0; 1083 = 381"
"data/gamedata/anim_pose.csv","Rude_Beckon",75,"data/strings/english/abilitydesc.txt",64,64,1.0000,1.0000,"883 = Your entire group runs 50% faster for 5 seconds. Anyone who uses an ability will lose this effect.; 1383 = The memory of your ancestors bolsters your resolve, increasing Strength by {COM_0_VAL0} and chance to critically hit by {COM_2_VAL1}% for {COM_0_DURA_SECONDS}. Your Oath Friend is affected as well if they're within {COM_1_RADI_FEET} of you.; 1483 = As you get closer to death and redemption, your rage fills you with power.  Your critical bonus damage is increased by 10% for every 10% of hit points that you have lost."
"data/gamedata/anim_pose.csv","Rude_Beckon",75,"data/strings/english/abilitynames.txt",64,64,1.0000,1.0000,"187 = Test T3R10 Attack^n; 883 = Get 'Em, Lads!^n; 1383 = Ancestor's Fury^n"
"data/gamedata/anim_pose.csv","Rude_Beckon",75,"data/strings/english/componenteffects.txt",64,64,1.0000,1.0000,"1083 = AP costs reduced by <<1>>%.; 1383 = Initiative increased by <<1>>.; 1783 = Periodically recovering <<1>> Health."
"data/gamedata/anim_pose.csv","Rude_Beckon",75,"data/strings/english/packageinfo.txt",64,64,1.0000,1.0000,""
"data/gamedata/anim_pose.csv","Rude_Beckon",75,"data/strings/english/packagenames.txt",64,64,1.0000,1.0000,"187 = Machine Gun; 2083 = 0; 2183 = 0"
"data/gamedata/anim_pose.csv","Rude_Halt",76,"data/gamedata/itemdata.csv",64,64,1.0000,1.0000,"188 = 2442; 884 = 0; 1084 = 406"
"data/gamedata/anim_pose.csv","Rude_Halt",76,"data/strings/english/abilitydesc.txt",64,64,1.0000,1.0000,"884 = Your target and any other enemies within 30 feet of them suffer very high damage over 3 seconds.; 1384 = You smash into your enemy, knocking them down for {COM_5_DURA_SECONDS}.<BR><BR> At 25 Grudges: Deals {COM_1_VAL0_TOD_DAMAGE} over {COM_1_DURA_SECONDS}.<BR> At 50 Grudges: Deals {COM_2_VAL0_TOD_DAMAGE} over {COM_2_DURA_SECONDS}.<BR> At 75 Grudges: Deals {COM_3_VAL0_TOD_DAMAGE} over {COM_3_DURA_SECONDS}.<BR> At 100 Grudges: Deals {COM_4_VAL0_TOD_DAMAGE} over {COM_4_DURA_SECONDS}.; 1484 = While you are in the Berserk state, all of your cooldowns are reduced by 5 seconds."
"data/gamedata/anim_pose.csv","Rude_Halt",76,"data/strings/english/abilitynames.txt",64,64,1.0000,1.0000,"188 = Defense Event test^n; 884 = Fists Of Gork^n; 1384 = Cave-In^n"
"data/gamedata/anim_pose.csv","Rude_Halt",76,"data/strings/english/componenteffects.txt",64,64,1.0000,1.0000,"1384 = Initiative increased by <<1>>.; 1484 = You have an active Flame Turret.; 5262 = Dealing damage to all nearby, frontal opponents."
"data/gamedata/anim_pose.csv","Rude_Halt",76,"data/strings/english/packageinfo.txt",64,64,1.0000,1.0000,""
"data/gamedata/anim_pose.csv","Rude_Halt",76,"data/strings/english/packagenames.txt",64,64,1.0000,1.0000,"188 = 0; 2084 = 0; 2184 = 0"
"data/gamedata/anim_swim_unarmed.csv","_Cor_Fall",115,"data/gamedata/itemdata.csv",64,64,1.0000,1.0000,"100 = 1008; 710 = 677; 1110 = 423"
"data/gamedata/anim_mount_unarmed.csv","_Cor_Flinch",13,"data/gamedata/anim_db.csv",64,63,0.9844,0.0910,"712 = Or_Un_Cor_Flinch; 1112 = Go_Un_Cor_Flinch; 2112 = DwM_Un_Cor_Flinch"
"data/gamedata/anim_mount_unarmedsdf.csv","Cor_Ready-lo",16,"data/gamedata/anim_db.csv",64,63,0.9844,0.0910,"715 = Or_Un_Cor_Stun-in; 1115 = Go_Un_Cor_Stun-in; 2115 = DwM_Un_Cor_Stun-in"
"data/gamedata/anim_swim_unarmed.csv","_Cor_Fall",115,"data/gamedata/anim_db.csv",64,63,0.9844,0.0910,"710 = Or_Un_Cor_Fall; 1110 = Go_Un_Cor_Fall; 2110 = DwM_Un_Cor_Fall"
"data/gamedata/anim_mount_unarmedsdf.csv","Cor_Ready-lo",16,"data/gamedata/itemdata.csv",64,61,0.9531,1.0000,"100 = 1008; 715 = 682; 1115 = 405"
"data/gamedata/anim_grip_handweapons.csv","_Cor_Back",7,"data/gamedata/itemdata.csv",64,58,0.9063,1.0000,"100 = 1008; 200 = 1060; 806 = 773"
"data/gamedata/anim_coregg.csv","Cor_Rez",35,"data/gamedata/anim_db.csv",63,63,1.0000,0.0910,"50 = disc_stomp-inloop; 724 = Or_Un_Cor_Rez; 1124 = Go_Un_Cor_Rez"
"data/gamedata/anim_coregg.csv","Cor_Rez",35,"data/gamedata/itemdata.csv",63,63,1.0000,1.0000,"50 = 1016; 724 = 691; 1124 = 434"
"data/gamedata/anim_grip_handweapons.csv","_Cor_Walk",6,"data/gamedata/anim_db.csv",63,63,1.0000,0.0910,"36 = Hover_Sink; 500 = jerO; 805 = Or_Hw_Cor_Walk"
"data/gamedata/anim_mount_unarmed.csv","_Cor_Holster",3,"data/gamedata/anim_db.csv",63,63,1.0000,0.0910,"8 = Root_L45; 702 = Or_Un_Cor_Holster; 1102 = Go_Un_Cor_Holster"
"data/gamedata/anim_mount_unarmed.csv","_Cor_Slow",5,"data/gamedata/anim_db.csv",63,63,1.0000,0.0910,"30 = Root_R90; 704 = Or_Un_Cor_Slow; 1104 = Go_Un_Cor_slow"
"data/gamedata/objects.csv","Slayer",41,"data/gamedata/itemdata.csv",63,63,1.0000,1.0000,"3501 = 390; 3502 = 395; 3503 = 391"
"data/gamedata/anim_mount_unarmed.csv","Cor_Ready-lo",210,"data/gamedata/anim_db.csv",63,61,0.9683,0.0910,"715 = Or_Un_Cor_Stun-in; 1115 = Go_Un_Cor_Stun-in; 2115 = DwM_Un_Cor_Stun-in"
"data/gamedata/anim_grip_handweapons.csv","_Cor_Walk",6,"data/gamedata/itemdata.csv",63,57,0.9048,1.0000,"100 = 1008; 500 = 2009; 805 = 772"
"data/gamedata/anim_coregg.csv","Cor_Rez1",36,"data/gamedata/anim_db.csv",62,62,1.0000,0.0910,"50 = disc_stomp-inloop; 150 = Or_Th_Atk_DB; 725 = Or_Un_Cor_Rez2"
"data/gamedata/anim_coregg.csv","Cor_Rez1",36,"data/gamedata/itemdata.csv",62,62,1.0000,1.0000,"50 = 1016; 100 = 1008; 150 = 1048"
"data/gamedata/anim_grip_handweapons.csv","_Cor_Ready",4,"data/gamedata/anim_db.csv",62,62,1.0000,0.0910,"9 = Root_R45; 803 = Or_Hw_Cor_Ready; 1203 = Go_hw_Cor_Ready"
"data/gamedata/anim_grip_handweapons.csv","_Cor_Run",8,"data/gamedata/anim_db.csv",62,62,1.0000,0.0910,"807 = Or_Hw_Cor_Run; 1207 = Go_hw_Cor_Run; 2207 = DwM_Hw_Cor_Run"
"data/gamedata/anim_grip_handweapons.csv","_Atk_Aggro-out",29,"data/gamedata/anim_db.csv",62,62,1.0000,0.0910,"828 = Or_Hw_Atk_Aggro-out; 1228 = Go_hw_Atk_Aggro-out; 2228 = DwM_Hw_Atk_Aggro-out"
"data/gamedata/anim_mount_unarmed.csv","_Cor_Sprint",9,"data/gamedata/anim_db.csv",62,62,1.0000,0.0910,"708 = Or_Un_Cor_Sprint; 1108 = Go_Un_Cor_Sprint; 2108 = DwM_Un_Cor_Sprint"
"data/gamedata/flypath.csv","",19,"data/gamedata/itemdata.csv",62,62,1.0000,1.0000,"6930 = 482; 8100 = 3688; 13909 = 3740"
"data/gamedata/anim_grip_handweapons.csv","_Cor_Ready",4,"data/gamedata/itemdata.csv",62,56,0.9032,1.0000,"9 = 20; 100 = 1008; 803 = 770"
"data/gamedata/anim_grip_handweapons.csv","_Cor_Run",8,"data/gamedata/itemdata.csv",62,56,0.9032,1.0000,"100 = 1008; 807 = 774; 1207 = 1233"
"data/gamedata/anim_grip_handweapons.csv","_Atk_Aggro-out",29,"data/gamedata/itemdata.csv",62,56,0.9032,1.0000,"100 = 1008; 828 = 797; 1228 = 1279"
"data/gamedata/anim_grip_archery.csv","Cor_Die-out",255,"data/gamedata/anim_db.csv",61,61,1.0000,0.0910,"723 = Or_Un_Cor_Die-out; 1123 = Go_Un_Cor_Die-out; 2123 = DwM_Un_Cor_Die-out"
"data/gamedata/anim_grip_archery.csv","Cor_Die-out",255,"data/gamedata/itemdata.csv",61,61,1.0000,1.0000,"723 = 690; 1123 = 405; 6123 = 1220"
"data/gamedata/anim_grip_handweapons.csv","_Atk_Aggro-in",27,"data/gamedata/anim_db.csv",61,61,1.0000,0.0910,"826 = Or_Hw_Atk_Aggro-in; 1226 = Go_hw_Atk_Aggro-in; 2226 = DwM_Hw_Atk_Aggro-in"
"data/gamedata/anim_grip_handweapons.csv","_Atk_Aggro",28,"data/gamedata/anim_db.csv",61,61,1.0000,0.0910,"827 = Or_Hw_Atk_Aggro; 1227 = Go_hw_Atk_Aggro; 2227 = DwM_Hw_Atk_Aggro"
"data/gamedata/anim_grip_spear.csv","Cor_Die-out",248,"data/gamedata/anim_db.csv",61,61,1.0000,0.0910,"723 = Or_Un_Cor_Die-out; 1123 = Go_Un_Cor_Die-out; 2123 = DwM_Un_Cor_Die-out"
"data/gamedata/anim_swim_unarmed.csv","_Cor_Die-in",22,"data/gamedata/anim_db.csv",61,61,1.0000,0.0910,"3016 = EmM_Un_Int_Cor_dodge; 10087 = BeM_Swim_Die; 10121 = BeM_Un_Cor_Die-in"
"data/gamedata/effects.csv","Trail",15,"data/gamedata/abilities.csv",61,61,1.0000,0.9581,"44 = Demonic Fire; 160 = Shatter Will; 161 = Implacable Resolve"
"data/gamedata/effects.csv","Trail",15,"data/gamedata/effectdef.csv",61,61,1.0000,0.9938,"43 = Hit Slash 4; 44 = Hit Pierce 1; 160 = vfx_ELEC_Lightning"
"data/gamedata/effects.csv","Trail",15,"data/gamedata/effectlists.csv",61,61,1.0000,0.9977,"43 = vfx_Weapontrail_redBerserk; 44 = vfx_Weapontrail_purple; 160 = vfx_Weapontrail_White"
"data/gamedata/effects.csv","Trail",15,"data/gamedata/effectnifs.csv",61,61,1.0000,0.9997,"43 = Test_orc_CastingHeaven_Loop; 44 = Test_orc_CastingShadow_Loop; 160 = vfx_PROJ_DarknessSkull"
"data/gamedata/effects.csv","Trail",15,"data/gamedata/itemdata.csv",61,61,1.0000,1.0000,"160 = 1048; 161 = 1049; 162 = 1014"
"data/gamedata/effects.csv","Trail",15,"data/gamedata/objects.csv",61,61,1.0000,1.0000,"43 = WORLD OBJ Qi_Ge_PartsPile01; 44 = WORLD OBJ ge_tent01_medium_ruined; 160 = WORLD OBJ vfx_NTRL_Pillar_WhiteLight"
"data/gamedata/effects.csv","Trail",15,"data/gamedata/packages.csv",61,61,1.0000,1.0000,"43 = 0; 44 = 0; 160 = 0"
"data/gamedata/effects.csv","Trail",15,"data/strings/english/abilitydesc.txt",61,61,1.0000,1.0000,"43 = Reduces the autoattack speed of all enemies within {COM_0_RADI_FEET} by {COM_0_VAL1}% for {COM_0_DURA_SECONDS}.; 44 = Your Lion roars and taunts an enemy, making the enemy hate your pet much more, forcing monsters to target your pet,  and causing the enemy to deal {COM_0_VAL0}% less damage to everyone else other than your Lion for {COM_0_DURA_SECONDS}.; 566 = You will regain 5 action points every second."
"data/gamedata/effects.csv","Trail",15,"data/strings/english/abilitynames.txt",61,61,1.0000,1.0000,"43 = Terrifying Roar^n; 44 = Lion's Roar^n; 160 = Test T1R3 Attack^n"
"data/gamedata/effects.csv","Trail",15,"data/strings/english/componenteffects.txt",61,61,1.0000,1.0000,"43 = Inflicting <<1>>% Damage to everyone but taunter.; 44 = Inflicting <<1>>% Damage to de-taunter.; 732 = Periodically suffering <<1>> Damage."
"data/gamedata/effects.csv","Trail",15,"data/strings/english/objectivenames.txt",61,61,1.0000,0.7072,"43 = Boarding the Seahammer; 44 = Fall of Firebrew; 160 = Lobba Mill"
"data/gamedata/effects.csv","Trail",15,"data/strings/english/packageinfo.txt",61,61,1.0000,1.0000,"626 = Increases Initiative by 9; 732 = Killing Empire will reduce the morale of any opponents nearby at death."
"data/gamedata/effects.csv","Trail",15,"data/strings/english/packagenames.txt",61,61,1.0000,1.0000,"43 = chosen Shield; 44 = Zealot Staff; 160 = 0"
"data/gamedata/effects.csv","Trail",15,"data/strings/english/scenariolobby.txt",61,61,1.0000,1.0000,""
"data/gamedata/effects.csv","Trail",15,"data/strings/english/scenarioscore.txt",61,61,1.0000,1.0000,""
"data/gamedata/anim_grip_handweapons.csv","_Cor_Die-out",24,"data/gamedata/anim_db.csv",61,60,0.9836,0.0910,"823 = Or_Hw_Cor_Die-out; 914 = Or_HwS_Cor_Fidget2; 1223 = Go_hw_Cor_Die-out"
"data/gamedata/anim_grip_spear.csv","Cor_Die-out",248,"data/gamedata/itemdata.csv",61,60,0.9836,1.0000,"723 = 690; 1123 = 405; 6123 = 1220"
"data/gamedata/anim_mount_unarmedsdf.csv","_Cor_Ready",4,"data/gamedata/anim_db.csv",61,60,0.9836,0.0910,"9 = Root_R45; 703 = Or_Un_Cor_Ready; 1103 = Go_Un_Cor_Ready"
"data/gamedata/anim_mount_unarmedsdf.csv","_Cor_fidget",14,"data/gamedata/anim_db.csv",61,60,0.9836,0.0910,"713 = Or_Un_Cor_fidget; 1113 = Go_Un_Cor_fidget; 2113 = DwM_Un_Cor_fidget"
"data/gamedata/anim_mount_unarmedsdf.csv","_Cor_fidget2",15,"data/gamedata/anim_db.csv",61,60,0.9836,0.0910,"714 = Or_Un_Cor_Fidget2; 1114 = Go_Un_Cor_Fidget2; 2114 = DwM_Un_Cor_Fidget2"
"data/gamedata/effects.csv","Trail",15,"data/gamedata/items.csv",61,60,0.9836,0.9889,"43 = WORLD OBJ dw_prop_anvil01; 44 = WORLD OBJ or_bad_smoothrock_03; 160 = WORLD OBJ QI_CTF_PVP_banner_blue"
"data/gamedata/anim_mount_unarmedsdf.csv","_Cor_Ready",4,"data/gamedata/itemdata.csv",61,59,0.9672,1.0000,"9 = 20; 100 = 1008; 703 = 670"
"data/gamedata/anim_mount_unarmedsdf.csv","_Cor_fidget",14,"data/gamedata/itemdata.csv",61,59,0.9672,1.0000,"100 = 1008; 713 = 680; 1113 = 425"
"data/gamedata/anim_mount_unarmedsdf.csv","_Cor_fidget2",15,"data/gamedata/itemdata.csv",61,59,0.9672,1.0000,"100 = 1008; 714 = 681; 1114 = 405"
"data/gamedata/anim_grip_handweapons.csv","_Cor_Die-out",24,"data/gamedata/itemdata.csv",61,55,0.9016,1.0000,"100 = 1008; 823 = 792; 914 = 389"
"data/gamedata/anim_grip_handweapons.csv","_Atk_Aggro-in",27,"data/gamedata/itemdata.csv",61,55,0.9016,1.0000,"100 = 1008; 826 = 795; 1226 = 1176"
"data/gamedata/anim_grip_handweapons.csv","_Atk_Aggro",28,"data/gamedata/itemdata.csv",61,55,0.9016,1.0000,"100 = 1008; 827 = 796; 1227 = 1264"
"data/gamedata/anim_grip_handweapons.csv","_Cor_Fall",11,"data/gamedata/anim_db.csv",60,60,1.0000,0.0910,"810 = Or_Hw_Cor_Fall; 1210 = Go_hw_Cor_Fall; 2210 = DwM_Hw_Cor_Fall"
"data/gamedata/anim_pose.csv","AB-",29,"data/gamedata/itemdata.csv",60,60,1.0000,1.0000,"59 = 1034; 100 = 1008; 1052 = 430"
"data/gamedata/anim_pose.csv","AB-",29,"data/strings/english/abilitydesc.txt",60,60,1.0000,1.0000,"59 = Your Flamer hurls a gout of daemonic fire that will strike it's target and those {COM_0_RADI_FEET} around them, dealing {COM_0_VAL0_TOD_SPIRITDAMAGE} over {COM_0_DURA_SECONDS}.; 1353 = You select a single ally to be your sworn Oath Friend. Each time they are attacked, you will gain Grudges based on your current Grudge level, and some of your abilities will affect them as well.<BR>You are at 0-29 Grudge: You will gain {COM_1_VAL0_COM_2_VAL0_COM_0_VAL0_COM_0_VAL0} Grudges.<BR>You are at 30-59 Grudge: You will gain {COM_1_VAL0_COM_2_VAL0_COM_1_VAL0_COM_0_VAL0} Grudges.<BR>You are at 60-100 Grudge: You will gain {COM_1_VAL0_COM_2_VAL0_COM_2_VAL0_COM_0_VAL0} Grudge.; 1953 = Brain Bursta will now also reduce the victim's Toughness by {ABIL_3220_COM_0_VAL0} for {ABIL_3220_COM_0_DURA_SECONDS}, and they will lose {ABIL_1899_COM_3_VAL0} points of Morale as well."
"data/gamedata/anim_pose.csv","AB-",29,"data/strings/english/abilitynames.txt",60,60,1.0000,1.0000,"59 = Flames Of Change^n; 100 = Black Orc Console Test 1^n; 1052 = Berserk Counter x5^n"
"data/gamedata/anim_pose.csv","AB-",29,"data/strings/english/componenteffects.txt",60,60,1.0000,1.0000,"1052 = Parry and Evade chance increased by <<1>>%.; 1253 = Resistances increased by <<1>>; 1953 = Periodically dealing <<1>> Damage."
"data/gamedata/anim_pose.csv","AB-",29,"data/strings/english/packageinfo.txt",60,60,1.0000,1.0000,""
"data/gamedata/anim_pose.csv","AB-",29,"data/strings/english/packagenames.txt",60,60,1.0000,1.0000,"59 = 0; 100 = 0; 2053 = Clever Recovery"
"data/gamedata/anim_grip_handweapons.csv","_Cor_Die-in",22,"data/gamedata/anim_db.csv",60,59,0.9833,0.0910,"821 = Or_Hw_Cor_Die-in; 1221 = Go_hw_Cor_Die-in; 2221 = DwM_Hw_Cor_Die-in"
"data/gamedata/anim_mount_unarmed.csv","AA-out",91,"data/gamedata/anim_db.csv",60,59,0.9833,0.0910,"11 = null-in; 138 = Or_Th_Atk_BA; 790 = Or_Un_Atk_AA-activeloop"
"data/gamedata/anim_mount_unarmed.csv","BB-out",92,"data/gamedata/anim_db.csv",60,59,0.9833,0.0910,"12 = null-inloop; 139 = Or_Th_Atk_BD; 791 = Or_Un_Atk_AA-out"
"data/gamedata/anim_mount_unarmed.csv","CC-out",93,"data/gamedata/anim_db.csv",60,59,0.9833,0.0910,"13 = null-active; 140 = Or_Th_Atk_B-out; 792 = Or_Un_Atk_BB-activeloop"
"data/gamedata/anim_mount_unarmed.csv","DD-out",94,"data/gamedata/anim_db.csv",60,59,0.9833,0.0910,"14 = null-activeloop; 141 = Or_Th_Atk_C-in; 793 = Or_Un_Atk_BB-out"
"data/gamedata/anim_mount_unarmed.csv","_Cor_Draw-in",95,"data/gamedata/anim_db.csv",60,59,0.9833,0.0910,"15 = null-out; 142 = Or_Th_Atk_C-Build; 794 = Or_Un_Atk_CC-activeloop"
"data/gamedata/anim_mount_unarmedsdf.csv","_Cor_Walk",6,"data/gamedata/anim_db.csv",60,59,0.9833,0.0910,"705 = Or_Un_Cor_Walk; 1105 = Go_Un_Cor_Walk; 2105 = DwM_Un_Cor_Walk"
"data/gamedata/anim_mount_unarmedsdf.csv","_Cor_Back",7,"data/gamedata/anim_db.csv",60,59,0.9833,0.0910,"706 = Or_Un_Cor_Back; 914 = Or_HwS_Cor_Fidget2; 1106 = Go_Un_Cor_Back"
"data/gamedata/anim_mount_unarmedsdf.csv","_Cor_Run",8,"data/gamedata/anim_db.csv",60,59,0.9833,0.0910,"707 = Or_Un_Cor_Run; 1107 = Go_Un_Cor_Run; 2107 = DwM_Un_Cor_Run"
"data/gamedata/anim_mount_unarmed.csv","Baf_Cor_fidget2",209,"data/gamedata/anim_db.csv",60,58,0.9667,0.0910,"10 = orc_run_upper; 714 = Or_Un_Cor_Fidget2; 1114 = Go_Un_Cor_Fidget2"
"data/gamedata/anim_mount_unarmedsdf.csv","_Cor_Walk",6,"data/gamedata/itemdata.csv",60,58,0.9667,1.0000,"100 = 1008; 705 = 672; 1105 = 373"
"data/gamedata/anim_mount_unarmedsdf.csv","_Cor_Back",7,"data/gamedata/itemdata.csv",60,58,0.9667,1.0000,"100 = 1008; 706 = 673; 914 = 389"
"data/gamedata/anim_mount_unarmedsdf.csv","_Cor_Run",8,"data/gamedata/itemdata.csv",60,58,0.9667,1.0000,"100 = 1008; 707 = 674; 1107 = 1277"
"data/gamedata/anim_mount_unarmed.csv","Baf_Cor_Jump",205,"data/gamedata/anim_db.csv",60,57,0.9500,0.0910,"14 = null-activeloop; 709 = Or_Un_Cor_Jump; 1109 = Go_Un_Cor_Jump"
"data/gamedata/anim_mount_unarmed.csv","Baf_Cor_Fall",206,"data/gamedata/anim_db.csv",60,57,0.9500,0.0910,"15 = null-out; 710 = Or_Un_Cor_Fall; 1110 = Go_Un_Cor_Fall"
"data/gamedata/anim_grip_handweapons.csv","_Cor_Fall",11,"data/gamedata/itemdata.csv",60,56,0.9333,1.0000,"100 = 1008; 810 = 777; 1210 = 2000"
"data/gamedata/anim_mount_unarmed.csv","AA-out",91,"data/gamedata/itemdata.csv",60,55,0.9167,1.0000,"11 = 110; 138 = 2434; 790 = 757"
"data/gamedata/anim_mount_unarmed.csv","BB-out",92,"data/gamedata/itemdata.csv",60,55,0.9167,1.0000,"139 = 2435; 791 = 758; 12191 = 1072"
"data/gamedata/anim_mount_unarmed.csv","CC-out",93,"data/gamedata/itemdata.csv",60,55,0.9167,1.0000,"140 = 2436; 792 = 759; 12192 = 1000"
"data/gamedata/anim_mount_unarmed.csv","DD-out",94,"data/gamedata/itemdata.csv",60,55,0.9167,1.0000,"141 = 2437; 793 = 760; 12193 = 1084"
"data/gamedata/anim_mount_unarmed.csv","_Cor_Draw-in",95,"data/gamedata/itemdata.csv",60,55,0.9167,1.0000,"142 = 1014; 794 = 761; 12194 = 1049"
"data/gamedata/anim_mount_unarmed.csv","Baf_Cor_fidget2",209,"data/gamedata/itemdata.csv",60,55,0.9167,1.0000,"10 = 1149; 100 = 1008; 714 = 681"
"data/gamedata/anim_grip_handweapons.csv","_Cor_Die-in",22,"data/gamedata/itemdata.csv",60,54,0.9000,1.0000,"100 = 1008; 821 = 790; 1221 = 2067"
"data/gamedata/anim_mount_unarmed.csv","Baf_Cor_Jump",205,"data/gamedata/itemdata.csv",60,54,0.9000,1.0000,"100 = 1008; 709 = 676; 1109 = 423"
"data/gamedata/anim_mount_unarmed.csv","Baf_Cor_Fall",206,"data/gamedata/itemdata.csv",60,54,0.9000,1.0000,"100 = 1008; 710 = 677; 1110 = 423"
"data/gamedata/anim_grip_handweapons.csv","_Cor_Jump",10,"data/gamedata/anim_db.csv",59,59,1.0000,0.0910,"809 = Or_Hw_Cor_Jump; 1209 = Go_hw_Cor_Jump; 2209 = DwM_Hw_Cor_Jump"
"data/gamedata/anim_grip_handweapons.csv","_Cor_Land",12,"data/gamedata/anim_db.csv",59,59,1.0000,0.0910,"811 = Or_Hw_Cor_Land; 1211 = Go_hw_Cor_Land; 2211 = DwM_Hw_Cor_Land"
"data/gamedata/anim_grip_handweapons.csv","_Cor_Flinch",13,"data/gamedata/anim_db.csv",59,59,1.0000,0.0910,"812 = Or_Hw_Cor_Flinch; 1212 = Go_hw_Cor_Flinch; 2212 = DwM_Hw_Cor_Flinch"
"data/gamedata/anim_grip_handweapons.csv","_Cor_fidget",14,"data/gamedata/anim_db.csv",59,59,1.0000,0.0910,"3 = aim; 813 = Or_Hw_Cor_fidget; 1213 = Go_hw_Cor_fidget"
"data/gamedata/anim_mount_unarmed.csv","_Cor_Down",20,"data/gamedata/anim_db.csv",59,59,1.0000,0.0910,"719 = Or_Un_Cor_Down; 1119 = Go_Un_Cor_Down; 1719 = Go_Ar_Cor_Down"
"data/gamedata/anim_mount_unarmed.csv","_Cor_Down-out",21,"data/gamedata/anim_db.csv",59,59,1.0000,0.0910,"720 = Or_Un_Cor_Down-out; 1120 = Go_Un_Cor_Down-out; 1720 = Go_Ar_Cor_Down-out"
"data/gamedata/anim_pose.csv","AC-",30,"data/gamedata/itemdata.csv",59,59,1.0000,1.0000,"100 = 1008; 1052 = 430; 1254 = 1179"
"data/gamedata/anim_pose.csv","AC-",30,"data/strings/english/abilitydesc.txt",59,59,1.0000,1.0000,"1354 = You strike a crushing blow for {COM_0_VAL0_DAMAGE}.<BR><BR> With 25 Grudges: Deals {COM_1_VAL0_TOD_DAMAGE} over {COM_1_DURA_SECONDS}.<BR> With 50 Grudges: Deals {COM_2_VAL0_TOD_DAMAGE} over {COM_2_DURA_SECONDS}.<BR> With 75 Grudges: Deals {COM_3_VAL0_TOD_DAMAGE} over {COM_3_DURA_SECONDS}.<BR> With 100 Grudges: Deals {COM_4_VAL0_TOD_DAMAGE} over {COM_4_DURA_SECONDS}.; 1954 = All of your offensive spells gain a 25% chance to remove a Blessing from the victim. Any time that this successfully occurs, the enemy will suffer an additional {COM_2_VAL0_ELEMENTALDAMAGE} as well.; 10232 = Pain IX - On Being Hit: 2% chance attacker suffers {ABIL_10649_COM_0_VAL0_TOD_SPIRITDAMAGE} over {ABIL_10649_COM_0_DURA_SECONDS}."
"data/gamedata/anim_pose.csv","AC-",30,"data/strings/english/abilitynames.txt",59,59,1.0000,1.0000,"100 = Black Orc Console Test 1^n; 1052 = Berserk Counter x5^n; 1354 = Heavy Blow^n"
"data/gamedata/anim_pose.csv","AC-",30,"data/strings/english/componenteffects.txt",59,59,1.0000,1.0000,"1052 = Parry and Evade chance increased by <<1>>%.; 1954 = Periodically dealing <<1>> Damage.; 2054 = Staggered - unable to move or act."
"data/gamedata/anim_pose.csv","AC-",30,"data/strings/english/packageinfo.txt",59,59,1.0000,1.0000,""
"data/gamedata/anim_pose.csv","AC-",30,"data/strings/english/packagenames.txt",59,59,1.0000,1.0000,"100 = 0; 2054 = Pierce Defenses; 2154 = Explosive Shots"
"data/gamedata/anim_pose.csv","Howl",77,"data/gamedata/itemdata.csv",59,59,1.0000,1.0000,"885 = 0; 1085 = 397; 1285 = 360"
"data/gamedata/anim_pose.csv","Howl",77,"data/strings/english/abilitydesc.txt",59,59,1.0000,1.0000,"885 = All enemies within 30 feet are silenced for 7 seconds, making them unable to use magic.; 1385 = You constantly pummel your target with brutal attacks, dealing up to {COM_4_VAL0_TOD_DAMAGE} over {COM_4_DURA_SECONDS}. Your attacks will end if you lose your concentration.<BR><BR> At 25 Grudge: Chance to Critically hit is increased by {COM_0_VAL1}%.<BR> At 50 Grudge: Chance to Critically hit is increased by {COM_1_VAL1}%.<BR> At 75 Grudge: Chance to Critically hit is increased by {COM_2_VAL1}%.<BR> At 100 Grudge: Chance to Critically hit is increased by {COM_3_VAL1}%.; 1485 = If an Exhaustive Blow is defended, your abilities cost 0  Action Points for the next {COM_1_VAL0_COM_0_DURA_SECONDS}."
"data/gamedata/anim_pose.csv","Howl",77,"data/strings/english/abilitynames.txt",59,59,1.0000,1.0000,"885 = Deafening Waaagh!^n; 1385 = Grudge-Born Fury^n; 1485 = Determination^n"
"data/gamedata/anim_pose.csv","Howl",77,"data/strings/english/componenteffects.txt",59,59,1.0000,1.0000,"1085 = Damage is increased by <<1>>%.; 1385 = Chance to parry increased by <<1>>.; 5075 = Target is stunned."
"data/gamedata/anim_pose.csv","Howl",77,"data/strings/english/packageinfo.txt",59,59,1.0000,1.0000,""
"data/gamedata/anim_pose.csv","Howl",77,"data/strings/english/packagenames.txt",59,59,1.0000,1.0000,"2085 = 0; 2185 = 0; 2485 = 0"
"data/gamedata/anim_mount_unarmed.csv","_Cor_Draw-Loop",96,"data/gamedata/anim_db.csv",59,58,0.9831,0.0910,"143 = Or_Th_Atk_CC; 795 = Or_Un_Atk_CC-out; 1195 = go_un_Atk_CC-out"
"data/gamedata/anim_mount_unarmed.csv","_Cor_Draw-Out",97,"data/gamedata/anim_db.csv",59,58,0.9831,0.0910,"144 = Or_Th_Atk_CA; 796 = Or_Un_Atk_DD-activeloop; 1196 = go_un_Atk_DD-activeloop"
"data/gamedata/anim_mount_unarmed.csv","_Cor_Holster-In",98,"data/gamedata/anim_db.csv",59,58,0.9831,0.0910,"145 = Or_Th_Atk_CD; 797 = Or_Un_Atk_DD-out; 1197 = go_un_Atk_DD-out"
"data/gamedata/anim_mount_unarmed.csv","_Cor_Holster-Loop",99,"data/gamedata/anim_db.csv",59,58,0.9831,0.0910,"146 = Or_Th_Atk_C-out; 798 = Or_Un_Cor_Holster-Active; 1198 = Go_Un_Cor_Holster-Active"
"data/gamedata/anim_mount_unarmed.csv","_Cor_Holster-Out",100,"data/gamedata/anim_db.csv",59,58,0.9831,0.0910,"147 = Or_Th_Atk_D-in; 799 = Or_Un_Cor_Holster-out; 1199 = Go_Un_Cor_Holster-out"
"data/gamedata/anim_mount_unarmedsdf.csv","_Cor_Jump",10,"data/gamedata/anim_db.csv",59,58,0.9831,0.0910,"709 = Or_Un_Cor_Jump; 1109 = Go_Un_Cor_Jump; 2109 = DwM_Un_Cor_Jump"
"data/gamedata/anim_mount_unarmedsdf.csv","_Cor_Fall",11,"data/gamedata/anim_db.csv",59,58,0.9831,0.0910,"710 = Or_Un_Cor_Fall; 1110 = Go_Un_Cor_Fall; 2110 = DwM_Un_Cor_Fall"
"data/gamedata/anim_mount_unarmedsdf.csv","_Cor_Land",12,"data/gamedata/anim_db.csv",59,58,0.9831,0.0910,"711 = Or_Un_Cor_Land; 1111 = Go_Un_Cor_Land; 2111 = DwM_Un_Cor_Land"
"data/gamedata/anim_mount_unarmed.csv","Baf_Cor_Ready",201,"data/gamedata/anim_db.csv",59,57,0.9661,0.0910,"9 = Root_R45; 703 = Or_Un_Cor_Ready; 1103 = Go_Un_Cor_Ready"
"data/gamedata/anim_mount_unarmed.csv","Baf_Cor_Walk",202,"data/gamedata/anim_db.csv",59,57,0.9661,0.0910,"11 = null-in; 705 = Or_Un_Cor_Walk; 1105 = Go_Un_Cor_Walk"
"data/gamedata/anim_mount_unarmed.csv","Baf_Cor_Back",203,"data/gamedata/anim_db.csv",59,57,0.9661,0.0910,"12 = null-inloop; 706 = Or_Un_Cor_Back; 914 = Or_HwS_Cor_Fidget2"
"data/gamedata/anim_mount_unarmed.csv","Baf_Cor_Run",204,"data/gamedata/anim_db.csv",59,57,0.9661,0.0910,"13 = null-active; 707 = Or_Un_Cor_Run; 1107 = Go_Un_Cor_Run"
"data/gamedata/anim_mount_unarmed.csv","Baf_Cor_fidget",208,"data/gamedata/anim_db.csv",59,57,0.9661,0.0910,"713 = Or_Un_Cor_fidget; 1113 = Go_Un_Cor_fidget; 2113 = DwM_Un_Cor_fidget"
"data/gamedata/anim_mount_unarmedsdf.csv","_Cor_Jump",10,"data/gamedata/itemdata.csv",59,57,0.9661,1.0000,"100 = 1008; 709 = 676; 1109 = 423"
"data/gamedata/anim_mount_unarmedsdf.csv","_Cor_Fall",11,"data/gamedata/itemdata.csv",59,57,0.9661,1.0000,"100 = 1008; 710 = 677; 1110 = 423"
"data/gamedata/anim_mount_unarmedsdf.csv","_Cor_Land",12,"data/gamedata/itemdata.csv",59,57,0.9661,1.0000,"100 = 1008; 711 = 678; 1111 = 423"
"data/gamedata/anim_mount_unarmed.csv","Baf_Cor_Ready",201,"data/gamedata/itemdata.csv",59,56,0.9492,1.0000,"9 = 20; 100 = 1008; 703 = 670"
"data/gamedata/anim_mount_unarmed.csv","Baf_Cor_Land",207,"data/gamedata/anim_db.csv",59,56,0.9492,0.0910,"711 = Or_Un_Cor_Land; 1111 = Go_Un_Cor_Land; 2111 = DwM_Un_Cor_Land"
"data/gamedata/anim_grip_handweapons.csv","_Cor_Jump",10,"data/gamedata/itemdata.csv",59,55,0.9322,1.0000,"100 = 1008; 809 = 776; 1209 = 2066"
"data/gamedata/anim_grip_handweapons.csv","_Cor_Land",12,"data/gamedata/itemdata.csv",59,55,0.9322,1.0000,"100 = 1008; 811 = 778; 1211 = 2126"
"data/gamedata/anim_mount_unarmed.csv","_Cor_Draw-Loop",96,"data/gamedata/itemdata.csv",59,54,0.9153,1.0000,"143 = 1029; 795 = 762; 12195 = 1058"
"data/gamedata/anim_mount_unarmed.csv","_Cor_Draw-Out",97,"data/gamedata/itemdata.csv",59,54,0.9153,1.0000,"144 = 1070; 796 = 763; 12196 = 1092"
"data/gamedata/anim_mount_unarmed.csv","_Cor_Holster-In",98,"data/gamedata/itemdata.csv",59,54,0.9153,1.0000,"145 = 1071; 797 = 764; 12197 = 1077"
"data/gamedata/anim_mount_unarmed.csv","_Cor_Holster-Loop",99,"data/gamedata/itemdata.csv",59,54,0.9153,1.0000,"146 = 1007; 798 = 765; 12198 = 1000"
"data/gamedata/anim_mount_unarmed.csv","_Cor_Holster-Out",100,"data/gamedata/itemdata.csv",59,54,0.9153,1.0000,"147 = 1000; 799 = 766; 12199 = 1133"
"data/gamedata/anim_mount_unarmed.csv","Baf_Cor_Walk",202,"data/gamedata/itemdata.csv",59,54,0.9153,1.0000,"11 = 110; 100 = 1008; 705 = 672"
"data/gamedata/anim_mount_unarmed.csv","Baf_Cor_Back",203,"data/gamedata/itemdata.csv",59,54,0.9153,1.0000,"100 = 1008; 706 = 673; 914 = 389"
"data/gamedata/anim_mount_unarmed.csv","Baf_Cor_Run",204,"data/gamedata/itemdata.csv",59,54,0.9153,1.0000,"100 = 1008; 707 = 674; 1107 = 1277"
"data/gamedata/anim_mount_unarmed.csv","Baf_Cor_fidget",208,"data/gamedata/itemdata.csv",59,54,0.9153,1.0000,"100 = 1008; 713 = 680; 1113 = 425"
"data/gamedata/anim_grip_handweapons.csv","_Cor_fidget2",15,"data/gamedata/anim_db.csv",58,58,1.0000,0.0910,"814 = Or_Hw_Cor_Fidget2; 1214 = Go_hw_Cor_Fidget2; 2214 = DwM_Hw_Cor_Fidget2"
"data/gamedata/anim_mount_unarmedsdf.csv","_Cor_Draw",2,"data/gamedata/anim_db.csv",58,58,1.0000,0.0910,"29 = Root_L90; 701 = Or_Un_Cor_Draw; 1101 = Go_Un_Cor_Draw"
"data/gamedata/anim_pose.csv","AA-",27,"data/gamedata/itemdata.csv",58,58,1.0000,1.0000,"1052 = 430; 1252 = 1159; 1352 = 1951"
"data/gamedata/anim_pose.csv","AA-",27,"data/strings/english/abilitydesc.txt",58,58,1.0000,1.0000,"1352 = A basic throwing attack that inflicts {COM_1_VAL0_DAMAGE}. Has a chance to deal {COM_0_VAL0_DAMAGE} to a severely wounded target if you are behind them.; 1952 = Gork'll Fix It becomes 35% better on allies, but 15% less effective on you.; 10130 = Chill X - On Hit: 5% chance to chill target, reducing movement speed by {ABIL_10556_COM_1_VAL0}% and dealing {ABIL_10556_COM_0_VAL0_TOD_ELEMENTALDAMAGE} over {ABIL_10556_COM_0_DURA_SECONDS}."
"data/gamedata/anim_pose.csv","AA-",27,"data/strings/english/abilitynames.txt",58,58,1.0000,1.0000,"1052 = Berserk Counter x5^n; 1352 = Axe Toss^n; 1952 = Gork Fix'd It^n"
"data/gamedata/anim_pose.csv","AA-",27,"data/strings/english/componenteffects.txt",58,58,1.0000,1.0000,"1052 = Parry and Evade chance increased by <<1>>%.; 1952 = Periodically dealing <<1>> Damage.; 2052 = Staggered - unable to move or act."
"data/gamedata/anim_pose.csv","AA-",27,"data/strings/english/packageinfo.txt",58,58,1.0000,1.0000,""
"data/gamedata/anim_pose.csv","AA-",27,"data/strings/english/packagenames.txt",58,58,1.0000,1.0000,"2052 = I'll Take You On!; 2152 = Point-Blank; 2352 = 0"
"data/gamedata/anim_pose.csv","BA-",35,"data/gamedata/itemdata.csv",58,58,1.0000,1.0000,"65 = 1041; 1052 = 430; 1257 = 2006"
"data/gamedata/anim_pose.csv","BA-",35,"data/strings/english/abilitydesc.txt",58,58,1.0000,1.0000,"65 = Strength Buff; 1357 = You strike your enemy for {COM_0_VAL0_DAMAGE} and stubbornly push yourself to keep fighting, increasing your Toughness by {COM_2_VAL0_COM_0_VAL0} for {COM_2_VAL0_COM_0_DURA_SECONDS}.<BR>Your Oath Friend's Toughness will also be increased if they are within {COM_2_VAL0_COM_1_RADI_FEET}.; 1457 = A merciless string of attacks that repeatedly hit your target for {COM_0_VAL0_DAMAGE} up to 6 times over the next {COM_0_DURA_SECONDS}. You will be healed for all the damage that this ability deals."
"data/gamedata/anim_pose.csv","BA-",35,"data/strings/english/abilitynames.txt",58,58,1.0000,1.0000,"65 = Runepriest's Strength^n; 1052 = Berserk Counter x5^n; 1357 = Vengeful Strike^n"
"data/gamedata/anim_pose.csv","BA-",35,"data/strings/english/componenteffects.txt",58,58,1.0000,1.0000,"1052 = Parry and Evade chance increased by <<1>>%.; 1257 = Toughness increased by <<1>>.; 1457 = Absorbing up to <<1>> Damage."
"data/gamedata/anim_pose.csv","BA-",35,"data/strings/english/packageinfo.txt",58,58,1.0000,1.0000,""
"data/gamedata/anim_pose.csv","BA-",35,"data/strings/english/packagenames.txt",58,58,1.0000,1.0000,"65 = Chosen Starting Gear - Legging; 2057 = 0; 2157 = Focused Mind"
"data/gamedata/anim_pose.csv","BD-",36,"data/gamedata/itemdata.csv",58,58,1.0000,1.0000,"66 = 1075; 1052 = 430; 1258 = 2132"
"data/gamedata/anim_pose.csv","BD-",36,"data/strings/english/abilitydesc.txt",58,58,1.0000,1.0000,"1358 = You chop at your enemy's legs, causing them to take {COM_0_VAL0_TOD_DAMAGE} over {COM_0_DURA_SECONDS} and snaring them, reducing their run speed by {COM_5_VAL0}%.<BR><BR> With 25 Grudges: Damages for {COM_1_VAL0_TOD_DAMAGE} over {COM_1_DURA_SECONDS}.<BR> With 50 Grudges: Damages for {COM_2_VAL0_TOD_DAMAGE} over {COM_2_DURA_SECONDS}.<BR> With 75 Grudges: Damages for {COM_3_VAL0_TOD_DAMAGE} over {COM_3_DURA_SECONDS}.<BR> With 100 Grudges: Damages for {COM_4_VAL0_TOD_DAMAGE} over {COM_4_DURA_SECONDS}.; 1458 = For the next {COM_0_DURA_SECONDS}, group member's within 100 feet will have their Weaponskill increased by {COM_1_VAL0_COM_1_VAL0} each time that you hit an enemy with direct damage, and your Initiative will be reduced by {COM_2_VAL0_COM_1_VAL0}. This effect can be stacked up to three times.; 10136 = Anguish IV - On Hit: 5% chance to anguish target, reducing movement speed by {ABIL_10561_COM_1_VAL0}% and dealing {ABIL_10561_COM_0_VAL0_TOD_SPIRITDAMAGE} over {ABIL_10561_COM_0_DURA_SECONDS}."
"data/gamedata/anim_pose.csv","BD-",36,"data/strings/english/abilitynames.txt",58,58,1.0000,1.0000,"66 = Runepriest's Armor^n; 1052 = Berserk Counter x5^n; 1358 = Binding Grudge^n"
"data/gamedata/anim_pose.csv","BD-",36,"data/strings/english/componenteffects.txt",58,58,1.0000,1.0000,"1052 = Parry and Evade chance increased by <<1>>%.; 1258 = Incoming heals increased by <<1>>%.; 1458 = Chances to dodge, parry, and disrupt increased by <<1>>%."
"data/gamedata/anim_pose.csv","BD-",36,"data/strings/english/packageinfo.txt",58,58,1.0000,1.0000,""
"data/gamedata/anim_pose.csv","BD-",36,"data/strings/english/packagenames.txt",58,58,1.0000,1.0000,"66 = Chosen Starting Gear - Garb; 2058 = 0; 2158 = Get Down!"
"data/gamedata/anim_pose.csv","CA",40,"data/gamedata/itemdata.csv",58,58,1.0000,1.0000,"100 = 1008; 1052 = 430; 1261 = 357"
"data/gamedata/anim_pose.csv","CA",40,"data/strings/english/abilitydesc.txt",58,58,1.0000,1.0000,"1361 = You bring your shield around in a smashing hit, dealing {COM_0_VAL0_DAMAGE} to up to three enemies within {COM_0_RADI_FEET} of them.<BR>When hitting targets you regain {COM_2_VAL0_COM_0_VAL0} Grudges for each target that you hit.; 1461 = You devastate your target, dealing {COM_0_VAL0_DAMAGE} and reducing your target's Wounds by {COM_1_VAL0} for {COM_1_DURA_SECONDS}.<BR><BR>If you are Furious, gains a 75% damage bonus instead of the 25% bonus.; 10139 = Anguish VII - On Hit: 5% chance to anguish target, reducing movement speed by {ABIL_10564_COM_1_VAL0}% and dealing {ABIL_10564_COM_0_VAL0_TOD_SPIRITDAMAGE} over {ABIL_10564_COM_0_DURA_SECONDS}."
"data/gamedata/anim_pose.csv","CA",40,"data/strings/english/abilitynames.txt",58,58,1.0000,1.0000,"100 = Black Orc Console Test 1^n; 1052 = Berserk Counter x5^n; 1361 = Shield Sweep^n"
"data/gamedata/anim_pose.csv","CA",40,"data/strings/english/componenteffects.txt",58,58,1.0000,1.0000,"1052 = Parry and Evade chance increased by <<1>>%.; 1261 = Resistances increased by <<1>>.; 1461 = Periodically regaining <<1>> action points."
"data/gamedata/anim_pose.csv","CA",40,"data/strings/english/packageinfo.txt",58,58,1.0000,1.0000,""
"data/gamedata/anim_pose.csv","CA",40,"data/strings/english/packagenames.txt",58,58,1.0000,1.0000,"100 = 0; 2061 = 0; 2159 = Blinding Speed"
"data/gamedata/anim_pose.csv","DB-",50,"data/gamedata/itemdata.csv",58,58,1.0000,1.0000,"71 = 1016; 1052 = 430; 1265 = 1275"
"data/gamedata/anim_pose.csv","DB-",50,"data/strings/english/abilitydesc.txt",58,58,1.0000,1.0000,"1365 = A dismissive strike that deals {COM_0_VAL0_DAMAGE} and knocks the enemy away.; 1465 = You deal {COM_0_VAL0_DAMAGE} to your target and force them to share your doomed fate, inflicting a dark rune on them.  The rune will explode every 2 seconds and will keep exploding for anywhere between  4 seconds to 8 seconds, dealing {COM_2_VAL0_COM_1_VAL0_DAMAGE} to all enemies within {COM_2_VAL0_COM_1_RADI_FEET} of them.; 1965 = Heals your target for {COM_1_VAL0_HEALTH} every 3 seconds over {COM_0_DURA_SECONDS}. Each pulse also heals those around the target within {COM_1_RADI_FEET}."
"data/gamedata/anim_pose.csv","DB-",50,"data/strings/english/abilitynames.txt",58,58,1.0000,1.0000,"71 = All controlled pets - Mounted Speed^n; 1052 = Berserk Counter x5^n; 1365 = Away With Ye^n"
"data/gamedata/anim_pose.csv","DB-",50,"data/strings/english/componenteffects.txt",58,58,1.0000,1.0000,"1052 = Parry and Evade chance increased by <<1>>%.; 1465 = Run speed reduced by <<1>>.; 5073 = Target is incapacitated."
"data/gamedata/anim_pose.csv","DB-",50,"data/strings/english/packageinfo.txt",58,58,1.0000,1.0000,""
"data/gamedata/anim_pose.csv","DB-",50,"data/strings/english/packagenames.txt",58,58,1.0000,1.0000,"71 = Swordmaster Starting Gear - Shirt; 2065 = 0; 2165 = 0"
"data/gamedata/flypath.csv","",20,"data/gamedata/itemdata.csv",58,58,1.0000,1.0000,"410 = 231; 7050 = 482; 7455 = 2320"
"data/gamedata/flypath.csv","",21,"data/gamedata/itemdata.csv",58,58,1.0000,1.0000,"3624 = 420; 6642 = 1812; 7531 = 2867"
"data/gamedata/anim_mount_unarmedsdf.csv","_Cor_Flinch",13,"data/gamedata/anim_db.csv",58,57,0.9828,0.0910,"712 = Or_Un_Cor_Flinch; 1112 = Go_Un_Cor_Flinch; 2112 = DwM_Un_Cor_Flinch"
"data/gamedata/flypath.csv","",21,"data/strings/english/abilitydesc.txt",58,57,0.9828,1.0000,"7531 = Increases Elemental Resistance by {COM_0_VAL0} for 60 minutes.; 7566 = Increases Corporeal Resistance by {COM_0_VAL0} for 30 minutes.; 8477 = Horrifying images distract your opponent, causing them to deal only {COM_0_VAL0}% damage against you for {COM_0_DURA_SECONDS}.  You will stop attacking when you use this ability, and the effect will fade if you attack someone that you have detaunted."
"data/gamedata/flypath.csv","",21,"data/strings/english/abilitynames.txt",58,57,0.9828,1.0000,"3624 = Witchbrew^n; 3946 = Chaotic Rift^n; 4321 = Asuryan's Mercy^n"
"data/gamedata/flypath.csv","",21,"data/strings/english/componenteffects.txt",58,57,0.9828,1.0000,"3624 = Unable to use Magic; 4395 = Enraged and dealing <<1>>% more damage.; 4618 = Unable to use Melee abilities."
"data/gamedata/anim_mount_unarmedsdf.csv","_Cor_Draw",2,"data/gamedata/itemdata.csv",58,56,0.9655,1.0000,"100 = 1008; 701 = 668; 1101 = 1291"
"data/gamedata/anim_mount_unarmedsdf.csv","_Cor_Flinch",13,"data/gamedata/itemdata.csv",58,56,0.9655,1.0000,"100 = 1008; 712 = 679; 1112 = 429"
"data/gamedata/anim_core.csv","Kneel-in",38,"data/gamedata/anim_db.csv",57,57,1.0000,0.0910,"685 = Or_Un_Int_Rest_Kneel-In; 1085 = Go_Un_Int_Rest_Kneel-In; 2085 = DwM_Un_Int_Rest_Kneel-In"
"data/gamedata/anim_core.csv","Kneel-active",39,"data/gamedata/anim_db.csv",57,57,1.0000,0.0910,"686 = Or_Un_Int_Rest_Kneel; 1086 = Go_Un_Int_Rest_Kneel-active; 2086 = DwM_Un_Int_Rest_Kneel"
"data/gamedata/anim_core.csv","Kneel-out",40,"data/gamedata/anim_db.csv",57,57,1.0000,0.0910,"687 = Or_Un_Int_Rest_Kneel-Out; 1087 = Go_Un_Int_Rest_Kneel-Out; 2087 = DwM_Un_Int_Rest_Kneel-Out"
"data/gamedata/anim_grip_handweapons.csv","_Cor_Die",23,"data/gamedata/anim_db.csv",57,57,1.0000,0.0910,"50 = disc_stomp-inloop; 150 = Or_Th_Atk_DB; 822 = Or_Hw_Cor_Die"
"data/gamedata/anim_mount_unarmedsdf.csv","_Cor_Holster",3,"data/gamedata/anim_db.csv",57,57,1.0000,0.0910,"8 = Root_L45; 702 = Or_Un_Cor_Holster; 1102 = Go_Un_Cor_Holster"
"data/gamedata/anim_mount_unarmedsdf.csv","_Cor_Slow",5,"data/gamedata/anim_db.csv",57,57,1.0000,0.0910,"30 = Root_R90; 704 = Or_Un_Cor_Slow; 1104 = Go_Un_Cor_slow"
"data/gamedata/anim_pose.csv","BB-",34,"data/gamedata/itemdata.csv",57,57,1.0000,1.0000,"1052 = 430; 1256 = 2192; 1356 = 358"
"data/gamedata/anim_pose.csv","BB-",34,"data/strings/english/abilitydesc.txt",57,57,1.0000,1.0000,"1356 = You deal {COM_0_VAL0_DAMAGE} to your target and prepare yourself for their attacks, increasing your armor by {COM_1_VAL0_COM_0_VAL0} for {COM_1_VAL0_COM_0_DURA_SECONDS}.<BR>Your Oath Friend's armor will also be increased if they are within {COM_1_VAL0_COM_1_RADI_FEET}.; 1956 = Reduces You Got Nuthin's cooldown time by {COM_0_VAL0_SECONDS}.; 10134 = Anguish II - On Hit: 5% chance to anguish target, reducing movement speed by {ABIL_10559_COM_1_VAL0}% and dealing {ABIL_10559_COM_0_VAL0_TOD_SPIRITDAMAGE} over {ABIL_10559_COM_0_DURA_SECONDS}."
"data/gamedata/anim_pose.csv","BB-",34,"data/strings/english/abilitynames.txt",57,57,1.0000,1.0000,"1052 = Berserk Counter x5^n; 1356 = Guarded Attack^n; 1456 = ; TEST Slayer Spec Abilities^n"
"data/gamedata/anim_pose.csv","BB-",34,"data/strings/english/componenteffects.txt",57,57,1.0000,1.0000,"1052 = Parry and Evade chance increased by <<1>>%.; 1256 = Periodically recovering <<1>> AP.; 1956 = Periodically dealing <<1>> Damage."
"data/gamedata/anim_pose.csv","BB-",34,"data/strings/english/packageinfo.txt",57,57,1.0000,1.0000,""
"data/gamedata/anim_pose.csv","BB-",34,"data/strings/english/packagenames.txt",57,57,1.0000,1.0000,"2056 = 0; 2156 = Concealment; 2356 = 0"
"data/gamedata/anim_pose.csv","CD",41,"data/gamedata/itemdata.csv",57,57,1.0000,1.0000,"1052 = 430; 1362 = 1237; 2562 = 2137"
"data/gamedata/anim_pose.csv","CD",41,"data/strings/english/abilitydesc.txt",57,57,1.0000,1.0000,"1362 = A painful strike to the enemy's leg that deals {COM_0_VAL0_DAMAGE}.<BR><BR>   At 25 Grudges:  Also reduces the target's chance to critically hit by {COM_1_VAL1}%.<BR>   At 50 Grudges:  Also reduces the target's chance to critically hit by {COM_2_VAL1}%.<BR>   At 75 Grudges:  Also reduces the target's chance to critically hit by {COM_3_VAL1}%.<BR>   At 100 Grudges:  Also reduces the target's chance to critically hit by {COM_4_VAL1}%.<BR>; 1462 = A shattering strike which removes one damage-absorbing effect and deals {COM_1_VAL0_DAMAGE} to the target.<BR><BR>If you are Furious, gains a 75% damage bonus instead of the 25% bonus.; 10140 = Anguish VIII - On Hit: 5% chance to anguish target, reducing movement speed by {ABIL_10565_COM_1_VAL0}% and dealing {ABIL_10565_COM_0_VAL0_TOD_SPIRITDAMAGE} over {ABIL_10565_COM_0_DURA_SECONDS}."
"data/gamedata/anim_pose.csv","CD",41,"data/strings/english/abilitynames.txt",57,57,1.0000,1.0000,"1052 = Berserk Counter x5^n; 1362 = Kneecapper^n; 1462 = Spellbreaker^n"
"data/gamedata/anim_pose.csv","CD",41,"data/strings/english/componenteffects.txt",57,57,1.0000,1.0000,"1052 = Parry and Evade chance increased by <<1>>%.; 1462 = You have selected an Oath Friend.; 1960 = Absorbing up to <<1>> Damage."
"data/gamedata/anim_pose.csv","CD",41,"data/strings/english/packageinfo.txt",57,57,1.0000,1.0000,""
"data/gamedata/anim_pose.csv","CD",41,"data/strings/english/packagenames.txt",57,57,1.0000,1.0000,"2062 = 0; 2160 = 0; 2360 = 0"
"data/gamedata/anim_pose.csv","DD-",48,"data/gamedata/itemdata.csv",57,57,1.0000,1.0000,"1052 = 430; 1264 = 1153; 1364 = 2212"
"data/gamedata/anim_pose.csv","DD-",48,"data/strings/english/abilitydesc.txt",57,57,1.0000,1.0000,"1364 = A brutal attack that deals {COM_0_VAL0_DAMAGE} to your target and inspires you to push the attack, increasing your Strength by {COM_1_VAL0_COM_0_VAL0} for {COM_1_VAL0_COM_0_DURA_SECONDS}. Will also affect your Oath Friend if they are within {COM_1_VAL0_COM_3_RADI_FEET}. <BR><BR>   At 25 Grudges:  Also increases Willpower by {COM_1_VAL0_COM_1_VAL0}.<BR>   At 50 Grudges: Also increases Willpower by {COM_1_VAL0_COM_2_VAL0}.<BR>   At 75 Grudges: Also increases Willpower by {COM_1_VAL0_COM_3_VAL0}.<BR>   At 100 Grudges:  Also increases Willpower by {COM_1_VAL0_COM_4_VAL0}.<BR>; 1464 = You brutally crush all enemies within {COM_0_RADI_FEET}, dealing {COM_0_VAL0_DAMAGE}. Your merciless display of savagery intimidates your enemy, increasing their cooldown timers by 5 seconds for {COM_1_DURA_SECONDS}.; 1964 = Your target suffers {ABIL_3550_COM_0_VAL0_TOD_DAMAGE} over 2s. If the target moves, the duration is restarted.<br>"
"data/gamedata/anim_pose.csv","DD-",48,"data/strings/english/abilitynames.txt",57,57,1.0000,1.0000,"1052 = Berserk Counter x5^n; 1364 = Inspiring Attack^n; 1464 = Shatter Limbs^n"
"data/gamedata/anim_pose.csv","DD-",48,"data/strings/english/componenteffects.txt",57,57,1.0000,1.0000,"1052 = Parry and Evade chance increased by <<1>>%.; 1964 = Absorbing up to <<1>> Damage.; 11642 = Incoming heals reduced by 50%."
"data/gamedata/anim_pose.csv","DD-",48,"data/strings/english/packageinfo.txt",57,57,1.0000,1.0000,""
"data/gamedata/anim_pose.csv","DD-",48,"data/strings/english/packagenames.txt",57,57,1.0000,1.0000,"2064 = 0; 2164 = 0; 2364 = ;Dwarf Morale"
"data/gamedata/anim_pose.csv","DC",49,"data/gamedata/itemdata.csv",57,57,1.0000,1.0000,"50 = 1016; 70 = 1034; 1052 = 430"
"data/gamedata/anim_pose.csv","DC",49,"data/strings/english/abilitydesc.txt",57,57,1.0000,1.0000,"1366 = You whirl your axe around, dealing {COM_0_VAL0_DAMAGE} to enemies {COM_0_RADI_FEET} in front of you.<BR><BR> At 25 Grudges: Ignores 25% of the victim's armor.<BR> At 50 Grudges: Ignores 50% of the victim's armor.<BR> At 75 Grudges: Ignores 75% of the victim's armor.<BR> At 100 Grudges: Ignores 100% of the victim's armor.; 10143 = Anguish XI - On Hit: 5% chance to anguish target, reducing movement speed by {ABIL_10568_COM_1_VAL0}% and dealing {ABIL_10568_COM_0_VAL0_TOD_SPIRITDAMAGE} over {ABIL_10568_COM_0_DURA_SECONDS}.; 10243 = Spike VIII - On Being Hit: 2% chance attacker is impaled for {COM_1_VAL0_DAMAGE}."
"data/gamedata/anim_pose.csv","DC",49,"data/strings/english/abilitynames.txt",57,57,1.0000,1.0000,"70 = Bolt Thrower^n; 1052 = Berserk Counter x5^n; 1366 = Rune-Etched Axe^n"
"data/gamedata/anim_pose.csv","DC",49,"data/strings/english/componenteffects.txt",57,57,1.0000,1.0000,"1052 = Parry and Evade chance increased by <<1>>%.; 1466 = Periodically suffering <<1>> Damage.; 10643 = Damage taken from Oil reduced by 100%."
"data/gamedata/anim_pose.csv","DC",49,"data/strings/english/packageinfo.txt",57,57,1.0000,1.0000,""
"data/gamedata/anim_pose.csv","DC",49,"data/strings/english/packagenames.txt",57,57,1.0000,1.0000,"50 = Torn Charred Shirt; 70 = Swordmaster Starting Gear - Boots; 2066 = ;Ranged DPS Tactics - Magic"
"data/gamedata/anim_swim_unarmed.csv","_Cor_Walk",6,"data/gamedata/anim_db.csv",57,56,0.9825,0.0910,"500 = jerO; 10083 = BeM_Swim_Walk; 12083 = Ogm_Swim_Walk"
"data/gamedata/anim_core.csv","Kneel-in",38,"data/gamedata/itemdata.csv",57,55,0.9649,1.0000,"1085 = 397; 6090 = 1275; 9090 = 2279"
"data/gamedata/anim_core.csv","Kneel-active",39,"data/gamedata/itemdata.csv",57,55,0.9649,1.0000,"1086 = 404; 6091 = 1235; 9091 = 2280"
"data/gamedata/anim_core.csv","Kneel-out",40,"data/gamedata/itemdata.csv",57,55,0.9649,1.0000,"1087 = 3941; 6092 = 1281; 9092 = 2281"
"data/gamedata/anim_mount_unarmedsdf.csv","_Cor_Holster",3,"data/gamedata/itemdata.csv",57,55,0.9649,1.0000,"8 = 359; 702 = 669; 1102 = 406"
"data/gamedata/anim_mount_unarmedsdf.csv","_Cor_Slow",5,"data/gamedata/itemdata.csv",57,55,0.9649,1.0000,"704 = 671; 1104 = 373; 6104 = 1275"
"data/gamedata/anim_coregg.csv","TurnL-lower",17,"data/gamedata/anim_db.csv",56,56,1.0000,0.0910,"612 = Or_Un_Cor_TurnL-lo; 1012 = Go_Un_Cor_TurnL-lo; 2012 = DwM_Un_Cor_TurnL-lo"
"data/gamedata/anim_coregg.csv","TurnL-lower",17,"data/gamedata/itemdata.csv",56,56,1.0000,1.0000,"1012 = 379; 6012 = 1152; 7012 = 1389"
"data/gamedata/anim_coregg.csv","TurnR-lower",18,"data/gamedata/anim_db.csv",56,56,1.0000,0.0910,"613 = Or_Un_Cor_TurnR-lo; 1013 = Go_Un_Cor_TurnR-lo; 2013 = DwM_Un_Cor_TurnR-lo"
"data/gamedata/anim_coregg.csv","TurnR-lower",18,"data/gamedata/itemdata.csv",56,56,1.0000,1.0000,"1013 = 390; 6013 = 1178; 7013 = 1390"
"data/gamedata/anim_grip_handweapons.csv","_Cor_Slow",5,"data/gamedata/anim_db.csv",56,56,1.0000,0.0910,"30 = Root_R90; 804 = Or_Hw_Cor_Slow; 1204 = Go_hw_Cor_slow"
"data/gamedata/anim_grip_handweapons.csv","_Cor_Sprint",9,"data/gamedata/anim_db.csv",56,56,1.0000,0.0910,"808 = Or_Hw_Cor_Sprint; 1208 = Go_hw_Cor_Sprint; 2208 = DwM_Hw_Cor_Sprint"
"data/gamedata/anim_mount_unarmedsdf.csv","_Cor_Sprint",9,"data/gamedata/anim_db.csv",56,56,1.0000,0.0910,"708 = Or_Un_Cor_Sprint; 1108 = Go_Un_Cor_Sprint; 2108 = DwM_Un_Cor_Sprint"
"data/gamedata/anim_grip_rifle.csv","_Cor_Ready",4,"data/gamedata/anim_db.csv",56,55,0.9821,0.0910,"9 = Root_R45; 703 = Or_Un_Cor_Ready; 1103 = Go_Un_Cor_Ready"
"data/gamedata/anim_swim_unarmed.csv","_Spl_Base_T_In",59,"data/gamedata/anim_db.csv",56,55,0.9821,0.0910,"106 = Or_Th_Cor_Back; 758 = Or_Un_Spl_Base_T-In; 1158 = Go_Un_Spl_Base_T-In"
"data/gamedata/anim_swim_unarmed.csv","_Spl_Base_T_Inloop",60,"data/gamedata/anim_db.csv",56,55,0.9821,0.0910,"107 = Or_Th_Cor_Run; 759 = Or_Un_Spl_Base_T-Inloop; 1159 = Go_Un_Spl_Base_T-Inloop"
"data/gamedata/anim_swim_unarmed.csv","_Spl_Base_T_Active",61,"data/gamedata/anim_db.csv",56,55,0.9821,0.0910,"108 = Or_Th_Cor_Sprint; 760 = Or_Un_Spl_Base_T-Active; 1160 = Go_Un_Spl_Base_T-Active"
"data/gamedata/anim_swim_unarmed.csv","_Spl_Base_T_ActiveLoop",62,"data/gamedata/anim_db.csv",56,55,0.9821,0.0910,"109 = Or_Th_Cor_Jump; 761 = Or_Un_Spl_Base_T-ActiveLoop; 1161 = Go_Un_Spl_Base_T-ActiveLoop"
"data/gamedata/anim_swim_unarmed.csv","_Spl_Base_T_Out",63,"data/gamedata/anim_db.csv",56,55,0.9821,0.0910,"110 = Or_Th_Cor_Fall; 762 = Or_Un_Spl_Base_T-Out; 1162 = Go_Un_Spl_Base_T-Out"
"data/gamedata/anim_mount_unarmedsdf.csv","_Cor_Sprint",9,"data/gamedata/itemdata.csv",56,54,0.9643,1.0000,"708 = 675; 1108 = 423; 6108 = 1177"
"data/gamedata/anim_grip_handweapons.csv","_Cor_Slow",5,"data/gamedata/itemdata.csv",56,52,0.9286,1.0000,"804 = 771; 1204 = 1212; 5004 = 1067"
"data/gamedata/anim_grip_handweapons.csv","_Cor_Sprint",9,"data/gamedata/itemdata.csv",56,52,0.9286,1.0000,"100 = 1008; 808 = 775; 1208 = 2186"
"data/gamedata/anim_grip_rifle.csv","_Cor_Ready",4,"data/gamedata/itemdata.csv",56,52,0.9286,1.0000,"9 = 20; 100 = 1008; 703 = 670"
"data/gamedata/anim_core.csv","Cower-in",87,"data/gamedata/anim_db.csv",55,55,1.0000,0.0910,"666 = Or_Un_Mood_Cower-in; 1066 = Go_Un_Mood_Cower-in; 2066 = DwM_Un_Mood_Cower-in"
"data/gamedata/anim_core.csv","Cower",88,"data/gamedata/anim_db.csv",55,55,1.0000,0.0910,"667 = Or_Un_Mood_Cower; 1067 = Go_Un_Mood_Cower; 2067 = DwM_Un_Mood_Cower"
"data/gamedata/anim_core.csv","Cower-out",89,"data/gamedata/anim_db.csv",55,55,1.0000,0.0910,"668 = Or_Un_Mood_Cower-out; 1068 = Go_Un_Mood_Cower-out; 2068 = DwM_Un_Mood_Cower-out"
"data/gamedata/anim_grip_handweapons.csv","_Cor_Holster",3,"data/gamedata/anim_db.csv",55,55,1.0000,0.0910,"8 = Root_L45; 301 = Or_Ar_Cor_Draw; 802 = Or_Hw_Cor_Holster"
"data/gamedata/anim_statedef.csv","",19,"data/gamedata/abilities.csv",55,55,1.0000,0.9581,"11 = Head Butt; 15 = Spiked Squig Autoattack; 16 = Farty Squig Sub"
"data/gamedata/anim_statedef.csv","",19,"data/gamedata/anim_db.csv",55,55,1.0000,0.0910,"11 = null-in; 15 = null-out; 16 = EmM_Un_Cor_spinetilt"
"data/gamedata/anim_statedef.csv","",19,"data/gamedata/anim_scripts.csv",55,55,1.0000,1.0000,"11 = Ritual; 15 = FauxMelee-Creature; 16 = FauxMelee-Avatar"
"data/gamedata/anim_statedef.csv","",19,"data/gamedata/effectlists.csv",55,55,1.0000,0.9977,"11 = Pierce; 15 = MOR_EM_AOE_SolarFlare; 16 = Stance of Biggun"
"data/gamedata/anim_statedef.csv","",19,"data/gamedata/effectnifs.csv",55,55,1.0000,0.9997,"11 = vfx_orc_T1_QuickHealing; 15 = vfx_SPELL_Debuff1; 16 = vfx_SPELL_orc_DefenseBuff"
"data/gamedata/anim_statedef.csv","",19,"data/gamedata/itemdata.csv",55,55,1.0000,1.0000,"11 = 110; 50 = 1016; 52 = 1066"
"data/gamedata/anim_statedef.csv","",19,"data/gamedata/items.csv",55,55,1.0000,0.9889,"11 = WORLD OBJ or_pile_dung01; 15 = WORLD OBJ em_bucket_01; 16 = WORLD OBJ em_chest_01"
"data/gamedata/anim_statedef.csv","",19,"data/gamedata/jumppoints.csv",55,55,1.0000,1.0000,"11 = Butcherspass; 15 = TrollCountry2; 16 = HighPass"
"data/gamedata/anim_statedef.csv","",19,"data/gamedata/objects.csv",55,55,1.0000,1.0000,"11 = WORLD OBJ or_pile_dung01; 15 = WORLD OBJ em_bucket_01; 16 = WORLD OBJ em_chest_01"
"data/gamedata/anim_statedef.csv","",19,"data/gamedata/packages.csv",55,55,1.0000,1.0000,"11 = 0; 15 = 0; 16 = 0"
"data/gamedata/anim_statedef.csv","",19,"data/gamedata/pregame_features.csv",55,55,1.0000,1.0000,"11 = MALE; 15 = MALE; 16 = MALE"
"data/gamedata/anim_statedef.csv","",19,"data/strings/english/abilitydesc.txt",55,55,1.0000,1.0000,"11 = Your Squig sprays out corrosive slime towards an enemy, dealing {COM_0_VAL0_DAMAGE} to all targets within {COM_0_RADI_FEET} of the victim.; 27 = Releases a searing gout of flame, dealing {COM_0_VAL0_DAMAGE} to all targets in front of the Turret up to {COM_0_RADI_FEET} away.; 28 = Opens the Turret's safety-release valves for up to {COM_0_DURA_SECONDS}, repeatedly dealing  {COM_1_VAL0_CORPOREALDAMAGE} every {COM_0_FREQ_SECONDS} to all targets within {COM_1_RADI_FEET}."
"data/gamedata/anim_statedef.csv","",19,"data/strings/english/abilitynames.txt",55,55,1.0000,1.0000,"11 = Goop Shootin'^n; 15 = Farty Squig Sub^n; 16 = Bad Breath Sub^n"
"data/gamedata/anim_statedef.csv","",19,"data/strings/english/bindlocations.txt",55,55,1.0000,1.0000,"11 = Trug's Hut; 15 = Red Dust Camp; 16 = Da Great Big Food Pot"
"data/gamedata/anim_statedef.csv","",19,"data/strings/english/componenteffects.txt",55,55,1.0000,1.0000,"45 = Inflicting <<1>>% Damage to everyone but taunter.; 84 = Periodically taking <<1>> Damage.; 85 = Periodically taking <<1>> Damage."
"data/gamedata/anim_statedef.csv","",19,"data/strings/english/dyenames.txt",55,55,1.0000,1.0000,"11 = Medium Seafoam; 15 = Light Sage; 16 = Dark Olive"
"data/gamedata/anim_statedef.csv","",19,"data/strings/english/emotes.txt",55,55,1.0000,1.0000,"11 = beg; 15 = <<CA:1>> begs from <<A:2>>.  <<Cp:1>> disgraces <<r:1>>.; 16 = point"
"data/gamedata/anim_statedef.csv","",19,"data/strings/english/objectivenames.txt",55,55,1.0000,0.7072,"11 = Raider's Haven; 15 = Engine Number Nine; 16 = Durak's Gate"
"data/gamedata/anim_statedef.csv","",19,"data/strings/english/packageinfo.txt",55,55,1.0000,1.0000,""
"data/gamedata/anim_statedef.csv","",19,"data/strings/english/packagenames.txt",55,55,1.0000,1.0000,"11 = Me Ancestor's Ol' Handgun; 15 = Me Most Worn Pants; 16 = Me Well Worn Shirt"
"data/gamedata/anim_statedef.csv","",19,"data/strings/english/scenariolobby.txt",55,55,1.0000,1.0000,""
"data/gamedata/anim_statedef.csv","",19,"data/strings/english/scenarionames.txt",55,55,1.0000,1.0000,""
"data/gamedata/anim_statedef.csv","",19,"data/strings/english/scenarioscore.txt",55,55,1.0000,1.0000,""
"data/gamedata/anim_swim_unarmed.csv","_Cor_Ready",4,"data/gamedata/anim_db.csv",55,55,1.0000,0.0910,"10082 = BeM_Swim_Ready; 12082 = Ogm_Swim_Ready; 15082 = Mnt_wolf_Swim_Ready"
"data/gamedata/effects.csv","Effect",8,"data/gamedata/effectdef.csv",55,55,1.0000,0.9938,"252 = white Flare on weapon; 489 = Chaos_Flash02_Orange; 504 = Shout Dirt Gust Front"
"data/gamedata/effects.csv","Effect",8,"data/gamedata/effectlists.csv",55,55,1.0000,0.9977,"252 = Fire wall Spell; 489 = Fire Breath attack 2; 504 = Warrior Priest Build Aura"
"data/gamedata/effects.csv","Effect",8,"data/gamedata/effectnifs.csv",55,55,1.0000,0.9997,"252 = vfx_misc_lootsparkles; 489 = vfx_Impact_BigSmashin; 504 = vfx_Cast_Halt_Ring_Striking"
"data/gamedata/effects.csv","Effect",8,"data/gamedata/itemdata.csv",55,55,1.0000,1.0000,"252 = 1174; 504 = 2073; 538 = 2020"
"data/gamedata/effects.csv","Effect",8,"data/gamedata/items.csv",55,55,1.0000,0.9889,"252 = WORLD OBJ qi_ge_mushrooms02; 489 = WORLD OBJ qi_dw_barrel_stack01; 504 = WORLD OBJ Qi_Oldcampfire"
"data/gamedata/effects.csv","Effect",8,"data/gamedata/objects.csv",55,55,1.0000,1.0000,"252 = WORLD OBJ Qi_goldNugL; 489 = INV OBJ Itm_ge_animaltusk; 504 = shanghaiStaff"
"data/gamedata/effects.csv","Effect",8,"data/gamedata/packages.csv",55,55,1.0000,1.0000,"252 = 0; 489 = 0; 504 = 0"
"data/gamedata/effects.csv","Effect",8,"data/strings/english/abilitydesc.txt",55,55,1.0000,1.0000,"252 = Building Grudges.; 504 = Enemy monsters will hate you {COM_0_VAL1}% more than normal on all attacks.; 734 = Increases your Wounds by {COM_0_VAL0}."
"data/gamedata/effects.csv","Effect",8,"data/strings/english/abilitynames.txt",55,55,1.0000,1.0000,"252 = Grudge Counter x5^n; 504 = Menace^n; 734 = I'm Da Biggest!^n"
"data/gamedata/effects.csv","Effect",8,"data/strings/english/componenteffects.txt",55,55,1.0000,1.0000,"905 = Can instantly summon a Squig pet.; 1524 = Silenced!  Unable to use magic!; 1531 = Block rate is increased by <<1>>."
"data/gamedata/effects.csv","Effect",8,"data/strings/english/objectivenames.txt",55,55,1.0000,0.7072,"252 = Village Vermin; 489 = Ritual of Fire; 504 = Lost Vale Wing 2 Boss"
"data/gamedata/effects.csv","Effect",8,"data/strings/english/packageinfo.txt",55,55,1.0000,1.0000,"736 = Killing Chaos will restore a small amount of health.; 785 = You inflict 2% more damage against Dwarfs in PvP"
"data/gamedata/effects.csv","Effect",8,"data/strings/english/packagenames.txt",55,55,1.0000,1.0000,"252 = 0; 489 = Judgment; 504 = Daemonology"
"data/gamedata/effects.csv","Effect",8,"data/strings/english/scenariolobby.txt",55,55,1.0000,1.0000,"2205 = Dragon's Bane is a power struggle between three capture locations. Capture and hold these locations for points over time.  To aid the recapturing of these objectives, deliver the Black Dragon or Sun Dragon Beacons to the capture locations to call down aid from above!"
"data/gamedata/effects.csv","Effect",8,"data/strings/english/scenarioscore.txt",55,55,1.0000,1.0000,"2205 = Dragon's Bane is a power struggle between three capture locations. Capture and hold these locations for points over time.  To aid the recapturing of these objectives, deliver the Black Dragon or Sun Dragon Beacons to the capture locations to call down aid from above!"
"data/gamedata/flypath.csv","",22,"data/gamedata/itemdata.csv",55,55,1.0000,1.0000,"5037 = 2313; 7641 = 2776; 8100 = 3688"
"data/gamedata/anim_grip_handweapons.csv","_Atk_C-Build",43,"data/gamedata/anim_db.csv",55,54,0.9818,0.0910,"50 = disc_stomp-inloop; 150 = Or_Th_Atk_DB; 250 = Or_Dw_Atk_DB"
"data/gamedata/anim_grip_rifle.csv","_Cor_Flinch",13,"data/gamedata/anim_db.csv",55,54,0.9818,0.0910,"712 = Or_Un_Cor_Flinch; 1112 = Go_Un_Cor_Flinch; 2612 = DwM_Ri_Cor_Flinch"
"data/gamedata/anim_mount_handweapon.csv","Cor_Ready-lo",16,"data/gamedata/anim_db.csv",55,54,0.9818,0.0910,"3115 = EmM_Un_Cor_Stun-in; 13011 = Cre_Squig_Boss_Hw_Cor_Land-lo; 13311 = cre_GdK_hw_Cor_Land-lo"
"data/gamedata/anim_mount_unarmed.csv","_Rude_Halt_Inloop",87,"data/gamedata/anim_db.csv",55,54,0.9818,0.0910,"12 = null-inloop; 134 = Or_Th_Atk_A-out; 786 = Or_Un_Int_Rude_Halt-Inloop"
"data/gamedata/anim_mount_unarmed.csv","_Rude_Halt_Active",88,"data/gamedata/anim_db.csv",55,54,0.9818,0.0910,"13 = null-active; 135 = Or_Th_Atk_B-in; 787 = Or_Un_Int_Rude_Halt-Active"
"data/gamedata/anim_mount_unarmed.csv","_Rude_Halt_ActiveLoop",89,"data/gamedata/anim_db.csv",55,54,0.9818,0.0910,"14 = null-activeloop; 136 = Or_Th_Atk_B-Build; 788 = Or_Un_Int_Rude_Halt-ActiveLoop"
"data/gamedata/anim_statedef.csv","",19,"data/gamedata/effects.csv",55,54,0.9818,0.8188,"11 = Head Butt; 15 = Spiked Squig Autoattack; 16 = Farty Squig Sub"
"data/gamedata/anim_statedef.csv","",19,"data/gamedata/monsters.csv",55,54,0.9818,0.6706,"11 = Dark Elf Disciple Female Nude; 15 = Greenskin Squig Herder Nude; 16 = Dwarf Ironbreaker Male Nude"
"data/gamedata/effects.csv","Effect",8,"data/gamedata/abilities.csv",55,54,0.9818,0.9581,"252 = Earthen Protection; 489 = Gaze of the Gods; 504 = Emperor's Protection"
"data/gamedata/anim_core.csv","Cower-in",87,"data/gamedata/itemdata.csv",55,53,0.9636,1.0000,"666 = 410; 1066 = 425; 6066 = 1180"
"data/gamedata/anim_core.csv","Cower",88,"data/gamedata/itemdata.csv",55,53,0.9636,1.0000,"667 = 0; 1067 = 409; 6067 = 1216"
"data/gamedata/anim_core.csv","Cower-out",89,"data/gamedata/itemdata.csv",55,53,0.9636,1.0000,"668 = 0; 1068 = 407; 6068 = 1265"
"data/gamedata/anim_statedef.csv","",19,"data/gamedata/tintpalette_equipment.csv",55,53,0.9636,0.8223,"11 = Medium Seafoam (O); 15 = Light Sage (O); 16 = Dark Olive (O)"
"data/gamedata/effects.csv","Effect",8,"data/gamedata/anim_db.csv",55,53,0.9636,0.0910,"252 = Or_Dw_Atk_D-out; 489 = Or_St_Int_Rude_Halt-Out; 504 = Or_Ga_Cor_Slow"
"data/gamedata/anim_statedef.csv","",19,"data/gamedata/effectdef.csv",55,52,0.9455,0.9938,"11 = Pierce; 15 = Spell Stoppa; 16 = Stance of Biggun"
"data/gamedata/anim_statedef.csv","",19,"data/strings/english/abilityeffect.txt",55,52,0.9455,1.0000,"100 = You are not Berserk; 104 = You must be wielding a hammer; 109 = You must be a member of a group"
"data/gamedata/anim_grip_handweapons.csv","_Cor_Holster",3,"data/gamedata/itemdata.csv",55,51,0.9273,1.0000,"8 = 359; 100 = 1008; 301 = 1018"
"data/gamedata/anim_grip_handweapons.csv","_Atk_C-Build",43,"data/gamedata/itemdata.csv",55,51,0.9273,1.0000,"50 = 1016; 100 = 1008; 150 = 1048"
"data/gamedata/anim_grip_rifle.csv","_Cor_Flinch",13,"data/gamedata/itemdata.csv",55,51,0.9273,1.0000,"100 = 1008; 712 = 679; 800 = 767"
"data/gamedata/anim_mount_handweapon.csv","Cor_Ready-lo",16,"data/gamedata/itemdata.csv",55,50,0.9091,1.0000,"100 = 1008; 13011 = 2615; 13611 = 1870"
"data/gamedata/anim_mount_unarmed.csv","_Rude_Halt_Inloop",87,"data/gamedata/itemdata.csv",55,50,0.9091,1.0000,"134 = 2376; 786 = 753; 1066 = 425"
"data/gamedata/anim_mount_unarmed.csv","_Rude_Halt_Active",88,"data/gamedata/itemdata.csv",55,50,0.9091,1.0000,"135 = 2377; 787 = 754; 1067 = 409"
"data/gamedata/anim_mount_unarmed.csv","_Rude_Halt_ActiveLoop",89,"data/gamedata/itemdata.csv",55,50,0.9091,1.0000,"136 = 2432; 788 = 755; 1068 = 407"
"data/gamedata/anim_statedef.csv","",19,"data/gamedata/emotedata.csv",55,50,0.9091,1.0000,"11 = 51; 15 = 71; 16 = 76"
"data/gamedata/anim_db.csv","Priority",3,"data/gamedata/effectdef.csv",54,54,1.0000,0.9938,"1 = standard bloodsplat hit; 3 = flash hit with spiky bits; 4 = Waagh Shout"
"data/gamedata/anim_db.csv","Priority",3,"data/gamedata/effectlists.csv",54,54,1.0000,0.9977,"1 = standard bloodsplat hit; 3 = flash hit with spiky bits; 4 = NULL"
"data/gamedata/anim_db.csv","Priority",3,"data/gamedata/effectnifs.csv",54,54,1.0000,0.9997,"1 = empty; 3 = vfx_Cast_GS_Staff; 4 = vfx_orc_CastingLoop_L1"
"data/gamedata/anim_db.csv","Priority",3,"data/gamedata/itemdata.csv",54,54,1.0000,1.0000,"1 = 4111; 3 = 0; 4 = 2486"
"data/gamedata/anim_db.csv","Priority",3,"data/gamedata/items.csv",54,54,1.0000,0.9889,"1 = WORLD OBJ QI_Dw_coffin01; 3 = WORLD OBJ dw_mine_wallsupport; 4 = WORLD OBJ dw_ropecoil01"
"data/gamedata/anim_db.csv","Priority",3,"data/gamedata/objects.csv",54,54,1.0000,1.0000,"1 = WORLD OBJ QI_Dw_coffin01; 3 = WORLD OBJ dw_mine_wallsupport; 4 = WORLD OBJ dw_ropecoil01"
"data/gamedata/anim_db.csv","Priority",3,"data/gamedata/packages.csv",54,54,1.0000,1.0000,"1 = 0; 3 = 0; 4 = 0"
"data/gamedata/anim_db.csv","Priority",3,"data/strings/english/abilitydesc.txt",54,54,1.0000,1.0000,"1 = A powerful attack that deals {COM_0_VAL0_DAMAGE} and reduces the threat generated by your pet's next attack.; 3 = You cause your Battle Squig to bounce, dealing {COM_0_VAL0_DAMAGE} and knocking your target down for {COM_1_DURA_SECONDS}.; 5 = Your Battle Squig explodes, causing you to be launched upward out of your Squiggy armor. All enemies within {COM_1_RADI_FEET} take {COM_3_VAL0_DAMAGE} and are knocked back."
"data/gamedata/anim_db.csv","Priority",3,"data/strings/english/abilitynames.txt",54,54,1.0000,1.0000,"1 = Ard Noggin^n; 3 = Bounce^n; 5 = KABOOM!^n"
"data/gamedata/anim_db.csv","Priority",3,"data/strings/english/componenteffects.txt",54,54,1.0000,1.0000,"10 = Attempting to Resurrect.; 20 = Periodically recovering <<1>> Health.; 87 = Periodically taking <<1>> Damage."
"data/gamedata/anim_db.csv","Priority",3,"data/strings/english/objectivenames.txt",54,54,1.0000,0.7072,"1 = Cannon Battery; 3 = Sharpthorn Wud; 4 = Ugrog's Rage"
"data/gamedata/anim_db.csv","Priority",3,"data/strings/english/packageinfo.txt",54,54,1.0000,1.0000,""
"data/gamedata/anim_db.csv","Priority",3,"data/strings/english/packagenames.txt",54,54,1.0000,1.0000,"1 = Me Ol' Choppa; 3 = Dis Ol' Choppa; 4 = Dat Ol' Choppa"
"data/gamedata/anim_db.csv","Priority",3,"data/strings/english/scenariolobby.txt",54,54,1.0000,1.0000,"2200 = Khaines Embrace is a battle over two altars: Death's Charge and the Dance of Swords.  Capturing both of these altars will grant your Realm points towards victory, but also invoke Khaine's Wrath! Avoid imminent death or speak with the Scion at Khaine's Altar for forgiveness!"
"data/gamedata/anim_db.csv","Priority",3,"data/strings/english/scenarionames.txt",54,54,1.0000,1.0000,"2200 = Khaine's Embrace"
"data/gamedata/anim_db.csv","Priority",3,"data/strings/english/scenarioscore.txt",54,54,1.0000,1.0000,"2200 = Khaines Embrace is a battle over two altars: Death's Charge and the Dance of Swords.  Capturing both of these altars will grant your Realm points towards victory, but also invoke Khaine's Wrath! Avoid imminent death or speak with the Scion at Khaine's Altar for forgiveness!"
"data/gamedata/anim_grip_handweapons.csv","_Cor_Draw",2,"data/gamedata/anim_db.csv",54,54,1.0000,0.0910,"29 = Root_L90; 801 = Or_Hw_Cor_Draw; 1201 = Go_hw_Cor_Draw"
"data/gamedata/anim_grip_handweapons.csv","_Atk_D-in",48,"data/gamedata/anim_db.csv",54,54,1.0000,0.0910,"50 = disc_stomp-inloop; 150 = Or_Th_Atk_DB; 250 = Or_Dw_Atk_DB"
"data/gamedata/anim_grip_handweapons.csv","_Atk_DC",52,"data/gamedata/anim_db.csv",54,54,1.0000,0.0910,"50 = disc_stomp-inloop; 150 = Or_Th_Atk_DB; 250 = Or_Dw_Atk_DB"
"data/gamedata/anim_grip_handweapons.csv","_Atk_Auto1",64,"data/gamedata/anim_db.csv",54,54,1.0000,0.0910,"863 = Or_Hw_Atk_Auto1; 1263 = Go_Hw_Atk_Auto1; 2263 = DwM_Hw_Atk_Auto1"
"data/gamedata/anim_grip_handweapons.csv","_Atk_Auto2",65,"data/gamedata/anim_db.csv",54,54,1.0000,0.0910,"864 = Or_Hw_Atk_Auto2; 1264 = Go_Hw_Atk_Auto2; 2264 = DwM_Hw_Atk_Auto2"
"data/gamedata/anim_pose.csv","CC",39,"data/gamedata/itemdata.csv",54,54,1.0000,1.0000,"1052 = 430; 1260 = 357; 1360 = 1258"
"data/gamedata/anim_pose.csv","CC",39,"data/strings/english/abilitydesc.txt",54,54,1.0000,1.0000,"1360 = You enrage your opponent, interrupting any currently building abilities and forcing monsters to attack you. While taunted your opponent will take {COM_3_VAL0}% more damage from your attacks. This effect will fade after {COM_2_DURA_SECONDS} or after your opponent has hit you 3 times.; 1460 = You attack your target with a devastating blow, dealing {COM_0_VAL0_TOD_DAMAGE} over {COM_0_DURA_SECONDS}.; 10138 = Anguish VI - On Hit: 5% chance to anguish target, reducing movement speed by {ABIL_10563_COM_1_VAL0}% and dealing {ABIL_10563_COM_0_VAL0_TOD_SPIRITDAMAGE} over {ABIL_10563_COM_0_DURA_SECONDS}."
"data/gamedata/anim_pose.csv","CC",39,"data/strings/english/abilitynames.txt",54,54,1.0000,1.0000,"1052 = Berserk Counter x5^n; 1360 = Taunt^n; 1460 = Cleft In Twain^n"
"data/gamedata/anim_pose.csv","CC",39,"data/strings/english/componenteffects.txt",54,54,1.0000,1.0000,"1052 = Parry and Evade chance increased by <<1>>%.; 1160 = You’re a chicken. Bawk Bawk!; 1260 = Weapon Skill increased by <<1>>."
"data/gamedata/anim_pose.csv","CC",39,"data/strings/english/packageinfo.txt",54,54,1.0000,1.0000,""
"data/gamedata/anim_pose.csv","CC",39,"data/strings/english/packagenames.txt",54,54,1.0000,1.0000,"2060 = 0; 2460 = 0; 2760 = Shield Sweep"
"data/gamedata/anim_swim_unarmed.csv","_Cor_Back",7,"data/gamedata/anim_db.csv",54,54,1.0000,0.0910,"10084 = BeM_Swim_Back; 12084 = Ogm_Swim_Back; 15084 = Mnt_wolf_Swim_Back"
"data/gamedata/anim_swim_unarmed.csv","_Cor_Run",8,"data/gamedata/anim_db.csv",54,54,1.0000,0.0910,"10085 = BeM_Swim_Run; 12085 = Ogm_Swim_Run; 15085 = Mnt_wolf_Swim_Run"
"data/gamedata/anim_swim_unarmed.csv","Cor_Walk-lo",17,"data/gamedata/anim_db.csv",54,54,1.0000,0.0910,"500 = jerO; 15083 = Mnt_wolf_Swim_Walk; 15284 = mnt_squig_swim_un_cor_Walk"
"data/gamedata/anim_db.csv","Priority",3,"data/gamedata/abilities.csv",54,53,0.9815,0.9581,"1 = Ard Noggin; 3 = Bounce; 5 = KABOOM!"
"data/gamedata/anim_db.csv","Priority",3,"data/gamedata/anim_scripts.csv",54,53,0.9815,1.0000,"1 = Fidget; 3 = die; 4 = Cheer"
"data/gamedata/anim_db.csv","Priority",3,"data/gamedata/effects.csv",54,53,0.9815,0.8188,"1 = Ard Noggin; 3 = Bounce; 5 = KABOOM!"
"data/gamedata/anim_db.csv","Priority",3,"data/strings/english/emotes.txt",54,53,0.9815,1.0000,"1 = wave; 3 = You wave to <<A:2>>.; 4 = <<CA:1>> waves."
"data/gamedata/anim_mount_handweapon.csv","_Cor_fidget2",15,"data/gamedata/anim_db.csv",54,53,0.9815,0.0910,"3114 = EmM_Un_Cor_Fidget2; 13010 = Cre_Squig_Boss_Hw_Cor_Fall-lo; 13310 = cre_GdK_hw_Cor_Fall-lo"
"data/gamedata/anim_mount_unarmed.csv","_Rude_Halt_In",86,"data/gamedata/anim_db.csv",54,53,0.9815,0.0910,"11 = null-in; 133 = Or_Th_Atk_AC; 785 = Or_Un_Int_Rude_Halt-In"
"data/gamedata/anim_mount_unarmed.csv","_Rude_Halt_Out",90,"data/gamedata/anim_db.csv",54,53,0.9815,0.0910,"15 = null-out; 137 = Or_Th_Atk_BB; 789 = Or_Un_Int_Rude_Halt-Out"
"data/gamedata/anim_mount_unarmedsdf.csv","_Rude_Halt_Inloop",87,"data/gamedata/anim_db.csv",54,53,0.9815,0.0910,"12 = null-inloop; 134 = Or_Th_Atk_A-out; 786 = Or_Un_Int_Rude_Halt-Inloop"
"data/gamedata/anim_mount_unarmedsdf.csv","_Rude_Halt_Inloop",87,"data/gamedata/itemdata.csv",54,53,0.9815,1.0000,"134 = 2376; 786 = 753; 1066 = 425"
"data/gamedata/anim_mount_unarmedsdf.csv","_Rude_Halt_Active",88,"data/gamedata/anim_db.csv",54,53,0.9815,0.0910,"13 = null-active; 135 = Or_Th_Atk_B-in; 787 = Or_Un_Int_Rude_Halt-Active"
"data/gamedata/anim_mount_unarmedsdf.csv","_Rude_Halt_Active",88,"data/gamedata/itemdata.csv",54,53,0.9815,1.0000,"135 = 2377; 787 = 754; 1067 = 409"
"data/gamedata/anim_mount_unarmedsdf.csv","_Rude_Halt_ActiveLoop",89,"data/gamedata/anim_db.csv",54,53,0.9815,0.0910,"14 = null-activeloop; 136 = Or_Th_Atk_B-Build; 788 = Or_Un_Int_Rude_Halt-ActiveLoop"
"data/gamedata/anim_mount_unarmedsdf.csv","_Rude_Halt_ActiveLoop",89,"data/gamedata/itemdata.csv",54,53,0.9815,1.0000,"136 = 2432; 788 = 755; 1068 = 407"
"data/gamedata/anim_swim_unarmed.csv","_Atk_A-in",30,"data/gamedata/anim_db.csv",54,53,0.9815,0.0910,"729 = Or_Un_Atk_A-in; 1129 = Go_Un_Atk_A-in; 2129 = DwM_Un_Atk_A-in"
"data/gamedata/anim_swim_unarmed.csv","_Spl_Base_S_In",54,"data/gamedata/anim_db.csv",54,53,0.9815,0.0910,"101 = Or_Th_Cor_Draw; 753 = Or_Un_Spl_Base_S-In; 1153 = Go_Un_Spl_Base_S-In"
"data/gamedata/anim_swim_unarmed.csv","_Spl_Base_S_Inloop",55,"data/gamedata/anim_db.csv",54,53,0.9815,0.0910,"102 = Or_Th_Cor_Holster; 754 = Or_Un_Spl_Base_S-Inloop; 1154 = Go_Un_Spl_Base_S-Inloop"
"data/gamedata/anim_swim_unarmed.csv","_Spl_Base_S_Active",56,"data/gamedata/anim_db.csv",54,53,0.9815,0.0910,"103 = Or_Th_Cor_Ready; 755 = Or_Un_Spl_Base_S-Active; 1155 = Go_Un_Spl_Base_S-Active"
"data/gamedata/anim_swim_unarmed.csv","_Spl_Base_S_ActiveLoop",57,"data/gamedata/anim_db.csv",54,53,0.9815,0.0910,"104 = Or_Th_Cor_Slow; 756 = Or_Un_Spl_Base_S-ActiveLoop; 1156 = Go_Un_Spl_Base_S-ActiveLoop"
"data/gamedata/anim_swim_unarmed.csv","_Spl_Base_S_Out",58,"data/gamedata/anim_db.csv",54,53,0.9815,0.0910,"105 = Or_Th_Cor_Walk; 757 = Or_Un_Spl_Base_S-Out; 1157 = Go_Un_Spl_Base_S-Out"
"data/gamedata/anim_db.csv","Priority",3,"data/gamedata/anim_statedef.csv",54,52,0.9630,0.1627,"1 = Portrait-un; 3 = Die for Wyrd (164); 4 = Look"
"data/gamedata/anim_db.csv","Priority",3,"data/gamedata/emotedata.csv",54,51,0.9444,1.0000,"1 = 1; 3 = 11; 4 = 16"
"data/gamedata/anim_db.csv","Priority",3,"data/gamedata/jumppoints.csv",54,51,0.9444,1.0000,"1 = MountBloodhorn; 3 = Badlands; 4 = BlackCrag"
"data/gamedata/anim_db.csv","Priority",3,"data/gamedata/monsters.csv",54,51,0.9444,0.6706,"1 = PLACEHOLDER - Snotling Common; 3 = Placeholder nude; 4 = Placeholder nude"
"data/gamedata/anim_db.csv","Priority",3,"data/gamedata/pregame_features.csv",54,51,0.9444,1.0000,"1 = MALE; 3 = MALE; 4 = MALE"
"data/gamedata/anim_db.csv","Priority",3,"data/gamedata/tintpalette_equipment.csv",54,51,0.9444,0.8223,"1 = Dark Sky Blue (O); 3 = Sky Blue (O); 4 = Dark Navy Blue (O)"
"data/gamedata/anim_db.csv","Priority",3,"data/strings/english/bindlocations.txt",54,51,0.9444,1.0000,"1 = Skarzag's Stompin Grounds; 3 = Kron Komar; 4 = Dis Gorgor's Smash"
"data/gamedata/anim_db.csv","Priority",3,"data/strings/english/dyenames.txt",54,51,0.9444,1.0000,"1 = Dark Sky Blue; 3 = Sky Blue; 4 = Dark Navy Blue"
"data/gamedata/anim_grip_handweapons.csv","_Cor_Draw",2,"data/gamedata/itemdata.csv",54,50,0.9259,1.0000,"100 = 1008; 801 = 768; 1201 = 2489"
"data/gamedata/anim_grip_handweapons.csv","_Atk_D-in",48,"data/gamedata/itemdata.csv",54,50,0.9259,1.0000,"50 = 1016; 100 = 1008; 150 = 1048"
"data/gamedata/anim_grip_handweapons.csv","_Atk_DC",52,"data/gamedata/itemdata.csv",54,50,0.9259,1.0000,"50 = 1016; 100 = 1008; 150 = 1048"
"data/gamedata/anim_db.csv","Priority",3,"data/strings/english/npctitles.txt",54,49,0.9074,1.0000,"1 = Trainer; 3 = Renown Trainer; 4 = Apothecary"
"data/gamedata/anim_mount_handweapon.csv","_Cor_fidget2",15,"data/gamedata/itemdata.csv",54,49,0.9074,1.0000,"100 = 1008; 13010 = 2659; 13610 = 3294"
"data/gamedata/anim_mount_unarmed.csv","_Rude_Halt_In",86,"data/gamedata/itemdata.csv",54,49,0.9074,1.0000,"11 = 110; 133 = 2375; 785 = 752"
"data/gamedata/anim_mount_unarmed.csv","_Rude_Halt_Out",90,"data/gamedata/itemdata.csv",54,49,0.9074,1.0000,"137 = 2433; 789 = 756; 12189 = 1132"
"data/gamedata/anim_core.csv","racial-active3",230,"data/gamedata/anim_db.csv",53,53,1.0000,0.0910,"3164 = EmM_Un_Atk_Auto2; 14164 = Cre_Hydra_Un_Atk_Auto2; 15112 = Mnt_Wolf_Un_Cor_Flinch"
"data/gamedata/anim_core.csv","racial-out",231,"data/gamedata/anim_db.csv",53,53,1.0000,0.0910,"26 = EMM_dor_hover-out; 3128 = EmM_Un_Atk_Aggro-out; 14128 = Cre_Hydra_Un_Atk_Aggro-out"
"data/gamedata/anim_grip_handweapons.csv","_Cor_Stun-out",18,"data/gamedata/anim_db.csv",53,53,1.0000,0.0910,"817 = Or_Hw_Cor_Stun-out; 1217 = Go_hw_Cor_Stun-out; 2217 = DwM_Hw_int_work-out"
"data/gamedata/anim_grip_handweapons.csv","_Cor_Down-in",19,"data/gamedata/anim_db.csv",53,53,1.0000,0.0910,"818 = Or_Hw_Cor_Down-in; 1218 = Go_hw_Cor_Down-in; 2218 = DwM_Hw_int_play-in"
"data/gamedata/anim_grip_handweapons.csv","_Cor_Down",20,"data/gamedata/anim_db.csv",53,53,1.0000,0.0910,"819 = Or_Hw_Cor_Down; 1219 = Go_hw_Cor_Down; 2219 = DwM_Hw_int_play-active"
"data/gamedata/anim_grip_handweapons.csv","_Cor_Down-out",21,"data/gamedata/anim_db.csv",53,53,1.0000,0.0910,"820 = Or_Hw_Cor_Down-out; 1220 = Go_hw_Cor_Down-out; 2220 = DwM_Hw_int_play-out"
"data/gamedata/anim_grip_handweapons.csv","_Cor_Rez",25,"data/gamedata/anim_db.csv",53,53,1.0000,0.0910,"824 = Or_Hw_Cor_Rez; 1224 = Go_hw_Cor_Rez; 2224 = DwM_Hw_Cor_Rez"
"data/gamedata/anim_grip_handweapons.csv","_Atk_A-in",30,"data/gamedata/anim_db.csv",53,53,1.0000,0.0910,"50 = disc_stomp-inloop; 150 = Or_Th_Atk_DB; 250 = Or_Dw_Atk_DB"
"data/gamedata/anim_grip_handweapons.csv","_Atk_C-in",42,"data/gamedata/anim_db.csv",53,53,1.0000,0.0910,"50 = disc_stomp-inloop; 150 = Or_Th_Atk_DB; 250 = Or_Dw_Atk_DB"
"data/gamedata/anim_grip_handweapons.csv","_Spl_Base_S_In",54,"data/gamedata/anim_db.csv",53,53,1.0000,0.0910,"853 = Or_Hw_Spl_Base_S-In; 1253 = Go_Hw_Spl_Base_S-In; 2253 = DwM_Hw_Spl_Base_S-In"
"data/gamedata/anim_grip_handweapons.csv","_Spl_Base_S_Inloop",55,"data/gamedata/anim_db.csv",53,53,1.0000,0.0910,"854 = Or_Hw_Spl_Base_S-Inloop; 1254 = Go_Hw_Spl_Base_S-Inloop; 2254 = DwM_Hw_Spl_Base_S-Inloop"
"data/gamedata/anim_grip_handweapons.csv","_Spl_Base_S_Active",56,"data/gamedata/anim_db.csv",53,53,1.0000,0.0910,"855 = Or_Hw_Spl_Base_S-Active; 1255 = Go_Hw_Spl_Base_S-Active; 2255 = DwM_Hw_Spl_Base_S-Active"
"data/gamedata/anim_grip_handweapons.csv","_Spl_Base_S_ActiveLoop",57,"data/gamedata/anim_db.csv",53,53,1.0000,0.0910,"856 = Or_Hw_Spl_Base_S-ActiveLoop; 1256 = Go_Hw_Spl_Base_S-ActiveLoop; 2256 = DwM_Hw_Spl_Base_S-ActiveLoop"
"data/gamedata/anim_grip_handweapons.csv","_Spl_Base_S_Out",58,"data/gamedata/anim_db.csv",53,53,1.0000,0.0910,"857 = Or_Hw_Spl_Base_S-Out; 1257 = Go_Hw_Spl_Base_S-Out; 2257 = DwM_Hw_Spl_Base_S-Out"
"data/gamedata/anim_grip_handweapons.csv","_Spl_Base_T_In",59,"data/gamedata/anim_db.csv",53,53,1.0000,0.0910,"858 = Or_Hw_Spl_Base_T-In; 1258 = Go_Hw_Spl_Base_T-In; 2258 = DwM_Hw_Spl_Base_T-In"
"data/gamedata/anim_grip_handweapons.csv","_Spl_Base_T_Inloop",60,"data/gamedata/anim_db.csv",53,53,1.0000,0.0910,"859 = Or_Hw_Spl_Base_T-Inloop; 1259 = Go_Hw_Spl_Base_T-Inloop; 2259 = DwM_Hw_Spl_Base_T-Inloop"
"data/gamedata/anim_grip_handweapons.csv","_Spl_Base_T_Active",61,"data/gamedata/anim_db.csv",53,53,1.0000,0.0910,"860 = Or_Hw_Spl_Base_T-Active; 1260 = Go_Hw_Spl_Base_T-Active; 2260 = DwM_Hw_Spl_Base_T-Active"
"data/gamedata/anim_grip_handweapons.csv","_Spl_Base_T_ActiveLoop",62,"data/gamedata/anim_db.csv",53,53,1.0000,0.0910,"861 = Or_Hw_Spl_Base_T-ActiveLoop; 1261 = Go_Hw_Spl_Base_T-ActiveLoop; 2261 = DwM_Hw_Spl_Base_T-ActiveLoop"
"data/gamedata/anim_grip_handweapons.csv","_Spl_Base_T_Out",63,"data/gamedata/anim_db.csv",53,53,1.0000,0.0910,"862 = Or_Hw_Spl_Base_T-Out; 1262 = Go_Hw_Spl_Base_T-Out; 2262 = DwM_Hw_Spl_Base_T-Out"
"data/gamedata/anim_grip_handweapons.csv","_Rude_Shout_In",66,"data/gamedata/anim_db.csv",53,53,1.0000,0.0910,"865 = Or_Hw_Int_Rude_Shout-In; 1265 = Go_Hw_Int_Rude_Shout-In; 2265 = DwM_Hw_Int_Rude_Shout-In"
"data/gamedata/anim_grip_handweapons.csv","_Rude_Shout_Inloop",67,"data/gamedata/anim_db.csv",53,53,1.0000,0.0910,"866 = Or_Hw_Int_Rude_Shout-Inloop; 1266 = Go_Hw_Int_Rude_Shout-Inloop; 2266 = DwM_Hw_Int_Rude_Shout-Inloop"
"data/gamedata/anim_grip_handweapons.csv","_Rude_Shout_Active",68,"data/gamedata/anim_db.csv",53,53,1.0000,0.0910,"867 = Or_Hw_Int_Rude_Shout-Active; 1267 = Go_Hw_Int_Rude_Shout-Active; 2267 = DwM_Hw_Int_Rude_Shout-Active"
"data/gamedata/anim_grip_handweapons.csv","_Rude_Shout_ActiveLoop",69,"data/gamedata/anim_db.csv",53,53,1.0000,0.0910,"868 = Or_Hw_Int_Rude_Shout-ActiveLoop; 1268 = Go_Hw_Int_Rude_Shout-ActiveLoop; 2268 = DwM_Hw_Int_Rude_Shout-ActiveLoop"
"data/gamedata/anim_grip_handweapons.csv","_Rude_Shout_Out",70,"data/gamedata/anim_db.csv",53,53,1.0000,0.0910,"869 = Or_Hw_Int_Rude_Shout-Out; 1269 = Go_Hw_Int_Rude_Shout-Out; 2269 = DwM_Hw_Int_Rude_Shout-Out"
"data/gamedata/anim_mount_unarmed.csv","_Atk_Auto1",64,"data/gamedata/anim_db.csv",53,53,1.0000,0.0910,"763 = Or_Un_Atk_Auto1; 1163 = Go_Un_Atk_Auto1; 2163 = DwM_Un_Atk_Auto1"
"data/gamedata/anim_mount_unarmed.csv","_Atk_Auto2",65,"data/gamedata/anim_db.csv",53,53,1.0000,0.0910,"764 = Or_Un_Atk_Auto2; 1164 = Go_Un_Atk_Auto2; 2164 = DwM_Un_Atk_Auto2"
"data/gamedata/anim_mount_unarmedsdf.csv","_Cor_Down",20,"data/gamedata/anim_db.csv",53,53,1.0000,0.0910,"719 = Or_Un_Cor_Down; 1119 = Go_Un_Cor_Down; 1719 = Go_Ar_Cor_Down"
"data/gamedata/anim_mount_unarmedsdf.csv","_Cor_Down-out",21,"data/gamedata/anim_db.csv",53,53,1.0000,0.0910,"720 = Or_Un_Cor_Down-out; 1120 = Go_Un_Cor_Down-out; 1720 = Go_Ar_Cor_Down-out"
"data/gamedata/anim_swim_unarmed.csv","_Cor_Flinch",13,"data/gamedata/anim_db.csv",53,53,1.0000,0.0910,"10086 = BeM_Swim_Flinch; 12086 = Ogm_Swim_Flinch; 15086 = Mnt_wolf_Swim_Flinch"
"data/gamedata/anim_swim_unarmed.csv","Cor_Ready-lo",16,"data/gamedata/anim_db.csv",53,53,1.0000,0.0910,"15082 = Mnt_wolf_Swim_Ready; 15283 = mnt_squig_swim_un_cor_Ready; 15882 = Mnt_Boar_Swim_Ready"
"data/gamedata/anim_swim_unarmed.csv","Cor_Run-lo",19,"data/gamedata/anim_db.csv",53,53,1.0000,0.0910,"15085 = Mnt_wolf_Swim_Run; 15286 = mnt_squig_swim_un_cor_Run; 15885 = Mnt_Boar_Swim_Run"
"data/gamedata/anim_grip_rifle.csv","_Cor_fidget",14,"data/gamedata/anim_db.csv",53,52,0.9811,0.0910,"3 = aim; 713 = Or_Un_Cor_fidget; 1113 = Go_Un_Cor_fidget"
"data/gamedata/anim_grip_thrown.csv","_Cor_Back",7,"data/gamedata/anim_db.csv",53,52,0.9811,0.0910,"37 = Disc_Root; 106 = Or_Th_Cor_Back; 914 = Or_HwS_Cor_Fidget2"
"data/gamedata/anim_grip_thrown.csv","_Cor_Back",7,"data/gamedata/itemdata.csv",53,52,0.9811,1.0000,"100 = 1008; 106 = 1057; 200 = 1060"
"data/gamedata/anim_mount_greataxe.csv","Cor_Ready-lo",16,"data/gamedata/anim_db.csv",53,52,0.9811,0.0910,"3115 = EmM_Un_Cor_Stun-in; 13011 = Cre_Squig_Boss_Hw_Cor_Land-lo; 13311 = cre_GdK_hw_Cor_Land-lo"
"data/gamedata/anim_mount_handweapon.csv","_Cor_Run",8,"data/gamedata/anim_db.csv",53,52,0.9811,0.0910,"3107 = EmM_Un_Cor_Run; 13003 = Cre_Squig_Boss_Hw_Cor_Ready-lo; 13303 = cre_GdK_Hw_Cor_Ready-lo"
"data/gamedata/anim_mount_handweapon.csv","_Cor_fidget",14,"data/gamedata/anim_db.csv",53,52,0.9811,0.0910,"3113 = EmM_Un_Cor_fidget; 13009 = Cre_Squig_Boss_Hw_Cor_Jump-lo; 13309 = cre_GdK_hw_Cor_Jump-lo"
"data/gamedata/anim_mount_spear.csv","_Cor_fidget2",15,"data/gamedata/anim_db.csv",53,52,0.9811,0.0910,"3114 = EmM_Un_Cor_Fidget2; 13010 = Cre_Squig_Boss_Hw_Cor_Fall-lo; 13310 = cre_GdK_hw_Cor_Fall-lo"
"data/gamedata/anim_mount_spear.csv","Cor_Ready-lo",16,"data/gamedata/anim_db.csv",53,52,0.9811,0.0910,"3115 = EmM_Un_Cor_Stun-in; 13011 = Cre_Squig_Boss_Hw_Cor_Land-lo; 13311 = cre_GdK_hw_Cor_Land-lo"
"data/gamedata/anim_mount_unarmedsdf.csv","_Cor_Down",20,"data/gamedata/itemdata.csv",53,52,0.9811,1.0000,"719 = 686; 1119 = 415; 6119 = 1236"
"data/gamedata/anim_mount_unarmedsdf.csv","_Cor_Down-out",21,"data/gamedata/itemdata.csv",53,52,0.9811,1.0000,"720 = 687; 1120 = 422; 6120 = 1286"
"data/gamedata/anim_mount_unarmedsdf.csv","_Rude_Halt_In",86,"data/gamedata/anim_db.csv",53,52,0.9811,0.0910,"11 = null-in; 133 = Or_Th_Atk_AC; 785 = Or_Un_Int_Rude_Halt-In"
"data/gamedata/anim_mount_unarmedsdf.csv","_Rude_Halt_In",86,"data/gamedata/itemdata.csv",53,52,0.9811,1.0000,"11 = 110; 133 = 2375; 785 = 752"
"data/gamedata/anim_mount_unarmedsdf.csv","_Rude_Halt_Out",90,"data/gamedata/anim_db.csv",53,52,0.9811,0.0910,"15 = null-out; 137 = Or_Th_Atk_BB; 789 = Or_Un_Int_Rude_Halt-Out"
"data/gamedata/anim_mount_unarmedsdf.csv","_Rude_Halt_Out",90,"data/gamedata/itemdata.csv",53,52,0.9811,1.0000,"137 = 2433; 789 = 756; 12189 = 1132"
"data/gamedata/anim_mount_unarmedsdf.csv","AA-out",91,"data/gamedata/anim_db.csv",53,52,0.9811,0.0910,"138 = Or_Th_Atk_BA; 790 = Or_Un_Atk_AA-activeloop; 1190 = go_un_Atk_AA-activeloop"
"data/gamedata/anim_mount_unarmedsdf.csv","AA-out",91,"data/gamedata/itemdata.csv",53,52,0.9811,1.0000,"138 = 2434; 790 = 757; 12190 = 1072"
"data/gamedata/anim_mount_unarmedsdf.csv","BB-out",92,"data/gamedata/anim_db.csv",53,52,0.9811,0.0910,"139 = Or_Th_Atk_BD; 791 = Or_Un_Atk_AA-out; 1191 = go_un_Atk_AA-out"
"data/gamedata/anim_mount_unarmedsdf.csv","BB-out",92,"data/gamedata/itemdata.csv",53,52,0.9811,1.0000,"139 = 2435; 791 = 758; 12191 = 1072"
"data/gamedata/anim_mount_unarmedsdf.csv","CC-out",93,"data/gamedata/anim_db.csv",53,52,0.9811,0.0910,"140 = Or_Th_Atk_B-out; 792 = Or_Un_Atk_BB-activeloop; 1192 = go_un_Atk_BB-activeloop"
"data/gamedata/anim_mount_unarmedsdf.csv","CC-out",93,"data/gamedata/itemdata.csv",53,52,0.9811,1.0000,"140 = 2436; 792 = 759; 12192 = 1000"
"data/gamedata/anim_mount_unarmedsdf.csv","DD-out",94,"data/gamedata/anim_db.csv",53,52,0.9811,0.0910,"141 = Or_Th_Atk_C-in; 793 = Or_Un_Atk_BB-out; 1193 = go_un_Atk_BB-out"
"data/gamedata/anim_mount_unarmedsdf.csv","DD-out",94,"data/gamedata/itemdata.csv",53,52,0.9811,1.0000,"141 = 2437; 793 = 760; 12193 = 1084"
"data/gamedata/anim_mount_unarmedsdf.csv","_Cor_Draw-in",95,"data/gamedata/anim_db.csv",53,52,0.9811,0.0910,"142 = Or_Th_Atk_C-Build; 794 = Or_Un_Atk_CC-activeloop; 1194 = go_un_Atk_CC-activeloop"
"data/gamedata/anim_mount_unarmedsdf.csv","_Cor_Draw-in",95,"data/gamedata/itemdata.csv",53,52,0.9811,1.0000,"142 = 1014; 794 = 761; 12194 = 1049"
"data/gamedata/anim_mount_unarmedsdf.csv","_Cor_Draw-Loop",96,"data/gamedata/anim_db.csv",53,52,0.9811,0.0910,"143 = Or_Th_Atk_CC; 795 = Or_Un_Atk_CC-out; 1195 = go_un_Atk_CC-out"
"data/gamedata/anim_mount_unarmedsdf.csv","_Cor_Draw-Loop",96,"data/gamedata/itemdata.csv",53,52,0.9811,1.0000,"143 = 1029; 795 = 762; 12195 = 1058"
"data/gamedata/anim_mount_unarmedsdf.csv","_Cor_Draw-Out",97,"data/gamedata/anim_db.csv",53,52,0.9811,0.0910,"144 = Or_Th_Atk_CA; 796 = Or_Un_Atk_DD-activeloop; 1196 = go_un_Atk_DD-activeloop"
"data/gamedata/anim_mount_unarmedsdf.csv","_Cor_Draw-Out",97,"data/gamedata/itemdata.csv",53,52,0.9811,1.0000,"144 = 1070; 796 = 763; 12196 = 1092"
"data/gamedata/anim_mount_unarmedsdf.csv","_Cor_Holster-In",98,"data/gamedata/anim_db.csv",53,52,0.9811,0.0910,"145 = Or_Th_Atk_CD; 797 = Or_Un_Atk_DD-out; 1197 = go_un_Atk_DD-out"
"data/gamedata/anim_mount_unarmedsdf.csv","_Cor_Holster-In",98,"data/gamedata/itemdata.csv",53,52,0.9811,1.0000,"145 = 1071; 797 = 764; 12197 = 1077"
"data/gamedata/anim_mount_unarmedsdf.csv","_Cor_Holster-Loop",99,"data/gamedata/anim_db.csv",53,52,0.9811,0.0910,"146 = Or_Th_Atk_C-out; 798 = Or_Un_Cor_Holster-Active; 1198 = Go_Un_Cor_Holster-Active"
"data/gamedata/anim_mount_unarmedsdf.csv","_Cor_Holster-Loop",99,"data/gamedata/itemdata.csv",53,52,0.9811,1.0000,"146 = 1007; 798 = 765; 12198 = 1000"
"data/gamedata/anim_mount_unarmedsdf.csv","_Cor_Holster-Out",100,"data/gamedata/anim_db.csv",53,52,0.9811,0.0910,"147 = Or_Th_Atk_D-in; 799 = Or_Un_Cor_Holster-out; 1199 = Go_Un_Cor_Holster-out"
"data/gamedata/anim_mount_unarmedsdf.csv","_Cor_Holster-Out",100,"data/gamedata/itemdata.csv",53,52,0.9811,1.0000,"147 = 1000; 799 = 766; 12199 = 1133"
"data/gamedata/anim_mount_greataxe.csv","Cor_Ready-lo",16,"data/gamedata/itemdata.csv",53,50,0.9434,1.0000,"100 = 1008; 13011 = 2615; 13611 = 1870"
"data/gamedata/anim_grip_handweapons.csv","_Cor_Stun-out",18,"data/gamedata/itemdata.csv",53,49,0.9245,1.0000,"100 = 1008; 817 = 784; 1217 = 1155"
"data/gamedata/anim_grip_handweapons.csv","_Cor_Rez",25,"data/gamedata/itemdata.csv",53,49,0.9245,1.0000,"824 = 793; 1224 = 1232; 6224 = 1625"
"data/gamedata/anim_grip_handweapons.csv","_Atk_A-in",30,"data/gamedata/itemdata.csv",53,49,0.9245,1.0000,"50 = 1016; 100 = 1008; 150 = 1048"
"data/gamedata/anim_grip_handweapons.csv","_Atk_C-in",42,"data/gamedata/itemdata.csv",53,49,0.9245,1.0000,"50 = 1016; 100 = 1008; 150 = 1048"
"data/gamedata/anim_grip_handweapons.csv","_Spl_Base_S_In",54,"data/gamedata/itemdata.csv",53,49,0.9245,1.0000,"853 = 822; 1253 = 1218; 7253 = 381"
"data/gamedata/anim_grip_handweapons.csv","_Spl_Base_S_Inloop",55,"data/gamedata/itemdata.csv",53,49,0.9245,1.0000,"854 = 823; 1254 = 1179; 7254 = 381"
"data/gamedata/anim_grip_handweapons.csv","_Spl_Base_S_Active",56,"data/gamedata/itemdata.csv",53,49,0.9245,1.0000,"855 = 824; 1255 = 1158; 7255 = 381"
"data/gamedata/anim_grip_handweapons.csv","_Spl_Base_S_ActiveLoop",57,"data/gamedata/itemdata.csv",53,49,0.9245,1.0000,"856 = 825; 1256 = 2192; 7256 = 381"
"data/gamedata/anim_grip_handweapons.csv","_Spl_Base_S_Out",58,"data/gamedata/itemdata.csv",53,49,0.9245,1.0000,"857 = 826; 1257 = 2006; 7257 = 381"
"data/gamedata/anim_grip_handweapons.csv","_Spl_Base_T_In",59,"data/gamedata/itemdata.csv",53,49,0.9245,1.0000,"858 = 827; 1258 = 2132; 7258 = 381"
"data/gamedata/anim_grip_handweapons.csv","_Spl_Base_T_Inloop",60,"data/gamedata/itemdata.csv",53,49,0.9245,1.0000,"859 = 828; 1259 = 2072; 7259 = 381"
"data/gamedata/anim_grip_handweapons.csv","_Spl_Base_T_Active",61,"data/gamedata/itemdata.csv",53,49,0.9245,1.0000,"860 = 829; 1260 = 357; 7260 = 381"
"data/gamedata/anim_grip_handweapons.csv","_Spl_Base_T_ActiveLoop",62,"data/gamedata/itemdata.csv",53,49,0.9245,1.0000,"861 = 830; 1261 = 357; 7261 = 2378"
"data/gamedata/anim_grip_handweapons.csv","_Spl_Base_T_Out",63,"data/gamedata/itemdata.csv",53,49,0.9245,1.0000,"862 = 831; 7262 = 2438; 9762 = 1232"
"data/gamedata/anim_grip_rifle.csv","_Cor_fidget",14,"data/gamedata/itemdata.csv",53,49,0.9245,1.0000,"3 = 0; 100 = 1008; 713 = 680"
"data/gamedata/anim_mount_spear.csv","_Cor_fidget2",15,"data/gamedata/itemdata.csv",53,49,0.9245,1.0000,"100 = 1008; 13010 = 2659; 13610 = 3294"
"data/gamedata/anim_mount_spear.csv","Cor_Ready-lo",16,"data/gamedata/itemdata.csv",53,49,0.9245,1.0000,"100 = 1008; 13011 = 2615; 13611 = 1870"
"data/gamedata/anim_grip_handweapons.csv","_Cor_Down-in",19,"data/gamedata/itemdata.csv",53,48,0.9057,1.0000,"818 = 787; 1218 = 1264; 6218 = 1625"
"data/gamedata/anim_grip_handweapons.csv","_Cor_Down",20,"data/gamedata/itemdata.csv",53,48,0.9057,1.0000,"819 = 788; 1219 = 1233; 6219 = 1451"
"data/gamedata/anim_grip_handweapons.csv","_Cor_Down-out",21,"data/gamedata/itemdata.csv",53,48,0.9057,1.0000,"820 = 789; 1220 = 2187; 6220 = 1868"
"data/gamedata/anim_grip_handweapons.csv","_Rude_Shout_In",66,"data/gamedata/itemdata.csv",53,48,0.9057,1.0000,"865 = 834; 1265 = 1275; 7265 = 1952"
"data/gamedata/anim_grip_handweapons.csv","_Rude_Shout_Inloop",67,"data/gamedata/itemdata.csv",53,48,0.9057,1.0000,"866 = 835; 1266 = 1234; 7266 = 1952"
"data/gamedata/anim_grip_handweapons.csv","_Rude_Shout_Active",68,"data/gamedata/itemdata.csv",53,48,0.9057,1.0000,"867 = 836; 1267 = 1217; 7267 = 1952"
"data/gamedata/anim_grip_handweapons.csv","_Rude_Shout_ActiveLoop",69,"data/gamedata/itemdata.csv",53,48,0.9057,1.0000,"868 = 837; 1268 = 2195; 7268 = 1952"
"data/gamedata/anim_grip_handweapons.csv","_Rude_Shout_Out",70,"data/gamedata/itemdata.csv",53,48,0.9057,1.0000,"869 = 838; 1269 = 2075; 7269 = 1071"
"data/gamedata/anim_mount_handweapon.csv","_Cor_Run",8,"data/gamedata/itemdata.csv",53,48,0.9057,1.0000,"100 = 1008; 400 = 221; 13003 = 3780"
"data/gamedata/anim_mount_handweapon.csv","_Cor_fidget",14,"data/gamedata/itemdata.csv",53,48,0.9057,1.0000,"100 = 1008; 13009 = 2703; 13609 = 1367"
"data/gamedata/anim_grip_handweapons.csv","_Cor_Stun-in",16,"data/gamedata/anim_db.csv",52,52,1.0000,0.0910,"815 = Or_Hw_Cor_Stun-in; 1215 = Go_hw_Cor_Stun-in; 2215 = DwM_Hw_int_work-in"
"data/gamedata/anim_grip_handweapons.csv","_Cor_Stun",17,"data/gamedata/anim_db.csv",52,52,1.0000,0.0910,"816 = Or_Hw_Cor_Stun; 1216 = Go_hw_Cor_Stun; 2216 = DwM_Hw_int_work-active"
"data/gamedata/anim_grip_handweapons.csv","Kick",26,"data/gamedata/anim_db.csv",52,52,1.0000,0.0910,"50 = disc_stomp-inloop; 150 = Or_Th_Atk_DB; 250 = Or_Dw_Atk_DB"
"data/gamedata/anim_grip_handweapons.csv","_Atk_A-Build",31,"data/gamedata/anim_db.csv",52,52,1.0000,0.0910,"50 = disc_stomp-inloop; 150 = Or_Th_Atk_DB; 250 = Or_Dw_Atk_DB"
"data/gamedata/anim_grip_handweapons.csv","_Atk_AA",32,"data/gamedata/anim_db.csv",52,52,1.0000,0.0910,"50 = disc_stomp-inloop; 150 = Or_Th_Atk_DB; 250 = Or_Dw_Atk_DB"
"data/gamedata/anim_grip_handweapons.csv","_Atk_B-Build",37,"data/gamedata/anim_db.csv",52,52,1.0000,0.0910,"35 = Root_hop; 50 = disc_stomp-inloop; 150 = Or_Th_Atk_DB"
"data/gamedata/anim_grip_handweapons.csv","_Atk_BB",38,"data/gamedata/anim_db.csv",52,52,1.0000,0.0910,"50 = disc_stomp-inloop; 150 = Or_Th_Atk_DB; 250 = Or_Dw_Atk_DB"
"data/gamedata/anim_grip_handweapons.csv","_Atk_BA",39,"data/gamedata/anim_db.csv",52,52,1.0000,0.0910,"50 = disc_stomp-inloop; 150 = Or_Th_Atk_DB; 250 = Or_Dw_Atk_DB"
"data/gamedata/anim_grip_handweapons.csv","_Atk_BD",40,"data/gamedata/anim_db.csv",52,52,1.0000,0.0910,"50 = disc_stomp-inloop; 150 = Or_Th_Atk_DB; 250 = Or_Dw_Atk_DB"
"data/gamedata/anim_grip_handweapons.csv","_Rude_Stomp_In",71,"data/gamedata/anim_db.csv",52,52,1.0000,0.0910,"870 = Or_Hw_Int_Rude_Stomp-In; 1270 = Go_Hw_Int_Rude_Stomp-In; 2270 = DwM_Hw_Int_Rude_Stomp-In"
"data/gamedata/anim_grip_handweapons.csv","_Rude_Stomp_Inloop",72,"data/gamedata/anim_db.csv",52,52,1.0000,0.0910,"871 = Or_Hw_Int_Rude_Stomp-Inloop; 1271 = Go_Hw_Int_Rude_Stomp-Inloop; 2271 = DwM_Hw_Int_Rude_Stomp-Inloop"
"data/gamedata/anim_grip_handweapons.csv","_Rude_Stomp_Active",73,"data/gamedata/anim_db.csv",52,52,1.0000,0.0910,"872 = Or_Hw_Int_Rude_Stomp-Active; 1272 = Go_Hw_Int_Rude_Stomp-Active; 2272 = DwM_Hw_Int_Rude_Stomp-Active"
"data/gamedata/anim_grip_handweapons.csv","_Rude_Stomp_ActiveLoop",74,"data/gamedata/anim_db.csv",52,52,1.0000,0.0910,"873 = Or_Hw_Int_Rude_Stomp-ActiveLoop; 1273 = Go_Hw_Int_Rude_Stomp-ActiveLoop; 2273 = DwM_Hw_Int_Rude_Stomp-ActiveLoop"
"data/gamedata/anim_grip_handweapons.csv","_Rude_Stomp_Out",75,"data/gamedata/anim_db.csv",52,52,1.0000,0.0910,"874 = Or_Hw_Int_Rude_Stomp-Out; 1274 = Go_Hw_Int_Rude_Stomp-Out; 2274 = DwM_Hw_Int_Rude_Stomp-Out"
"data/gamedata/anim_mount_unarmed.csv","_Atk_Aggro-in",27,"data/gamedata/anim_db.csv",52,52,1.0000,0.0910,"726 = Or_Un_Atk_Aggro-in; 1126 = Go_Un_Atk_Aggro-in; 2126 = DwM_Un_Atk_Aggro-in"
"data/gamedata/anim_mount_unarmed.csv","_Atk_Aggro",28,"data/gamedata/anim_db.csv",52,52,1.0000,0.0910,"727 = Or_Un_Atk_Aggro; 1127 = Go_Un_Atk_Aggro; 2127 = DwM_Un_Atk_Aggro"
"data/gamedata/anim_mount_unarmed.csv","_Atk_Aggro-out",29,"data/gamedata/anim_db.csv",52,52,1.0000,0.0910,"728 = Or_Un_Atk_Aggro-out; 1128 = Go_Un_Atk_Aggro-out; 2128 = DwM_Un_Atk_Aggro-out"
"data/gamedata/anim_swim_unarmed.csv","Cor_Back-lo",18,"data/gamedata/anim_db.csv",52,52,1.0000,0.0910,"15084 = Mnt_wolf_Swim_Back; 15285 = mnt_squig_swim_un_cor_Back; 15884 = Mnt_Boar_Swim_Back"
"data/gamedata/flypath.csv","",23,"data/gamedata/itemdata.csv",52,52,1.0000,1.0000,"6462 = 3294; 6603 = 1416; 7000 = 3401"
"data/gamedata/anim_grip_rifle.csv","_Cor_fidget2",15,"data/gamedata/anim_db.csv",52,51,0.9808,0.0910,"714 = Or_Un_Cor_Fidget2; 1114 = Go_Un_Cor_Fidget2; 2614 = DwM_Ri_Cor_Fidget2"
"data/gamedata/anim_grip_rifle.csv","_Atk_Auto1",64,"data/gamedata/anim_db.csv",52,51,0.9808,0.0910,"111 = Or_Th_Cor_Land; 763 = Or_Un_Atk_Auto1; 1163 = Go_Un_Atk_Auto1"
"data/gamedata/anim_grip_rifle.csv","_Atk_Auto2",65,"data/gamedata/anim_db.csv",52,51,0.9808,0.0910,"112 = Or_Th_Cor_Flinch; 764 = Or_Un_Atk_Auto2; 1164 = Go_Un_Atk_Auto2"
"data/gamedata/anim_grip_thrown.csv","_Cor_Walk",6,"data/gamedata/anim_db.csv",52,51,0.9808,0.0910,"36 = Hover_Sink; 105 = Or_Th_Cor_Walk; 500 = jerO"
"data/gamedata/anim_grip_thrown.csv","_Cor_Walk",6,"data/gamedata/itemdata.csv",52,51,0.9808,1.0000,"100 = 1008; 105 = 1056; 500 = 2009"
"data/gamedata/anim_mount_handweapon.csv","_Cor_Jump",10,"data/gamedata/anim_db.csv",52,51,0.9808,0.0910,"3109 = EmM_Un_Cor_Jump; 13005 = Cre_Squig_Boss_Hw_Cor_Walk-lo; 13305 = cre_GdK_hw_Cor_Walk-lo"
"data/gamedata/anim_mount_handweapon.csv","_Cor_Fall",11,"data/gamedata/anim_db.csv",52,51,0.9808,0.0910,"3110 = EmM_Un_Cor_Fall; 13006 = Cre_Squig_Boss_Hw_Cor_Back-lo; 13306 = cre_GdK_hw_Cor_Back-lo"
"data/gamedata/anim_mount_handweapon.csv","_Cor_Land",12,"data/gamedata/anim_db.csv",52,51,0.9808,0.0910,"3111 = EmM_Un_Cor_Land; 13007 = Cre_Squig_Boss_Hw_Cor_Run-lo; 13307 = cre_GdK_hw_Cor_Rhw-lo"
"data/gamedata/anim_mount_handweapon.csv","_Cor_Flinch",13,"data/gamedata/anim_db.csv",52,51,0.9808,0.0910,"3112 = EmM_Un_Cor_Flinch; 13008 = Cre_Squig_Boss_Hw_Cor_Sprint-lo; 13308 = cre_GdK_hw_Cor_Sprint-lo"
"data/gamedata/anim_mount_spear.csv","_Cor_fidget",14,"data/gamedata/anim_db.csv",52,51,0.9808,0.0910,"3113 = EmM_Un_Cor_fidget; 13009 = Cre_Squig_Boss_Hw_Cor_Jump-lo; 13309 = cre_GdK_hw_Cor_Jump-lo"
"data/gamedata/anim_swim_unarmed.csv","_Atk_Aggro-out",29,"data/gamedata/anim_db.csv",52,51,0.9808,0.0910,"728 = Or_Un_Atk_Aggro-out; 1128 = Go_Un_Atk_Aggro-out; 2128 = DwM_Un_Atk_Aggro-out"
"data/gamedata/anim_swim_unarmed.csv","_Atk_A-Build",31,"data/gamedata/anim_db.csv",52,51,0.9808,0.0910,"730 = Or_Un_Atk_A-Build; 1130 = Go_Un_Atk_A-Build; 2130 = DwM_Un_Atk_A-Build"
"data/gamedata/anim_swim_unarmed.csv","_Atk_AA",32,"data/gamedata/anim_db.csv",52,51,0.9808,0.0910,"731 = Or_Un_Atk_AA-active; 1131 = Go_Un_Atk_AA-active; 2131 = DwM_Un_Atk_AA-active"
"data/gamedata/anim_swim_unarmed.csv","_Atk_AB",33,"data/gamedata/anim_db.csv",52,51,0.9808,0.0910,"732 = Or_Un_Atk_AB; 1132 = Go_Un_Atk_AB; 2132 = DwM_Un_Atk_AB"
"data/gamedata/anim_swim_unarmed.csv","_Atk_A-out",35,"data/gamedata/anim_db.csv",52,51,0.9808,0.0910,"734 = Or_Un_Atk_A-out; 1134 = Go_Un_Atk_A-out; 2134 = DwM_Un_Atk_A-out"
"data/gamedata/anim_swim_unarmed.csv","_Atk_DD",50,"data/gamedata/anim_db.csv",52,51,0.9808,0.0910,"749 = Or_Un_Atk_DD-active; 1149 = Go_Un_Atk_DD-active; 2149 = DwM_Un_Atk_DD-active"
"data/gamedata/anim_swim_unarmed.csv","_Atk_DB",51,"data/gamedata/anim_db.csv",52,51,0.9808,0.0910,"750 = Or_Un_Atk_DB; 1150 = Go_Un_Atk_DB; 2150 = DwM_Un_Atk_DB"
"data/gamedata/anim_swim_unarmed.csv","_Atk_D-out",53,"data/gamedata/anim_db.csv",52,51,0.9808,0.0910,"752 = Or_Un_Atk_D-out; 1152 = Go_Un_Atk_D-out; 2152 = DwM_Un_Atk_D-out"
"data/gamedata/anim_swim_unarmed.csv","_Rude_Shout_In",66,"data/gamedata/anim_db.csv",52,51,0.9808,0.0910,"113 = Or_Th_Cor_fidget; 765 = Or_Un_Int_Rude_Shout-In; 1165 = Go_Un_Int_Rude_Shout-In"
"data/gamedata/anim_swim_unarmed.csv","_Rude_Shout_Inloop",67,"data/gamedata/anim_db.csv",52,51,0.9808,0.0910,"114 = Or_Th_Cor_Fidget2; 766 = Or_Un_Int_Rude_Shout-Inloop; 1166 = Go_Un_Int_Rude_Shout-Inloop"
"data/gamedata/anim_swim_unarmed.csv","_Rude_Shout_Active",68,"data/gamedata/anim_db.csv",52,51,0.9808,0.0910,"115 = Or_Th_Cor_Stun-in; 767 = Or_Un_Int_Rude_Shout-Active; 1167 = Go_Un_Int_Rude_Shout-Active"
"data/gamedata/anim_swim_unarmed.csv","_Rude_Shout_ActiveLoop",69,"data/gamedata/anim_db.csv",52,51,0.9808,0.0910,"116 = Or_Th_Cor_Stun; 768 = Or_Un_Int_Rude_Shout-ActiveLoop; 1168 = Go_Un_Int_Rude_Shout-ActiveLoop"
"data/gamedata/anim_swim_unarmed.csv","_Rude_Shout_Out",70,"data/gamedata/anim_db.csv",52,51,0.9808,0.0910,"117 = Or_Th_Cor_Stun-out; 769 = Or_Un_Int_Rude_Shout-Out; 1169 = Go_Un_Int_Rude_Shout-Out"
"data/gamedata/anim_swim_unarmed.csv","_Rude_Stomp_In",71,"data/gamedata/anim_db.csv",52,51,0.9808,0.0910,"118 = Or_Th_Cor_Down-in; 770 = Or_Un_Int_Rude_Stomp-In; 1170 = Go_Un_Int_Rude_Stomp-In"
"data/gamedata/anim_swim_unarmed.csv","_Rude_Stomp_Inloop",72,"data/gamedata/anim_db.csv",52,51,0.9808,0.0910,"119 = Or_Th_Cor_Down; 771 = Or_Un_Int_Rude_Stomp-Inloop; 1171 = Go_Un_Int_Rude_Stomp-Inloop"
"data/gamedata/anim_swim_unarmed.csv","_Rude_Stomp_Active",73,"data/gamedata/anim_db.csv",52,51,0.9808,0.0910,"120 = Or_Th_Cor_Down-out; 772 = Or_Un_Int_Rude_Stomp-Active; 1172 = Go_Un_Int_Rude_Stomp-Active"
"data/gamedata/anim_swim_unarmed.csv","_Rude_Stomp_ActiveLoop",74,"data/gamedata/anim_db.csv",52,51,0.9808,0.0910,"121 = Or_Th_Cor_Die-in; 773 = Or_Un_Int_Rude_Stomp-ActiveLoop; 1173 = Go_Un_Int_Rude_Stomp-ActiveLoop"
"data/gamedata/anim_swim_unarmed.csv","_Rude_Stomp_Out",75,"data/gamedata/anim_db.csv",52,51,0.9808,0.0910,"122 = Or_Th_Cor_Die; 774 = Or_Un_Int_Rude_Stomp-Out; 1174 = Go_Un_Int_Rude_Stomp-Out"
"data/gamedata/anim_grip_handweapons.csv","_Cor_Stun-in",16,"data/gamedata/itemdata.csv",52,48,0.9231,1.0000,"815 = 782; 1215 = 2487; 6215 = 1367"
"data/gamedata/anim_grip_handweapons.csv","_Cor_Stun",17,"data/gamedata/itemdata.csv",52,48,0.9231,1.0000,"816 = 783; 1216 = 1178; 6216 = 1373"
"data/gamedata/anim_grip_handweapons.csv","Kick",26,"data/gamedata/itemdata.csv",52,48,0.9231,1.0000,"50 = 1016; 100 = 1008; 150 = 1048"
"data/gamedata/anim_grip_handweapons.csv","_Atk_A-Build",31,"data/gamedata/itemdata.csv",52,48,0.9231,1.0000,"50 = 1016; 100 = 1008; 150 = 1048"
"data/gamedata/anim_grip_handweapons.csv","_Atk_AA",32,"data/gamedata/itemdata.csv",52,48,0.9231,1.0000,"50 = 1016; 100 = 1008; 150 = 1048"
"data/gamedata/anim_grip_handweapons.csv","_Atk_B-Build",37,"data/gamedata/itemdata.csv",52,48,0.9231,1.0000,"50 = 1016; 100 = 1008; 150 = 1048"
"data/gamedata/anim_grip_handweapons.csv","_Atk_BB",38,"data/gamedata/itemdata.csv",52,48,0.9231,1.0000,"50 = 1016; 100 = 1008; 150 = 1048"
"data/gamedata/anim_grip_handweapons.csv","_Atk_BA",39,"data/gamedata/itemdata.csv",52,48,0.9231,1.0000,"50 = 1016; 100 = 1008; 150 = 1048"
"data/gamedata/anim_grip_handweapons.csv","_Atk_BD",40,"data/gamedata/itemdata.csv",52,48,0.9231,1.0000,"50 = 1016; 100 = 1008; 150 = 1048"
"data/gamedata/anim_grip_handweapons.csv","_Rude_Stomp_In",71,"data/gamedata/itemdata.csv",52,48,0.9231,1.0000,"870 = 839; 1270 = 2135; 7270 = 1000"
"data/gamedata/anim_grip_handweapons.csv","_Rude_Stomp_Inloop",72,"data/gamedata/itemdata.csv",52,48,0.9231,1.0000,"871 = 840; 1271 = 2009; 7271 = 1100"
"data/gamedata/anim_grip_handweapons.csv","_Rude_Stomp_Active",73,"data/gamedata/itemdata.csv",52,48,0.9231,1.0000,"872 = 841; 1272 = 358; 7272 = 1058"
"data/gamedata/anim_grip_handweapons.csv","_Rude_Stomp_ActiveLoop",74,"data/gamedata/itemdata.csv",52,48,0.9231,1.0000,"873 = 842; 1273 = 358; 7273 = 2382"
"data/gamedata/anim_grip_handweapons.csv","_Rude_Stomp_Out",75,"data/gamedata/itemdata.csv",52,48,0.9231,1.0000,"874 = 843; 7274 = 2442; 13574 = 3277"
"data/gamedata/anim_grip_rifle.csv","_Cor_fidget2",15,"data/gamedata/itemdata.csv",52,48,0.9231,1.0000,"100 = 1008; 714 = 681; 1114 = 405"
"data/gamedata/anim_grip_rifle.csv","_Atk_Auto1",64,"data/gamedata/itemdata.csv",52,48,0.9231,1.0000,"111 = 1003; 763 = 730; 4163 = 2500"
"data/gamedata/anim_grip_rifle.csv","_Atk_Auto2",65,"data/gamedata/itemdata.csv",52,48,0.9231,1.0000,"112 = 1008; 764 = 731; 4164 = 2486"
"data/gamedata/anim_mount_spear.csv","_Cor_fidget",14,"data/gamedata/itemdata.csv",52,48,0.9231,1.0000,"100 = 1008; 13009 = 2703; 13609 = 1367"
"data/gamedata/anim_mount_handweapon.csv","_Cor_Jump",10,"data/gamedata/itemdata.csv",52,47,0.9038,1.0000,"100 = 1008; 13005 = 2215; 13605 = 1320"
"data/gamedata/anim_mount_handweapon.csv","_Cor_Fall",11,"data/gamedata/itemdata.csv",52,47,0.9038,1.0000,"100 = 1008; 13006 = 2095; 13606 = 3277"
"data/gamedata/anim_mount_handweapon.csv","_Cor_Land",12,"data/gamedata/itemdata.csv",52,47,0.9038,1.0000,"100 = 1008; 13007 = 2155; 13607 = 1461"
"data/gamedata/anim_mount_handweapon.csv","_Cor_Flinch",13,"data/gamedata/itemdata.csv",52,47,0.9038,1.0000,"100 = 1008; 13008 = 2035; 13608 = 3315"
"data/gamedata/anim_coregg.csv","Cower-in",87,"data/gamedata/anim_db.csv",51,51,1.0000,0.0910,"666 = Or_Un_Mood_Cower-in; 1066 = Go_Un_Mood_Cower-in; 2066 = DwM_Un_Mood_Cower-in"
"data/gamedata/anim_coregg.csv","Cower-in",87,"data/gamedata/itemdata.csv",51,51,1.0000,1.0000,"666 = 410; 1066 = 425; 6066 = 1180"
"data/gamedata/anim_coregg.csv","Cower",88,"data/gamedata/anim_db.csv",51,51,1.0000,0.0910,"667 = Or_Un_Mood_Cower; 1067 = Go_Un_Mood_Cower; 2067 = DwM_Un_Mood_Cower"
"data/gamedata/anim_coregg.csv","Cower",88,"data/gamedata/itemdata.csv",51,51,1.0000,1.0000,"667 = 0; 1067 = 409; 6067 = 1216"
"data/gamedata/anim_coregg.csv","Cower-out",89,"data/gamedata/anim_db.csv",51,51,1.0000,0.0910,"668 = Or_Un_Mood_Cower-out; 1068 = Go_Un_Mood_Cower-out; 2068 = DwM_Un_Mood_Cower-out"
"data/gamedata/anim_coregg.csv","Cower-out",89,"data/gamedata/itemdata.csv",51,51,1.0000,1.0000,"668 = 0; 1068 = 407; 6068 = 1265"
"data/gamedata/anim_grip_handweapons.csv","_Atk_AB",33,"data/gamedata/anim_db.csv",51,51,1.0000,0.0910,"50 = disc_stomp-inloop; 150 = Or_Th_Atk_DB; 250 = Or_Dw_Atk_DB"
"data/gamedata/anim_grip_handweapons.csv","_Atk_AC",34,"data/gamedata/anim_db.csv",51,51,1.0000,0.0910,"50 = disc_stomp-inloop; 150 = Or_Th_Atk_DB; 250 = Or_Dw_Atk_DB"
"data/gamedata/anim_grip_handweapons.csv","_Atk_A-out",35,"data/gamedata/anim_db.csv",51,51,1.0000,0.0910,"50 = disc_stomp-inloop; 150 = Or_Th_Atk_DB; 250 = Or_Dw_Atk_DB"
"data/gamedata/anim_grip_handweapons.csv","_Atk_B-in",36,"data/gamedata/anim_db.csv",51,51,1.0000,0.0910,"50 = disc_stomp-inloop; 150 = Or_Th_Atk_DB; 250 = Or_Dw_Atk_DB"
"data/gamedata/anim_grip_handweapons.csv","_Atk_B-out",41,"data/gamedata/anim_db.csv",51,51,1.0000,0.0910,"50 = disc_stomp-inloop; 150 = Or_Th_Atk_DB; 250 = Or_Dw_Atk_DB"
"data/gamedata/anim_grip_handweapons.csv","_Atk_CC",44,"data/gamedata/anim_db.csv",51,51,1.0000,0.0910,"50 = disc_stomp-inloop; 150 = Or_Th_Atk_DB; 250 = Or_Dw_Atk_DB"
"data/gamedata/anim_grip_handweapons.csv","_Atk_CA",45,"data/gamedata/anim_db.csv",51,51,1.0000,0.0910,"50 = disc_stomp-inloop; 150 = Or_Th_Atk_DB; 250 = Or_Dw_Atk_DB"
"data/gamedata/anim_grip_handweapons.csv","_Atk_CD",46,"data/gamedata/anim_db.csv",51,51,1.0000,0.0910,"50 = disc_stomp-inloop; 150 = Or_Th_Atk_DB; 250 = Or_Dw_Atk_DB"
"data/gamedata/anim_grip_handweapons.csv","_Atk_C-out",47,"data/gamedata/anim_db.csv",51,51,1.0000,0.0910,"50 = disc_stomp-inloop; 150 = Or_Th_Atk_DB; 250 = Or_Dw_Atk_DB"
"data/gamedata/anim_grip_handweapons.csv","_Atk_D-Build",49,"data/gamedata/anim_db.csv",51,51,1.0000,0.0910,"50 = disc_stomp-inloop; 150 = Or_Th_Atk_DB; 250 = Or_Dw_Atk_DB"
"data/gamedata/anim_grip_handweapons.csv","_Atk_DD",50,"data/gamedata/anim_db.csv",51,51,1.0000,0.0910,"50 = disc_stomp-inloop; 150 = Or_Th_Atk_DB; 250 = Or_Dw_Atk_DB"
"data/gamedata/anim_grip_handweapons.csv","_Atk_DB",51,"data/gamedata/anim_db.csv",51,51,1.0000,0.0910,"50 = disc_stomp-inloop; 150 = Or_Th_Atk_DB; 250 = Or_Dw_Atk_DB"
"data/gamedata/anim_grip_handweapons.csv","_Atk_D-out",53,"data/gamedata/anim_db.csv",51,51,1.0000,0.0910,"50 = disc_stomp-inloop; 150 = Or_Th_Atk_DB; 250 = Or_Dw_Atk_DB"
"data/gamedata/anim_mount_handweapon.csv","_Cor_Sprint",9,"data/gamedata/anim_db.csv",51,51,1.0000,0.0910,"3108 = EmM_Un_Cor_Sprint; 13004 = Cre_Squig_Boss_Hw_Cor_Slow-lo; 13304 = cre_GdK_hw_Cor_Slow-lo"
"data/gamedata/anim_mount_unarmed.csv","_Cor_Die-in",22,"data/gamedata/anim_db.csv",51,51,1.0000,0.0910,"721 = Or_Un_Cor_Die-in; 1121 = Go_Un_Cor_Die-in; 2121 = DwM_Un_Cor_Die-in"
"data/gamedata/anim_mount_unarmed.csv","_Cor_Die",23,"data/gamedata/anim_db.csv",51,51,1.0000,0.0910,"722 = Or_Un_Cor_Die; 1122 = Go_Un_Cor_Die; 2122 = DwM_Un_Cor_Die"
"data/gamedata/anim_mount_unarmed.csv","_Cor_Die-out",24,"data/gamedata/anim_db.csv",51,51,1.0000,0.0910,"723 = Or_Un_Cor_Die-out; 914 = Or_HwS_Cor_Fidget2; 1123 = Go_Un_Cor_Die-out"
"data/gamedata/anim_grip_rifle.csv","_Atk_Aggro",28,"data/gamedata/anim_db.csv",51,50,0.9804,0.0910,"727 = Or_Un_Atk_Aggro; 1127 = Go_Un_Atk_Aggro; 2627 = DwM_Ri_Atk_Aggro"
"data/gamedata/anim_grip_thrown.csv","_Cor_Ready",4,"data/gamedata/anim_db.csv",51,50,0.9804,0.0910,"9 = Root_R45; 103 = Or_Th_Cor_Ready; 1903 = Go_Th_Cor_Ready"
"data/gamedata/anim_grip_thrown.csv","_Cor_Ready",4,"data/gamedata/itemdata.csv",51,50,0.9804,1.0000,"9 = 20; 100 = 1008; 103 = 1046"
"data/gamedata/anim_grip_thrown.csv","_Cor_Run",8,"data/gamedata/anim_db.csv",51,50,0.9804,0.0910,"107 = Or_Th_Cor_Run; 1907 = Go_Th_Cor_Run; 2907 = DwM_th_Cor_Run"
"data/gamedata/anim_grip_thrown.csv","_Cor_Run",8,"data/gamedata/itemdata.csv",51,50,0.9804,1.0000,"100 = 1008; 107 = 1093; 10007 = 128"
"data/gamedata/anim_grip_thrown.csv","_Cor_Jump",10,"data/gamedata/anim_db.csv",51,50,0.9804,0.0910,"109 = Or_Th_Cor_Jump; 1909 = Go_Th_Cor_Jump; 2909 = DwM_th_Cor_Jump"
"data/gamedata/anim_grip_thrown.csv","_Cor_Jump",10,"data/gamedata/itemdata.csv",51,50,0.9804,1.0000,"100 = 1008; 109 = 1039; 10009 = 130"
"data/gamedata/anim_grip_thrown.csv","_Atk_Aggro-out",29,"data/gamedata/anim_db.csv",51,50,0.9804,0.0910,"128 = Or_Th_Atk_Aggro-out; 1928 = Go_Th_Atk_Aggro-out; 2928 = DwM_th_Atk_Aggro-out"
"data/gamedata/anim_grip_thrown.csv","_Atk_Aggro-out",29,"data/gamedata/itemdata.csv",51,50,0.9804,1.0000,"100 = 1008; 128 = 2316; 10028 = 149"
"data/gamedata/anim_grip_thrown.csv","_Atk_A-in",30,"data/gamedata/anim_db.csv",51,50,0.9804,0.0910,"129 = Or_Th_Atk_A-in; 1929 = Go_Th_Atk_A-in; 2929 = DwM_th_Atk_A-in"
"data/gamedata/anim_grip_thrown.csv","_Atk_A-in",30,"data/gamedata/itemdata.csv",51,50,0.9804,1.0000,"100 = 1008; 129 = 2317; 200 = 1060"
"data/gamedata/anim_mount_greataxe.csv","_Cor_fidget2",15,"data/gamedata/anim_db.csv",51,50,0.9804,0.0910,"3114 = EmM_Un_Cor_Fidget2; 13010 = Cre_Squig_Boss_Hw_Cor_Fall-lo; 13310 = cre_GdK_hw_Cor_Fall-lo"
"data/gamedata/anim_mount_handweapon.csv","_Cor_Down",20,"data/gamedata/anim_db.csv",51,50,0.9804,0.0910,"1719 = Go_Ar_Cor_Down; 2119 = DwM_Un_Cor_Down; 3119 = EmM_Un_Cor_Down"
"data/gamedata/anim_swim_unarmed.csv","_Atk_Aggro-in",27,"data/gamedata/anim_db.csv",51,50,0.9804,0.0910,"726 = Or_Un_Atk_Aggro-in; 1126 = Go_Un_Atk_Aggro-in; 2126 = DwM_Un_Atk_Aggro-in"
"data/gamedata/anim_swim_unarmed.csv","_Atk_Aggro",28,"data/gamedata/anim_db.csv",51,50,0.9804,0.0910,"727 = Or_Un_Atk_Aggro; 1127 = Go_Un_Atk_Aggro; 2127 = DwM_Un_Atk_Aggro"
"data/gamedata/anim_swim_unarmed.csv","_Atk_Auto1",64,"data/gamedata/anim_db.csv",51,50,0.9804,0.0910,"111 = Or_Th_Cor_Land; 763 = Or_Un_Atk_Auto1; 1163 = Go_Un_Atk_Auto1"
"data/gamedata/anim_swim_unarmed.csv","_Atk_Auto2",65,"data/gamedata/anim_db.csv",51,50,0.9804,0.0910,"112 = Or_Th_Cor_Flinch; 764 = Or_Un_Atk_Auto2; 1164 = Go_Un_Atk_Auto2"
"data/gamedata/anim_swim_unarmed.csv","_Rude_Brandish_In",76,"data/gamedata/anim_db.csv",51,50,0.9804,0.0910,"123 = Or_Th_Cor_Die-out; 775 = Or_Un_Int_Rude_brandish-In; 1175 = Go_Un_Int_Rude_brandish-In"
"data/gamedata/anim_swim_unarmed.csv","_Rude_Brandish_Inloop",77,"data/gamedata/anim_db.csv",51,50,0.9804,0.0910,"124 = Or_Th_Cor_Rez; 776 = Or_Un_Int_Rude_brandish-Inloop; 1176 = Go_Un_Int_Rude_brandish-Inloop"
"data/gamedata/anim_swim_unarmed.csv","_Rude_Brandish_Active",78,"data/gamedata/anim_db.csv",51,50,0.9804,0.0910,"125 = Or_Th_Cor_Rez2; 777 = Or_Un_Int_Rude_brandish-Active; 1177 = Go_Un_Int_Rude_brandish-Active"
"data/gamedata/anim_swim_unarmed.csv","_Rude_Brandish_ActiveLoop",79,"data/gamedata/anim_db.csv",51,50,0.9804,0.0910,"126 = Or_Th_Atk_Aggro-in; 778 = Or_Un_Int_Rude_brandish-ActiveLoop; 1178 = Go_Un_Int_Rude_brandish-ActiveLoop"
"data/gamedata/anim_swim_unarmed.csv","_Rude_Brandish_Out",80,"data/gamedata/anim_db.csv",51,50,0.9804,0.0910,"127 = Or_Th_Atk_Aggro; 779 = Or_Un_Int_Rude_brandish-Out; 1179 = Go_Un_Int_Rude_brandish-Out"
"data/gamedata/anim_swim_unarmed.csv","_Rude_Beckon_In",81,"data/gamedata/anim_db.csv",51,50,0.9804,0.0910,"128 = Or_Th_Atk_Aggro-out; 780 = Or_Un_Int_Rude_Beckon-In; 1180 = Go_Un_Int_Rude_Beckon-In"
"data/gamedata/anim_swim_unarmed.csv","_Rude_Beckon_Inloop",82,"data/gamedata/anim_db.csv",51,50,0.9804,0.0910,"129 = Or_Th_Atk_A-in; 781 = Or_Un_Int_Rude_Beckon-Inloop; 1181 = Go_Un_Int_Rude_Beckon-Inloop"
"data/gamedata/anim_swim_unarmed.csv","_Rude_Beckon_Active",83,"data/gamedata/anim_db.csv",51,50,0.9804,0.0910,"130 = Or_Th_Atk_A-Build; 782 = Or_Un_Int_Rude_Beckon-Active; 1182 = Go_Un_Int_Rude_Beckon-Active"
"data/gamedata/anim_swim_unarmed.csv","_Rude_Beckon_ActiveLoop",84,"data/gamedata/anim_db.csv",51,50,0.9804,0.0910,"131 = Or_Th_Atk_AA; 783 = Or_Un_Int_Rude_Beckon-ActiveLoop; 1183 = Go_Un_Int_Rude_Beckon-ActiveLoop"
"data/gamedata/anim_swim_unarmed.csv","_Rude_Beckon_Out",85,"data/gamedata/anim_db.csv",51,50,0.9804,0.0910,"132 = Or_Th_Atk_AB; 784 = Or_Un_Int_Rude_Beckon-Out; 1184 = Go_Un_Int_Rude_Beckon-Out"
"data/gamedata/anim_swim_unarmed.csv","_Rude_Halt_In",86,"data/gamedata/anim_db.csv",51,50,0.9804,0.0910,"133 = Or_Th_Atk_AC; 785 = Or_Un_Int_Rude_Halt-In; 1185 = Go_Un_Int_Rude_Halt-In"
"data/gamedata/anim_swim_unarmed.csv","_Rude_Halt_Inloop",87,"data/gamedata/anim_db.csv",51,50,0.9804,0.0910,"134 = Or_Th_Atk_A-out; 786 = Or_Un_Int_Rude_Halt-Inloop; 1186 = Go_Un_Int_Rude_Halt-Inloop"
"data/gamedata/anim_swim_unarmed.csv","_Rude_Halt_Active",88,"data/gamedata/anim_db.csv",51,50,0.9804,0.0910,"135 = Or_Th_Atk_B-in; 787 = Or_Un_Int_Rude_Halt-Active; 1187 = Go_Un_Int_Rude_Halt-Active"
"data/gamedata/anim_swim_unarmed.csv","_Rude_Halt_ActiveLoop",89,"data/gamedata/anim_db.csv",51,50,0.9804,0.0910,"136 = Or_Th_Atk_B-Build; 788 = Or_Un_Int_Rude_Halt-ActiveLoop; 1188 = Go_Un_Int_Rude_Halt-ActiveLoop"
"data/gamedata/anim_swim_unarmed.csv","_Rude_Halt_Out",90,"data/gamedata/anim_db.csv",51,50,0.9804,0.0910,"137 = Or_Th_Atk_BB; 789 = Or_Un_Int_Rude_Halt-Out; 1189 = Go_Un_Int_Rude_Halt-Out"
"data/gamedata/anim_mount_handweapon.csv","_Cor_Walk",6,"data/gamedata/anim_db.csv",51,49,0.9608,0.0910,"36 = Hover_Sink; 3105 = EmM_Un_Cor_Walk; 14105 = Cre_Hydra_Un_Cor_Walk"
"data/gamedata/anim_mount_greataxe.csv","_Cor_fidget2",15,"data/gamedata/itemdata.csv",51,48,0.9412,1.0000,"100 = 1008; 13010 = 2659; 13610 = 3294"
"data/gamedata/anim_grip_handweapons.csv","_Atk_AB",33,"data/gamedata/itemdata.csv",51,47,0.9216,1.0000,"50 = 1016; 100 = 1008; 150 = 1048"
"data/gamedata/anim_grip_handweapons.csv","_Atk_AC",34,"data/gamedata/itemdata.csv",51,47,0.9216,1.0000,"50 = 1016; 100 = 1008; 150 = 1048"
"data/gamedata/anim_grip_handweapons.csv","_Atk_A-out",35,"data/gamedata/itemdata.csv",51,47,0.9216,1.0000,"50 = 1016; 100 = 1008; 150 = 1048"
"data/gamedata/anim_grip_handweapons.csv","_Atk_B-in",36,"data/gamedata/itemdata.csv",51,47,0.9216,1.0000,"50 = 1016; 100 = 1008; 150 = 1048"
"data/gamedata/anim_grip_handweapons.csv","_Atk_B-out",41,"data/gamedata/itemdata.csv",51,47,0.9216,1.0000,"50 = 1016; 100 = 1008; 150 = 1048"
"data/gamedata/anim_grip_handweapons.csv","_Atk_CC",44,"data/gamedata/itemdata.csv",51,47,0.9216,1.0000,"50 = 1016; 100 = 1008; 150 = 1048"
"data/gamedata/anim_grip_handweapons.csv","_Atk_CA",45,"data/gamedata/itemdata.csv",51,47,0.9216,1.0000,"50 = 1016; 100 = 1008; 150 = 1048"
"data/gamedata/anim_grip_handweapons.csv","_Atk_CD",46,"data/gamedata/itemdata.csv",51,47,0.9216,1.0000,"50 = 1016; 100 = 1008; 150 = 1048"
"data/gamedata/anim_grip_handweapons.csv","_Atk_C-out",47,"data/gamedata/itemdata.csv",51,47,0.9216,1.0000,"50 = 1016; 100 = 1008; 150 = 1048"
"data/gamedata/anim_grip_handweapons.csv","_Atk_D-Build",49,"data/gamedata/itemdata.csv",51,47,0.9216,1.0000,"50 = 1016; 100 = 1008; 150 = 1048"
"data/gamedata/anim_grip_handweapons.csv","_Atk_DD",50,"data/gamedata/itemdata.csv",51,47,0.9216,1.0000,"50 = 1016; 100 = 1008; 150 = 1048"
"data/gamedata/anim_grip_handweapons.csv","_Atk_DB",51,"data/gamedata/itemdata.csv",51,47,0.9216,1.0000,"50 = 1016; 100 = 1008; 150 = 1048"
"data/gamedata/anim_grip_handweapons.csv","_Atk_D-out",53,"data/gamedata/itemdata.csv",51,47,0.9216,1.0000,"50 = 1016; 100 = 1008; 150 = 1048"
"data/gamedata/anim_grip_rifle.csv","_Atk_Aggro",28,"data/gamedata/itemdata.csv",51,47,0.9216,1.0000,"100 = 1008; 727 = 694; 1127 = 471"
"data/gamedata/anim_mount_handweapon.csv","_Cor_Walk",6,"data/gamedata/itemdata.csv",51,46,0.9020,1.0000,"100 = 1008; 14105 = 2486; 15105 = 2491"
"data/gamedata/anim_mount_handweapon.csv","_Cor_Sprint",9,"data/gamedata/itemdata.csv",51,46,0.9020,1.0000,"13004 = 3830; 13604 = 3295; 14108 = 2501"
"data/gamedata/anim_mount_handweapon.csv","_Cor_Down",20,"data/gamedata/itemdata.csv",51,46,0.9020,1.0000,"3719 = 1101; 6519 = 3290; 13015 = 3617"
"data/gamedata/anim_mount_spear.csv","_Cor_Sprint",9,"data/gamedata/anim_db.csv",50,50,1.0000,0.0910,"3108 = EmM_Un_Cor_Sprint; 13004 = Cre_Squig_Boss_Hw_Cor_Slow-lo; 13304 = cre_GdK_hw_Cor_Slow-lo"
"data/gamedata/anim_mount_unarmed.csv","_Cor_Rez",25,"data/gamedata/anim_db.csv",50,50,1.0000,0.0910,"724 = Or_Un_Cor_Rez; 1124 = Go_Un_Cor_Rez; 2124 = DwM_Un_Cor_Rez"
"data/gamedata/anim_mount_unarmed.csv","_Atk_A-in",30,"data/gamedata/anim_db.csv",50,50,1.0000,0.0910,"729 = Or_Un_Atk_A-in; 1129 = Go_Un_Atk_A-in; 2129 = DwM_Un_Atk_A-in"
"data/gamedata/anim_mount_unarmed.csv","_Atk_A-Build",31,"data/gamedata/anim_db.csv",50,50,1.0000,0.0910,"730 = Or_Un_Atk_A-Build; 1130 = Go_Un_Atk_A-Build; 2130 = DwM_Un_Atk_A-Build"
"data/gamedata/anim_mount_unarmed.csv","_Atk_AA",32,"data/gamedata/anim_db.csv",50,50,1.0000,0.0910,"731 = Or_Un_Atk_AA-active; 1131 = Go_Un_Atk_AA-active; 2131 = DwM_Un_Atk_AA-active"
"data/gamedata/anim_mount_unarmed.csv","_Atk_AB",33,"data/gamedata/anim_db.csv",50,50,1.0000,0.0910,"732 = Or_Un_Atk_AB; 1132 = Go_Un_Atk_AB; 2132 = DwM_Un_Atk_AB"
"data/gamedata/anim_mount_unarmed.csv","_Atk_AC",34,"data/gamedata/anim_db.csv",50,50,1.0000,0.0910,"733 = Or_Un_Atk_AC; 1133 = Go_Un_Atk_AC; 2133 = DwM_Un_Atk_AC"
"data/gamedata/anim_mount_unarmed.csv","_Atk_A-out",35,"data/gamedata/anim_db.csv",50,50,1.0000,0.0910,"734 = Or_Un_Atk_A-out; 1134 = Go_Un_Atk_A-out; 2134 = DwM_Un_Atk_A-out"
"data/gamedata/anim_mount_unarmed.csv","_Atk_B-in",36,"data/gamedata/anim_db.csv",50,50,1.0000,0.0910,"735 = Or_Un_Atk_B-in; 1135 = Go_Un_Atk_B-in; 2135 = DwM_Un_Atk_B-in"
"data/gamedata/anim_mount_unarmed.csv","_Atk_B-Build",37,"data/gamedata/anim_db.csv",50,50,1.0000,0.0910,"736 = Or_Un_Atk_B-Build; 1136 = Go_Un_Atk_B-Build; 2136 = DwM_Un_Atk_B-Build"
"data/gamedata/anim_mount_unarmed.csv","_Atk_BB",38,"data/gamedata/anim_db.csv",50,50,1.0000,0.0910,"737 = Or_Un_Atk_BB-active; 1137 = Go_Un_Atk_BB-active; 2137 = DwM_Un_Atk_BB-active"
"data/gamedata/anim_mount_unarmed.csv","_Atk_BA",39,"data/gamedata/anim_db.csv",50,50,1.0000,0.0910,"738 = Or_Un_Atk_BA; 1138 = Go_Un_Atk_BA; 2138 = DwM_Un_Atk_BA"
"data/gamedata/anim_mount_unarmed.csv","_Atk_BD",40,"data/gamedata/anim_db.csv",50,50,1.0000,0.0910,"739 = Or_Un_Atk_BD; 1139 = Go_Un_Atk_BD; 2139 = DwM_Un_Atk_BD"
"data/gamedata/anim_mount_unarmed.csv","_Atk_B-out",41,"data/gamedata/anim_db.csv",50,50,1.0000,0.0910,"740 = Or_Un_Atk_B-out; 1140 = Go_Un_Atk_B-out; 2140 = DwM_Un_Atk_B-out"
"data/gamedata/anim_mount_unarmed.csv","_Atk_C-in",42,"data/gamedata/anim_db.csv",50,50,1.0000,0.0910,"741 = Or_Un_Atk_C-in; 1141 = Go_Un_Atk_C-in; 2141 = DwM_Un_Atk_C-in"
"data/gamedata/anim_mount_unarmed.csv","_Atk_C-Build",43,"data/gamedata/anim_db.csv",50,50,1.0000,0.0910,"742 = Or_Un_Atk_C-Build; 1142 = Go_Un_Atk_C-Build; 2142 = DwM_Un_Atk_C-Build"
"data/gamedata/anim_mount_unarmed.csv","_Atk_CC",44,"data/gamedata/anim_db.csv",50,50,1.0000,0.0910,"743 = Or_Un_Atk_CC-active; 1143 = Go_Un_Atk_CC-active; 2143 = DwM_Un_Atk_CC-active"
"data/gamedata/anim_mount_unarmed.csv","_Atk_CA",45,"data/gamedata/anim_db.csv",50,50,1.0000,0.0910,"744 = Or_Un_Atk_CA; 1144 = Go_Un_Atk_CA; 2144 = DwM_Un_Atk_CA"
"data/gamedata/anim_mount_unarmed.csv","_Atk_CD",46,"data/gamedata/anim_db.csv",50,50,1.0000,0.0910,"745 = Or_Un_Atk_CD; 1145 = Go_Un_Atk_CD; 2145 = DwM_Un_Atk_CD"
"data/gamedata/anim_mount_unarmed.csv","_Atk_C-out",47,"data/gamedata/anim_db.csv",50,50,1.0000,0.0910,"746 = Or_Un_Atk_C-out; 1146 = Go_Un_Atk_C-out; 2146 = DwM_Un_Atk_C-out"
"data/gamedata/anim_mount_unarmed.csv","_Atk_D-in",48,"data/gamedata/anim_db.csv",50,50,1.0000,0.0910,"747 = Or_Un_Atk_D-in; 1147 = Go_Un_Atk_D-in; 2147 = DwM_Un_Atk_D-in"
"data/gamedata/anim_mount_unarmed.csv","_Atk_D-Build",49,"data/gamedata/anim_db.csv",50,50,1.0000,0.0910,"748 = Or_Un_Atk_D-Build; 1148 = Go_Un_Atk_D-Build; 2148 = DwM_Un_Atk_D-Build"
"data/gamedata/anim_mount_unarmed.csv","_Atk_DD",50,"data/gamedata/anim_db.csv",50,50,1.0000,0.0910,"749 = Or_Un_Atk_DD-active; 1149 = Go_Un_Atk_DD-active; 2149 = DwM_Un_Atk_DD-active"
"data/gamedata/anim_mount_unarmed.csv","_Atk_DB",51,"data/gamedata/anim_db.csv",50,50,1.0000,0.0910,"750 = Or_Un_Atk_DB; 1150 = Go_Un_Atk_DB; 2150 = DwM_Un_Atk_DB"
"data/gamedata/anim_mount_unarmed.csv","_Atk_DC",52,"data/gamedata/anim_db.csv",50,50,1.0000,0.0910,"751 = Or_Un_Atk_DC; 1151 = Go_Un_Atk_DC; 2151 = DwM_Un_Atk_DC"
"data/gamedata/anim_mount_unarmed.csv","_Atk_D-out",53,"data/gamedata/anim_db.csv",50,50,1.0000,0.0910,"752 = Or_Un_Atk_D-out; 1152 = Go_Un_Atk_D-out; 2152 = DwM_Un_Atk_D-out"
"data/gamedata/anim_swim_unarmed.csv","_Cor_Die",23,"data/gamedata/anim_db.csv",50,50,1.0000,0.0910,"3017 = EmM_Un_Int_Cor_Disrupt; 10122 = BeM_Un_Cor_Die; 15122 = Mnt_Wolf_Un_Cor_Die"
"data/gamedata/anim_swim_unarmed.csv","_Atk_AC",34,"data/gamedata/anim_db.csv",50,50,1.0000,0.0910,"733 = Or_Un_Atk_AC; 1133 = Go_Un_Atk_AC; 2133 = DwM_Un_Atk_AC"
"data/gamedata/anim_swim_unarmed.csv","_Atk_DC",52,"data/gamedata/anim_db.csv",50,50,1.0000,0.0910,"751 = Or_Un_Atk_DC; 1151 = Go_Un_Atk_DC; 2151 = DwM_Un_Atk_DC"
"data/gamedata/anim_grip_rifle.csv","_Cor_Walk",6,"data/gamedata/anim_db.csv",50,49,0.9800,0.0910,"36 = Hover_Sink; 500 = jerO; 705 = Or_Un_Cor_Walk"
"data/gamedata/anim_grip_rifle.csv","_Cor_Walk",6,"data/gamedata/itemdata.csv",50,49,0.9800,1.0000,"100 = 1008; 500 = 2009; 705 = 672"
"data/gamedata/anim_grip_rifle.csv","_Cor_Run",8,"data/gamedata/anim_db.csv",50,49,0.9800,0.0910,"707 = Or_Un_Cor_Run; 1107 = Go_Un_Cor_Run; 2607 = DwM_Ri_Cor_Run"
"data/gamedata/anim_grip_rifle.csv","_Cor_Run",8,"data/gamedata/itemdata.csv",50,49,0.9800,1.0000,"100 = 1008; 707 = 674; 1107 = 1277"
"data/gamedata/anim_grip_rifle.csv","_Atk_Aggro-out",29,"data/gamedata/anim_db.csv",50,49,0.9800,0.0910,"728 = Or_Un_Atk_Aggro-out; 1128 = Go_Un_Atk_Aggro-out; 2628 = DwM_Ri_Atk_Aggro-out"
"data/gamedata/anim_grip_rifle.csv","_Atk_Aggro-out",29,"data/gamedata/itemdata.csv",50,49,0.9800,1.0000,"100 = 1008; 728 = 695; 1128 = 420"
"data/gamedata/anim_grip_rifle.csv","_Rude_Shout_In",66,"data/gamedata/anim_db.csv",50,49,0.9800,0.0910,"113 = Or_Th_Cor_fidget; 765 = Or_Un_Int_Rude_Shout-In; 1165 = Go_Un_Int_Rude_Shout-In"
"data/gamedata/anim_grip_rifle.csv","_Rude_Shout_Inloop",67,"data/gamedata/anim_db.csv",50,49,0.9800,0.0910,"114 = Or_Th_Cor_Fidget2; 766 = Or_Un_Int_Rude_Shout-Inloop; 1166 = Go_Un_Int_Rude_Shout-Inloop"
"data/gamedata/anim_grip_rifle.csv","_Rude_Shout_Active",68,"data/gamedata/anim_db.csv",50,49,0.9800,0.0910,"115 = Or_Th_Cor_Stun-in; 767 = Or_Un_Int_Rude_Shout-Active; 1167 = Go_Un_Int_Rude_Shout-Active"
"data/gamedata/anim_grip_rifle.csv","_Rude_Shout_ActiveLoop",69,"data/gamedata/anim_db.csv",50,49,0.9800,0.0910,"116 = Or_Th_Cor_Stun; 768 = Or_Un_Int_Rude_Shout-ActiveLoop; 1168 = Go_Un_Int_Rude_Shout-ActiveLoop"
"data/gamedata/anim_grip_rifle.csv","_Rude_Shout_Out",70,"data/gamedata/anim_db.csv",50,49,0.9800,0.0910,"117 = Or_Th_Cor_Stun-out; 769 = Or_Un_Int_Rude_Shout-Out; 1169 = Go_Un_Int_Rude_Shout-Out"
"data/gamedata/anim_grip_rifle.csv","_Rude_Stomp_In",71,"data/gamedata/anim_db.csv",50,49,0.9800,0.0910,"118 = Or_Th_Cor_Down-in; 770 = Or_Un_Int_Rude_Stomp-In; 1170 = Go_Un_Int_Rude_Stomp-In"
"data/gamedata/anim_grip_rifle.csv","_Rude_Stomp_Inloop",72,"data/gamedata/anim_db.csv",50,49,0.9800,0.0910,"119 = Or_Th_Cor_Down; 771 = Or_Un_Int_Rude_Stomp-Inloop; 1171 = Go_Un_Int_Rude_Stomp-Inloop"
"data/gamedata/anim_grip_rifle.csv","_Rude_Stomp_Active",73,"data/gamedata/anim_db.csv",50,49,0.9800,0.0910,"120 = Or_Th_Cor_Down-out; 772 = Or_Un_Int_Rude_Stomp-Active; 1172 = Go_Un_Int_Rude_Stomp-Active"
"data/gamedata/anim_grip_rifle.csv","_Rude_Stomp_ActiveLoop",74,"data/gamedata/anim_db.csv",50,49,0.9800,0.0910,"121 = Or_Th_Cor_Die-in; 773 = Or_Un_Int_Rude_Stomp-ActiveLoop; 1173 = Go_Un_Int_Rude_Stomp-ActiveLoop"
"data/gamedata/anim_grip_rifle.csv","_Rude_Stomp_Out",75,"data/gamedata/anim_db.csv",50,49,0.9800,0.0910,"122 = Or_Th_Cor_Die; 774 = Or_Un_Int_Rude_Stomp-Out; 1174 = Go_Un_Int_Rude_Stomp-Out"
"data/gamedata/anim_grip_thrown.csv","_Cor_Fall",11,"data/gamedata/anim_db.csv",50,49,0.9800,0.0910,"110 = Or_Th_Cor_Fall; 1910 = Go_Th_Cor_Fall; 2910 = DwM_th_Cor_Fall"
"data/gamedata/anim_grip_thrown.csv","_Cor_Fall",11,"data/gamedata/itemdata.csv",50,49,0.9800,1.0000,"100 = 1008; 110 = 1076; 10010 = 131"
"data/gamedata/anim_grip_thrown.csv","_Cor_Land",12,"data/gamedata/anim_db.csv",50,49,0.9800,0.0910,"111 = Or_Th_Cor_Land; 1911 = Go_Th_Cor_Land; 2911 = DwM_th_Cor_Land"
"data/gamedata/anim_grip_thrown.csv","_Cor_Land",12,"data/gamedata/itemdata.csv",50,49,0.9800,1.0000,"100 = 1008; 111 = 1003; 10011 = 132"
"data/gamedata/anim_grip_thrown.csv","_Cor_Die-in",22,"data/gamedata/anim_db.csv",50,49,0.9800,0.0910,"121 = Or_Th_Cor_Die-in; 1921 = Go_Th_Cor_Die-in; 2921 = DwM_th_Cor_Die-in"
"data/gamedata/anim_grip_thrown.csv","_Cor_Die-in",22,"data/gamedata/itemdata.csv",50,49,0.9800,1.0000,"100 = 1008; 121 = 2255; 10021 = 142"
"data/gamedata/anim_grip_thrown.csv","_Cor_Die-out",24,"data/gamedata/anim_db.csv",50,49,0.9800,0.0910,"123 = Or_Th_Cor_Die-out; 914 = Or_HwS_Cor_Fidget2; 1923 = Go_Th_Cor_Die-out"
"data/gamedata/anim_grip_thrown.csv","_Cor_Die-out",24,"data/gamedata/itemdata.csv",50,49,0.9800,1.0000,"100 = 1008; 123 = 2257; 914 = 389"
"data/gamedata/anim_grip_thrown.csv","_Atk_Aggro-in",27,"data/gamedata/anim_db.csv",50,49,0.9800,0.0910,"126 = Or_Th_Atk_Aggro-in; 1926 = Go_Th_Atk_Aggro-in; 2926 = DwM_th_Atk_Aggro-in"
"data/gamedata/anim_grip_thrown.csv","_Atk_Aggro-in",27,"data/gamedata/itemdata.csv",50,49,0.9800,1.0000,"100 = 1008; 126 = 2314; 10026 = 147"
"data/gamedata/anim_grip_thrown.csv","_Atk_Aggro",28,"data/gamedata/anim_db.csv",50,49,0.9800,0.0910,"127 = Or_Th_Atk_Aggro; 1927 = Go_Th_Atk_Aggro; 2927 = DwM_th_Atk_Aggro"
"data/gamedata/anim_grip_thrown.csv","_Atk_Aggro",28,"data/gamedata/itemdata.csv",50,49,0.9800,1.0000,"100 = 1008; 127 = 2315; 10027 = 148"
"data/gamedata/anim_grip_thrown.csv","_Atk_A-out",35,"data/gamedata/itemdata.csv",50,49,0.9800,1.0000,"100 = 1008; 134 = 2376; 200 = 1060"
"data/gamedata/anim_grip_thrown.csv","_Atk_B-in",36,"data/gamedata/itemdata.csv",50,49,0.9800,1.0000,"100 = 1008; 135 = 2377; 200 = 1060"
"data/gamedata/anim_grip_thrown.csv","_Atk_B-Build",37,"data/gamedata/itemdata.csv",50,49,0.9800,1.0000,"100 = 1008; 136 = 2432; 200 = 1060"
"data/gamedata/anim_grip_thrown.csv","_Atk_B-out",41,"data/gamedata/itemdata.csv",50,49,0.9800,1.0000,"100 = 1008; 140 = 2436; 200 = 1060"
"data/gamedata/anim_grip_thrown.csv","_Spl_Base_T_In",59,"data/gamedata/anim_db.csv",50,49,0.9800,0.0910,"106 = Or_Th_Cor_Back; 158 = Or_Th_Spl_Base_T-In; 1958 = Go_Th_Spl_Base_T-In"
"data/gamedata/anim_grip_thrown.csv","_Spl_Base_T_In",59,"data/gamedata/itemdata.csv",50,49,0.9800,1.0000,"106 = 1057; 158 = 1007; 200 = 1060"
"data/gamedata/anim_grip_thrown.csv","_Spl_Base_T_Inloop",60,"data/gamedata/anim_db.csv",50,49,0.9800,0.0910,"107 = Or_Th_Cor_Run; 159 = Or_Th_Spl_Base_T-Inloop; 1959 = Go_Th_Spl_Base_T-Inloop"
"data/gamedata/anim_grip_thrown.csv","_Spl_Base_T_Inloop",60,"data/gamedata/itemdata.csv",50,49,0.9800,1.0000,"107 = 1093; 159 = 1000; 200 = 1060"
"data/gamedata/anim_grip_thrown.csv","_Spl_Base_T_Active",61,"data/gamedata/anim_db.csv",50,49,0.9800,0.0910,"108 = Or_Th_Cor_Sprint; 160 = Or_Th_Spl_Base_T-Active; 1960 = Go_Th_Spl_Base_T-Active"
"data/gamedata/anim_grip_thrown.csv","_Spl_Base_T_Active",61,"data/gamedata/itemdata.csv",50,49,0.9800,1.0000,"108 = 1096; 160 = 1048; 200 = 1060"
"data/gamedata/anim_grip_thrown.csv","_Spl_Base_T_ActiveLoop",62,"data/gamedata/anim_db.csv",50,49,0.9800,0.0910,"109 = Or_Th_Cor_Jump; 161 = Or_Th_Spl_Base_T-ActiveLoop; 1961 = Go_Th_Spl_Base_T-ActiveLoop"
"data/gamedata/anim_grip_thrown.csv","_Spl_Base_T_ActiveLoop",62,"data/gamedata/itemdata.csv",50,49,0.9800,1.0000,"109 = 1039; 161 = 1049; 200 = 1060"
"data/gamedata/anim_grip_thrown.csv","_Spl_Base_T_Out",63,"data/gamedata/anim_db.csv",50,49,0.9800,0.0910,"110 = Or_Th_Cor_Fall; 162 = Or_Th_Spl_Base_T-Out; 1962 = Go_Th_Spl_Base_T-Out"
"data/gamedata/anim_grip_thrown.csv","_Spl_Base_T_Out",63,"data/gamedata/itemdata.csv",50,49,0.9800,1.0000,"110 = 1076; 162 = 1014; 200 = 1060"
"data/gamedata/anim_mount_greataxe.csv","_Cor_Run",8,"data/gamedata/anim_db.csv",50,49,0.9800,0.0910,"3107 = EmM_Un_Cor_Run; 13003 = Cre_Squig_Boss_Hw_Cor_Ready-lo; 13303 = cre_GdK_Hw_Cor_Ready-lo"
"data/gamedata/anim_mount_greataxe.csv","_Cor_fidget",14,"data/gamedata/anim_db.csv",50,49,0.9800,0.0910,"3113 = EmM_Un_Cor_fidget; 13009 = Cre_Squig_Boss_Hw_Cor_Jump-lo; 13309 = cre_GdK_hw_Cor_Jump-lo"
"data/gamedata/anim_mount_greataxe.csv","_Cor_Down",20,"data/gamedata/anim_db.csv",50,49,0.9800,0.0910,"1719 = Go_Ar_Cor_Down; 2119 = DwM_Un_Cor_Down; 3119 = EmM_Un_Cor_Down"
"data/gamedata/anim_mount_spear.csv","_Cor_Run",8,"data/gamedata/anim_db.csv",50,49,0.9800,0.0910,"3107 = EmM_Un_Cor_Run; 13003 = Cre_Squig_Boss_Hw_Cor_Ready-lo; 13303 = cre_GdK_Hw_Cor_Ready-lo"
"data/gamedata/anim_mount_spear.csv","_Cor_Jump",10,"data/gamedata/anim_db.csv",50,49,0.9800,0.0910,"3109 = EmM_Un_Cor_Jump; 13005 = Cre_Squig_Boss_Hw_Cor_Walk-lo; 13305 = cre_GdK_hw_Cor_Walk-lo"
"data/gamedata/anim_mount_spear.csv","_Cor_Fall",11,"data/gamedata/anim_db.csv",50,49,0.9800,0.0910,"3110 = EmM_Un_Cor_Fall; 13006 = Cre_Squig_Boss_Hw_Cor_Back-lo; 13306 = cre_GdK_hw_Cor_Back-lo"
"data/gamedata/anim_mount_spear.csv","_Cor_Land",12,"data/gamedata/anim_db.csv",50,49,0.9800,0.0910,"3111 = EmM_Un_Cor_Land; 13007 = Cre_Squig_Boss_Hw_Cor_Run-lo; 13307 = cre_GdK_hw_Cor_Rhw-lo"
"data/gamedata/anim_mount_spear.csv","_Cor_Flinch",13,"data/gamedata/anim_db.csv",50,49,0.9800,0.0910,"3112 = EmM_Un_Cor_Flinch; 13008 = Cre_Squig_Boss_Hw_Cor_Sprint-lo; 13308 = cre_GdK_hw_Cor_Sprint-lo"
"data/gamedata/anim_grip_thrown.csv","_Atk_A-out",35,"data/gamedata/anim_db.csv",50,48,0.9600,0.0910,"134 = Or_Th_Atk_A-out; 1934 = Go_Th_Atk_A-out; 2934 = DwM_th_Atk_A-out"
"data/gamedata/anim_grip_thrown.csv","_Atk_B-in",36,"data/gamedata/anim_db.csv",50,48,0.9600,0.0910,"135 = Or_Th_Atk_B-in; 1935 = Go_Th_Atk_B-in; 2935 = DwM_th_Atk_B-in"
"data/gamedata/anim_grip_thrown.csv","_Atk_B-Build",37,"data/gamedata/anim_db.csv",50,48,0.9600,0.0910,"136 = Or_Th_Atk_B-Build; 1936 = Go_Th_Atk_B-Build; 2936 = DwM_th_Atk_B-Build"
"data/gamedata/anim_grip_thrown.csv","_Atk_B-out",41,"data/gamedata/anim_db.csv",50,48,0.9600,0.0910,"140 = Or_Th_Atk_B-out; 1940 = Go_Th_Atk_B-out; 2940 = DwM_th_Atk_B-out"
"data/gamedata/anim_mount_greataxe.csv","_Cor_Run",8,"data/gamedata/itemdata.csv",50,47,0.9400,1.0000,"100 = 1008; 400 = 221; 13003 = 3780"
"data/gamedata/anim_mount_greataxe.csv","_Cor_fidget",14,"data/gamedata/itemdata.csv",50,47,0.9400,1.0000,"100 = 1008; 13009 = 2703; 13609 = 1367"
"data/gamedata/anim_mount_greataxe.csv","_Cor_Down",20,"data/gamedata/itemdata.csv",50,47,0.9400,1.0000,"3719 = 1101; 6519 = 3290; 13015 = 3617"
"data/gamedata/anim_grip_rifle.csv","_Rude_Shout_In",66,"data/gamedata/itemdata.csv",50,46,0.9200,1.0000,"113 = 1046; 765 = 732; 4165 = 2486"
"data/gamedata/anim_grip_rifle.csv","_Rude_Shout_Inloop",67,"data/gamedata/itemdata.csv",50,46,0.9200,1.0000,"114 = 1047; 766 = 733; 4166 = 2529"
"data/gamedata/anim_grip_rifle.csv","_Rude_Shout_Active",68,"data/gamedata/itemdata.csv",50,46,0.9200,1.0000,"115 = 1011; 767 = 734; 10067 = 188"
"data/gamedata/anim_grip_rifle.csv","_Rude_Shout_ActiveLoop",69,"data/gamedata/itemdata.csv",50,46,0.9200,1.0000,"116 = 1028; 768 = 735; 10068 = 189"
"data/gamedata/anim_grip_rifle.csv","_Rude_Shout_Out",70,"data/gamedata/itemdata.csv",50,46,0.9200,1.0000,"117 = 1126; 769 = 736; 10069 = 190"
"data/gamedata/anim_grip_rifle.csv","_Rude_Stomp_In",71,"data/gamedata/itemdata.csv",50,46,0.9200,1.0000,"118 = 2252; 770 = 737; 10070 = 191"
"data/gamedata/anim_grip_rifle.csv","_Rude_Stomp_Inloop",72,"data/gamedata/itemdata.csv",50,46,0.9200,1.0000,"119 = 2253; 771 = 738; 10071 = 192"
"data/gamedata/anim_grip_rifle.csv","_Rude_Stomp_Active",73,"data/gamedata/itemdata.csv",50,46,0.9200,1.0000,"120 = 2254; 772 = 739; 10072 = 193"
"data/gamedata/anim_grip_rifle.csv","_Rude_Stomp_ActiveLoop",74,"data/gamedata/itemdata.csv",50,46,0.9200,1.0000,"121 = 2255; 773 = 740; 10073 = 194"
"data/gamedata/anim_grip_rifle.csv","_Rude_Stomp_Out",75,"data/gamedata/itemdata.csv",50,46,0.9200,1.0000,"122 = 2256; 774 = 741; 10074 = 195"
"data/gamedata/anim_mount_spear.csv","_Cor_Run",8,"data/gamedata/itemdata.csv",50,46,0.9200,1.0000,"100 = 1008; 13003 = 3780; 13603 = 1870"
"data/gamedata/anim_mount_spear.csv","_Cor_Sprint",9,"data/gamedata/itemdata.csv",50,46,0.9200,1.0000,"13004 = 3830; 13604 = 3295; 14108 = 2501"
"data/gamedata/anim_mount_spear.csv","_Cor_Jump",10,"data/gamedata/itemdata.csv",50,46,0.9200,1.0000,"100 = 1008; 13005 = 2215; 13605 = 1320"
"data/gamedata/anim_mount_spear.csv","_Cor_Fall",11,"data/gamedata/itemdata.csv",50,46,0.9200,1.0000,"100 = 1008; 13006 = 2095; 13606 = 3277"
"data/gamedata/anim_mount_spear.csv","_Cor_Land",12,"data/gamedata/itemdata.csv",50,46,0.9200,1.0000,"100 = 1008; 13007 = 2155; 13607 = 1461"
"data/gamedata/anim_mount_spear.csv","_Cor_Flinch",13,"data/gamedata/itemdata.csv",50,46,0.9200,1.0000,"100 = 1008; 13008 = 2035; 13608 = 3315"
